ARM GAS  /tmp/ccksLSA3.s 			page 1


   1              		.cpu cortex-m0plus
   2              		.arch armv6s-m
   3              		.fpu softvfp
   4              		.eabi_attribute 20, 1
   5              		.eabi_attribute 21, 1
   6              		.eabi_attribute 23, 3
   7              		.eabi_attribute 24, 1
   8              		.eabi_attribute 25, 1
   9              		.eabi_attribute 26, 1
  10              		.eabi_attribute 30, 4
  11              		.eabi_attribute 34, 0
  12              		.eabi_attribute 18, 4
  13              		.file	"se_callgate.c"
  14              		.text
  15              	.Ltext0:
  16              		.cfi_sections	.debug_frame
  17              		.file 1 "../../../../..//Middlewares/ST/STM32_Secure_Engine/Core/se_callgate.c"
  18              		.section	.SE_CallGate_Code,"ax",%progbits
  19              		.align	1
  20              		.global	SE_CallGate
  21              		.syntax unified
  22              		.code	16
  23              		.thumb_func
  25              	SE_CallGate:
  26              	.LFB182:
   1:../../../../..//Middlewares/ST/STM32_Secure_Engine/Core/se_callgate.c **** /**
   2:../../../../..//Middlewares/ST/STM32_Secure_Engine/Core/se_callgate.c ****   ******************************************************************************
   3:../../../../..//Middlewares/ST/STM32_Secure_Engine/Core/se_callgate.c ****   * @file    se_callgate.c
   4:../../../../..//Middlewares/ST/STM32_Secure_Engine/Core/se_callgate.c ****   * @author  MCD Application Team
   5:../../../../..//Middlewares/ST/STM32_Secure_Engine/Core/se_callgate.c ****   * @brief   Secure Engine CALLGATE module.
   6:../../../../..//Middlewares/ST/STM32_Secure_Engine/Core/se_callgate.c ****   *          This file provides set of firmware functions to manage SE Callgate
   7:../../../../..//Middlewares/ST/STM32_Secure_Engine/Core/se_callgate.c ****   *          functionalities.
   8:../../../../..//Middlewares/ST/STM32_Secure_Engine/Core/se_callgate.c ****   ******************************************************************************
   9:../../../../..//Middlewares/ST/STM32_Secure_Engine/Core/se_callgate.c ****   * @attention
  10:../../../../..//Middlewares/ST/STM32_Secure_Engine/Core/se_callgate.c ****   *
  11:../../../../..//Middlewares/ST/STM32_Secure_Engine/Core/se_callgate.c ****   * Copyright (c) 2017 STMicroelectronics.
  12:../../../../..//Middlewares/ST/STM32_Secure_Engine/Core/se_callgate.c ****   * All rights reserved.
  13:../../../../..//Middlewares/ST/STM32_Secure_Engine/Core/se_callgate.c ****   *
  14:../../../../..//Middlewares/ST/STM32_Secure_Engine/Core/se_callgate.c ****   * This software is licensed under terms that can be found in the LICENSE file in
  15:../../../../..//Middlewares/ST/STM32_Secure_Engine/Core/se_callgate.c ****   * the root directory of this software component.
  16:../../../../..//Middlewares/ST/STM32_Secure_Engine/Core/se_callgate.c ****   * If no LICENSE file comes with this software, it is provided AS-IS.
  17:../../../../..//Middlewares/ST/STM32_Secure_Engine/Core/se_callgate.c ****   *
  18:../../../../..//Middlewares/ST/STM32_Secure_Engine/Core/se_callgate.c ****   ******************************************************************************
  19:../../../../..//Middlewares/ST/STM32_Secure_Engine/Core/se_callgate.c ****   */
  20:../../../../..//Middlewares/ST/STM32_Secure_Engine/Core/se_callgate.c **** /* Place code in a specific section */
  21:../../../../..//Middlewares/ST/STM32_Secure_Engine/Core/se_callgate.c **** 
  22:../../../../..//Middlewares/ST/STM32_Secure_Engine/Core/se_callgate.c **** /* Includes ------------------------------------------------------------------ */
  23:../../../../..//Middlewares/ST/STM32_Secure_Engine/Core/se_callgate.c **** #include <stdarg.h>
  24:../../../../..//Middlewares/ST/STM32_Secure_Engine/Core/se_callgate.c **** #ifndef KMS_ENABLED
  25:../../../../..//Middlewares/ST/STM32_Secure_Engine/Core/se_callgate.c **** #include "se_crypto_bootloader.h" /* crypto services dedicated to bootloader */
  26:../../../../..//Middlewares/ST/STM32_Secure_Engine/Core/se_callgate.c **** #endif /* !KMS_ENABLED */
  27:../../../../..//Middlewares/ST/STM32_Secure_Engine/Core/se_callgate.c **** #include "se_crypto_common.h"     /* common crypto services for bootloader services and user applic
  28:../../../../..//Middlewares/ST/STM32_Secure_Engine/Core/se_callgate.c **** #include "se_user_application.h"  /* user application services called by the User Application */
  29:../../../../..//Middlewares/ST/STM32_Secure_Engine/Core/se_callgate.c **** #include "se_callgate.h"
  30:../../../../..//Middlewares/ST/STM32_Secure_Engine/Core/se_callgate.c **** #include "se_key.h"
  31:../../../../..//Middlewares/ST/STM32_Secure_Engine/Core/se_callgate.c **** #include "se_utils.h"
  32:../../../../..//Middlewares/ST/STM32_Secure_Engine/Core/se_callgate.c **** #include "se_fwimg.h"
ARM GAS  /tmp/ccksLSA3.s 			page 2


  33:../../../../..//Middlewares/ST/STM32_Secure_Engine/Core/se_callgate.c **** #include "se_low_level.h"
  34:../../../../..//Middlewares/ST/STM32_Secure_Engine/Core/se_callgate.c **** #include "se_startup.h"
  35:../../../../..//Middlewares/ST/STM32_Secure_Engine/Core/se_callgate.c **** #include "string.h"
  36:../../../../..//Middlewares/ST/STM32_Secure_Engine/Core/se_callgate.c **** #include "se_intrinsics.h"
  37:../../../../..//Middlewares/ST/STM32_Secure_Engine/Core/se_callgate.c **** #if defined(__ARMCC_VERSION)
  38:../../../../..//Middlewares/ST/STM32_Secure_Engine/Core/se_callgate.c **** #include "mapping_sbsfu.h"
  39:../../../../..//Middlewares/ST/STM32_Secure_Engine/Core/se_callgate.c **** #elif defined (__ICCARM__) || defined(__GNUC__)
  40:../../../../..//Middlewares/ST/STM32_Secure_Engine/Core/se_callgate.c **** #include "mapping_export.h"
  41:../../../../..//Middlewares/ST/STM32_Secure_Engine/Core/se_callgate.c **** #endif /* __ICCARM__ || __GNUC__ */
  42:../../../../..//Middlewares/ST/STM32_Secure_Engine/Core/se_callgate.c **** #if defined (CKS_ENABLED)
  43:../../../../..//Middlewares/ST/STM32_Secure_Engine/Core/se_callgate.c **** #include "se_cm0.h"
  44:../../../../..//Middlewares/ST/STM32_Secure_Engine/Core/se_callgate.c **** #endif /* CKS_ENABLED */
  45:../../../../..//Middlewares/ST/STM32_Secure_Engine/Core/se_callgate.c **** 
  46:../../../../..//Middlewares/ST/STM32_Secure_Engine/Core/se_callgate.c **** /* Include SE interface header files to access interface definitions */
  47:../../../../..//Middlewares/ST/STM32_Secure_Engine/Core/se_callgate.c **** #include "se_interface_common.h"
  48:../../../../..//Middlewares/ST/STM32_Secure_Engine/Core/se_callgate.c **** #include "se_interface_bootloader.h"
  49:../../../../..//Middlewares/ST/STM32_Secure_Engine/Core/se_callgate.c **** #include "se_interface_application.h"
  50:../../../../..//Middlewares/ST/STM32_Secure_Engine/Core/se_callgate.c **** 
  51:../../../../..//Middlewares/ST/STM32_Secure_Engine/Core/se_callgate.c **** #ifdef KMS_ENABLED
  52:../../../../..//Middlewares/ST/STM32_Secure_Engine/Core/se_callgate.c **** #include "kms.h"
  53:../../../../..//Middlewares/ST/STM32_Secure_Engine/Core/se_callgate.c **** #include "kms_entry.h"
  54:../../../../..//Middlewares/ST/STM32_Secure_Engine/Core/se_callgate.c **** #include "kms_objects.h"
  55:../../../../..//Middlewares/ST/STM32_Secure_Engine/Core/se_callgate.c **** #endif /* KMS_ENABLED */
  56:../../../../..//Middlewares/ST/STM32_Secure_Engine/Core/se_callgate.c **** 
  57:../../../../..//Middlewares/ST/STM32_Secure_Engine/Core/se_callgate.c **** /** @addtogroup SE Secure Engine
  58:../../../../..//Middlewares/ST/STM32_Secure_Engine/Core/se_callgate.c ****   * @{
  59:../../../../..//Middlewares/ST/STM32_Secure_Engine/Core/se_callgate.c ****   */
  60:../../../../..//Middlewares/ST/STM32_Secure_Engine/Core/se_callgate.c **** 
  61:../../../../..//Middlewares/ST/STM32_Secure_Engine/Core/se_callgate.c **** /** @addtogroup SE_CORE SE Core
  62:../../../../..//Middlewares/ST/STM32_Secure_Engine/Core/se_callgate.c ****   * @{
  63:../../../../..//Middlewares/ST/STM32_Secure_Engine/Core/se_callgate.c ****   */
  64:../../../../..//Middlewares/ST/STM32_Secure_Engine/Core/se_callgate.c **** 
  65:../../../../..//Middlewares/ST/STM32_Secure_Engine/Core/se_callgate.c **** /** @defgroup  SE_CALLGATE SE CallGate
  66:../../../../..//Middlewares/ST/STM32_Secure_Engine/Core/se_callgate.c ****   * @brief Implementation of the call gate API.
  67:../../../../..//Middlewares/ST/STM32_Secure_Engine/Core/se_callgate.c ****   *        The call gate allows the execution of code inside the protected area.
  68:../../../../..//Middlewares/ST/STM32_Secure_Engine/Core/se_callgate.c ****   * @{
  69:../../../../..//Middlewares/ST/STM32_Secure_Engine/Core/se_callgate.c ****   */
  70:../../../../..//Middlewares/ST/STM32_Secure_Engine/Core/se_callgate.c **** 
  71:../../../../..//Middlewares/ST/STM32_Secure_Engine/Core/se_callgate.c **** /* Private typedef ----------------------------------------------------------- */
  72:../../../../..//Middlewares/ST/STM32_Secure_Engine/Core/se_callgate.c **** /** @defgroup SE_CALLGATE_Private_Constants Private Constants
  73:../../../../..//Middlewares/ST/STM32_Secure_Engine/Core/se_callgate.c ****   * @{
  74:../../../../..//Middlewares/ST/STM32_Secure_Engine/Core/se_callgate.c ****   */
  75:../../../../..//Middlewares/ST/STM32_Secure_Engine/Core/se_callgate.c **** 
  76:../../../../..//Middlewares/ST/STM32_Secure_Engine/Core/se_callgate.c **** /**
  77:../../../../..//Middlewares/ST/STM32_Secure_Engine/Core/se_callgate.c ****   * @brief Secure Engine Lock Status enum definition
  78:../../../../..//Middlewares/ST/STM32_Secure_Engine/Core/se_callgate.c ****   */
  79:../../../../..//Middlewares/ST/STM32_Secure_Engine/Core/se_callgate.c **** typedef enum
  80:../../../../..//Middlewares/ST/STM32_Secure_Engine/Core/se_callgate.c **** {
  81:../../../../..//Middlewares/ST/STM32_Secure_Engine/Core/se_callgate.c ****   SE_UNLOCKED = 0x55555555U,
  82:../../../../..//Middlewares/ST/STM32_Secure_Engine/Core/se_callgate.c ****   SE_LOCKED = 0x7AAAAAAAU
  83:../../../../..//Middlewares/ST/STM32_Secure_Engine/Core/se_callgate.c **** } SE_LockStatus;
  84:../../../../..//Middlewares/ST/STM32_Secure_Engine/Core/se_callgate.c **** 
  85:../../../../..//Middlewares/ST/STM32_Secure_Engine/Core/se_callgate.c **** /**
  86:../../../../..//Middlewares/ST/STM32_Secure_Engine/Core/se_callgate.c ****   * @}
  87:../../../../..//Middlewares/ST/STM32_Secure_Engine/Core/se_callgate.c ****   */
  88:../../../../..//Middlewares/ST/STM32_Secure_Engine/Core/se_callgate.c **** 
  89:../../../../..//Middlewares/ST/STM32_Secure_Engine/Core/se_callgate.c **** /* Private macros ------------------------------------------------------------ */
ARM GAS  /tmp/ccksLSA3.s 			page 3


  90:../../../../..//Middlewares/ST/STM32_Secure_Engine/Core/se_callgate.c **** /** @defgroup SE_CALLGATE_Private_Macros Private Macros
  91:../../../../..//Middlewares/ST/STM32_Secure_Engine/Core/se_callgate.c ****   * @{
  92:../../../../..//Middlewares/ST/STM32_Secure_Engine/Core/se_callgate.c ****   */
  93:../../../../..//Middlewares/ST/STM32_Secure_Engine/Core/se_callgate.c **** 
  94:../../../../..//Middlewares/ST/STM32_Secure_Engine/Core/se_callgate.c **** /**
  95:../../../../..//Middlewares/ST/STM32_Secure_Engine/Core/se_callgate.c ****   * @brief Check if the caller is located in SE Interface region
  96:../../../../..//Middlewares/ST/STM32_Secure_Engine/Core/se_callgate.c ****   */
  97:../../../../..//Middlewares/ST/STM32_Secure_Engine/Core/se_callgate.c **** #define IS_CALLER_SE_IF() \
  98:../../../../..//Middlewares/ST/STM32_Secure_Engine/Core/se_callgate.c ****   do{ \
  99:../../../../..//Middlewares/ST/STM32_Secure_Engine/Core/se_callgate.c ****     if (LR< SE_IF_REGION_ROM_START){\
 100:../../../../..//Middlewares/ST/STM32_Secure_Engine/Core/se_callgate.c ****       NVIC_SystemReset();}\
 101:../../../../..//Middlewares/ST/STM32_Secure_Engine/Core/se_callgate.c ****     if (LR> SE_IF_REGION_ROM_END){\
 102:../../../../..//Middlewares/ST/STM32_Secure_Engine/Core/se_callgate.c ****       NVIC_SystemReset();}\
 103:../../../../..//Middlewares/ST/STM32_Secure_Engine/Core/se_callgate.c ****   }while(0)
 104:../../../../..//Middlewares/ST/STM32_Secure_Engine/Core/se_callgate.c **** 
 105:../../../../..//Middlewares/ST/STM32_Secure_Engine/Core/se_callgate.c **** /**
 106:../../../../..//Middlewares/ST/STM32_Secure_Engine/Core/se_callgate.c ****   * @brief If lock restriction service enabled, execution is forbidden
 107:../../../../..//Middlewares/ST/STM32_Secure_Engine/Core/se_callgate.c ****   */
 108:../../../../..//Middlewares/ST/STM32_Secure_Engine/Core/se_callgate.c **** 
 109:../../../../..//Middlewares/ST/STM32_Secure_Engine/Core/se_callgate.c **** #define IS_SE_LOCKED_SERVICES() \
 110:../../../../..//Middlewares/ST/STM32_Secure_Engine/Core/se_callgate.c ****   do{ \
 111:../../../../..//Middlewares/ST/STM32_Secure_Engine/Core/se_callgate.c ****     if (SE_LockRestrictedServices != SE_UNLOCKED){\
 112:../../../../..//Middlewares/ST/STM32_Secure_Engine/Core/se_callgate.c ****       NVIC_SystemReset();}\
 113:../../../../..//Middlewares/ST/STM32_Secure_Engine/Core/se_callgate.c ****   }while(0)
 114:../../../../..//Middlewares/ST/STM32_Secure_Engine/Core/se_callgate.c **** 
 115:../../../../..//Middlewares/ST/STM32_Secure_Engine/Core/se_callgate.c **** /**
 116:../../../../..//Middlewares/ST/STM32_Secure_Engine/Core/se_callgate.c ****   * @}
 117:../../../../..//Middlewares/ST/STM32_Secure_Engine/Core/se_callgate.c ****   */
 118:../../../../..//Middlewares/ST/STM32_Secure_Engine/Core/se_callgate.c **** 
 119:../../../../..//Middlewares/ST/STM32_Secure_Engine/Core/se_callgate.c **** /* Global variables ---------------------------------------------------------- */
 120:../../../../..//Middlewares/ST/STM32_Secure_Engine/Core/se_callgate.c **** /** @defgroup SE_CALLGATE_Private_Variables Private Variables
 121:../../../../..//Middlewares/ST/STM32_Secure_Engine/Core/se_callgate.c ****   * @{
 122:../../../../..//Middlewares/ST/STM32_Secure_Engine/Core/se_callgate.c ****   */
 123:../../../../..//Middlewares/ST/STM32_Secure_Engine/Core/se_callgate.c **** 
 124:../../../../..//Middlewares/ST/STM32_Secure_Engine/Core/se_callgate.c **** #if defined(SFU_ISOLATE_SE_WITH_FIREWALL) || defined(CKS_ENABLED)
 125:../../../../..//Middlewares/ST/STM32_Secure_Engine/Core/se_callgate.c **** /* Variable used to store Appli vector position */
 126:../../../../..//Middlewares/ST/STM32_Secure_Engine/Core/se_callgate.c **** uint32_t AppliVectorsAddr;
 127:../../../../..//Middlewares/ST/STM32_Secure_Engine/Core/se_callgate.c **** #endif /* (SFU_ISOLATE_SE_WITH_FIREWALL) || (CKS_ENABLED) */
 128:../../../../..//Middlewares/ST/STM32_Secure_Engine/Core/se_callgate.c **** #if defined(CKS_ENABLED)
 129:../../../../..//Middlewares/ST/STM32_Secure_Engine/Core/se_callgate.c **** uint32_t PrevIpccC1RxIrqState;
 130:../../../../..//Middlewares/ST/STM32_Secure_Engine/Core/se_callgate.c **** uint32_t PrevIpccC1TxIrqState;
 131:../../../../..//Middlewares/ST/STM32_Secure_Engine/Core/se_callgate.c **** #endif /* CKS_ENABLED */
 132:../../../../..//Middlewares/ST/STM32_Secure_Engine/Core/se_callgate.c **** 
 133:../../../../..//Middlewares/ST/STM32_Secure_Engine/Core/se_callgate.c **** #if defined(SFU_ISOLATE_SE_WITH_FIREWALL) && defined(IT_MANAGEMENT)
 134:../../../../..//Middlewares/ST/STM32_Secure_Engine/Core/se_callgate.c **** /* Variable used to store User Primask value */
 135:../../../../..//Middlewares/ST/STM32_Secure_Engine/Core/se_callgate.c **** uint32_t PrimaskValue;
 136:../../../../..//Middlewares/ST/STM32_Secure_Engine/Core/se_callgate.c **** /* Interrupt being handled by SE */
 137:../../../../..//Middlewares/ST/STM32_Secure_Engine/Core/se_callgate.c **** uint32_t IntHand = 0UL; /* 0 means that no interrupt is being handled, 1 means that an interrupt is
 138:../../../../..//Middlewares/ST/STM32_Secure_Engine/Core/se_callgate.c **** /* Application Active Stack Pointer: 0 means MSP, 1 means PSP */
 139:../../../../..//Middlewares/ST/STM32_Secure_Engine/Core/se_callgate.c **** uint32_t AppliActiveSpMode = 0x0F0F0F0FUL; /* init to invalid value */
 140:../../../../..//Middlewares/ST/STM32_Secure_Engine/Core/se_callgate.c **** /* Application Main Stack Pointer & Active Stack pointer */
 141:../../../../..//Middlewares/ST/STM32_Secure_Engine/Core/se_callgate.c **** uint32_t AppliMsp;
 142:../../../../..//Middlewares/ST/STM32_Secure_Engine/Core/se_callgate.c **** uint32_t AppliActiveSp;
 143:../../../../..//Middlewares/ST/STM32_Secure_Engine/Core/se_callgate.c **** /* SE Main Stack Pointer */
 144:../../../../..//Middlewares/ST/STM32_Secure_Engine/Core/se_callgate.c **** uint32_t SeMsp;
 145:../../../../..//Middlewares/ST/STM32_Secure_Engine/Core/se_callgate.c **** /* SP when entering SE IT Handler */
 146:../../../../..//Middlewares/ST/STM32_Secure_Engine/Core/se_callgate.c **** uint32_t SeExcEntrySp;
ARM GAS  /tmp/ccksLSA3.s 			page 4


 147:../../../../..//Middlewares/ST/STM32_Secure_Engine/Core/se_callgate.c **** /* EXC_RETURN value in SE Handler Mode */
 148:../../../../..//Middlewares/ST/STM32_Secure_Engine/Core/se_callgate.c **** uint32_t SeExcReturn;
 149:../../../../..//Middlewares/ST/STM32_Secure_Engine/Core/se_callgate.c **** /* miscelleaneous register address */
 150:../../../../..//Middlewares/ST/STM32_Secure_Engine/Core/se_callgate.c **** uint32_t ScbVtorAddr = (uint32_t) &(SCB->VTOR);
 151:../../../../..//Middlewares/ST/STM32_Secure_Engine/Core/se_callgate.c **** uint32_t FirewallCrAddr = (uint32_t) &(FIREWALL->CR);
 152:../../../../..//Middlewares/ST/STM32_Secure_Engine/Core/se_callgate.c **** /* set address of SE_UserHandlerWrapper: it is placed in the first entry of SE_IF_REGION_ROM_START 
 153:../../../../..//Middlewares/ST/STM32_Secure_Engine/Core/se_callgate.c **** uint32_t SE_UserHandlerWrapperAddr = SE_IF_REGION_ROM_START + 1UL;
 154:../../../../..//Middlewares/ST/STM32_Secure_Engine/Core/se_callgate.c **** #endif /* SFU_ISOLATE_SE_WITH_FIREWALL && IT_MANAGEMENT */
 155:../../../../..//Middlewares/ST/STM32_Secure_Engine/Core/se_callgate.c **** /**
 156:../../../../..//Middlewares/ST/STM32_Secure_Engine/Core/se_callgate.c ****   * @}
 157:../../../../..//Middlewares/ST/STM32_Secure_Engine/Core/se_callgate.c ****   */
 158:../../../../..//Middlewares/ST/STM32_Secure_Engine/Core/se_callgate.c **** 
 159:../../../../..//Middlewares/ST/STM32_Secure_Engine/Core/se_callgate.c **** /* Private function prototypes ----------------------------------------------- */
 160:../../../../..//Middlewares/ST/STM32_Secure_Engine/Core/se_callgate.c **** SE_ErrorStatus SE_CallGateService(SE_FunctionIDTypeDef eID, SE_StatusTypeDef *const peSE_Status, va
 161:../../../../..//Middlewares/ST/STM32_Secure_Engine/Core/se_callgate.c **** 
 162:../../../../..//Middlewares/ST/STM32_Secure_Engine/Core/se_callgate.c **** /**
 163:../../../../..//Middlewares/ST/STM32_Secure_Engine/Core/se_callgate.c ****   * @brief Switch stack pointer from SB RAM region to SE RAM region then call SE_CallGateService
 164:../../../../..//Middlewares/ST/STM32_Secure_Engine/Core/se_callgate.c ****   */
 165:../../../../..//Middlewares/ST/STM32_Secure_Engine/Core/se_callgate.c **** SE_ErrorStatus SE_SP_SMUGGLE(SE_FunctionIDTypeDef eID, SE_StatusTypeDef *const peSE_Status, va_list
 166:../../../../..//Middlewares/ST/STM32_Secure_Engine/Core/se_callgate.c **** 
 167:../../../../..//Middlewares/ST/STM32_Secure_Engine/Core/se_callgate.c **** #if defined(IT_MANAGEMENT)
 168:../../../../..//Middlewares/ST/STM32_Secure_Engine/Core/se_callgate.c **** void SE_ExitHandler_Service(void);
 169:../../../../..//Middlewares/ST/STM32_Secure_Engine/Core/se_callgate.c **** #endif /* IT_MANAGEMENT */
 170:../../../../..//Middlewares/ST/STM32_Secure_Engine/Core/se_callgate.c **** 
 171:../../../../..//Middlewares/ST/STM32_Secure_Engine/Core/se_callgate.c **** /* Functions Definition ------------------------------------------------------ */
 172:../../../../..//Middlewares/ST/STM32_Secure_Engine/Core/se_callgate.c **** /* Place code in a specific section */
 173:../../../../..//Middlewares/ST/STM32_Secure_Engine/Core/se_callgate.c **** #if defined(__ICCARM__)
 174:../../../../..//Middlewares/ST/STM32_Secure_Engine/Core/se_callgate.c **** #pragma default_function_attributes = @ ".SE_CallGate_Code"
 175:../../../../..//Middlewares/ST/STM32_Secure_Engine/Core/se_callgate.c **** #pragma optimize=none
 176:../../../../..//Middlewares/ST/STM32_Secure_Engine/Core/se_callgate.c **** #elif defined(__CC_ARM)
 177:../../../../..//Middlewares/ST/STM32_Secure_Engine/Core/se_callgate.c **** #pragma arm section code = ".SE_CallGate_Code"
 178:../../../../..//Middlewares/ST/STM32_Secure_Engine/Core/se_callgate.c **** #pragma O0
 179:../../../../..//Middlewares/ST/STM32_Secure_Engine/Core/se_callgate.c **** #elif defined(__ARMCC_VERSION)
 180:../../../../..//Middlewares/ST/STM32_Secure_Engine/Core/se_callgate.c **** __attribute__((section(".SE_CallGate_Code")))
 181:../../../../..//Middlewares/ST/STM32_Secure_Engine/Core/se_callgate.c **** __attribute__((optnone))
 182:../../../../..//Middlewares/ST/STM32_Secure_Engine/Core/se_callgate.c **** #elif defined(__GNUC__)
 183:../../../../..//Middlewares/ST/STM32_Secure_Engine/Core/se_callgate.c **** __attribute__((section(".SE_CallGate_Code")))
 184:../../../../..//Middlewares/ST/STM32_Secure_Engine/Core/se_callgate.c **** __attribute__((optimize("O0")))
 185:../../../../..//Middlewares/ST/STM32_Secure_Engine/Core/se_callgate.c **** #endif /* __ICCARM__ */
 186:../../../../..//Middlewares/ST/STM32_Secure_Engine/Core/se_callgate.c **** 
 187:../../../../..//Middlewares/ST/STM32_Secure_Engine/Core/se_callgate.c **** /** @defgroup SE_CALLGATE_Exported_Functions Exported Functions
 188:../../../../..//Middlewares/ST/STM32_Secure_Engine/Core/se_callgate.c ****   * @{
 189:../../../../..//Middlewares/ST/STM32_Secure_Engine/Core/se_callgate.c ****   */
 190:../../../../..//Middlewares/ST/STM32_Secure_Engine/Core/se_callgate.c **** 
 191:../../../../..//Middlewares/ST/STM32_Secure_Engine/Core/se_callgate.c **** /**
 192:../../../../..//Middlewares/ST/STM32_Secure_Engine/Core/se_callgate.c ****   * @brief Secure Engine CallGate function.
 193:../../../../..//Middlewares/ST/STM32_Secure_Engine/Core/se_callgate.c ****   *        It is the only access/exit point to code inside protected area.
 194:../../../../..//Middlewares/ST/STM32_Secure_Engine/Core/se_callgate.c ****   *        In order to call others functions included in the protected area, the specific ID
 195:../../../../..//Middlewares/ST/STM32_Secure_Engine/Core/se_callgate.c ****   *        has to be specified.
 196:../../../../..//Middlewares/ST/STM32_Secure_Engine/Core/se_callgate.c ****   * @note  It is a variable argument function. The correct number and order of parameters
 197:../../../../..//Middlewares/ST/STM32_Secure_Engine/Core/se_callgate.c ****   *        has to be used in order to call internal function in the right way.
 198:../../../../..//Middlewares/ST/STM32_Secure_Engine/Core/se_callgate.c ****   * @note DO NOT MODIFY THIS FUNCTION.
 199:../../../../..//Middlewares/ST/STM32_Secure_Engine/Core/se_callgate.c ****   *       New services can be implemented in @ref SE_CallGateService.
 200:../../../../..//Middlewares/ST/STM32_Secure_Engine/Core/se_callgate.c ****   * @param eID: Secure Engine protected function ID.
 201:../../../../..//Middlewares/ST/STM32_Secure_Engine/Core/se_callgate.c ****   * @param peSE_Status: Secure Engine Status.
 202:../../../../..//Middlewares/ST/STM32_Secure_Engine/Core/se_callgate.c ****   * @retval SE_ErrorStatus SE_SUCCESS if successful, SE_ERROR otherwise.
 203:../../../../..//Middlewares/ST/STM32_Secure_Engine/Core/se_callgate.c ****   */
ARM GAS  /tmp/ccksLSA3.s 			page 5


 204:../../../../..//Middlewares/ST/STM32_Secure_Engine/Core/se_callgate.c **** SE_ErrorStatus SE_CallGate(SE_FunctionIDTypeDef eID, SE_StatusTypeDef *const peSE_Status, uint32_t 
 205:../../../../..//Middlewares/ST/STM32_Secure_Engine/Core/se_callgate.c **** {
  27              		.loc 1 205 1 view -0
  28              		.cfi_startproc
  29              		@ args = 4, pretend = 8, frame = 24
  30              		@ frame_needed = 1, uses_anonymous_args = 1
  31 0000 0CB4     		push	{r2, r3}
  32              	.LCFI0:
  33              		.cfi_def_cfa_offset 8
  34 0002 80B5     		push	{r7, lr}
  35              	.LCFI1:
  36              		.cfi_def_cfa_offset 16
  37              		.cfi_offset 7, -16
  38              		.cfi_offset 14, -12
  39 0004 86B0     		sub	sp, sp, #24
  40              	.LCFI2:
  41              		.cfi_def_cfa_offset 40
  42 0006 00AF     		add	r7, sp, #0
  43              	.LCFI3:
  44              		.cfi_def_cfa_register 7
  45 0008 7860     		str	r0, [r7, #4]
  46 000a 3960     		str	r1, [r7]
 206:../../../../..//Middlewares/ST/STM32_Secure_Engine/Core/se_callgate.c ****   SE_ErrorStatus e_ret_status;
 207:../../../../..//Middlewares/ST/STM32_Secure_Engine/Core/se_callgate.c ****   va_list arguments;
 208:../../../../..//Middlewares/ST/STM32_Secure_Engine/Core/se_callgate.c ****   volatile uint32_t LR;
 209:../../../../..//Middlewares/ST/STM32_Secure_Engine/Core/se_callgate.c **** 
 210:../../../../..//Middlewares/ST/STM32_Secure_Engine/Core/se_callgate.c **** #if defined(__CC_ARM) || defined(__ICCARM__)
 211:../../../../..//Middlewares/ST/STM32_Secure_Engine/Core/se_callgate.c ****   LR = get_LR();
 212:../../../../..//Middlewares/ST/STM32_Secure_Engine/Core/se_callgate.c **** #elif defined(__ARMCC_VERSION)
 213:../../../../..//Middlewares/ST/STM32_Secure_Engine/Core/se_callgate.c ****   __asm volatile("MOV %0, LR\n" : "=r"(LR));
 214:../../../../..//Middlewares/ST/STM32_Secure_Engine/Core/se_callgate.c **** #elif defined(__GNUC__)
 215:../../../../..//Middlewares/ST/STM32_Secure_Engine/Core/se_callgate.c ****   register unsigned lr asm("lr");
 216:../../../../..//Middlewares/ST/STM32_Secure_Engine/Core/se_callgate.c ****   LR = lr;
  47              		.loc 1 216 6 view .LVU1
  48 000c 7346     		mov	r3, lr
  49 000e FB60     		str	r3, [r7, #12]
 217:../../../../..//Middlewares/ST/STM32_Secure_Engine/Core/se_callgate.c **** #endif /* defined(__CC_ARM) || defined(__ICCARM__) */
 218:../../../../..//Middlewares/ST/STM32_Secure_Engine/Core/se_callgate.c **** 
 219:../../../../..//Middlewares/ST/STM32_Secure_Engine/Core/se_callgate.c ****   /* Enter the protected area */
 220:../../../../..//Middlewares/ST/STM32_Secure_Engine/Core/se_callgate.c ****   ENTER_PROTECTED_AREA();
 221:../../../../..//Middlewares/ST/STM32_Secure_Engine/Core/se_callgate.c **** 
 222:../../../../..//Middlewares/ST/STM32_Secure_Engine/Core/se_callgate.c ****   /*
 223:../../../../..//Middlewares/ST/STM32_Secure_Engine/Core/se_callgate.c ****    * Warning : It is mandatory to call NVIC_SystemReset() in case of error
 224:../../../../..//Middlewares/ST/STM32_Secure_Engine/Core/se_callgate.c ****    * instead of return(SE_ERROR) to avoid any attempt of attack by modifying
 225:../../../../..//Middlewares/ST/STM32_Secure_Engine/Core/se_callgate.c ****    * the call stack (LR) in order to execute code inside secure enclave
 226:../../../../..//Middlewares/ST/STM32_Secure_Engine/Core/se_callgate.c ****    */
 227:../../../../..//Middlewares/ST/STM32_Secure_Engine/Core/se_callgate.c **** 
 228:../../../../..//Middlewares/ST/STM32_Secure_Engine/Core/se_callgate.c ****   /* Check the Callgate was called only from SE Interface */
 229:../../../../..//Middlewares/ST/STM32_Secure_Engine/Core/se_callgate.c ****   IS_CALLER_SE_IF();
  50              		.loc 1 229 3 view .LVU2
  51 0010 FA68     		ldr	r2, [r7, #12]
  52 0012 2C4B     		ldr	r3, .L11
  53 0014 9A42     		cmp	r2, r3
  54 0016 01D2     		bcs	.L2
  55              		.loc 1 229 3 is_stmt 0 discriminator 1 view .LVU3
  56 0018 FFF7FEFF 		bl	__NVIC_SystemReset
  57              	.L2:
ARM GAS  /tmp/ccksLSA3.s 			page 6


  58              		.loc 1 229 3 discriminator 2 view .LVU4
  59 001c FA68     		ldr	r2, [r7, #12]
  60 001e 2A4B     		ldr	r3, .L11+4
  61 0020 9A42     		cmp	r2, r3
  62 0022 01D9     		bls	.L3
  63              		.loc 1 229 3 discriminator 3 view .LVU5
  64 0024 FFF7FEFF 		bl	__NVIC_SystemReset
  65              	.L3:
 230:../../../../..//Middlewares/ST/STM32_Secure_Engine/Core/se_callgate.c **** 
 231:../../../../..//Middlewares/ST/STM32_Secure_Engine/Core/se_callgate.c ****   /* Check the pointers allocation */
 232:../../../../..//Middlewares/ST/STM32_Secure_Engine/Core/se_callgate.c ****   if (SE_LL_Buffer_in_ram(peSE_Status, sizeof(*peSE_Status)) != SE_SUCCESS)
  66              		.loc 1 232 7 is_stmt 1 view .LVU6
  67 0028 3B68     		ldr	r3, [r7]
  68 002a 0421     		movs	r1, #4
  69 002c 1800     		movs	r0, r3
  70 002e FFF7FEFF 		bl	SE_LL_Buffer_in_ram
  71 0032 0300     		movs	r3, r0
  72              		.loc 1 232 6 discriminator 1 view .LVU7
  73 0034 254A     		ldr	r2, .L11+8
  74 0036 9342     		cmp	r3, r2
  75 0038 01D0     		beq	.L4
 233:../../../../..//Middlewares/ST/STM32_Secure_Engine/Core/se_callgate.c ****   {
 234:../../../../..//Middlewares/ST/STM32_Secure_Engine/Core/se_callgate.c ****     NVIC_SystemReset();
  76              		.loc 1 234 5 view .LVU8
  77 003a FFF7FEFF 		bl	__NVIC_SystemReset
  78              	.L4:
 235:../../../../..//Middlewares/ST/STM32_Secure_Engine/Core/se_callgate.c ****   }
 236:../../../../..//Middlewares/ST/STM32_Secure_Engine/Core/se_callgate.c ****   if (SE_LL_Buffer_part_of_SE_ram(peSE_Status, sizeof(*peSE_Status)) == SE_SUCCESS)
  79              		.loc 1 236 7 view .LVU9
  80 003e 3B68     		ldr	r3, [r7]
  81 0040 0421     		movs	r1, #4
  82 0042 1800     		movs	r0, r3
  83 0044 FFF7FEFF 		bl	SE_LL_Buffer_part_of_SE_ram
  84 0048 0300     		movs	r3, r0
  85              		.loc 1 236 6 discriminator 1 view .LVU10
  86 004a 204A     		ldr	r2, .L11+8
  87 004c 9342     		cmp	r3, r2
  88 004e 01D1     		bne	.L5
 237:../../../../..//Middlewares/ST/STM32_Secure_Engine/Core/se_callgate.c ****   {
 238:../../../../..//Middlewares/ST/STM32_Secure_Engine/Core/se_callgate.c ****     NVIC_SystemReset();
  89              		.loc 1 238 5 view .LVU11
  90 0050 FFF7FEFF 		bl	__NVIC_SystemReset
  91              	.L5:
 239:../../../../..//Middlewares/ST/STM32_Secure_Engine/Core/se_callgate.c ****   }
 240:../../../../..//Middlewares/ST/STM32_Secure_Engine/Core/se_callgate.c **** 
 241:../../../../..//Middlewares/ST/STM32_Secure_Engine/Core/se_callgate.c ****   /* Double Check to avoid basic fault injection : the Callgate was called only from SE Interface *
 242:../../../../..//Middlewares/ST/STM32_Secure_Engine/Core/se_callgate.c ****   IS_CALLER_SE_IF();
  92              		.loc 1 242 3 view .LVU12
  93 0054 FA68     		ldr	r2, [r7, #12]
  94 0056 1B4B     		ldr	r3, .L11
  95 0058 9A42     		cmp	r2, r3
  96 005a 01D2     		bcs	.L6
  97              		.loc 1 242 3 is_stmt 0 discriminator 1 view .LVU13
  98 005c FFF7FEFF 		bl	__NVIC_SystemReset
  99              	.L6:
 100              		.loc 1 242 3 discriminator 2 view .LVU14
 101 0060 FA68     		ldr	r2, [r7, #12]
ARM GAS  /tmp/ccksLSA3.s 			page 7


 102 0062 194B     		ldr	r3, .L11+4
 103 0064 9A42     		cmp	r2, r3
 104 0066 01D9     		bls	.L7
 105              		.loc 1 242 3 discriminator 3 view .LVU15
 106 0068 FFF7FEFF 		bl	__NVIC_SystemReset
 107              	.L7:
 243:../../../../..//Middlewares/ST/STM32_Secure_Engine/Core/se_callgate.c **** 
 244:../../../../..//Middlewares/ST/STM32_Secure_Engine/Core/se_callgate.c ****   /* Double Check to avoid basic fault injection : Check the pointers allocation */
 245:../../../../..//Middlewares/ST/STM32_Secure_Engine/Core/se_callgate.c ****   if (SE_LL_Buffer_in_ram(peSE_Status, sizeof(*peSE_Status)) != SE_SUCCESS)
 108              		.loc 1 245 7 is_stmt 1 view .LVU16
 109 006c 3B68     		ldr	r3, [r7]
 110 006e 0421     		movs	r1, #4
 111 0070 1800     		movs	r0, r3
 112 0072 FFF7FEFF 		bl	SE_LL_Buffer_in_ram
 113 0076 0300     		movs	r3, r0
 114              		.loc 1 245 6 discriminator 1 view .LVU17
 115 0078 144A     		ldr	r2, .L11+8
 116 007a 9342     		cmp	r3, r2
 117 007c 01D0     		beq	.L8
 246:../../../../..//Middlewares/ST/STM32_Secure_Engine/Core/se_callgate.c ****   {
 247:../../../../..//Middlewares/ST/STM32_Secure_Engine/Core/se_callgate.c ****     NVIC_SystemReset();
 118              		.loc 1 247 5 view .LVU18
 119 007e FFF7FEFF 		bl	__NVIC_SystemReset
 120              	.L8:
 248:../../../../..//Middlewares/ST/STM32_Secure_Engine/Core/se_callgate.c ****   }
 249:../../../../..//Middlewares/ST/STM32_Secure_Engine/Core/se_callgate.c ****   if (SE_LL_Buffer_part_of_SE_ram(peSE_Status, sizeof(*peSE_Status)) == SE_SUCCESS)
 121              		.loc 1 249 7 view .LVU19
 122 0082 3B68     		ldr	r3, [r7]
 123 0084 0421     		movs	r1, #4
 124 0086 1800     		movs	r0, r3
 125 0088 FFF7FEFF 		bl	SE_LL_Buffer_part_of_SE_ram
 126 008c 0300     		movs	r3, r0
 127              		.loc 1 249 6 discriminator 1 view .LVU20
 128 008e 0F4A     		ldr	r2, .L11+8
 129 0090 9342     		cmp	r3, r2
 130 0092 01D1     		bne	.L9
 250:../../../../..//Middlewares/ST/STM32_Secure_Engine/Core/se_callgate.c ****   {
 251:../../../../..//Middlewares/ST/STM32_Secure_Engine/Core/se_callgate.c ****     NVIC_SystemReset();
 131              		.loc 1 251 5 view .LVU21
 132 0094 FFF7FEFF 		bl	__NVIC_SystemReset
 133              	.L9:
 252:../../../../..//Middlewares/ST/STM32_Secure_Engine/Core/se_callgate.c ****   }
 253:../../../../..//Middlewares/ST/STM32_Secure_Engine/Core/se_callgate.c **** 
 254:../../../../..//Middlewares/ST/STM32_Secure_Engine/Core/se_callgate.c **** #if defined(IT_MANAGEMENT)
 255:../../../../..//Middlewares/ST/STM32_Secure_Engine/Core/se_callgate.c ****   if (eID != SE_EXIT_INTERRUPT)
 256:../../../../..//Middlewares/ST/STM32_Secure_Engine/Core/se_callgate.c ****   {
 257:../../../../..//Middlewares/ST/STM32_Secure_Engine/Core/se_callgate.c ****     /* If an interrupt is being handled, then no service is allowed */
 258:../../../../..//Middlewares/ST/STM32_Secure_Engine/Core/se_callgate.c ****     if (IntHand == 1UL)
 259:../../../../..//Middlewares/ST/STM32_Secure_Engine/Core/se_callgate.c ****     {
 260:../../../../..//Middlewares/ST/STM32_Secure_Engine/Core/se_callgate.c ****       *peSE_Status = SE_BUSY;
 261:../../../../..//Middlewares/ST/STM32_Secure_Engine/Core/se_callgate.c ****       EXIT_PROTECTED_AREA();
 262:../../../../..//Middlewares/ST/STM32_Secure_Engine/Core/se_callgate.c ****       return SE_SUCCESS;
 263:../../../../..//Middlewares/ST/STM32_Secure_Engine/Core/se_callgate.c ****     }
 264:../../../../..//Middlewares/ST/STM32_Secure_Engine/Core/se_callgate.c ****     /* Save user PRIMASK value */
 265:../../../../..//Middlewares/ST/STM32_Secure_Engine/Core/se_callgate.c ****     PrimaskValue = PrimaskParam;
 266:../../../../..//Middlewares/ST/STM32_Secure_Engine/Core/se_callgate.c **** 
 267:../../../../..//Middlewares/ST/STM32_Secure_Engine/Core/se_callgate.c ****     /* get current Active Stack Pointer */
ARM GAS  /tmp/ccksLSA3.s 			page 8


 268:../../../../..//Middlewares/ST/STM32_Secure_Engine/Core/se_callgate.c ****     AppliActiveSpMode = (__get_CONTROL() >> 1UL) & 0x00000001UL;
 269:../../../../..//Middlewares/ST/STM32_Secure_Engine/Core/se_callgate.c ****   }
 270:../../../../..//Middlewares/ST/STM32_Secure_Engine/Core/se_callgate.c ****   else /* An exit interrupt service is requested */
 271:../../../../..//Middlewares/ST/STM32_Secure_Engine/Core/se_callgate.c ****   {
 272:../../../../..//Middlewares/ST/STM32_Secure_Engine/Core/se_callgate.c ****     /* Whereas there is no interrupt handling on going */
 273:../../../../..//Middlewares/ST/STM32_Secure_Engine/Core/se_callgate.c ****     if (IntHand != 1UL)
 274:../../../../..//Middlewares/ST/STM32_Secure_Engine/Core/se_callgate.c ****     {
 275:../../../../..//Middlewares/ST/STM32_Secure_Engine/Core/se_callgate.c ****       *peSE_Status = SE_OK;
 276:../../../../..//Middlewares/ST/STM32_Secure_Engine/Core/se_callgate.c ****       EXIT_PROTECTED_AREA();
 277:../../../../..//Middlewares/ST/STM32_Secure_Engine/Core/se_callgate.c ****       return SE_ERROR;
 278:../../../../..//Middlewares/ST/STM32_Secure_Engine/Core/se_callgate.c ****     }
 279:../../../../..//Middlewares/ST/STM32_Secure_Engine/Core/se_callgate.c **** 
 280:../../../../..//Middlewares/ST/STM32_Secure_Engine/Core/se_callgate.c ****     /* Requested service = SE_EXIT_INTERRUPT,
 281:../../../../..//Middlewares/ST/STM32_Secure_Engine/Core/se_callgate.c ****     so we should be in Handler Mode,
 282:../../../../..//Middlewares/ST/STM32_Secure_Engine/Core/se_callgate.c ****     and so, current SP mode should be MSP
 283:../../../../..//Middlewares/ST/STM32_Secure_Engine/Core/se_callgate.c ****     */
 284:../../../../..//Middlewares/ST/STM32_Secure_Engine/Core/se_callgate.c ****     if (((__get_CONTROL() >> 1UL) & 0x00000001UL) != 0x00000000UL)
 285:../../../../..//Middlewares/ST/STM32_Secure_Engine/Core/se_callgate.c ****     {
 286:../../../../..//Middlewares/ST/STM32_Secure_Engine/Core/se_callgate.c ****       *peSE_Status = SE_BUSY;
 287:../../../../..//Middlewares/ST/STM32_Secure_Engine/Core/se_callgate.c ****       EXIT_PROTECTED_AREA();
 288:../../../../..//Middlewares/ST/STM32_Secure_Engine/Core/se_callgate.c ****       return SE_SUCCESS;
 289:../../../../..//Middlewares/ST/STM32_Secure_Engine/Core/se_callgate.c ****     }
 290:../../../../..//Middlewares/ST/STM32_Secure_Engine/Core/se_callgate.c ****   }
 291:../../../../..//Middlewares/ST/STM32_Secure_Engine/Core/se_callgate.c **** #else
 292:../../../../..//Middlewares/ST/STM32_Secure_Engine/Core/se_callgate.c ****   /* Prevent unused argument(s) compilation warning */
 293:../../../../..//Middlewares/ST/STM32_Secure_Engine/Core/se_callgate.c ****   UNUSED(PrimaskParam);
 294:../../../../..//Middlewares/ST/STM32_Secure_Engine/Core/se_callgate.c **** #endif /* IT_MANAGEMENT) */
 295:../../../../..//Middlewares/ST/STM32_Secure_Engine/Core/se_callgate.c **** 
 296:../../../../..//Middlewares/ST/STM32_Secure_Engine/Core/se_callgate.c **** #if defined(SFU_ISOLATE_SE_WITH_FIREWALL) || defined(CKS_ENABLED)
 297:../../../../..//Middlewares/ST/STM32_Secure_Engine/Core/se_callgate.c ****   /* Save Appli Vector Table Address   */
 298:../../../../..//Middlewares/ST/STM32_Secure_Engine/Core/se_callgate.c ****   AppliVectorsAddr = SCB->VTOR;
 299:../../../../..//Middlewares/ST/STM32_Secure_Engine/Core/se_callgate.c **** 
 300:../../../../..//Middlewares/ST/STM32_Secure_Engine/Core/se_callgate.c ****   /* Set SE vector */
 301:../../../../..//Middlewares/ST/STM32_Secure_Engine/Core/se_callgate.c ****   SCB->VTOR = (uint32_t)&SeVectorsTable;
 302:../../../../..//Middlewares/ST/STM32_Secure_Engine/Core/se_callgate.c **** #endif /* SFU_ISOLATE_SE_WITH_FIREWALL || CKS_ENABLED */
 303:../../../../..//Middlewares/ST/STM32_Secure_Engine/Core/se_callgate.c **** #if defined(CKS_ENABLED)
 304:../../../../..//Middlewares/ST/STM32_Secure_Engine/Core/se_callgate.c ****   PrevIpccC1RxIrqState = NVIC_GetEnableIRQ(IPCC_C1_RX_IRQn);
 305:../../../../..//Middlewares/ST/STM32_Secure_Engine/Core/se_callgate.c ****   PrevIpccC1TxIrqState = NVIC_GetEnableIRQ(IPCC_C1_TX_IRQn);
 306:../../../../..//Middlewares/ST/STM32_Secure_Engine/Core/se_callgate.c **** #endif /* CKS_ENABLED */
 307:../../../../..//Middlewares/ST/STM32_Secure_Engine/Core/se_callgate.c **** 
 308:../../../../..//Middlewares/ST/STM32_Secure_Engine/Core/se_callgate.c ****   *peSE_Status =  SE_OK;
 134              		.loc 1 308 16 view .LVU22
 135 0098 3B68     		ldr	r3, [r7]
 136 009a 0D4A     		ldr	r2, .L11+12
 137 009c 1A60     		str	r2, [r3]
 309:../../../../..//Middlewares/ST/STM32_Secure_Engine/Core/se_callgate.c **** 
 310:../../../../..//Middlewares/ST/STM32_Secure_Engine/Core/se_callgate.c ****   /* Initializing arguments to store all values after peSE_Status */
 311:../../../../..//Middlewares/ST/STM32_Secure_Engine/Core/se_callgate.c ****   va_start(arguments, PrimaskParam);
 138              		.loc 1 311 3 view .LVU23
 139 009e 2423     		movs	r3, #36
 140 00a0 FB18     		adds	r3, r7, r3
 141 00a2 3B61     		str	r3, [r7, #16]
 312:../../../../..//Middlewares/ST/STM32_Secure_Engine/Core/se_callgate.c **** 
 313:../../../../..//Middlewares/ST/STM32_Secure_Engine/Core/se_callgate.c ****   /* Call service implementation , this is split to have a fixed size */
 314:../../../../..//Middlewares/ST/STM32_Secure_Engine/Core/se_callgate.c **** #if defined(SFU_ISOLATE_SE_WITH_FIREWALL)
 315:../../../../..//Middlewares/ST/STM32_Secure_Engine/Core/se_callgate.c ****   /* Set SE specific stack before executing SE service */
 316:../../../../..//Middlewares/ST/STM32_Secure_Engine/Core/se_callgate.c ****   e_ret_status =  SE_SP_SMUGGLE(eID, peSE_Status, arguments);
ARM GAS  /tmp/ccksLSA3.s 			page 9


 317:../../../../..//Middlewares/ST/STM32_Secure_Engine/Core/se_callgate.c **** #else
 318:../../../../..//Middlewares/ST/STM32_Secure_Engine/Core/se_callgate.c ****   /* No need to use a specific Stack */
 319:../../../../..//Middlewares/ST/STM32_Secure_Engine/Core/se_callgate.c ****   e_ret_status =  SE_CallGateService(eID, peSE_Status, arguments);
 142              		.loc 1 319 19 view .LVU24
 143 00a4 3A69     		ldr	r2, [r7, #16]
 144 00a6 3968     		ldr	r1, [r7]
 145 00a8 7B68     		ldr	r3, [r7, #4]
 146 00aa 1800     		movs	r0, r3
 147 00ac FFF7FEFF 		bl	SE_CallGateService
 148 00b0 0300     		movs	r3, r0
 149 00b2 7B61     		str	r3, [r7, #20]
 320:../../../../..//Middlewares/ST/STM32_Secure_Engine/Core/se_callgate.c **** #endif /* SFU_ISOLATE_SE_WITH_FIREWALL */
 321:../../../../..//Middlewares/ST/STM32_Secure_Engine/Core/se_callgate.c **** 
 322:../../../../..//Middlewares/ST/STM32_Secure_Engine/Core/se_callgate.c ****   /* Clean up arguments list*/
 323:../../../../..//Middlewares/ST/STM32_Secure_Engine/Core/se_callgate.c ****   va_end(arguments);
 324:../../../../..//Middlewares/ST/STM32_Secure_Engine/Core/se_callgate.c **** 
 325:../../../../..//Middlewares/ST/STM32_Secure_Engine/Core/se_callgate.c ****   /* Restore Appli Vector Value   */
 326:../../../../..//Middlewares/ST/STM32_Secure_Engine/Core/se_callgate.c **** #if defined(CKS_ENABLED)
 327:../../../../..//Middlewares/ST/STM32_Secure_Engine/Core/se_callgate.c ****   if (PrevIpccC1RxIrqState == 0UL)
 328:../../../../..//Middlewares/ST/STM32_Secure_Engine/Core/se_callgate.c ****   {
 329:../../../../..//Middlewares/ST/STM32_Secure_Engine/Core/se_callgate.c ****     HAL_NVIC_DisableIRQ(IPCC_C1_RX_IRQn);
 330:../../../../..//Middlewares/ST/STM32_Secure_Engine/Core/se_callgate.c ****   }
 331:../../../../..//Middlewares/ST/STM32_Secure_Engine/Core/se_callgate.c ****   if (PrevIpccC1TxIrqState == 0UL)
 332:../../../../..//Middlewares/ST/STM32_Secure_Engine/Core/se_callgate.c ****   {
 333:../../../../..//Middlewares/ST/STM32_Secure_Engine/Core/se_callgate.c ****     HAL_NVIC_DisableIRQ(IPCC_C1_TX_IRQn);
 334:../../../../..//Middlewares/ST/STM32_Secure_Engine/Core/se_callgate.c ****   }
 335:../../../../..//Middlewares/ST/STM32_Secure_Engine/Core/se_callgate.c ****   __ISB();
 336:../../../../..//Middlewares/ST/STM32_Secure_Engine/Core/se_callgate.c ****   SCB->VTOR = AppliVectorsAddr;
 337:../../../../..//Middlewares/ST/STM32_Secure_Engine/Core/se_callgate.c **** #endif /* CKS_ENABLED */
 338:../../../../..//Middlewares/ST/STM32_Secure_Engine/Core/se_callgate.c **** #if defined(SFU_ISOLATE_SE_WITH_FIREWALL)
 339:../../../../..//Middlewares/ST/STM32_Secure_Engine/Core/se_callgate.c ****   SCB->VTOR = AppliVectorsAddr;
 340:../../../../..//Middlewares/ST/STM32_Secure_Engine/Core/se_callgate.c **** #endif /* SFU_ISOLATE_SE_WITH_FIREWALL */
 341:../../../../..//Middlewares/ST/STM32_Secure_Engine/Core/se_callgate.c **** 
 342:../../../../..//Middlewares/ST/STM32_Secure_Engine/Core/se_callgate.c ****   /* Exit the protected area */
 343:../../../../..//Middlewares/ST/STM32_Secure_Engine/Core/se_callgate.c ****   EXIT_PROTECTED_AREA();
 344:../../../../..//Middlewares/ST/STM32_Secure_Engine/Core/se_callgate.c **** 
 345:../../../../..//Middlewares/ST/STM32_Secure_Engine/Core/se_callgate.c ****   return e_ret_status;
 150              		.loc 1 345 10 view .LVU25
 151 00b4 7B69     		ldr	r3, [r7, #20]
 346:../../../../..//Middlewares/ST/STM32_Secure_Engine/Core/se_callgate.c **** }
 152              		.loc 1 346 1 view .LVU26
 153 00b6 1800     		movs	r0, r3
 154 00b8 BD46     		mov	sp, r7
 155 00ba 06B0     		add	sp, sp, #24
 156              		@ sp needed
 157 00bc 80BC     		pop	{r7}
 158 00be 08BC     		pop	{r3}
 159 00c0 02B0     		add	sp, sp, #8
 160 00c2 1847     		bx	r3
 161              	.L12:
 162              		.align	2
 163              	.L11:
 164 00c4 00000000 		.word	__ICFEDIT_SE_IF_region_ROM_start__
 165 00c8 00000000 		.word	__ICFEDIT_SE_IF_region_ROM_end__
 166 00cc 0F311200 		.word	1192207
 167 00d0 23E21200 		.word	1237539
 168              		.cfi_endproc
ARM GAS  /tmp/ccksLSA3.s 			page 10


 169              	.LFE182:
 171              		.section	.text.__NVIC_SystemReset,"ax",%progbits
 172              		.align	1
 173              		.syntax unified
 174              		.code	16
 175              		.thumb_func
 177              	__NVIC_SystemReset:
 178              	.LFB39:
 179              		.file 2 "../../../../..//Drivers/CMSIS/Include/core_cm0plus.h"
   1:../../../../..//Drivers/CMSIS/Include/core_cm0plus.h **** /**************************************************************************//**
   2:../../../../..//Drivers/CMSIS/Include/core_cm0plus.h ****  * @file     core_cm0plus.h
   3:../../../../..//Drivers/CMSIS/Include/core_cm0plus.h ****  * @brief    CMSIS Cortex-M0+ Core Peripheral Access Layer Header File
   4:../../../../..//Drivers/CMSIS/Include/core_cm0plus.h ****  * @version  V5.0.9
   5:../../../../..//Drivers/CMSIS/Include/core_cm0plus.h ****  * @date     21. August 2019
   6:../../../../..//Drivers/CMSIS/Include/core_cm0plus.h ****  ******************************************************************************/
   7:../../../../..//Drivers/CMSIS/Include/core_cm0plus.h **** /*
   8:../../../../..//Drivers/CMSIS/Include/core_cm0plus.h ****  * Copyright (c) 2009-2019 Arm Limited. All rights reserved.
   9:../../../../..//Drivers/CMSIS/Include/core_cm0plus.h ****  *
  10:../../../../..//Drivers/CMSIS/Include/core_cm0plus.h ****  * SPDX-License-Identifier: Apache-2.0
  11:../../../../..//Drivers/CMSIS/Include/core_cm0plus.h ****  *
  12:../../../../..//Drivers/CMSIS/Include/core_cm0plus.h ****  * Licensed under the Apache License, Version 2.0 (the License); you may
  13:../../../../..//Drivers/CMSIS/Include/core_cm0plus.h ****  * not use this file except in compliance with the License.
  14:../../../../..//Drivers/CMSIS/Include/core_cm0plus.h ****  * You may obtain a copy of the License at
  15:../../../../..//Drivers/CMSIS/Include/core_cm0plus.h ****  *
  16:../../../../..//Drivers/CMSIS/Include/core_cm0plus.h ****  * www.apache.org/licenses/LICENSE-2.0
  17:../../../../..//Drivers/CMSIS/Include/core_cm0plus.h ****  *
  18:../../../../..//Drivers/CMSIS/Include/core_cm0plus.h ****  * Unless required by applicable law or agreed to in writing, software
  19:../../../../..//Drivers/CMSIS/Include/core_cm0plus.h ****  * distributed under the License is distributed on an AS IS BASIS, WITHOUT
  20:../../../../..//Drivers/CMSIS/Include/core_cm0plus.h ****  * WARRANTIES OR CONDITIONS OF ANY KIND, either express or implied.
  21:../../../../..//Drivers/CMSIS/Include/core_cm0plus.h ****  * See the License for the specific language governing permissions and
  22:../../../../..//Drivers/CMSIS/Include/core_cm0plus.h ****  * limitations under the License.
  23:../../../../..//Drivers/CMSIS/Include/core_cm0plus.h ****  */
  24:../../../../..//Drivers/CMSIS/Include/core_cm0plus.h **** 
  25:../../../../..//Drivers/CMSIS/Include/core_cm0plus.h **** #if   defined ( __ICCARM__ )
  26:../../../../..//Drivers/CMSIS/Include/core_cm0plus.h ****   #pragma system_include         /* treat file as system include file for MISRA check */
  27:../../../../..//Drivers/CMSIS/Include/core_cm0plus.h **** #elif defined (__clang__)
  28:../../../../..//Drivers/CMSIS/Include/core_cm0plus.h ****   #pragma clang system_header   /* treat file as system include file */
  29:../../../../..//Drivers/CMSIS/Include/core_cm0plus.h **** #endif
  30:../../../../..//Drivers/CMSIS/Include/core_cm0plus.h **** 
  31:../../../../..//Drivers/CMSIS/Include/core_cm0plus.h **** #ifndef __CORE_CM0PLUS_H_GENERIC
  32:../../../../..//Drivers/CMSIS/Include/core_cm0plus.h **** #define __CORE_CM0PLUS_H_GENERIC
  33:../../../../..//Drivers/CMSIS/Include/core_cm0plus.h **** 
  34:../../../../..//Drivers/CMSIS/Include/core_cm0plus.h **** #include <stdint.h>
  35:../../../../..//Drivers/CMSIS/Include/core_cm0plus.h **** 
  36:../../../../..//Drivers/CMSIS/Include/core_cm0plus.h **** #ifdef __cplusplus
  37:../../../../..//Drivers/CMSIS/Include/core_cm0plus.h ****  extern "C" {
  38:../../../../..//Drivers/CMSIS/Include/core_cm0plus.h **** #endif
  39:../../../../..//Drivers/CMSIS/Include/core_cm0plus.h **** 
  40:../../../../..//Drivers/CMSIS/Include/core_cm0plus.h **** /**
  41:../../../../..//Drivers/CMSIS/Include/core_cm0plus.h ****   \page CMSIS_MISRA_Exceptions  MISRA-C:2004 Compliance Exceptions
  42:../../../../..//Drivers/CMSIS/Include/core_cm0plus.h ****   CMSIS violates the following MISRA-C:2004 rules:
  43:../../../../..//Drivers/CMSIS/Include/core_cm0plus.h **** 
  44:../../../../..//Drivers/CMSIS/Include/core_cm0plus.h ****    \li Required Rule 8.5, object/function definition in header file.<br>
  45:../../../../..//Drivers/CMSIS/Include/core_cm0plus.h ****      Function definitions in header files are used to allow 'inlining'.
  46:../../../../..//Drivers/CMSIS/Include/core_cm0plus.h **** 
  47:../../../../..//Drivers/CMSIS/Include/core_cm0plus.h ****    \li Required Rule 18.4, declaration of union type or object of union type: '{...}'.<br>
  48:../../../../..//Drivers/CMSIS/Include/core_cm0plus.h ****      Unions are used for effective representation of core registers.
ARM GAS  /tmp/ccksLSA3.s 			page 11


  49:../../../../..//Drivers/CMSIS/Include/core_cm0plus.h **** 
  50:../../../../..//Drivers/CMSIS/Include/core_cm0plus.h ****    \li Advisory Rule 19.7, Function-like macro defined.<br>
  51:../../../../..//Drivers/CMSIS/Include/core_cm0plus.h ****      Function-like macros are used to allow more efficient code.
  52:../../../../..//Drivers/CMSIS/Include/core_cm0plus.h ****  */
  53:../../../../..//Drivers/CMSIS/Include/core_cm0plus.h **** 
  54:../../../../..//Drivers/CMSIS/Include/core_cm0plus.h **** 
  55:../../../../..//Drivers/CMSIS/Include/core_cm0plus.h **** /*******************************************************************************
  56:../../../../..//Drivers/CMSIS/Include/core_cm0plus.h ****  *                 CMSIS definitions
  57:../../../../..//Drivers/CMSIS/Include/core_cm0plus.h ****  ******************************************************************************/
  58:../../../../..//Drivers/CMSIS/Include/core_cm0plus.h **** /**
  59:../../../../..//Drivers/CMSIS/Include/core_cm0plus.h ****   \ingroup Cortex-M0+
  60:../../../../..//Drivers/CMSIS/Include/core_cm0plus.h ****   @{
  61:../../../../..//Drivers/CMSIS/Include/core_cm0plus.h ****  */
  62:../../../../..//Drivers/CMSIS/Include/core_cm0plus.h **** 
  63:../../../../..//Drivers/CMSIS/Include/core_cm0plus.h **** #include "cmsis_version.h"
  64:../../../../..//Drivers/CMSIS/Include/core_cm0plus.h ****  
  65:../../../../..//Drivers/CMSIS/Include/core_cm0plus.h **** /*  CMSIS CM0+ definitions */
  66:../../../../..//Drivers/CMSIS/Include/core_cm0plus.h **** #define __CM0PLUS_CMSIS_VERSION_MAIN (__CM_CMSIS_VERSION_MAIN)                  /*!< \deprecated [3
  67:../../../../..//Drivers/CMSIS/Include/core_cm0plus.h **** #define __CM0PLUS_CMSIS_VERSION_SUB  (__CM_CMSIS_VERSION_SUB)                   /*!< \deprecated [1
  68:../../../../..//Drivers/CMSIS/Include/core_cm0plus.h **** #define __CM0PLUS_CMSIS_VERSION      ((__CM0PLUS_CMSIS_VERSION_MAIN << 16U) | \
  69:../../../../..//Drivers/CMSIS/Include/core_cm0plus.h ****                                        __CM0PLUS_CMSIS_VERSION_SUB           )  /*!< \deprecated CM
  70:../../../../..//Drivers/CMSIS/Include/core_cm0plus.h **** 
  71:../../../../..//Drivers/CMSIS/Include/core_cm0plus.h **** #define __CORTEX_M                   (0U)                                       /*!< Cortex-M Core 
  72:../../../../..//Drivers/CMSIS/Include/core_cm0plus.h **** 
  73:../../../../..//Drivers/CMSIS/Include/core_cm0plus.h **** /** __FPU_USED indicates whether an FPU is used or not.
  74:../../../../..//Drivers/CMSIS/Include/core_cm0plus.h ****     This core does not support an FPU at all
  75:../../../../..//Drivers/CMSIS/Include/core_cm0plus.h **** */
  76:../../../../..//Drivers/CMSIS/Include/core_cm0plus.h **** #define __FPU_USED       0U
  77:../../../../..//Drivers/CMSIS/Include/core_cm0plus.h **** 
  78:../../../../..//Drivers/CMSIS/Include/core_cm0plus.h **** #if defined ( __CC_ARM )
  79:../../../../..//Drivers/CMSIS/Include/core_cm0plus.h ****   #if defined __TARGET_FPU_VFP
  80:../../../../..//Drivers/CMSIS/Include/core_cm0plus.h ****     #error "Compiler generates FPU instructions for a device without an FPU (check __FPU_PRESENT)"
  81:../../../../..//Drivers/CMSIS/Include/core_cm0plus.h ****   #endif
  82:../../../../..//Drivers/CMSIS/Include/core_cm0plus.h **** 
  83:../../../../..//Drivers/CMSIS/Include/core_cm0plus.h **** #elif defined (__ARMCC_VERSION) && (__ARMCC_VERSION >= 6010050)
  84:../../../../..//Drivers/CMSIS/Include/core_cm0plus.h ****   #if defined __ARM_FP
  85:../../../../..//Drivers/CMSIS/Include/core_cm0plus.h ****     #error "Compiler generates FPU instructions for a device without an FPU (check __FPU_PRESENT)"
  86:../../../../..//Drivers/CMSIS/Include/core_cm0plus.h ****   #endif
  87:../../../../..//Drivers/CMSIS/Include/core_cm0plus.h **** 
  88:../../../../..//Drivers/CMSIS/Include/core_cm0plus.h **** #elif defined ( __GNUC__ )
  89:../../../../..//Drivers/CMSIS/Include/core_cm0plus.h ****   #if defined (__VFP_FP__) && !defined(__SOFTFP__)
  90:../../../../..//Drivers/CMSIS/Include/core_cm0plus.h ****     #error "Compiler generates FPU instructions for a device without an FPU (check __FPU_PRESENT)"
  91:../../../../..//Drivers/CMSIS/Include/core_cm0plus.h ****   #endif
  92:../../../../..//Drivers/CMSIS/Include/core_cm0plus.h **** 
  93:../../../../..//Drivers/CMSIS/Include/core_cm0plus.h **** #elif defined ( __ICCARM__ )
  94:../../../../..//Drivers/CMSIS/Include/core_cm0plus.h ****   #if defined __ARMVFP__
  95:../../../../..//Drivers/CMSIS/Include/core_cm0plus.h ****     #error "Compiler generates FPU instructions for a device without an FPU (check __FPU_PRESENT)"
  96:../../../../..//Drivers/CMSIS/Include/core_cm0plus.h ****   #endif
  97:../../../../..//Drivers/CMSIS/Include/core_cm0plus.h **** 
  98:../../../../..//Drivers/CMSIS/Include/core_cm0plus.h **** #elif defined ( __TI_ARM__ )
  99:../../../../..//Drivers/CMSIS/Include/core_cm0plus.h ****   #if defined __TI_VFP_SUPPORT__
 100:../../../../..//Drivers/CMSIS/Include/core_cm0plus.h ****     #error "Compiler generates FPU instructions for a device without an FPU (check __FPU_PRESENT)"
 101:../../../../..//Drivers/CMSIS/Include/core_cm0plus.h ****   #endif
 102:../../../../..//Drivers/CMSIS/Include/core_cm0plus.h **** 
 103:../../../../..//Drivers/CMSIS/Include/core_cm0plus.h **** #elif defined ( __TASKING__ )
 104:../../../../..//Drivers/CMSIS/Include/core_cm0plus.h ****   #if defined __FPU_VFP__
 105:../../../../..//Drivers/CMSIS/Include/core_cm0plus.h ****     #error "Compiler generates FPU instructions for a device without an FPU (check __FPU_PRESENT)"
ARM GAS  /tmp/ccksLSA3.s 			page 12


 106:../../../../..//Drivers/CMSIS/Include/core_cm0plus.h ****   #endif
 107:../../../../..//Drivers/CMSIS/Include/core_cm0plus.h **** 
 108:../../../../..//Drivers/CMSIS/Include/core_cm0plus.h **** #elif defined ( __CSMC__ )
 109:../../../../..//Drivers/CMSIS/Include/core_cm0plus.h ****   #if ( __CSMC__ & 0x400U)
 110:../../../../..//Drivers/CMSIS/Include/core_cm0plus.h ****     #error "Compiler generates FPU instructions for a device without an FPU (check __FPU_PRESENT)"
 111:../../../../..//Drivers/CMSIS/Include/core_cm0plus.h ****   #endif
 112:../../../../..//Drivers/CMSIS/Include/core_cm0plus.h **** 
 113:../../../../..//Drivers/CMSIS/Include/core_cm0plus.h **** #endif
 114:../../../../..//Drivers/CMSIS/Include/core_cm0plus.h **** 
 115:../../../../..//Drivers/CMSIS/Include/core_cm0plus.h **** #include "cmsis_compiler.h"               /* CMSIS compiler specific defines */
 116:../../../../..//Drivers/CMSIS/Include/core_cm0plus.h **** 
 117:../../../../..//Drivers/CMSIS/Include/core_cm0plus.h **** 
 118:../../../../..//Drivers/CMSIS/Include/core_cm0plus.h **** #ifdef __cplusplus
 119:../../../../..//Drivers/CMSIS/Include/core_cm0plus.h **** }
 120:../../../../..//Drivers/CMSIS/Include/core_cm0plus.h **** #endif
 121:../../../../..//Drivers/CMSIS/Include/core_cm0plus.h **** 
 122:../../../../..//Drivers/CMSIS/Include/core_cm0plus.h **** #endif /* __CORE_CM0PLUS_H_GENERIC */
 123:../../../../..//Drivers/CMSIS/Include/core_cm0plus.h **** 
 124:../../../../..//Drivers/CMSIS/Include/core_cm0plus.h **** #ifndef __CMSIS_GENERIC
 125:../../../../..//Drivers/CMSIS/Include/core_cm0plus.h **** 
 126:../../../../..//Drivers/CMSIS/Include/core_cm0plus.h **** #ifndef __CORE_CM0PLUS_H_DEPENDANT
 127:../../../../..//Drivers/CMSIS/Include/core_cm0plus.h **** #define __CORE_CM0PLUS_H_DEPENDANT
 128:../../../../..//Drivers/CMSIS/Include/core_cm0plus.h **** 
 129:../../../../..//Drivers/CMSIS/Include/core_cm0plus.h **** #ifdef __cplusplus
 130:../../../../..//Drivers/CMSIS/Include/core_cm0plus.h ****  extern "C" {
 131:../../../../..//Drivers/CMSIS/Include/core_cm0plus.h **** #endif
 132:../../../../..//Drivers/CMSIS/Include/core_cm0plus.h **** 
 133:../../../../..//Drivers/CMSIS/Include/core_cm0plus.h **** /* check device defines and use defaults */
 134:../../../../..//Drivers/CMSIS/Include/core_cm0plus.h **** #if defined __CHECK_DEVICE_DEFINES
 135:../../../../..//Drivers/CMSIS/Include/core_cm0plus.h ****   #ifndef __CM0PLUS_REV
 136:../../../../..//Drivers/CMSIS/Include/core_cm0plus.h ****     #define __CM0PLUS_REV             0x0000U
 137:../../../../..//Drivers/CMSIS/Include/core_cm0plus.h ****     #warning "__CM0PLUS_REV not defined in device header file; using default!"
 138:../../../../..//Drivers/CMSIS/Include/core_cm0plus.h ****   #endif
 139:../../../../..//Drivers/CMSIS/Include/core_cm0plus.h **** 
 140:../../../../..//Drivers/CMSIS/Include/core_cm0plus.h ****   #ifndef __MPU_PRESENT
 141:../../../../..//Drivers/CMSIS/Include/core_cm0plus.h ****     #define __MPU_PRESENT             0U
 142:../../../../..//Drivers/CMSIS/Include/core_cm0plus.h ****     #warning "__MPU_PRESENT not defined in device header file; using default!"
 143:../../../../..//Drivers/CMSIS/Include/core_cm0plus.h ****   #endif
 144:../../../../..//Drivers/CMSIS/Include/core_cm0plus.h **** 
 145:../../../../..//Drivers/CMSIS/Include/core_cm0plus.h ****   #ifndef __VTOR_PRESENT
 146:../../../../..//Drivers/CMSIS/Include/core_cm0plus.h ****     #define __VTOR_PRESENT            0U
 147:../../../../..//Drivers/CMSIS/Include/core_cm0plus.h ****     #warning "__VTOR_PRESENT not defined in device header file; using default!"
 148:../../../../..//Drivers/CMSIS/Include/core_cm0plus.h ****   #endif
 149:../../../../..//Drivers/CMSIS/Include/core_cm0plus.h **** 
 150:../../../../..//Drivers/CMSIS/Include/core_cm0plus.h ****   #ifndef __NVIC_PRIO_BITS
 151:../../../../..//Drivers/CMSIS/Include/core_cm0plus.h ****     #define __NVIC_PRIO_BITS          2U
 152:../../../../..//Drivers/CMSIS/Include/core_cm0plus.h ****     #warning "__NVIC_PRIO_BITS not defined in device header file; using default!"
 153:../../../../..//Drivers/CMSIS/Include/core_cm0plus.h ****   #endif
 154:../../../../..//Drivers/CMSIS/Include/core_cm0plus.h **** 
 155:../../../../..//Drivers/CMSIS/Include/core_cm0plus.h ****   #ifndef __Vendor_SysTickConfig
 156:../../../../..//Drivers/CMSIS/Include/core_cm0plus.h ****     #define __Vendor_SysTickConfig    0U
 157:../../../../..//Drivers/CMSIS/Include/core_cm0plus.h ****     #warning "__Vendor_SysTickConfig not defined in device header file; using default!"
 158:../../../../..//Drivers/CMSIS/Include/core_cm0plus.h ****   #endif
 159:../../../../..//Drivers/CMSIS/Include/core_cm0plus.h **** #endif
 160:../../../../..//Drivers/CMSIS/Include/core_cm0plus.h **** 
 161:../../../../..//Drivers/CMSIS/Include/core_cm0plus.h **** /* IO definitions (access restrictions to peripheral registers) */
 162:../../../../..//Drivers/CMSIS/Include/core_cm0plus.h **** /**
ARM GAS  /tmp/ccksLSA3.s 			page 13


 163:../../../../..//Drivers/CMSIS/Include/core_cm0plus.h ****     \defgroup CMSIS_glob_defs CMSIS Global Defines
 164:../../../../..//Drivers/CMSIS/Include/core_cm0plus.h **** 
 165:../../../../..//Drivers/CMSIS/Include/core_cm0plus.h ****     <strong>IO Type Qualifiers</strong> are used
 166:../../../../..//Drivers/CMSIS/Include/core_cm0plus.h ****     \li to specify the access to peripheral variables.
 167:../../../../..//Drivers/CMSIS/Include/core_cm0plus.h ****     \li for automatic generation of peripheral register debug information.
 168:../../../../..//Drivers/CMSIS/Include/core_cm0plus.h **** */
 169:../../../../..//Drivers/CMSIS/Include/core_cm0plus.h **** #ifdef __cplusplus
 170:../../../../..//Drivers/CMSIS/Include/core_cm0plus.h ****   #define   __I     volatile             /*!< Defines 'read only' permissions */
 171:../../../../..//Drivers/CMSIS/Include/core_cm0plus.h **** #else
 172:../../../../..//Drivers/CMSIS/Include/core_cm0plus.h ****   #define   __I     volatile const       /*!< Defines 'read only' permissions */
 173:../../../../..//Drivers/CMSIS/Include/core_cm0plus.h **** #endif
 174:../../../../..//Drivers/CMSIS/Include/core_cm0plus.h **** #define     __O     volatile             /*!< Defines 'write only' permissions */
 175:../../../../..//Drivers/CMSIS/Include/core_cm0plus.h **** #define     __IO    volatile             /*!< Defines 'read / write' permissions */
 176:../../../../..//Drivers/CMSIS/Include/core_cm0plus.h **** 
 177:../../../../..//Drivers/CMSIS/Include/core_cm0plus.h **** /* following defines should be used for structure members */
 178:../../../../..//Drivers/CMSIS/Include/core_cm0plus.h **** #define     __IM     volatile const      /*! Defines 'read only' structure member permissions */
 179:../../../../..//Drivers/CMSIS/Include/core_cm0plus.h **** #define     __OM     volatile            /*! Defines 'write only' structure member permissions */
 180:../../../../..//Drivers/CMSIS/Include/core_cm0plus.h **** #define     __IOM    volatile            /*! Defines 'read / write' structure member permissions */
 181:../../../../..//Drivers/CMSIS/Include/core_cm0plus.h **** 
 182:../../../../..//Drivers/CMSIS/Include/core_cm0plus.h **** /*@} end of group Cortex-M0+ */
 183:../../../../..//Drivers/CMSIS/Include/core_cm0plus.h **** 
 184:../../../../..//Drivers/CMSIS/Include/core_cm0plus.h **** 
 185:../../../../..//Drivers/CMSIS/Include/core_cm0plus.h **** 
 186:../../../../..//Drivers/CMSIS/Include/core_cm0plus.h **** /*******************************************************************************
 187:../../../../..//Drivers/CMSIS/Include/core_cm0plus.h ****  *                 Register Abstraction
 188:../../../../..//Drivers/CMSIS/Include/core_cm0plus.h ****   Core Register contain:
 189:../../../../..//Drivers/CMSIS/Include/core_cm0plus.h ****   - Core Register
 190:../../../../..//Drivers/CMSIS/Include/core_cm0plus.h ****   - Core NVIC Register
 191:../../../../..//Drivers/CMSIS/Include/core_cm0plus.h ****   - Core SCB Register
 192:../../../../..//Drivers/CMSIS/Include/core_cm0plus.h ****   - Core SysTick Register
 193:../../../../..//Drivers/CMSIS/Include/core_cm0plus.h ****   - Core MPU Register
 194:../../../../..//Drivers/CMSIS/Include/core_cm0plus.h ****  ******************************************************************************/
 195:../../../../..//Drivers/CMSIS/Include/core_cm0plus.h **** /**
 196:../../../../..//Drivers/CMSIS/Include/core_cm0plus.h ****   \defgroup CMSIS_core_register Defines and Type Definitions
 197:../../../../..//Drivers/CMSIS/Include/core_cm0plus.h ****   \brief Type definitions and defines for Cortex-M processor based devices.
 198:../../../../..//Drivers/CMSIS/Include/core_cm0plus.h **** */
 199:../../../../..//Drivers/CMSIS/Include/core_cm0plus.h **** 
 200:../../../../..//Drivers/CMSIS/Include/core_cm0plus.h **** /**
 201:../../../../..//Drivers/CMSIS/Include/core_cm0plus.h ****   \ingroup    CMSIS_core_register
 202:../../../../..//Drivers/CMSIS/Include/core_cm0plus.h ****   \defgroup   CMSIS_CORE  Status and Control Registers
 203:../../../../..//Drivers/CMSIS/Include/core_cm0plus.h ****   \brief      Core Register type definitions.
 204:../../../../..//Drivers/CMSIS/Include/core_cm0plus.h ****   @{
 205:../../../../..//Drivers/CMSIS/Include/core_cm0plus.h ****  */
 206:../../../../..//Drivers/CMSIS/Include/core_cm0plus.h **** 
 207:../../../../..//Drivers/CMSIS/Include/core_cm0plus.h **** /**
 208:../../../../..//Drivers/CMSIS/Include/core_cm0plus.h ****   \brief  Union type to access the Application Program Status Register (APSR).
 209:../../../../..//Drivers/CMSIS/Include/core_cm0plus.h ****  */
 210:../../../../..//Drivers/CMSIS/Include/core_cm0plus.h **** typedef union
 211:../../../../..//Drivers/CMSIS/Include/core_cm0plus.h **** {
 212:../../../../..//Drivers/CMSIS/Include/core_cm0plus.h ****   struct
 213:../../../../..//Drivers/CMSIS/Include/core_cm0plus.h ****   {
 214:../../../../..//Drivers/CMSIS/Include/core_cm0plus.h ****     uint32_t _reserved0:28;              /*!< bit:  0..27  Reserved */
 215:../../../../..//Drivers/CMSIS/Include/core_cm0plus.h ****     uint32_t V:1;                        /*!< bit:     28  Overflow condition code flag */
 216:../../../../..//Drivers/CMSIS/Include/core_cm0plus.h ****     uint32_t C:1;                        /*!< bit:     29  Carry condition code flag */
 217:../../../../..//Drivers/CMSIS/Include/core_cm0plus.h ****     uint32_t Z:1;                        /*!< bit:     30  Zero condition code flag */
 218:../../../../..//Drivers/CMSIS/Include/core_cm0plus.h ****     uint32_t N:1;                        /*!< bit:     31  Negative condition code flag */
 219:../../../../..//Drivers/CMSIS/Include/core_cm0plus.h ****   } b;                                   /*!< Structure used for bit  access */
ARM GAS  /tmp/ccksLSA3.s 			page 14


 220:../../../../..//Drivers/CMSIS/Include/core_cm0plus.h ****   uint32_t w;                            /*!< Type      used for word access */
 221:../../../../..//Drivers/CMSIS/Include/core_cm0plus.h **** } APSR_Type;
 222:../../../../..//Drivers/CMSIS/Include/core_cm0plus.h **** 
 223:../../../../..//Drivers/CMSIS/Include/core_cm0plus.h **** /* APSR Register Definitions */
 224:../../../../..//Drivers/CMSIS/Include/core_cm0plus.h **** #define APSR_N_Pos                         31U                                            /*!< APSR
 225:../../../../..//Drivers/CMSIS/Include/core_cm0plus.h **** #define APSR_N_Msk                         (1UL << APSR_N_Pos)                            /*!< APSR
 226:../../../../..//Drivers/CMSIS/Include/core_cm0plus.h **** 
 227:../../../../..//Drivers/CMSIS/Include/core_cm0plus.h **** #define APSR_Z_Pos                         30U                                            /*!< APSR
 228:../../../../..//Drivers/CMSIS/Include/core_cm0plus.h **** #define APSR_Z_Msk                         (1UL << APSR_Z_Pos)                            /*!< APSR
 229:../../../../..//Drivers/CMSIS/Include/core_cm0plus.h **** 
 230:../../../../..//Drivers/CMSIS/Include/core_cm0plus.h **** #define APSR_C_Pos                         29U                                            /*!< APSR
 231:../../../../..//Drivers/CMSIS/Include/core_cm0plus.h **** #define APSR_C_Msk                         (1UL << APSR_C_Pos)                            /*!< APSR
 232:../../../../..//Drivers/CMSIS/Include/core_cm0plus.h **** 
 233:../../../../..//Drivers/CMSIS/Include/core_cm0plus.h **** #define APSR_V_Pos                         28U                                            /*!< APSR
 234:../../../../..//Drivers/CMSIS/Include/core_cm0plus.h **** #define APSR_V_Msk                         (1UL << APSR_V_Pos)                            /*!< APSR
 235:../../../../..//Drivers/CMSIS/Include/core_cm0plus.h **** 
 236:../../../../..//Drivers/CMSIS/Include/core_cm0plus.h **** 
 237:../../../../..//Drivers/CMSIS/Include/core_cm0plus.h **** /**
 238:../../../../..//Drivers/CMSIS/Include/core_cm0plus.h ****   \brief  Union type to access the Interrupt Program Status Register (IPSR).
 239:../../../../..//Drivers/CMSIS/Include/core_cm0plus.h ****  */
 240:../../../../..//Drivers/CMSIS/Include/core_cm0plus.h **** typedef union
 241:../../../../..//Drivers/CMSIS/Include/core_cm0plus.h **** {
 242:../../../../..//Drivers/CMSIS/Include/core_cm0plus.h ****   struct
 243:../../../../..//Drivers/CMSIS/Include/core_cm0plus.h ****   {
 244:../../../../..//Drivers/CMSIS/Include/core_cm0plus.h ****     uint32_t ISR:9;                      /*!< bit:  0.. 8  Exception number */
 245:../../../../..//Drivers/CMSIS/Include/core_cm0plus.h ****     uint32_t _reserved0:23;              /*!< bit:  9..31  Reserved */
 246:../../../../..//Drivers/CMSIS/Include/core_cm0plus.h ****   } b;                                   /*!< Structure used for bit  access */
 247:../../../../..//Drivers/CMSIS/Include/core_cm0plus.h ****   uint32_t w;                            /*!< Type      used for word access */
 248:../../../../..//Drivers/CMSIS/Include/core_cm0plus.h **** } IPSR_Type;
 249:../../../../..//Drivers/CMSIS/Include/core_cm0plus.h **** 
 250:../../../../..//Drivers/CMSIS/Include/core_cm0plus.h **** /* IPSR Register Definitions */
 251:../../../../..//Drivers/CMSIS/Include/core_cm0plus.h **** #define IPSR_ISR_Pos                        0U                                            /*!< IPSR
 252:../../../../..//Drivers/CMSIS/Include/core_cm0plus.h **** #define IPSR_ISR_Msk                       (0x1FFUL /*<< IPSR_ISR_Pos*/)                  /*!< IPSR
 253:../../../../..//Drivers/CMSIS/Include/core_cm0plus.h **** 
 254:../../../../..//Drivers/CMSIS/Include/core_cm0plus.h **** 
 255:../../../../..//Drivers/CMSIS/Include/core_cm0plus.h **** /**
 256:../../../../..//Drivers/CMSIS/Include/core_cm0plus.h ****   \brief  Union type to access the Special-Purpose Program Status Registers (xPSR).
 257:../../../../..//Drivers/CMSIS/Include/core_cm0plus.h ****  */
 258:../../../../..//Drivers/CMSIS/Include/core_cm0plus.h **** typedef union
 259:../../../../..//Drivers/CMSIS/Include/core_cm0plus.h **** {
 260:../../../../..//Drivers/CMSIS/Include/core_cm0plus.h ****   struct
 261:../../../../..//Drivers/CMSIS/Include/core_cm0plus.h ****   {
 262:../../../../..//Drivers/CMSIS/Include/core_cm0plus.h ****     uint32_t ISR:9;                      /*!< bit:  0.. 8  Exception number */
 263:../../../../..//Drivers/CMSIS/Include/core_cm0plus.h ****     uint32_t _reserved0:15;              /*!< bit:  9..23  Reserved */
 264:../../../../..//Drivers/CMSIS/Include/core_cm0plus.h ****     uint32_t T:1;                        /*!< bit:     24  Thumb bit        (read 0) */
 265:../../../../..//Drivers/CMSIS/Include/core_cm0plus.h ****     uint32_t _reserved1:3;               /*!< bit: 25..27  Reserved */
 266:../../../../..//Drivers/CMSIS/Include/core_cm0plus.h ****     uint32_t V:1;                        /*!< bit:     28  Overflow condition code flag */
 267:../../../../..//Drivers/CMSIS/Include/core_cm0plus.h ****     uint32_t C:1;                        /*!< bit:     29  Carry condition code flag */
 268:../../../../..//Drivers/CMSIS/Include/core_cm0plus.h ****     uint32_t Z:1;                        /*!< bit:     30  Zero condition code flag */
 269:../../../../..//Drivers/CMSIS/Include/core_cm0plus.h ****     uint32_t N:1;                        /*!< bit:     31  Negative condition code flag */
 270:../../../../..//Drivers/CMSIS/Include/core_cm0plus.h ****   } b;                                   /*!< Structure used for bit  access */
 271:../../../../..//Drivers/CMSIS/Include/core_cm0plus.h ****   uint32_t w;                            /*!< Type      used for word access */
 272:../../../../..//Drivers/CMSIS/Include/core_cm0plus.h **** } xPSR_Type;
 273:../../../../..//Drivers/CMSIS/Include/core_cm0plus.h **** 
 274:../../../../..//Drivers/CMSIS/Include/core_cm0plus.h **** /* xPSR Register Definitions */
 275:../../../../..//Drivers/CMSIS/Include/core_cm0plus.h **** #define xPSR_N_Pos                         31U                                            /*!< xPSR
 276:../../../../..//Drivers/CMSIS/Include/core_cm0plus.h **** #define xPSR_N_Msk                         (1UL << xPSR_N_Pos)                            /*!< xPSR
ARM GAS  /tmp/ccksLSA3.s 			page 15


 277:../../../../..//Drivers/CMSIS/Include/core_cm0plus.h **** 
 278:../../../../..//Drivers/CMSIS/Include/core_cm0plus.h **** #define xPSR_Z_Pos                         30U                                            /*!< xPSR
 279:../../../../..//Drivers/CMSIS/Include/core_cm0plus.h **** #define xPSR_Z_Msk                         (1UL << xPSR_Z_Pos)                            /*!< xPSR
 280:../../../../..//Drivers/CMSIS/Include/core_cm0plus.h **** 
 281:../../../../..//Drivers/CMSIS/Include/core_cm0plus.h **** #define xPSR_C_Pos                         29U                                            /*!< xPSR
 282:../../../../..//Drivers/CMSIS/Include/core_cm0plus.h **** #define xPSR_C_Msk                         (1UL << xPSR_C_Pos)                            /*!< xPSR
 283:../../../../..//Drivers/CMSIS/Include/core_cm0plus.h **** 
 284:../../../../..//Drivers/CMSIS/Include/core_cm0plus.h **** #define xPSR_V_Pos                         28U                                            /*!< xPSR
 285:../../../../..//Drivers/CMSIS/Include/core_cm0plus.h **** #define xPSR_V_Msk                         (1UL << xPSR_V_Pos)                            /*!< xPSR
 286:../../../../..//Drivers/CMSIS/Include/core_cm0plus.h **** 
 287:../../../../..//Drivers/CMSIS/Include/core_cm0plus.h **** #define xPSR_T_Pos                         24U                                            /*!< xPSR
 288:../../../../..//Drivers/CMSIS/Include/core_cm0plus.h **** #define xPSR_T_Msk                         (1UL << xPSR_T_Pos)                            /*!< xPSR
 289:../../../../..//Drivers/CMSIS/Include/core_cm0plus.h **** 
 290:../../../../..//Drivers/CMSIS/Include/core_cm0plus.h **** #define xPSR_ISR_Pos                        0U                                            /*!< xPSR
 291:../../../../..//Drivers/CMSIS/Include/core_cm0plus.h **** #define xPSR_ISR_Msk                       (0x1FFUL /*<< xPSR_ISR_Pos*/)                  /*!< xPSR
 292:../../../../..//Drivers/CMSIS/Include/core_cm0plus.h **** 
 293:../../../../..//Drivers/CMSIS/Include/core_cm0plus.h **** 
 294:../../../../..//Drivers/CMSIS/Include/core_cm0plus.h **** /**
 295:../../../../..//Drivers/CMSIS/Include/core_cm0plus.h ****   \brief  Union type to access the Control Registers (CONTROL).
 296:../../../../..//Drivers/CMSIS/Include/core_cm0plus.h ****  */
 297:../../../../..//Drivers/CMSIS/Include/core_cm0plus.h **** typedef union
 298:../../../../..//Drivers/CMSIS/Include/core_cm0plus.h **** {
 299:../../../../..//Drivers/CMSIS/Include/core_cm0plus.h ****   struct
 300:../../../../..//Drivers/CMSIS/Include/core_cm0plus.h ****   {
 301:../../../../..//Drivers/CMSIS/Include/core_cm0plus.h ****     uint32_t nPRIV:1;                    /*!< bit:      0  Execution privilege in Thread mode */
 302:../../../../..//Drivers/CMSIS/Include/core_cm0plus.h ****     uint32_t SPSEL:1;                    /*!< bit:      1  Stack to be used */
 303:../../../../..//Drivers/CMSIS/Include/core_cm0plus.h ****     uint32_t _reserved1:30;              /*!< bit:  2..31  Reserved */
 304:../../../../..//Drivers/CMSIS/Include/core_cm0plus.h ****   } b;                                   /*!< Structure used for bit  access */
 305:../../../../..//Drivers/CMSIS/Include/core_cm0plus.h ****   uint32_t w;                            /*!< Type      used for word access */
 306:../../../../..//Drivers/CMSIS/Include/core_cm0plus.h **** } CONTROL_Type;
 307:../../../../..//Drivers/CMSIS/Include/core_cm0plus.h **** 
 308:../../../../..//Drivers/CMSIS/Include/core_cm0plus.h **** /* CONTROL Register Definitions */
 309:../../../../..//Drivers/CMSIS/Include/core_cm0plus.h **** #define CONTROL_SPSEL_Pos                   1U                                            /*!< CONT
 310:../../../../..//Drivers/CMSIS/Include/core_cm0plus.h **** #define CONTROL_SPSEL_Msk                  (1UL << CONTROL_SPSEL_Pos)                     /*!< CONT
 311:../../../../..//Drivers/CMSIS/Include/core_cm0plus.h **** 
 312:../../../../..//Drivers/CMSIS/Include/core_cm0plus.h **** #define CONTROL_nPRIV_Pos                   0U                                            /*!< CONT
 313:../../../../..//Drivers/CMSIS/Include/core_cm0plus.h **** #define CONTROL_nPRIV_Msk                  (1UL /*<< CONTROL_nPRIV_Pos*/)                 /*!< CONT
 314:../../../../..//Drivers/CMSIS/Include/core_cm0plus.h **** 
 315:../../../../..//Drivers/CMSIS/Include/core_cm0plus.h **** /*@} end of group CMSIS_CORE */
 316:../../../../..//Drivers/CMSIS/Include/core_cm0plus.h **** 
 317:../../../../..//Drivers/CMSIS/Include/core_cm0plus.h **** 
 318:../../../../..//Drivers/CMSIS/Include/core_cm0plus.h **** /**
 319:../../../../..//Drivers/CMSIS/Include/core_cm0plus.h ****   \ingroup    CMSIS_core_register
 320:../../../../..//Drivers/CMSIS/Include/core_cm0plus.h ****   \defgroup   CMSIS_NVIC  Nested Vectored Interrupt Controller (NVIC)
 321:../../../../..//Drivers/CMSIS/Include/core_cm0plus.h ****   \brief      Type definitions for the NVIC Registers
 322:../../../../..//Drivers/CMSIS/Include/core_cm0plus.h ****   @{
 323:../../../../..//Drivers/CMSIS/Include/core_cm0plus.h ****  */
 324:../../../../..//Drivers/CMSIS/Include/core_cm0plus.h **** 
 325:../../../../..//Drivers/CMSIS/Include/core_cm0plus.h **** /**
 326:../../../../..//Drivers/CMSIS/Include/core_cm0plus.h ****   \brief  Structure type to access the Nested Vectored Interrupt Controller (NVIC).
 327:../../../../..//Drivers/CMSIS/Include/core_cm0plus.h ****  */
 328:../../../../..//Drivers/CMSIS/Include/core_cm0plus.h **** typedef struct
 329:../../../../..//Drivers/CMSIS/Include/core_cm0plus.h **** {
 330:../../../../..//Drivers/CMSIS/Include/core_cm0plus.h ****   __IOM uint32_t ISER[1U];               /*!< Offset: 0x000 (R/W)  Interrupt Set Enable Register */
 331:../../../../..//Drivers/CMSIS/Include/core_cm0plus.h ****         uint32_t RESERVED0[31U];
 332:../../../../..//Drivers/CMSIS/Include/core_cm0plus.h ****   __IOM uint32_t ICER[1U];               /*!< Offset: 0x080 (R/W)  Interrupt Clear Enable Register 
 333:../../../../..//Drivers/CMSIS/Include/core_cm0plus.h ****         uint32_t RESERVED1[31U];
ARM GAS  /tmp/ccksLSA3.s 			page 16


 334:../../../../..//Drivers/CMSIS/Include/core_cm0plus.h ****   __IOM uint32_t ISPR[1U];               /*!< Offset: 0x100 (R/W)  Interrupt Set Pending Register *
 335:../../../../..//Drivers/CMSIS/Include/core_cm0plus.h ****         uint32_t RESERVED2[31U];
 336:../../../../..//Drivers/CMSIS/Include/core_cm0plus.h ****   __IOM uint32_t ICPR[1U];               /*!< Offset: 0x180 (R/W)  Interrupt Clear Pending Register
 337:../../../../..//Drivers/CMSIS/Include/core_cm0plus.h ****         uint32_t RESERVED3[31U];
 338:../../../../..//Drivers/CMSIS/Include/core_cm0plus.h ****         uint32_t RESERVED4[64U];
 339:../../../../..//Drivers/CMSIS/Include/core_cm0plus.h ****   __IOM uint32_t IP[8U];                 /*!< Offset: 0x300 (R/W)  Interrupt Priority Register */
 340:../../../../..//Drivers/CMSIS/Include/core_cm0plus.h **** }  NVIC_Type;
 341:../../../../..//Drivers/CMSIS/Include/core_cm0plus.h **** 
 342:../../../../..//Drivers/CMSIS/Include/core_cm0plus.h **** /*@} end of group CMSIS_NVIC */
 343:../../../../..//Drivers/CMSIS/Include/core_cm0plus.h **** 
 344:../../../../..//Drivers/CMSIS/Include/core_cm0plus.h **** 
 345:../../../../..//Drivers/CMSIS/Include/core_cm0plus.h **** /**
 346:../../../../..//Drivers/CMSIS/Include/core_cm0plus.h ****   \ingroup  CMSIS_core_register
 347:../../../../..//Drivers/CMSIS/Include/core_cm0plus.h ****   \defgroup CMSIS_SCB     System Control Block (SCB)
 348:../../../../..//Drivers/CMSIS/Include/core_cm0plus.h ****   \brief    Type definitions for the System Control Block Registers
 349:../../../../..//Drivers/CMSIS/Include/core_cm0plus.h ****   @{
 350:../../../../..//Drivers/CMSIS/Include/core_cm0plus.h ****  */
 351:../../../../..//Drivers/CMSIS/Include/core_cm0plus.h **** 
 352:../../../../..//Drivers/CMSIS/Include/core_cm0plus.h **** /**
 353:../../../../..//Drivers/CMSIS/Include/core_cm0plus.h ****   \brief  Structure type to access the System Control Block (SCB).
 354:../../../../..//Drivers/CMSIS/Include/core_cm0plus.h ****  */
 355:../../../../..//Drivers/CMSIS/Include/core_cm0plus.h **** typedef struct
 356:../../../../..//Drivers/CMSIS/Include/core_cm0plus.h **** {
 357:../../../../..//Drivers/CMSIS/Include/core_cm0plus.h ****   __IM  uint32_t CPUID;                  /*!< Offset: 0x000 (R/ )  CPUID Base Register */
 358:../../../../..//Drivers/CMSIS/Include/core_cm0plus.h ****   __IOM uint32_t ICSR;                   /*!< Offset: 0x004 (R/W)  Interrupt Control and State Regi
 359:../../../../..//Drivers/CMSIS/Include/core_cm0plus.h **** #if defined (__VTOR_PRESENT) && (__VTOR_PRESENT == 1U)
 360:../../../../..//Drivers/CMSIS/Include/core_cm0plus.h ****   __IOM uint32_t VTOR;                   /*!< Offset: 0x008 (R/W)  Vector Table Offset Register */
 361:../../../../..//Drivers/CMSIS/Include/core_cm0plus.h **** #else
 362:../../../../..//Drivers/CMSIS/Include/core_cm0plus.h ****         uint32_t RESERVED0;
 363:../../../../..//Drivers/CMSIS/Include/core_cm0plus.h **** #endif
 364:../../../../..//Drivers/CMSIS/Include/core_cm0plus.h ****   __IOM uint32_t AIRCR;                  /*!< Offset: 0x00C (R/W)  Application Interrupt and Reset 
 365:../../../../..//Drivers/CMSIS/Include/core_cm0plus.h ****   __IOM uint32_t SCR;                    /*!< Offset: 0x010 (R/W)  System Control Register */
 366:../../../../..//Drivers/CMSIS/Include/core_cm0plus.h ****   __IOM uint32_t CCR;                    /*!< Offset: 0x014 (R/W)  Configuration Control Register *
 367:../../../../..//Drivers/CMSIS/Include/core_cm0plus.h ****         uint32_t RESERVED1;
 368:../../../../..//Drivers/CMSIS/Include/core_cm0plus.h ****   __IOM uint32_t SHP[2U];                /*!< Offset: 0x01C (R/W)  System Handlers Priority Registe
 369:../../../../..//Drivers/CMSIS/Include/core_cm0plus.h ****   __IOM uint32_t SHCSR;                  /*!< Offset: 0x024 (R/W)  System Handler Control and State
 370:../../../../..//Drivers/CMSIS/Include/core_cm0plus.h **** } SCB_Type;
 371:../../../../..//Drivers/CMSIS/Include/core_cm0plus.h **** 
 372:../../../../..//Drivers/CMSIS/Include/core_cm0plus.h **** /* SCB CPUID Register Definitions */
 373:../../../../..//Drivers/CMSIS/Include/core_cm0plus.h **** #define SCB_CPUID_IMPLEMENTER_Pos          24U                                            /*!< SCB 
 374:../../../../..//Drivers/CMSIS/Include/core_cm0plus.h **** #define SCB_CPUID_IMPLEMENTER_Msk          (0xFFUL << SCB_CPUID_IMPLEMENTER_Pos)          /*!< SCB 
 375:../../../../..//Drivers/CMSIS/Include/core_cm0plus.h **** 
 376:../../../../..//Drivers/CMSIS/Include/core_cm0plus.h **** #define SCB_CPUID_VARIANT_Pos              20U                                            /*!< SCB 
 377:../../../../..//Drivers/CMSIS/Include/core_cm0plus.h **** #define SCB_CPUID_VARIANT_Msk              (0xFUL << SCB_CPUID_VARIANT_Pos)               /*!< SCB 
 378:../../../../..//Drivers/CMSIS/Include/core_cm0plus.h **** 
 379:../../../../..//Drivers/CMSIS/Include/core_cm0plus.h **** #define SCB_CPUID_ARCHITECTURE_Pos         16U                                            /*!< SCB 
 380:../../../../..//Drivers/CMSIS/Include/core_cm0plus.h **** #define SCB_CPUID_ARCHITECTURE_Msk         (0xFUL << SCB_CPUID_ARCHITECTURE_Pos)          /*!< SCB 
 381:../../../../..//Drivers/CMSIS/Include/core_cm0plus.h **** 
 382:../../../../..//Drivers/CMSIS/Include/core_cm0plus.h **** #define SCB_CPUID_PARTNO_Pos                4U                                            /*!< SCB 
 383:../../../../..//Drivers/CMSIS/Include/core_cm0plus.h **** #define SCB_CPUID_PARTNO_Msk               (0xFFFUL << SCB_CPUID_PARTNO_Pos)              /*!< SCB 
 384:../../../../..//Drivers/CMSIS/Include/core_cm0plus.h **** 
 385:../../../../..//Drivers/CMSIS/Include/core_cm0plus.h **** #define SCB_CPUID_REVISION_Pos              0U                                            /*!< SCB 
 386:../../../../..//Drivers/CMSIS/Include/core_cm0plus.h **** #define SCB_CPUID_REVISION_Msk             (0xFUL /*<< SCB_CPUID_REVISION_Pos*/)          /*!< SCB 
 387:../../../../..//Drivers/CMSIS/Include/core_cm0plus.h **** 
 388:../../../../..//Drivers/CMSIS/Include/core_cm0plus.h **** /* SCB Interrupt Control State Register Definitions */
 389:../../../../..//Drivers/CMSIS/Include/core_cm0plus.h **** #define SCB_ICSR_NMIPENDSET_Pos            31U                                            /*!< SCB 
 390:../../../../..//Drivers/CMSIS/Include/core_cm0plus.h **** #define SCB_ICSR_NMIPENDSET_Msk            (1UL << SCB_ICSR_NMIPENDSET_Pos)               /*!< SCB 
ARM GAS  /tmp/ccksLSA3.s 			page 17


 391:../../../../..//Drivers/CMSIS/Include/core_cm0plus.h **** 
 392:../../../../..//Drivers/CMSIS/Include/core_cm0plus.h **** #define SCB_ICSR_PENDSVSET_Pos             28U                                            /*!< SCB 
 393:../../../../..//Drivers/CMSIS/Include/core_cm0plus.h **** #define SCB_ICSR_PENDSVSET_Msk             (1UL << SCB_ICSR_PENDSVSET_Pos)                /*!< SCB 
 394:../../../../..//Drivers/CMSIS/Include/core_cm0plus.h **** 
 395:../../../../..//Drivers/CMSIS/Include/core_cm0plus.h **** #define SCB_ICSR_PENDSVCLR_Pos             27U                                            /*!< SCB 
 396:../../../../..//Drivers/CMSIS/Include/core_cm0plus.h **** #define SCB_ICSR_PENDSVCLR_Msk             (1UL << SCB_ICSR_PENDSVCLR_Pos)                /*!< SCB 
 397:../../../../..//Drivers/CMSIS/Include/core_cm0plus.h **** 
 398:../../../../..//Drivers/CMSIS/Include/core_cm0plus.h **** #define SCB_ICSR_PENDSTSET_Pos             26U                                            /*!< SCB 
 399:../../../../..//Drivers/CMSIS/Include/core_cm0plus.h **** #define SCB_ICSR_PENDSTSET_Msk             (1UL << SCB_ICSR_PENDSTSET_Pos)                /*!< SCB 
 400:../../../../..//Drivers/CMSIS/Include/core_cm0plus.h **** 
 401:../../../../..//Drivers/CMSIS/Include/core_cm0plus.h **** #define SCB_ICSR_PENDSTCLR_Pos             25U                                            /*!< SCB 
 402:../../../../..//Drivers/CMSIS/Include/core_cm0plus.h **** #define SCB_ICSR_PENDSTCLR_Msk             (1UL << SCB_ICSR_PENDSTCLR_Pos)                /*!< SCB 
 403:../../../../..//Drivers/CMSIS/Include/core_cm0plus.h **** 
 404:../../../../..//Drivers/CMSIS/Include/core_cm0plus.h **** #define SCB_ICSR_ISRPREEMPT_Pos            23U                                            /*!< SCB 
 405:../../../../..//Drivers/CMSIS/Include/core_cm0plus.h **** #define SCB_ICSR_ISRPREEMPT_Msk            (1UL << SCB_ICSR_ISRPREEMPT_Pos)               /*!< SCB 
 406:../../../../..//Drivers/CMSIS/Include/core_cm0plus.h **** 
 407:../../../../..//Drivers/CMSIS/Include/core_cm0plus.h **** #define SCB_ICSR_ISRPENDING_Pos            22U                                            /*!< SCB 
 408:../../../../..//Drivers/CMSIS/Include/core_cm0plus.h **** #define SCB_ICSR_ISRPENDING_Msk            (1UL << SCB_ICSR_ISRPENDING_Pos)               /*!< SCB 
 409:../../../../..//Drivers/CMSIS/Include/core_cm0plus.h **** 
 410:../../../../..//Drivers/CMSIS/Include/core_cm0plus.h **** #define SCB_ICSR_VECTPENDING_Pos           12U                                            /*!< SCB 
 411:../../../../..//Drivers/CMSIS/Include/core_cm0plus.h **** #define SCB_ICSR_VECTPENDING_Msk           (0x1FFUL << SCB_ICSR_VECTPENDING_Pos)          /*!< SCB 
 412:../../../../..//Drivers/CMSIS/Include/core_cm0plus.h **** 
 413:../../../../..//Drivers/CMSIS/Include/core_cm0plus.h **** #define SCB_ICSR_VECTACTIVE_Pos             0U                                            /*!< SCB 
 414:../../../../..//Drivers/CMSIS/Include/core_cm0plus.h **** #define SCB_ICSR_VECTACTIVE_Msk            (0x1FFUL /*<< SCB_ICSR_VECTACTIVE_Pos*/)       /*!< SCB 
 415:../../../../..//Drivers/CMSIS/Include/core_cm0plus.h **** 
 416:../../../../..//Drivers/CMSIS/Include/core_cm0plus.h **** #if defined (__VTOR_PRESENT) && (__VTOR_PRESENT == 1U)
 417:../../../../..//Drivers/CMSIS/Include/core_cm0plus.h **** /* SCB Interrupt Control State Register Definitions */
 418:../../../../..//Drivers/CMSIS/Include/core_cm0plus.h **** #define SCB_VTOR_TBLOFF_Pos                 8U                                            /*!< SCB 
 419:../../../../..//Drivers/CMSIS/Include/core_cm0plus.h **** #define SCB_VTOR_TBLOFF_Msk                (0xFFFFFFUL << SCB_VTOR_TBLOFF_Pos)            /*!< SCB 
 420:../../../../..//Drivers/CMSIS/Include/core_cm0plus.h **** #endif
 421:../../../../..//Drivers/CMSIS/Include/core_cm0plus.h **** 
 422:../../../../..//Drivers/CMSIS/Include/core_cm0plus.h **** /* SCB Application Interrupt and Reset Control Register Definitions */
 423:../../../../..//Drivers/CMSIS/Include/core_cm0plus.h **** #define SCB_AIRCR_VECTKEY_Pos              16U                                            /*!< SCB 
 424:../../../../..//Drivers/CMSIS/Include/core_cm0plus.h **** #define SCB_AIRCR_VECTKEY_Msk              (0xFFFFUL << SCB_AIRCR_VECTKEY_Pos)            /*!< SCB 
 425:../../../../..//Drivers/CMSIS/Include/core_cm0plus.h **** 
 426:../../../../..//Drivers/CMSIS/Include/core_cm0plus.h **** #define SCB_AIRCR_VECTKEYSTAT_Pos          16U                                            /*!< SCB 
 427:../../../../..//Drivers/CMSIS/Include/core_cm0plus.h **** #define SCB_AIRCR_VECTKEYSTAT_Msk          (0xFFFFUL << SCB_AIRCR_VECTKEYSTAT_Pos)        /*!< SCB 
 428:../../../../..//Drivers/CMSIS/Include/core_cm0plus.h **** 
 429:../../../../..//Drivers/CMSIS/Include/core_cm0plus.h **** #define SCB_AIRCR_ENDIANESS_Pos            15U                                            /*!< SCB 
 430:../../../../..//Drivers/CMSIS/Include/core_cm0plus.h **** #define SCB_AIRCR_ENDIANESS_Msk            (1UL << SCB_AIRCR_ENDIANESS_Pos)               /*!< SCB 
 431:../../../../..//Drivers/CMSIS/Include/core_cm0plus.h **** 
 432:../../../../..//Drivers/CMSIS/Include/core_cm0plus.h **** #define SCB_AIRCR_SYSRESETREQ_Pos           2U                                            /*!< SCB 
 433:../../../../..//Drivers/CMSIS/Include/core_cm0plus.h **** #define SCB_AIRCR_SYSRESETREQ_Msk          (1UL << SCB_AIRCR_SYSRESETREQ_Pos)             /*!< SCB 
 434:../../../../..//Drivers/CMSIS/Include/core_cm0plus.h **** 
 435:../../../../..//Drivers/CMSIS/Include/core_cm0plus.h **** #define SCB_AIRCR_VECTCLRACTIVE_Pos         1U                                            /*!< SCB 
 436:../../../../..//Drivers/CMSIS/Include/core_cm0plus.h **** #define SCB_AIRCR_VECTCLRACTIVE_Msk        (1UL << SCB_AIRCR_VECTCLRACTIVE_Pos)           /*!< SCB 
 437:../../../../..//Drivers/CMSIS/Include/core_cm0plus.h **** 
 438:../../../../..//Drivers/CMSIS/Include/core_cm0plus.h **** /* SCB System Control Register Definitions */
 439:../../../../..//Drivers/CMSIS/Include/core_cm0plus.h **** #define SCB_SCR_SEVONPEND_Pos               4U                                            /*!< SCB 
 440:../../../../..//Drivers/CMSIS/Include/core_cm0plus.h **** #define SCB_SCR_SEVONPEND_Msk              (1UL << SCB_SCR_SEVONPEND_Pos)                 /*!< SCB 
 441:../../../../..//Drivers/CMSIS/Include/core_cm0plus.h **** 
 442:../../../../..//Drivers/CMSIS/Include/core_cm0plus.h **** #define SCB_SCR_SLEEPDEEP_Pos               2U                                            /*!< SCB 
 443:../../../../..//Drivers/CMSIS/Include/core_cm0plus.h **** #define SCB_SCR_SLEEPDEEP_Msk              (1UL << SCB_SCR_SLEEPDEEP_Pos)                 /*!< SCB 
 444:../../../../..//Drivers/CMSIS/Include/core_cm0plus.h **** 
 445:../../../../..//Drivers/CMSIS/Include/core_cm0plus.h **** #define SCB_SCR_SLEEPONEXIT_Pos             1U                                            /*!< SCB 
 446:../../../../..//Drivers/CMSIS/Include/core_cm0plus.h **** #define SCB_SCR_SLEEPONEXIT_Msk            (1UL << SCB_SCR_SLEEPONEXIT_Pos)               /*!< SCB 
 447:../../../../..//Drivers/CMSIS/Include/core_cm0plus.h **** 
ARM GAS  /tmp/ccksLSA3.s 			page 18


 448:../../../../..//Drivers/CMSIS/Include/core_cm0plus.h **** /* SCB Configuration Control Register Definitions */
 449:../../../../..//Drivers/CMSIS/Include/core_cm0plus.h **** #define SCB_CCR_STKALIGN_Pos                9U                                            /*!< SCB 
 450:../../../../..//Drivers/CMSIS/Include/core_cm0plus.h **** #define SCB_CCR_STKALIGN_Msk               (1UL << SCB_CCR_STKALIGN_Pos)                  /*!< SCB 
 451:../../../../..//Drivers/CMSIS/Include/core_cm0plus.h **** 
 452:../../../../..//Drivers/CMSIS/Include/core_cm0plus.h **** #define SCB_CCR_UNALIGN_TRP_Pos             3U                                            /*!< SCB 
 453:../../../../..//Drivers/CMSIS/Include/core_cm0plus.h **** #define SCB_CCR_UNALIGN_TRP_Msk            (1UL << SCB_CCR_UNALIGN_TRP_Pos)               /*!< SCB 
 454:../../../../..//Drivers/CMSIS/Include/core_cm0plus.h **** 
 455:../../../../..//Drivers/CMSIS/Include/core_cm0plus.h **** /* SCB System Handler Control and State Register Definitions */
 456:../../../../..//Drivers/CMSIS/Include/core_cm0plus.h **** #define SCB_SHCSR_SVCALLPENDED_Pos         15U                                            /*!< SCB 
 457:../../../../..//Drivers/CMSIS/Include/core_cm0plus.h **** #define SCB_SHCSR_SVCALLPENDED_Msk         (1UL << SCB_SHCSR_SVCALLPENDED_Pos)            /*!< SCB 
 458:../../../../..//Drivers/CMSIS/Include/core_cm0plus.h **** 
 459:../../../../..//Drivers/CMSIS/Include/core_cm0plus.h **** /*@} end of group CMSIS_SCB */
 460:../../../../..//Drivers/CMSIS/Include/core_cm0plus.h **** 
 461:../../../../..//Drivers/CMSIS/Include/core_cm0plus.h **** 
 462:../../../../..//Drivers/CMSIS/Include/core_cm0plus.h **** /**
 463:../../../../..//Drivers/CMSIS/Include/core_cm0plus.h ****   \ingroup  CMSIS_core_register
 464:../../../../..//Drivers/CMSIS/Include/core_cm0plus.h ****   \defgroup CMSIS_SysTick     System Tick Timer (SysTick)
 465:../../../../..//Drivers/CMSIS/Include/core_cm0plus.h ****   \brief    Type definitions for the System Timer Registers.
 466:../../../../..//Drivers/CMSIS/Include/core_cm0plus.h ****   @{
 467:../../../../..//Drivers/CMSIS/Include/core_cm0plus.h ****  */
 468:../../../../..//Drivers/CMSIS/Include/core_cm0plus.h **** 
 469:../../../../..//Drivers/CMSIS/Include/core_cm0plus.h **** /**
 470:../../../../..//Drivers/CMSIS/Include/core_cm0plus.h ****   \brief  Structure type to access the System Timer (SysTick).
 471:../../../../..//Drivers/CMSIS/Include/core_cm0plus.h ****  */
 472:../../../../..//Drivers/CMSIS/Include/core_cm0plus.h **** typedef struct
 473:../../../../..//Drivers/CMSIS/Include/core_cm0plus.h **** {
 474:../../../../..//Drivers/CMSIS/Include/core_cm0plus.h ****   __IOM uint32_t CTRL;                   /*!< Offset: 0x000 (R/W)  SysTick Control and Status Regis
 475:../../../../..//Drivers/CMSIS/Include/core_cm0plus.h ****   __IOM uint32_t LOAD;                   /*!< Offset: 0x004 (R/W)  SysTick Reload Value Register */
 476:../../../../..//Drivers/CMSIS/Include/core_cm0plus.h ****   __IOM uint32_t VAL;                    /*!< Offset: 0x008 (R/W)  SysTick Current Value Register *
 477:../../../../..//Drivers/CMSIS/Include/core_cm0plus.h ****   __IM  uint32_t CALIB;                  /*!< Offset: 0x00C (R/ )  SysTick Calibration Register */
 478:../../../../..//Drivers/CMSIS/Include/core_cm0plus.h **** } SysTick_Type;
 479:../../../../..//Drivers/CMSIS/Include/core_cm0plus.h **** 
 480:../../../../..//Drivers/CMSIS/Include/core_cm0plus.h **** /* SysTick Control / Status Register Definitions */
 481:../../../../..//Drivers/CMSIS/Include/core_cm0plus.h **** #define SysTick_CTRL_COUNTFLAG_Pos         16U                                            /*!< SysT
 482:../../../../..//Drivers/CMSIS/Include/core_cm0plus.h **** #define SysTick_CTRL_COUNTFLAG_Msk         (1UL << SysTick_CTRL_COUNTFLAG_Pos)            /*!< SysT
 483:../../../../..//Drivers/CMSIS/Include/core_cm0plus.h **** 
 484:../../../../..//Drivers/CMSIS/Include/core_cm0plus.h **** #define SysTick_CTRL_CLKSOURCE_Pos          2U                                            /*!< SysT
 485:../../../../..//Drivers/CMSIS/Include/core_cm0plus.h **** #define SysTick_CTRL_CLKSOURCE_Msk         (1UL << SysTick_CTRL_CLKSOURCE_Pos)            /*!< SysT
 486:../../../../..//Drivers/CMSIS/Include/core_cm0plus.h **** 
 487:../../../../..//Drivers/CMSIS/Include/core_cm0plus.h **** #define SysTick_CTRL_TICKINT_Pos            1U                                            /*!< SysT
 488:../../../../..//Drivers/CMSIS/Include/core_cm0plus.h **** #define SysTick_CTRL_TICKINT_Msk           (1UL << SysTick_CTRL_TICKINT_Pos)              /*!< SysT
 489:../../../../..//Drivers/CMSIS/Include/core_cm0plus.h **** 
 490:../../../../..//Drivers/CMSIS/Include/core_cm0plus.h **** #define SysTick_CTRL_ENABLE_Pos             0U                                            /*!< SysT
 491:../../../../..//Drivers/CMSIS/Include/core_cm0plus.h **** #define SysTick_CTRL_ENABLE_Msk            (1UL /*<< SysTick_CTRL_ENABLE_Pos*/)           /*!< SysT
 492:../../../../..//Drivers/CMSIS/Include/core_cm0plus.h **** 
 493:../../../../..//Drivers/CMSIS/Include/core_cm0plus.h **** /* SysTick Reload Register Definitions */
 494:../../../../..//Drivers/CMSIS/Include/core_cm0plus.h **** #define SysTick_LOAD_RELOAD_Pos             0U                                            /*!< SysT
 495:../../../../..//Drivers/CMSIS/Include/core_cm0plus.h **** #define SysTick_LOAD_RELOAD_Msk            (0xFFFFFFUL /*<< SysTick_LOAD_RELOAD_Pos*/)    /*!< SysT
 496:../../../../..//Drivers/CMSIS/Include/core_cm0plus.h **** 
 497:../../../../..//Drivers/CMSIS/Include/core_cm0plus.h **** /* SysTick Current Register Definitions */
 498:../../../../..//Drivers/CMSIS/Include/core_cm0plus.h **** #define SysTick_VAL_CURRENT_Pos             0U                                            /*!< SysT
 499:../../../../..//Drivers/CMSIS/Include/core_cm0plus.h **** #define SysTick_VAL_CURRENT_Msk            (0xFFFFFFUL /*<< SysTick_VAL_CURRENT_Pos*/)    /*!< SysT
 500:../../../../..//Drivers/CMSIS/Include/core_cm0plus.h **** 
 501:../../../../..//Drivers/CMSIS/Include/core_cm0plus.h **** /* SysTick Calibration Register Definitions */
 502:../../../../..//Drivers/CMSIS/Include/core_cm0plus.h **** #define SysTick_CALIB_NOREF_Pos            31U                                            /*!< SysT
 503:../../../../..//Drivers/CMSIS/Include/core_cm0plus.h **** #define SysTick_CALIB_NOREF_Msk            (1UL << SysTick_CALIB_NOREF_Pos)               /*!< SysT
 504:../../../../..//Drivers/CMSIS/Include/core_cm0plus.h **** 
ARM GAS  /tmp/ccksLSA3.s 			page 19


 505:../../../../..//Drivers/CMSIS/Include/core_cm0plus.h **** #define SysTick_CALIB_SKEW_Pos             30U                                            /*!< SysT
 506:../../../../..//Drivers/CMSIS/Include/core_cm0plus.h **** #define SysTick_CALIB_SKEW_Msk             (1UL << SysTick_CALIB_SKEW_Pos)                /*!< SysT
 507:../../../../..//Drivers/CMSIS/Include/core_cm0plus.h **** 
 508:../../../../..//Drivers/CMSIS/Include/core_cm0plus.h **** #define SysTick_CALIB_TENMS_Pos             0U                                            /*!< SysT
 509:../../../../..//Drivers/CMSIS/Include/core_cm0plus.h **** #define SysTick_CALIB_TENMS_Msk            (0xFFFFFFUL /*<< SysTick_CALIB_TENMS_Pos*/)    /*!< SysT
 510:../../../../..//Drivers/CMSIS/Include/core_cm0plus.h **** 
 511:../../../../..//Drivers/CMSIS/Include/core_cm0plus.h **** /*@} end of group CMSIS_SysTick */
 512:../../../../..//Drivers/CMSIS/Include/core_cm0plus.h **** 
 513:../../../../..//Drivers/CMSIS/Include/core_cm0plus.h **** #if defined (__MPU_PRESENT) && (__MPU_PRESENT == 1U)
 514:../../../../..//Drivers/CMSIS/Include/core_cm0plus.h **** /**
 515:../../../../..//Drivers/CMSIS/Include/core_cm0plus.h ****   \ingroup  CMSIS_core_register
 516:../../../../..//Drivers/CMSIS/Include/core_cm0plus.h ****   \defgroup CMSIS_MPU     Memory Protection Unit (MPU)
 517:../../../../..//Drivers/CMSIS/Include/core_cm0plus.h ****   \brief    Type definitions for the Memory Protection Unit (MPU)
 518:../../../../..//Drivers/CMSIS/Include/core_cm0plus.h ****   @{
 519:../../../../..//Drivers/CMSIS/Include/core_cm0plus.h ****  */
 520:../../../../..//Drivers/CMSIS/Include/core_cm0plus.h **** 
 521:../../../../..//Drivers/CMSIS/Include/core_cm0plus.h **** /**
 522:../../../../..//Drivers/CMSIS/Include/core_cm0plus.h ****   \brief  Structure type to access the Memory Protection Unit (MPU).
 523:../../../../..//Drivers/CMSIS/Include/core_cm0plus.h ****  */
 524:../../../../..//Drivers/CMSIS/Include/core_cm0plus.h **** typedef struct
 525:../../../../..//Drivers/CMSIS/Include/core_cm0plus.h **** {
 526:../../../../..//Drivers/CMSIS/Include/core_cm0plus.h ****   __IM  uint32_t TYPE;                   /*!< Offset: 0x000 (R/ )  MPU Type Register */
 527:../../../../..//Drivers/CMSIS/Include/core_cm0plus.h ****   __IOM uint32_t CTRL;                   /*!< Offset: 0x004 (R/W)  MPU Control Register */
 528:../../../../..//Drivers/CMSIS/Include/core_cm0plus.h ****   __IOM uint32_t RNR;                    /*!< Offset: 0x008 (R/W)  MPU Region RNRber Register */
 529:../../../../..//Drivers/CMSIS/Include/core_cm0plus.h ****   __IOM uint32_t RBAR;                   /*!< Offset: 0x00C (R/W)  MPU Region Base Address Register
 530:../../../../..//Drivers/CMSIS/Include/core_cm0plus.h ****   __IOM uint32_t RASR;                   /*!< Offset: 0x010 (R/W)  MPU Region Attribute and Size Re
 531:../../../../..//Drivers/CMSIS/Include/core_cm0plus.h **** } MPU_Type;
 532:../../../../..//Drivers/CMSIS/Include/core_cm0plus.h **** 
 533:../../../../..//Drivers/CMSIS/Include/core_cm0plus.h **** #define MPU_TYPE_RALIASES                  1U
 534:../../../../..//Drivers/CMSIS/Include/core_cm0plus.h **** 
 535:../../../../..//Drivers/CMSIS/Include/core_cm0plus.h **** /* MPU Type Register Definitions */
 536:../../../../..//Drivers/CMSIS/Include/core_cm0plus.h **** #define MPU_TYPE_IREGION_Pos               16U                                            /*!< MPU 
 537:../../../../..//Drivers/CMSIS/Include/core_cm0plus.h **** #define MPU_TYPE_IREGION_Msk               (0xFFUL << MPU_TYPE_IREGION_Pos)               /*!< MPU 
 538:../../../../..//Drivers/CMSIS/Include/core_cm0plus.h **** 
 539:../../../../..//Drivers/CMSIS/Include/core_cm0plus.h **** #define MPU_TYPE_DREGION_Pos                8U                                            /*!< MPU 
 540:../../../../..//Drivers/CMSIS/Include/core_cm0plus.h **** #define MPU_TYPE_DREGION_Msk               (0xFFUL << MPU_TYPE_DREGION_Pos)               /*!< MPU 
 541:../../../../..//Drivers/CMSIS/Include/core_cm0plus.h **** 
 542:../../../../..//Drivers/CMSIS/Include/core_cm0plus.h **** #define MPU_TYPE_SEPARATE_Pos               0U                                            /*!< MPU 
 543:../../../../..//Drivers/CMSIS/Include/core_cm0plus.h **** #define MPU_TYPE_SEPARATE_Msk              (1UL /*<< MPU_TYPE_SEPARATE_Pos*/)             /*!< MPU 
 544:../../../../..//Drivers/CMSIS/Include/core_cm0plus.h **** 
 545:../../../../..//Drivers/CMSIS/Include/core_cm0plus.h **** /* MPU Control Register Definitions */
 546:../../../../..//Drivers/CMSIS/Include/core_cm0plus.h **** #define MPU_CTRL_PRIVDEFENA_Pos             2U                                            /*!< MPU 
 547:../../../../..//Drivers/CMSIS/Include/core_cm0plus.h **** #define MPU_CTRL_PRIVDEFENA_Msk            (1UL << MPU_CTRL_PRIVDEFENA_Pos)               /*!< MPU 
 548:../../../../..//Drivers/CMSIS/Include/core_cm0plus.h **** 
 549:../../../../..//Drivers/CMSIS/Include/core_cm0plus.h **** #define MPU_CTRL_HFNMIENA_Pos               1U                                            /*!< MPU 
 550:../../../../..//Drivers/CMSIS/Include/core_cm0plus.h **** #define MPU_CTRL_HFNMIENA_Msk              (1UL << MPU_CTRL_HFNMIENA_Pos)                 /*!< MPU 
 551:../../../../..//Drivers/CMSIS/Include/core_cm0plus.h **** 
 552:../../../../..//Drivers/CMSIS/Include/core_cm0plus.h **** #define MPU_CTRL_ENABLE_Pos                 0U                                            /*!< MPU 
 553:../../../../..//Drivers/CMSIS/Include/core_cm0plus.h **** #define MPU_CTRL_ENABLE_Msk                (1UL /*<< MPU_CTRL_ENABLE_Pos*/)               /*!< MPU 
 554:../../../../..//Drivers/CMSIS/Include/core_cm0plus.h **** 
 555:../../../../..//Drivers/CMSIS/Include/core_cm0plus.h **** /* MPU Region Number Register Definitions */
 556:../../../../..//Drivers/CMSIS/Include/core_cm0plus.h **** #define MPU_RNR_REGION_Pos                  0U                                            /*!< MPU 
 557:../../../../..//Drivers/CMSIS/Include/core_cm0plus.h **** #define MPU_RNR_REGION_Msk                 (0xFFUL /*<< MPU_RNR_REGION_Pos*/)             /*!< MPU 
 558:../../../../..//Drivers/CMSIS/Include/core_cm0plus.h **** 
 559:../../../../..//Drivers/CMSIS/Include/core_cm0plus.h **** /* MPU Region Base Address Register Definitions */
 560:../../../../..//Drivers/CMSIS/Include/core_cm0plus.h **** #define MPU_RBAR_ADDR_Pos                   8U                                            /*!< MPU 
 561:../../../../..//Drivers/CMSIS/Include/core_cm0plus.h **** #define MPU_RBAR_ADDR_Msk                  (0xFFFFFFUL << MPU_RBAR_ADDR_Pos)              /*!< MPU 
ARM GAS  /tmp/ccksLSA3.s 			page 20


 562:../../../../..//Drivers/CMSIS/Include/core_cm0plus.h **** 
 563:../../../../..//Drivers/CMSIS/Include/core_cm0plus.h **** #define MPU_RBAR_VALID_Pos                  4U                                            /*!< MPU 
 564:../../../../..//Drivers/CMSIS/Include/core_cm0plus.h **** #define MPU_RBAR_VALID_Msk                 (1UL << MPU_RBAR_VALID_Pos)                    /*!< MPU 
 565:../../../../..//Drivers/CMSIS/Include/core_cm0plus.h **** 
 566:../../../../..//Drivers/CMSIS/Include/core_cm0plus.h **** #define MPU_RBAR_REGION_Pos                 0U                                            /*!< MPU 
 567:../../../../..//Drivers/CMSIS/Include/core_cm0plus.h **** #define MPU_RBAR_REGION_Msk                (0xFUL /*<< MPU_RBAR_REGION_Pos*/)             /*!< MPU 
 568:../../../../..//Drivers/CMSIS/Include/core_cm0plus.h **** 
 569:../../../../..//Drivers/CMSIS/Include/core_cm0plus.h **** /* MPU Region Attribute and Size Register Definitions */
 570:../../../../..//Drivers/CMSIS/Include/core_cm0plus.h **** #define MPU_RASR_ATTRS_Pos                 16U                                            /*!< MPU 
 571:../../../../..//Drivers/CMSIS/Include/core_cm0plus.h **** #define MPU_RASR_ATTRS_Msk                 (0xFFFFUL << MPU_RASR_ATTRS_Pos)               /*!< MPU 
 572:../../../../..//Drivers/CMSIS/Include/core_cm0plus.h **** 
 573:../../../../..//Drivers/CMSIS/Include/core_cm0plus.h **** #define MPU_RASR_XN_Pos                    28U                                            /*!< MPU 
 574:../../../../..//Drivers/CMSIS/Include/core_cm0plus.h **** #define MPU_RASR_XN_Msk                    (1UL << MPU_RASR_XN_Pos)                       /*!< MPU 
 575:../../../../..//Drivers/CMSIS/Include/core_cm0plus.h **** 
 576:../../../../..//Drivers/CMSIS/Include/core_cm0plus.h **** #define MPU_RASR_AP_Pos                    24U                                            /*!< MPU 
 577:../../../../..//Drivers/CMSIS/Include/core_cm0plus.h **** #define MPU_RASR_AP_Msk                    (0x7UL << MPU_RASR_AP_Pos)                     /*!< MPU 
 578:../../../../..//Drivers/CMSIS/Include/core_cm0plus.h **** 
 579:../../../../..//Drivers/CMSIS/Include/core_cm0plus.h **** #define MPU_RASR_TEX_Pos                   19U                                            /*!< MPU 
 580:../../../../..//Drivers/CMSIS/Include/core_cm0plus.h **** #define MPU_RASR_TEX_Msk                   (0x7UL << MPU_RASR_TEX_Pos)                    /*!< MPU 
 581:../../../../..//Drivers/CMSIS/Include/core_cm0plus.h **** 
 582:../../../../..//Drivers/CMSIS/Include/core_cm0plus.h **** #define MPU_RASR_S_Pos                     18U                                            /*!< MPU 
 583:../../../../..//Drivers/CMSIS/Include/core_cm0plus.h **** #define MPU_RASR_S_Msk                     (1UL << MPU_RASR_S_Pos)                        /*!< MPU 
 584:../../../../..//Drivers/CMSIS/Include/core_cm0plus.h **** 
 585:../../../../..//Drivers/CMSIS/Include/core_cm0plus.h **** #define MPU_RASR_C_Pos                     17U                                            /*!< MPU 
 586:../../../../..//Drivers/CMSIS/Include/core_cm0plus.h **** #define MPU_RASR_C_Msk                     (1UL << MPU_RASR_C_Pos)                        /*!< MPU 
 587:../../../../..//Drivers/CMSIS/Include/core_cm0plus.h **** 
 588:../../../../..//Drivers/CMSIS/Include/core_cm0plus.h **** #define MPU_RASR_B_Pos                     16U                                            /*!< MPU 
 589:../../../../..//Drivers/CMSIS/Include/core_cm0plus.h **** #define MPU_RASR_B_Msk                     (1UL << MPU_RASR_B_Pos)                        /*!< MPU 
 590:../../../../..//Drivers/CMSIS/Include/core_cm0plus.h **** 
 591:../../../../..//Drivers/CMSIS/Include/core_cm0plus.h **** #define MPU_RASR_SRD_Pos                    8U                                            /*!< MPU 
 592:../../../../..//Drivers/CMSIS/Include/core_cm0plus.h **** #define MPU_RASR_SRD_Msk                   (0xFFUL << MPU_RASR_SRD_Pos)                   /*!< MPU 
 593:../../../../..//Drivers/CMSIS/Include/core_cm0plus.h **** 
 594:../../../../..//Drivers/CMSIS/Include/core_cm0plus.h **** #define MPU_RASR_SIZE_Pos                   1U                                            /*!< MPU 
 595:../../../../..//Drivers/CMSIS/Include/core_cm0plus.h **** #define MPU_RASR_SIZE_Msk                  (0x1FUL << MPU_RASR_SIZE_Pos)                  /*!< MPU 
 596:../../../../..//Drivers/CMSIS/Include/core_cm0plus.h **** 
 597:../../../../..//Drivers/CMSIS/Include/core_cm0plus.h **** #define MPU_RASR_ENABLE_Pos                 0U                                            /*!< MPU 
 598:../../../../..//Drivers/CMSIS/Include/core_cm0plus.h **** #define MPU_RASR_ENABLE_Msk                (1UL /*<< MPU_RASR_ENABLE_Pos*/)               /*!< MPU 
 599:../../../../..//Drivers/CMSIS/Include/core_cm0plus.h **** 
 600:../../../../..//Drivers/CMSIS/Include/core_cm0plus.h **** /*@} end of group CMSIS_MPU */
 601:../../../../..//Drivers/CMSIS/Include/core_cm0plus.h **** #endif
 602:../../../../..//Drivers/CMSIS/Include/core_cm0plus.h **** 
 603:../../../../..//Drivers/CMSIS/Include/core_cm0plus.h **** 
 604:../../../../..//Drivers/CMSIS/Include/core_cm0plus.h **** /**
 605:../../../../..//Drivers/CMSIS/Include/core_cm0plus.h ****   \ingroup  CMSIS_core_register
 606:../../../../..//Drivers/CMSIS/Include/core_cm0plus.h ****   \defgroup CMSIS_CoreDebug       Core Debug Registers (CoreDebug)
 607:../../../../..//Drivers/CMSIS/Include/core_cm0plus.h ****   \brief    Cortex-M0+ Core Debug Registers (DCB registers, SHCSR, and DFSR) are only accessible ov
 608:../../../../..//Drivers/CMSIS/Include/core_cm0plus.h ****             Therefore they are not covered by the Cortex-M0+ header file.
 609:../../../../..//Drivers/CMSIS/Include/core_cm0plus.h ****   @{
 610:../../../../..//Drivers/CMSIS/Include/core_cm0plus.h ****  */
 611:../../../../..//Drivers/CMSIS/Include/core_cm0plus.h **** /*@} end of group CMSIS_CoreDebug */
 612:../../../../..//Drivers/CMSIS/Include/core_cm0plus.h **** 
 613:../../../../..//Drivers/CMSIS/Include/core_cm0plus.h **** 
 614:../../../../..//Drivers/CMSIS/Include/core_cm0plus.h **** /**
 615:../../../../..//Drivers/CMSIS/Include/core_cm0plus.h ****   \ingroup    CMSIS_core_register
 616:../../../../..//Drivers/CMSIS/Include/core_cm0plus.h ****   \defgroup   CMSIS_core_bitfield     Core register bit field macros
 617:../../../../..//Drivers/CMSIS/Include/core_cm0plus.h ****   \brief      Macros for use with bit field definitions (xxx_Pos, xxx_Msk).
 618:../../../../..//Drivers/CMSIS/Include/core_cm0plus.h ****   @{
ARM GAS  /tmp/ccksLSA3.s 			page 21


 619:../../../../..//Drivers/CMSIS/Include/core_cm0plus.h ****  */
 620:../../../../..//Drivers/CMSIS/Include/core_cm0plus.h **** 
 621:../../../../..//Drivers/CMSIS/Include/core_cm0plus.h **** /**
 622:../../../../..//Drivers/CMSIS/Include/core_cm0plus.h ****   \brief   Mask and shift a bit field value for use in a register bit range.
 623:../../../../..//Drivers/CMSIS/Include/core_cm0plus.h ****   \param[in] field  Name of the register bit field.
 624:../../../../..//Drivers/CMSIS/Include/core_cm0plus.h ****   \param[in] value  Value of the bit field. This parameter is interpreted as an uint32_t type.
 625:../../../../..//Drivers/CMSIS/Include/core_cm0plus.h ****   \return           Masked and shifted value.
 626:../../../../..//Drivers/CMSIS/Include/core_cm0plus.h **** */
 627:../../../../..//Drivers/CMSIS/Include/core_cm0plus.h **** #define _VAL2FLD(field, value)    (((uint32_t)(value) << field ## _Pos) & field ## _Msk)
 628:../../../../..//Drivers/CMSIS/Include/core_cm0plus.h **** 
 629:../../../../..//Drivers/CMSIS/Include/core_cm0plus.h **** /**
 630:../../../../..//Drivers/CMSIS/Include/core_cm0plus.h ****   \brief     Mask and shift a register value to extract a bit filed value.
 631:../../../../..//Drivers/CMSIS/Include/core_cm0plus.h ****   \param[in] field  Name of the register bit field.
 632:../../../../..//Drivers/CMSIS/Include/core_cm0plus.h ****   \param[in] value  Value of register. This parameter is interpreted as an uint32_t type.
 633:../../../../..//Drivers/CMSIS/Include/core_cm0plus.h ****   \return           Masked and shifted bit field value.
 634:../../../../..//Drivers/CMSIS/Include/core_cm0plus.h **** */
 635:../../../../..//Drivers/CMSIS/Include/core_cm0plus.h **** #define _FLD2VAL(field, value)    (((uint32_t)(value) & field ## _Msk) >> field ## _Pos)
 636:../../../../..//Drivers/CMSIS/Include/core_cm0plus.h **** 
 637:../../../../..//Drivers/CMSIS/Include/core_cm0plus.h **** /*@} end of group CMSIS_core_bitfield */
 638:../../../../..//Drivers/CMSIS/Include/core_cm0plus.h **** 
 639:../../../../..//Drivers/CMSIS/Include/core_cm0plus.h **** 
 640:../../../../..//Drivers/CMSIS/Include/core_cm0plus.h **** /**
 641:../../../../..//Drivers/CMSIS/Include/core_cm0plus.h ****   \ingroup    CMSIS_core_register
 642:../../../../..//Drivers/CMSIS/Include/core_cm0plus.h ****   \defgroup   CMSIS_core_base     Core Definitions
 643:../../../../..//Drivers/CMSIS/Include/core_cm0plus.h ****   \brief      Definitions for base addresses, unions, and structures.
 644:../../../../..//Drivers/CMSIS/Include/core_cm0plus.h ****   @{
 645:../../../../..//Drivers/CMSIS/Include/core_cm0plus.h ****  */
 646:../../../../..//Drivers/CMSIS/Include/core_cm0plus.h **** 
 647:../../../../..//Drivers/CMSIS/Include/core_cm0plus.h **** /* Memory mapping of Core Hardware */
 648:../../../../..//Drivers/CMSIS/Include/core_cm0plus.h **** #define SCS_BASE            (0xE000E000UL)                            /*!< System Control Space Bas
 649:../../../../..//Drivers/CMSIS/Include/core_cm0plus.h **** #define SysTick_BASE        (SCS_BASE +  0x0010UL)                    /*!< SysTick Base Address */
 650:../../../../..//Drivers/CMSIS/Include/core_cm0plus.h **** #define NVIC_BASE           (SCS_BASE +  0x0100UL)                    /*!< NVIC Base Address */
 651:../../../../..//Drivers/CMSIS/Include/core_cm0plus.h **** #define SCB_BASE            (SCS_BASE +  0x0D00UL)                    /*!< System Control Block Bas
 652:../../../../..//Drivers/CMSIS/Include/core_cm0plus.h **** 
 653:../../../../..//Drivers/CMSIS/Include/core_cm0plus.h **** #define SCB                 ((SCB_Type       *)     SCB_BASE      )   /*!< SCB configuration struct
 654:../../../../..//Drivers/CMSIS/Include/core_cm0plus.h **** #define SysTick             ((SysTick_Type   *)     SysTick_BASE  )   /*!< SysTick configuration st
 655:../../../../..//Drivers/CMSIS/Include/core_cm0plus.h **** #define NVIC                ((NVIC_Type      *)     NVIC_BASE     )   /*!< NVIC configuration struc
 656:../../../../..//Drivers/CMSIS/Include/core_cm0plus.h **** 
 657:../../../../..//Drivers/CMSIS/Include/core_cm0plus.h **** #if defined (__MPU_PRESENT) && (__MPU_PRESENT == 1U)
 658:../../../../..//Drivers/CMSIS/Include/core_cm0plus.h ****   #define MPU_BASE          (SCS_BASE +  0x0D90UL)                    /*!< Memory Protection Unit *
 659:../../../../..//Drivers/CMSIS/Include/core_cm0plus.h ****   #define MPU               ((MPU_Type       *)     MPU_BASE      )   /*!< Memory Protection Unit *
 660:../../../../..//Drivers/CMSIS/Include/core_cm0plus.h **** #endif
 661:../../../../..//Drivers/CMSIS/Include/core_cm0plus.h **** 
 662:../../../../..//Drivers/CMSIS/Include/core_cm0plus.h **** /*@} */
 663:../../../../..//Drivers/CMSIS/Include/core_cm0plus.h **** 
 664:../../../../..//Drivers/CMSIS/Include/core_cm0plus.h **** 
 665:../../../../..//Drivers/CMSIS/Include/core_cm0plus.h **** 
 666:../../../../..//Drivers/CMSIS/Include/core_cm0plus.h **** /*******************************************************************************
 667:../../../../..//Drivers/CMSIS/Include/core_cm0plus.h ****  *                Hardware Abstraction Layer
 668:../../../../..//Drivers/CMSIS/Include/core_cm0plus.h ****   Core Function Interface contains:
 669:../../../../..//Drivers/CMSIS/Include/core_cm0plus.h ****   - Core NVIC Functions
 670:../../../../..//Drivers/CMSIS/Include/core_cm0plus.h ****   - Core SysTick Functions
 671:../../../../..//Drivers/CMSIS/Include/core_cm0plus.h ****   - Core Register Access Functions
 672:../../../../..//Drivers/CMSIS/Include/core_cm0plus.h ****  ******************************************************************************/
 673:../../../../..//Drivers/CMSIS/Include/core_cm0plus.h **** /**
 674:../../../../..//Drivers/CMSIS/Include/core_cm0plus.h ****   \defgroup CMSIS_Core_FunctionInterface Functions and Instructions Reference
 675:../../../../..//Drivers/CMSIS/Include/core_cm0plus.h **** */
ARM GAS  /tmp/ccksLSA3.s 			page 22


 676:../../../../..//Drivers/CMSIS/Include/core_cm0plus.h **** 
 677:../../../../..//Drivers/CMSIS/Include/core_cm0plus.h **** 
 678:../../../../..//Drivers/CMSIS/Include/core_cm0plus.h **** 
 679:../../../../..//Drivers/CMSIS/Include/core_cm0plus.h **** /* ##########################   NVIC functions  #################################### */
 680:../../../../..//Drivers/CMSIS/Include/core_cm0plus.h **** /**
 681:../../../../..//Drivers/CMSIS/Include/core_cm0plus.h ****   \ingroup  CMSIS_Core_FunctionInterface
 682:../../../../..//Drivers/CMSIS/Include/core_cm0plus.h ****   \defgroup CMSIS_Core_NVICFunctions NVIC Functions
 683:../../../../..//Drivers/CMSIS/Include/core_cm0plus.h ****   \brief    Functions that manage interrupts and exceptions via the NVIC.
 684:../../../../..//Drivers/CMSIS/Include/core_cm0plus.h ****   @{
 685:../../../../..//Drivers/CMSIS/Include/core_cm0plus.h ****  */
 686:../../../../..//Drivers/CMSIS/Include/core_cm0plus.h **** 
 687:../../../../..//Drivers/CMSIS/Include/core_cm0plus.h **** #ifdef CMSIS_NVIC_VIRTUAL
 688:../../../../..//Drivers/CMSIS/Include/core_cm0plus.h ****   #ifndef CMSIS_NVIC_VIRTUAL_HEADER_FILE
 689:../../../../..//Drivers/CMSIS/Include/core_cm0plus.h ****     #define CMSIS_NVIC_VIRTUAL_HEADER_FILE "cmsis_nvic_virtual.h"
 690:../../../../..//Drivers/CMSIS/Include/core_cm0plus.h ****   #endif
 691:../../../../..//Drivers/CMSIS/Include/core_cm0plus.h ****   #include CMSIS_NVIC_VIRTUAL_HEADER_FILE
 692:../../../../..//Drivers/CMSIS/Include/core_cm0plus.h **** #else
 693:../../../../..//Drivers/CMSIS/Include/core_cm0plus.h ****   #define NVIC_SetPriorityGrouping    __NVIC_SetPriorityGrouping
 694:../../../../..//Drivers/CMSIS/Include/core_cm0plus.h ****   #define NVIC_GetPriorityGrouping    __NVIC_GetPriorityGrouping
 695:../../../../..//Drivers/CMSIS/Include/core_cm0plus.h ****   #define NVIC_EnableIRQ              __NVIC_EnableIRQ
 696:../../../../..//Drivers/CMSIS/Include/core_cm0plus.h ****   #define NVIC_GetEnableIRQ           __NVIC_GetEnableIRQ
 697:../../../../..//Drivers/CMSIS/Include/core_cm0plus.h ****   #define NVIC_DisableIRQ             __NVIC_DisableIRQ
 698:../../../../..//Drivers/CMSIS/Include/core_cm0plus.h ****   #define NVIC_GetPendingIRQ          __NVIC_GetPendingIRQ
 699:../../../../..//Drivers/CMSIS/Include/core_cm0plus.h ****   #define NVIC_SetPendingIRQ          __NVIC_SetPendingIRQ
 700:../../../../..//Drivers/CMSIS/Include/core_cm0plus.h ****   #define NVIC_ClearPendingIRQ        __NVIC_ClearPendingIRQ
 701:../../../../..//Drivers/CMSIS/Include/core_cm0plus.h **** /*#define NVIC_GetActive              __NVIC_GetActive             not available for Cortex-M0+ */
 702:../../../../..//Drivers/CMSIS/Include/core_cm0plus.h ****   #define NVIC_SetPriority            __NVIC_SetPriority
 703:../../../../..//Drivers/CMSIS/Include/core_cm0plus.h ****   #define NVIC_GetPriority            __NVIC_GetPriority
 704:../../../../..//Drivers/CMSIS/Include/core_cm0plus.h ****   #define NVIC_SystemReset            __NVIC_SystemReset
 705:../../../../..//Drivers/CMSIS/Include/core_cm0plus.h **** #endif /* CMSIS_NVIC_VIRTUAL */
 706:../../../../..//Drivers/CMSIS/Include/core_cm0plus.h **** 
 707:../../../../..//Drivers/CMSIS/Include/core_cm0plus.h **** #ifdef CMSIS_VECTAB_VIRTUAL
 708:../../../../..//Drivers/CMSIS/Include/core_cm0plus.h ****   #ifndef CMSIS_VECTAB_VIRTUAL_HEADER_FILE
 709:../../../../..//Drivers/CMSIS/Include/core_cm0plus.h ****     #define CMSIS_VECTAB_VIRTUAL_HEADER_FILE "cmsis_vectab_virtual.h"
 710:../../../../..//Drivers/CMSIS/Include/core_cm0plus.h ****   #endif
 711:../../../../..//Drivers/CMSIS/Include/core_cm0plus.h ****   #include CMSIS_VECTAB_VIRTUAL_HEADER_FILE
 712:../../../../..//Drivers/CMSIS/Include/core_cm0plus.h **** #else
 713:../../../../..//Drivers/CMSIS/Include/core_cm0plus.h ****   #define NVIC_SetVector              __NVIC_SetVector
 714:../../../../..//Drivers/CMSIS/Include/core_cm0plus.h ****   #define NVIC_GetVector              __NVIC_GetVector
 715:../../../../..//Drivers/CMSIS/Include/core_cm0plus.h **** #endif  /* (CMSIS_VECTAB_VIRTUAL) */
 716:../../../../..//Drivers/CMSIS/Include/core_cm0plus.h **** 
 717:../../../../..//Drivers/CMSIS/Include/core_cm0plus.h **** #define NVIC_USER_IRQ_OFFSET          16
 718:../../../../..//Drivers/CMSIS/Include/core_cm0plus.h **** 
 719:../../../../..//Drivers/CMSIS/Include/core_cm0plus.h **** 
 720:../../../../..//Drivers/CMSIS/Include/core_cm0plus.h **** /* The following EXC_RETURN values are saved the LR on exception entry */
 721:../../../../..//Drivers/CMSIS/Include/core_cm0plus.h **** #define EXC_RETURN_HANDLER         (0xFFFFFFF1UL)     /* return to Handler mode, uses MSP after ret
 722:../../../../..//Drivers/CMSIS/Include/core_cm0plus.h **** #define EXC_RETURN_THREAD_MSP      (0xFFFFFFF9UL)     /* return to Thread mode, uses MSP after retu
 723:../../../../..//Drivers/CMSIS/Include/core_cm0plus.h **** #define EXC_RETURN_THREAD_PSP      (0xFFFFFFFDUL)     /* return to Thread mode, uses PSP after retu
 724:../../../../..//Drivers/CMSIS/Include/core_cm0plus.h **** 
 725:../../../../..//Drivers/CMSIS/Include/core_cm0plus.h **** 
 726:../../../../..//Drivers/CMSIS/Include/core_cm0plus.h **** /* Interrupt Priorities are WORD accessible only under Armv6-M                  */
 727:../../../../..//Drivers/CMSIS/Include/core_cm0plus.h **** /* The following MACROS handle generation of the register offset and byte masks */
 728:../../../../..//Drivers/CMSIS/Include/core_cm0plus.h **** #define _BIT_SHIFT(IRQn)         (  ((((uint32_t)(int32_t)(IRQn))         )      &  0x03UL) * 8UL)
 729:../../../../..//Drivers/CMSIS/Include/core_cm0plus.h **** #define _SHP_IDX(IRQn)           ( (((((uint32_t)(int32_t)(IRQn)) & 0x0FUL)-8UL) >>    2UL)      )
 730:../../../../..//Drivers/CMSIS/Include/core_cm0plus.h **** #define _IP_IDX(IRQn)            (   (((uint32_t)(int32_t)(IRQn))                >>    2UL)      )
 731:../../../../..//Drivers/CMSIS/Include/core_cm0plus.h **** 
 732:../../../../..//Drivers/CMSIS/Include/core_cm0plus.h **** #define __NVIC_SetPriorityGrouping(X) (void)(X)
ARM GAS  /tmp/ccksLSA3.s 			page 23


 733:../../../../..//Drivers/CMSIS/Include/core_cm0plus.h **** #define __NVIC_GetPriorityGrouping()  (0U)
 734:../../../../..//Drivers/CMSIS/Include/core_cm0plus.h **** 
 735:../../../../..//Drivers/CMSIS/Include/core_cm0plus.h **** /**
 736:../../../../..//Drivers/CMSIS/Include/core_cm0plus.h ****   \brief   Enable Interrupt
 737:../../../../..//Drivers/CMSIS/Include/core_cm0plus.h ****   \details Enables a device specific interrupt in the NVIC interrupt controller.
 738:../../../../..//Drivers/CMSIS/Include/core_cm0plus.h ****   \param [in]      IRQn  Device specific interrupt number.
 739:../../../../..//Drivers/CMSIS/Include/core_cm0plus.h ****   \note    IRQn must not be negative.
 740:../../../../..//Drivers/CMSIS/Include/core_cm0plus.h ****  */
 741:../../../../..//Drivers/CMSIS/Include/core_cm0plus.h **** __STATIC_INLINE void __NVIC_EnableIRQ(IRQn_Type IRQn)
 742:../../../../..//Drivers/CMSIS/Include/core_cm0plus.h **** {
 743:../../../../..//Drivers/CMSIS/Include/core_cm0plus.h ****   if ((int32_t)(IRQn) >= 0)
 744:../../../../..//Drivers/CMSIS/Include/core_cm0plus.h ****   {
 745:../../../../..//Drivers/CMSIS/Include/core_cm0plus.h ****     __COMPILER_BARRIER();
 746:../../../../..//Drivers/CMSIS/Include/core_cm0plus.h ****     NVIC->ISER[0U] = (uint32_t)(1UL << (((uint32_t)IRQn) & 0x1FUL));
 747:../../../../..//Drivers/CMSIS/Include/core_cm0plus.h ****     __COMPILER_BARRIER();
 748:../../../../..//Drivers/CMSIS/Include/core_cm0plus.h ****   }
 749:../../../../..//Drivers/CMSIS/Include/core_cm0plus.h **** }
 750:../../../../..//Drivers/CMSIS/Include/core_cm0plus.h **** 
 751:../../../../..//Drivers/CMSIS/Include/core_cm0plus.h **** 
 752:../../../../..//Drivers/CMSIS/Include/core_cm0plus.h **** /**
 753:../../../../..//Drivers/CMSIS/Include/core_cm0plus.h ****   \brief   Get Interrupt Enable status
 754:../../../../..//Drivers/CMSIS/Include/core_cm0plus.h ****   \details Returns a device specific interrupt enable status from the NVIC interrupt controller.
 755:../../../../..//Drivers/CMSIS/Include/core_cm0plus.h ****   \param [in]      IRQn  Device specific interrupt number.
 756:../../../../..//Drivers/CMSIS/Include/core_cm0plus.h ****   \return             0  Interrupt is not enabled.
 757:../../../../..//Drivers/CMSIS/Include/core_cm0plus.h ****   \return             1  Interrupt is enabled.
 758:../../../../..//Drivers/CMSIS/Include/core_cm0plus.h ****   \note    IRQn must not be negative.
 759:../../../../..//Drivers/CMSIS/Include/core_cm0plus.h ****  */
 760:../../../../..//Drivers/CMSIS/Include/core_cm0plus.h **** __STATIC_INLINE uint32_t __NVIC_GetEnableIRQ(IRQn_Type IRQn)
 761:../../../../..//Drivers/CMSIS/Include/core_cm0plus.h **** {
 762:../../../../..//Drivers/CMSIS/Include/core_cm0plus.h ****   if ((int32_t)(IRQn) >= 0)
 763:../../../../..//Drivers/CMSIS/Include/core_cm0plus.h ****   {
 764:../../../../..//Drivers/CMSIS/Include/core_cm0plus.h ****     return((uint32_t)(((NVIC->ISER[0U] & (1UL << (((uint32_t)IRQn) & 0x1FUL))) != 0UL) ? 1UL : 0UL)
 765:../../../../..//Drivers/CMSIS/Include/core_cm0plus.h ****   }
 766:../../../../..//Drivers/CMSIS/Include/core_cm0plus.h ****   else
 767:../../../../..//Drivers/CMSIS/Include/core_cm0plus.h ****   {
 768:../../../../..//Drivers/CMSIS/Include/core_cm0plus.h ****     return(0U);
 769:../../../../..//Drivers/CMSIS/Include/core_cm0plus.h ****   }
 770:../../../../..//Drivers/CMSIS/Include/core_cm0plus.h **** }
 771:../../../../..//Drivers/CMSIS/Include/core_cm0plus.h **** 
 772:../../../../..//Drivers/CMSIS/Include/core_cm0plus.h **** 
 773:../../../../..//Drivers/CMSIS/Include/core_cm0plus.h **** /**
 774:../../../../..//Drivers/CMSIS/Include/core_cm0plus.h ****   \brief   Disable Interrupt
 775:../../../../..//Drivers/CMSIS/Include/core_cm0plus.h ****   \details Disables a device specific interrupt in the NVIC interrupt controller.
 776:../../../../..//Drivers/CMSIS/Include/core_cm0plus.h ****   \param [in]      IRQn  Device specific interrupt number.
 777:../../../../..//Drivers/CMSIS/Include/core_cm0plus.h ****   \note    IRQn must not be negative.
 778:../../../../..//Drivers/CMSIS/Include/core_cm0plus.h ****  */
 779:../../../../..//Drivers/CMSIS/Include/core_cm0plus.h **** __STATIC_INLINE void __NVIC_DisableIRQ(IRQn_Type IRQn)
 780:../../../../..//Drivers/CMSIS/Include/core_cm0plus.h **** {
 781:../../../../..//Drivers/CMSIS/Include/core_cm0plus.h ****   if ((int32_t)(IRQn) >= 0)
 782:../../../../..//Drivers/CMSIS/Include/core_cm0plus.h ****   {
 783:../../../../..//Drivers/CMSIS/Include/core_cm0plus.h ****     NVIC->ICER[0U] = (uint32_t)(1UL << (((uint32_t)IRQn) & 0x1FUL));
 784:../../../../..//Drivers/CMSIS/Include/core_cm0plus.h ****     __DSB();
 785:../../../../..//Drivers/CMSIS/Include/core_cm0plus.h ****     __ISB();
 786:../../../../..//Drivers/CMSIS/Include/core_cm0plus.h ****   }
 787:../../../../..//Drivers/CMSIS/Include/core_cm0plus.h **** }
 788:../../../../..//Drivers/CMSIS/Include/core_cm0plus.h **** 
 789:../../../../..//Drivers/CMSIS/Include/core_cm0plus.h **** 
ARM GAS  /tmp/ccksLSA3.s 			page 24


 790:../../../../..//Drivers/CMSIS/Include/core_cm0plus.h **** /**
 791:../../../../..//Drivers/CMSIS/Include/core_cm0plus.h ****   \brief   Get Pending Interrupt
 792:../../../../..//Drivers/CMSIS/Include/core_cm0plus.h ****   \details Reads the NVIC pending register and returns the pending bit for the specified device spe
 793:../../../../..//Drivers/CMSIS/Include/core_cm0plus.h ****   \param [in]      IRQn  Device specific interrupt number.
 794:../../../../..//Drivers/CMSIS/Include/core_cm0plus.h ****   \return             0  Interrupt status is not pending.
 795:../../../../..//Drivers/CMSIS/Include/core_cm0plus.h ****   \return             1  Interrupt status is pending.
 796:../../../../..//Drivers/CMSIS/Include/core_cm0plus.h ****   \note    IRQn must not be negative.
 797:../../../../..//Drivers/CMSIS/Include/core_cm0plus.h ****  */
 798:../../../../..//Drivers/CMSIS/Include/core_cm0plus.h **** __STATIC_INLINE uint32_t __NVIC_GetPendingIRQ(IRQn_Type IRQn)
 799:../../../../..//Drivers/CMSIS/Include/core_cm0plus.h **** {
 800:../../../../..//Drivers/CMSIS/Include/core_cm0plus.h ****   if ((int32_t)(IRQn) >= 0)
 801:../../../../..//Drivers/CMSIS/Include/core_cm0plus.h ****   {
 802:../../../../..//Drivers/CMSIS/Include/core_cm0plus.h ****     return((uint32_t)(((NVIC->ISPR[0U] & (1UL << (((uint32_t)IRQn) & 0x1FUL))) != 0UL) ? 1UL : 0UL)
 803:../../../../..//Drivers/CMSIS/Include/core_cm0plus.h ****   }
 804:../../../../..//Drivers/CMSIS/Include/core_cm0plus.h ****   else
 805:../../../../..//Drivers/CMSIS/Include/core_cm0plus.h ****   {
 806:../../../../..//Drivers/CMSIS/Include/core_cm0plus.h ****     return(0U);
 807:../../../../..//Drivers/CMSIS/Include/core_cm0plus.h ****   }
 808:../../../../..//Drivers/CMSIS/Include/core_cm0plus.h **** }
 809:../../../../..//Drivers/CMSIS/Include/core_cm0plus.h **** 
 810:../../../../..//Drivers/CMSIS/Include/core_cm0plus.h **** 
 811:../../../../..//Drivers/CMSIS/Include/core_cm0plus.h **** /**
 812:../../../../..//Drivers/CMSIS/Include/core_cm0plus.h ****   \brief   Set Pending Interrupt
 813:../../../../..//Drivers/CMSIS/Include/core_cm0plus.h ****   \details Sets the pending bit of a device specific interrupt in the NVIC pending register.
 814:../../../../..//Drivers/CMSIS/Include/core_cm0plus.h ****   \param [in]      IRQn  Device specific interrupt number.
 815:../../../../..//Drivers/CMSIS/Include/core_cm0plus.h ****   \note    IRQn must not be negative.
 816:../../../../..//Drivers/CMSIS/Include/core_cm0plus.h ****  */
 817:../../../../..//Drivers/CMSIS/Include/core_cm0plus.h **** __STATIC_INLINE void __NVIC_SetPendingIRQ(IRQn_Type IRQn)
 818:../../../../..//Drivers/CMSIS/Include/core_cm0plus.h **** {
 819:../../../../..//Drivers/CMSIS/Include/core_cm0plus.h ****   if ((int32_t)(IRQn) >= 0)
 820:../../../../..//Drivers/CMSIS/Include/core_cm0plus.h ****   {
 821:../../../../..//Drivers/CMSIS/Include/core_cm0plus.h ****     NVIC->ISPR[0U] = (uint32_t)(1UL << (((uint32_t)IRQn) & 0x1FUL));
 822:../../../../..//Drivers/CMSIS/Include/core_cm0plus.h ****   }
 823:../../../../..//Drivers/CMSIS/Include/core_cm0plus.h **** }
 824:../../../../..//Drivers/CMSIS/Include/core_cm0plus.h **** 
 825:../../../../..//Drivers/CMSIS/Include/core_cm0plus.h **** 
 826:../../../../..//Drivers/CMSIS/Include/core_cm0plus.h **** /**
 827:../../../../..//Drivers/CMSIS/Include/core_cm0plus.h ****   \brief   Clear Pending Interrupt
 828:../../../../..//Drivers/CMSIS/Include/core_cm0plus.h ****   \details Clears the pending bit of a device specific interrupt in the NVIC pending register.
 829:../../../../..//Drivers/CMSIS/Include/core_cm0plus.h ****   \param [in]      IRQn  Device specific interrupt number.
 830:../../../../..//Drivers/CMSIS/Include/core_cm0plus.h ****   \note    IRQn must not be negative.
 831:../../../../..//Drivers/CMSIS/Include/core_cm0plus.h ****  */
 832:../../../../..//Drivers/CMSIS/Include/core_cm0plus.h **** __STATIC_INLINE void __NVIC_ClearPendingIRQ(IRQn_Type IRQn)
 833:../../../../..//Drivers/CMSIS/Include/core_cm0plus.h **** {
 834:../../../../..//Drivers/CMSIS/Include/core_cm0plus.h ****   if ((int32_t)(IRQn) >= 0)
 835:../../../../..//Drivers/CMSIS/Include/core_cm0plus.h ****   {
 836:../../../../..//Drivers/CMSIS/Include/core_cm0plus.h ****     NVIC->ICPR[0U] = (uint32_t)(1UL << (((uint32_t)IRQn) & 0x1FUL));
 837:../../../../..//Drivers/CMSIS/Include/core_cm0plus.h ****   }
 838:../../../../..//Drivers/CMSIS/Include/core_cm0plus.h **** }
 839:../../../../..//Drivers/CMSIS/Include/core_cm0plus.h **** 
 840:../../../../..//Drivers/CMSIS/Include/core_cm0plus.h **** 
 841:../../../../..//Drivers/CMSIS/Include/core_cm0plus.h **** /**
 842:../../../../..//Drivers/CMSIS/Include/core_cm0plus.h ****   \brief   Set Interrupt Priority
 843:../../../../..//Drivers/CMSIS/Include/core_cm0plus.h ****   \details Sets the priority of a device specific interrupt or a processor exception.
 844:../../../../..//Drivers/CMSIS/Include/core_cm0plus.h ****            The interrupt number can be positive to specify a device specific interrupt,
 845:../../../../..//Drivers/CMSIS/Include/core_cm0plus.h ****            or negative to specify a processor exception.
 846:../../../../..//Drivers/CMSIS/Include/core_cm0plus.h ****   \param [in]      IRQn  Interrupt number.
ARM GAS  /tmp/ccksLSA3.s 			page 25


 847:../../../../..//Drivers/CMSIS/Include/core_cm0plus.h ****   \param [in]  priority  Priority to set.
 848:../../../../..//Drivers/CMSIS/Include/core_cm0plus.h ****   \note    The priority cannot be set for every processor exception.
 849:../../../../..//Drivers/CMSIS/Include/core_cm0plus.h ****  */
 850:../../../../..//Drivers/CMSIS/Include/core_cm0plus.h **** __STATIC_INLINE void __NVIC_SetPriority(IRQn_Type IRQn, uint32_t priority)
 851:../../../../..//Drivers/CMSIS/Include/core_cm0plus.h **** {
 852:../../../../..//Drivers/CMSIS/Include/core_cm0plus.h ****   if ((int32_t)(IRQn) >= 0)
 853:../../../../..//Drivers/CMSIS/Include/core_cm0plus.h ****   {
 854:../../../../..//Drivers/CMSIS/Include/core_cm0plus.h ****     NVIC->IP[_IP_IDX(IRQn)]  = ((uint32_t)(NVIC->IP[_IP_IDX(IRQn)]  & ~(0xFFUL << _BIT_SHIFT(IRQn))
 855:../../../../..//Drivers/CMSIS/Include/core_cm0plus.h ****        (((priority << (8U - __NVIC_PRIO_BITS)) & (uint32_t)0xFFUL) << _BIT_SHIFT(IRQn)));
 856:../../../../..//Drivers/CMSIS/Include/core_cm0plus.h ****   }
 857:../../../../..//Drivers/CMSIS/Include/core_cm0plus.h ****   else
 858:../../../../..//Drivers/CMSIS/Include/core_cm0plus.h ****   {
 859:../../../../..//Drivers/CMSIS/Include/core_cm0plus.h ****     SCB->SHP[_SHP_IDX(IRQn)] = ((uint32_t)(SCB->SHP[_SHP_IDX(IRQn)] & ~(0xFFUL << _BIT_SHIFT(IRQn))
 860:../../../../..//Drivers/CMSIS/Include/core_cm0plus.h ****        (((priority << (8U - __NVIC_PRIO_BITS)) & (uint32_t)0xFFUL) << _BIT_SHIFT(IRQn)));
 861:../../../../..//Drivers/CMSIS/Include/core_cm0plus.h ****   }
 862:../../../../..//Drivers/CMSIS/Include/core_cm0plus.h **** }
 863:../../../../..//Drivers/CMSIS/Include/core_cm0plus.h **** 
 864:../../../../..//Drivers/CMSIS/Include/core_cm0plus.h **** 
 865:../../../../..//Drivers/CMSIS/Include/core_cm0plus.h **** /**
 866:../../../../..//Drivers/CMSIS/Include/core_cm0plus.h ****   \brief   Get Interrupt Priority
 867:../../../../..//Drivers/CMSIS/Include/core_cm0plus.h ****   \details Reads the priority of a device specific interrupt or a processor exception.
 868:../../../../..//Drivers/CMSIS/Include/core_cm0plus.h ****            The interrupt number can be positive to specify a device specific interrupt,
 869:../../../../..//Drivers/CMSIS/Include/core_cm0plus.h ****            or negative to specify a processor exception.
 870:../../../../..//Drivers/CMSIS/Include/core_cm0plus.h ****   \param [in]   IRQn  Interrupt number.
 871:../../../../..//Drivers/CMSIS/Include/core_cm0plus.h ****   \return             Interrupt Priority.
 872:../../../../..//Drivers/CMSIS/Include/core_cm0plus.h ****                       Value is aligned automatically to the implemented priority bits of the microc
 873:../../../../..//Drivers/CMSIS/Include/core_cm0plus.h ****  */
 874:../../../../..//Drivers/CMSIS/Include/core_cm0plus.h **** __STATIC_INLINE uint32_t __NVIC_GetPriority(IRQn_Type IRQn)
 875:../../../../..//Drivers/CMSIS/Include/core_cm0plus.h **** {
 876:../../../../..//Drivers/CMSIS/Include/core_cm0plus.h **** 
 877:../../../../..//Drivers/CMSIS/Include/core_cm0plus.h ****   if ((int32_t)(IRQn) >= 0)
 878:../../../../..//Drivers/CMSIS/Include/core_cm0plus.h ****   {
 879:../../../../..//Drivers/CMSIS/Include/core_cm0plus.h ****     return((uint32_t)(((NVIC->IP[ _IP_IDX(IRQn)] >> _BIT_SHIFT(IRQn) ) & (uint32_t)0xFFUL) >> (8U -
 880:../../../../..//Drivers/CMSIS/Include/core_cm0plus.h ****   }
 881:../../../../..//Drivers/CMSIS/Include/core_cm0plus.h ****   else
 882:../../../../..//Drivers/CMSIS/Include/core_cm0plus.h ****   {
 883:../../../../..//Drivers/CMSIS/Include/core_cm0plus.h ****     return((uint32_t)(((SCB->SHP[_SHP_IDX(IRQn)] >> _BIT_SHIFT(IRQn) ) & (uint32_t)0xFFUL) >> (8U -
 884:../../../../..//Drivers/CMSIS/Include/core_cm0plus.h ****   }
 885:../../../../..//Drivers/CMSIS/Include/core_cm0plus.h **** }
 886:../../../../..//Drivers/CMSIS/Include/core_cm0plus.h **** 
 887:../../../../..//Drivers/CMSIS/Include/core_cm0plus.h **** 
 888:../../../../..//Drivers/CMSIS/Include/core_cm0plus.h **** /**
 889:../../../../..//Drivers/CMSIS/Include/core_cm0plus.h ****   \brief   Encode Priority
 890:../../../../..//Drivers/CMSIS/Include/core_cm0plus.h ****   \details Encodes the priority for an interrupt with the given priority group,
 891:../../../../..//Drivers/CMSIS/Include/core_cm0plus.h ****            preemptive priority value, and subpriority value.
 892:../../../../..//Drivers/CMSIS/Include/core_cm0plus.h ****            In case of a conflict between priority grouping and available
 893:../../../../..//Drivers/CMSIS/Include/core_cm0plus.h ****            priority bits (__NVIC_PRIO_BITS), the smallest possible priority group is set.
 894:../../../../..//Drivers/CMSIS/Include/core_cm0plus.h ****   \param [in]     PriorityGroup  Used priority group.
 895:../../../../..//Drivers/CMSIS/Include/core_cm0plus.h ****   \param [in]   PreemptPriority  Preemptive priority value (starting from 0).
 896:../../../../..//Drivers/CMSIS/Include/core_cm0plus.h ****   \param [in]       SubPriority  Subpriority value (starting from 0).
 897:../../../../..//Drivers/CMSIS/Include/core_cm0plus.h ****   \return                        Encoded priority. Value can be used in the function \ref NVIC_SetP
 898:../../../../..//Drivers/CMSIS/Include/core_cm0plus.h ****  */
 899:../../../../..//Drivers/CMSIS/Include/core_cm0plus.h **** __STATIC_INLINE uint32_t NVIC_EncodePriority (uint32_t PriorityGroup, uint32_t PreemptPriority, uin
 900:../../../../..//Drivers/CMSIS/Include/core_cm0plus.h **** {
 901:../../../../..//Drivers/CMSIS/Include/core_cm0plus.h ****   uint32_t PriorityGroupTmp = (PriorityGroup & (uint32_t)0x07UL);   /* only values 0..7 are used   
 902:../../../../..//Drivers/CMSIS/Include/core_cm0plus.h ****   uint32_t PreemptPriorityBits;
 903:../../../../..//Drivers/CMSIS/Include/core_cm0plus.h ****   uint32_t SubPriorityBits;
ARM GAS  /tmp/ccksLSA3.s 			page 26


 904:../../../../..//Drivers/CMSIS/Include/core_cm0plus.h **** 
 905:../../../../..//Drivers/CMSIS/Include/core_cm0plus.h ****   PreemptPriorityBits = ((7UL - PriorityGroupTmp) > (uint32_t)(__NVIC_PRIO_BITS)) ? (uint32_t)(__NV
 906:../../../../..//Drivers/CMSIS/Include/core_cm0plus.h ****   SubPriorityBits     = ((PriorityGroupTmp + (uint32_t)(__NVIC_PRIO_BITS)) < (uint32_t)7UL) ? (uint
 907:../../../../..//Drivers/CMSIS/Include/core_cm0plus.h **** 
 908:../../../../..//Drivers/CMSIS/Include/core_cm0plus.h ****   return (
 909:../../../../..//Drivers/CMSIS/Include/core_cm0plus.h ****            ((PreemptPriority & (uint32_t)((1UL << (PreemptPriorityBits)) - 1UL)) << SubPriorityBits
 910:../../../../..//Drivers/CMSIS/Include/core_cm0plus.h ****            ((SubPriority     & (uint32_t)((1UL << (SubPriorityBits    )) - 1UL)))
 911:../../../../..//Drivers/CMSIS/Include/core_cm0plus.h ****          );
 912:../../../../..//Drivers/CMSIS/Include/core_cm0plus.h **** }
 913:../../../../..//Drivers/CMSIS/Include/core_cm0plus.h **** 
 914:../../../../..//Drivers/CMSIS/Include/core_cm0plus.h **** 
 915:../../../../..//Drivers/CMSIS/Include/core_cm0plus.h **** /**
 916:../../../../..//Drivers/CMSIS/Include/core_cm0plus.h ****   \brief   Decode Priority
 917:../../../../..//Drivers/CMSIS/Include/core_cm0plus.h ****   \details Decodes an interrupt priority value with a given priority group to
 918:../../../../..//Drivers/CMSIS/Include/core_cm0plus.h ****            preemptive priority value and subpriority value.
 919:../../../../..//Drivers/CMSIS/Include/core_cm0plus.h ****            In case of a conflict between priority grouping and available
 920:../../../../..//Drivers/CMSIS/Include/core_cm0plus.h ****            priority bits (__NVIC_PRIO_BITS) the smallest possible priority group is set.
 921:../../../../..//Drivers/CMSIS/Include/core_cm0plus.h ****   \param [in]         Priority   Priority value, which can be retrieved with the function \ref NVIC
 922:../../../../..//Drivers/CMSIS/Include/core_cm0plus.h ****   \param [in]     PriorityGroup  Used priority group.
 923:../../../../..//Drivers/CMSIS/Include/core_cm0plus.h ****   \param [out] pPreemptPriority  Preemptive priority value (starting from 0).
 924:../../../../..//Drivers/CMSIS/Include/core_cm0plus.h ****   \param [out]     pSubPriority  Subpriority value (starting from 0).
 925:../../../../..//Drivers/CMSIS/Include/core_cm0plus.h ****  */
 926:../../../../..//Drivers/CMSIS/Include/core_cm0plus.h **** __STATIC_INLINE void NVIC_DecodePriority (uint32_t Priority, uint32_t PriorityGroup, uint32_t* cons
 927:../../../../..//Drivers/CMSIS/Include/core_cm0plus.h **** {
 928:../../../../..//Drivers/CMSIS/Include/core_cm0plus.h ****   uint32_t PriorityGroupTmp = (PriorityGroup & (uint32_t)0x07UL);   /* only values 0..7 are used   
 929:../../../../..//Drivers/CMSIS/Include/core_cm0plus.h ****   uint32_t PreemptPriorityBits;
 930:../../../../..//Drivers/CMSIS/Include/core_cm0plus.h ****   uint32_t SubPriorityBits;
 931:../../../../..//Drivers/CMSIS/Include/core_cm0plus.h **** 
 932:../../../../..//Drivers/CMSIS/Include/core_cm0plus.h ****   PreemptPriorityBits = ((7UL - PriorityGroupTmp) > (uint32_t)(__NVIC_PRIO_BITS)) ? (uint32_t)(__NV
 933:../../../../..//Drivers/CMSIS/Include/core_cm0plus.h ****   SubPriorityBits     = ((PriorityGroupTmp + (uint32_t)(__NVIC_PRIO_BITS)) < (uint32_t)7UL) ? (uint
 934:../../../../..//Drivers/CMSIS/Include/core_cm0plus.h **** 
 935:../../../../..//Drivers/CMSIS/Include/core_cm0plus.h ****   *pPreemptPriority = (Priority >> SubPriorityBits) & (uint32_t)((1UL << (PreemptPriorityBits)) - 1
 936:../../../../..//Drivers/CMSIS/Include/core_cm0plus.h ****   *pSubPriority     = (Priority                   ) & (uint32_t)((1UL << (SubPriorityBits    )) - 1
 937:../../../../..//Drivers/CMSIS/Include/core_cm0plus.h **** }
 938:../../../../..//Drivers/CMSIS/Include/core_cm0plus.h **** 
 939:../../../../..//Drivers/CMSIS/Include/core_cm0plus.h **** 
 940:../../../../..//Drivers/CMSIS/Include/core_cm0plus.h **** /**
 941:../../../../..//Drivers/CMSIS/Include/core_cm0plus.h ****   \brief   Set Interrupt Vector
 942:../../../../..//Drivers/CMSIS/Include/core_cm0plus.h ****   \details Sets an interrupt vector in SRAM based interrupt vector table.
 943:../../../../..//Drivers/CMSIS/Include/core_cm0plus.h ****            The interrupt number can be positive to specify a device specific interrupt,
 944:../../../../..//Drivers/CMSIS/Include/core_cm0plus.h ****            or negative to specify a processor exception.
 945:../../../../..//Drivers/CMSIS/Include/core_cm0plus.h ****            VTOR must been relocated to SRAM before.
 946:../../../../..//Drivers/CMSIS/Include/core_cm0plus.h ****            If VTOR is not present address 0 must be mapped to SRAM.
 947:../../../../..//Drivers/CMSIS/Include/core_cm0plus.h ****   \param [in]   IRQn      Interrupt number
 948:../../../../..//Drivers/CMSIS/Include/core_cm0plus.h ****   \param [in]   vector    Address of interrupt handler function
 949:../../../../..//Drivers/CMSIS/Include/core_cm0plus.h ****  */
 950:../../../../..//Drivers/CMSIS/Include/core_cm0plus.h **** __STATIC_INLINE void __NVIC_SetVector(IRQn_Type IRQn, uint32_t vector)
 951:../../../../..//Drivers/CMSIS/Include/core_cm0plus.h **** {
 952:../../../../..//Drivers/CMSIS/Include/core_cm0plus.h **** #if defined (__VTOR_PRESENT) && (__VTOR_PRESENT == 1U)
 953:../../../../..//Drivers/CMSIS/Include/core_cm0plus.h ****   uint32_t *vectors = (uint32_t *)SCB->VTOR;
 954:../../../../..//Drivers/CMSIS/Include/core_cm0plus.h ****   vectors[(int32_t)IRQn + NVIC_USER_IRQ_OFFSET] = vector;
 955:../../../../..//Drivers/CMSIS/Include/core_cm0plus.h **** #else
 956:../../../../..//Drivers/CMSIS/Include/core_cm0plus.h ****   uint32_t *vectors = (uint32_t *)(NVIC_USER_IRQ_OFFSET << 2);      /* point to 1st user interrupt 
 957:../../../../..//Drivers/CMSIS/Include/core_cm0plus.h ****   *(vectors + (int32_t)IRQn) = vector;                              /* use pointer arithmetic to ac
 958:../../../../..//Drivers/CMSIS/Include/core_cm0plus.h **** #endif
 959:../../../../..//Drivers/CMSIS/Include/core_cm0plus.h ****   /* ARM Application Note 321 states that the M0+ does not require the architectural barrier */
 960:../../../../..//Drivers/CMSIS/Include/core_cm0plus.h **** }
ARM GAS  /tmp/ccksLSA3.s 			page 27


 961:../../../../..//Drivers/CMSIS/Include/core_cm0plus.h **** 
 962:../../../../..//Drivers/CMSIS/Include/core_cm0plus.h **** 
 963:../../../../..//Drivers/CMSIS/Include/core_cm0plus.h **** /**
 964:../../../../..//Drivers/CMSIS/Include/core_cm0plus.h ****   \brief   Get Interrupt Vector
 965:../../../../..//Drivers/CMSIS/Include/core_cm0plus.h ****   \details Reads an interrupt vector from interrupt vector table.
 966:../../../../..//Drivers/CMSIS/Include/core_cm0plus.h ****            The interrupt number can be positive to specify a device specific interrupt,
 967:../../../../..//Drivers/CMSIS/Include/core_cm0plus.h ****            or negative to specify a processor exception.
 968:../../../../..//Drivers/CMSIS/Include/core_cm0plus.h ****   \param [in]   IRQn      Interrupt number.
 969:../../../../..//Drivers/CMSIS/Include/core_cm0plus.h ****   \return                 Address of interrupt handler function
 970:../../../../..//Drivers/CMSIS/Include/core_cm0plus.h ****  */
 971:../../../../..//Drivers/CMSIS/Include/core_cm0plus.h **** __STATIC_INLINE uint32_t __NVIC_GetVector(IRQn_Type IRQn)
 972:../../../../..//Drivers/CMSIS/Include/core_cm0plus.h **** {
 973:../../../../..//Drivers/CMSIS/Include/core_cm0plus.h **** #if defined (__VTOR_PRESENT) && (__VTOR_PRESENT == 1U)
 974:../../../../..//Drivers/CMSIS/Include/core_cm0plus.h ****   uint32_t *vectors = (uint32_t *)SCB->VTOR;
 975:../../../../..//Drivers/CMSIS/Include/core_cm0plus.h ****   return vectors[(int32_t)IRQn + NVIC_USER_IRQ_OFFSET];
 976:../../../../..//Drivers/CMSIS/Include/core_cm0plus.h **** #else
 977:../../../../..//Drivers/CMSIS/Include/core_cm0plus.h ****   uint32_t *vectors = (uint32_t *)(NVIC_USER_IRQ_OFFSET << 2);      /* point to 1st user interrupt 
 978:../../../../..//Drivers/CMSIS/Include/core_cm0plus.h ****   return *(vectors + (int32_t)IRQn);                                /* use pointer arithmetic to ac
 979:../../../../..//Drivers/CMSIS/Include/core_cm0plus.h **** #endif
 980:../../../../..//Drivers/CMSIS/Include/core_cm0plus.h **** }
 981:../../../../..//Drivers/CMSIS/Include/core_cm0plus.h **** 
 982:../../../../..//Drivers/CMSIS/Include/core_cm0plus.h **** 
 983:../../../../..//Drivers/CMSIS/Include/core_cm0plus.h **** /**
 984:../../../../..//Drivers/CMSIS/Include/core_cm0plus.h ****   \brief   System Reset
 985:../../../../..//Drivers/CMSIS/Include/core_cm0plus.h ****   \details Initiates a system reset request to reset the MCU.
 986:../../../../..//Drivers/CMSIS/Include/core_cm0plus.h ****  */
 987:../../../../..//Drivers/CMSIS/Include/core_cm0plus.h **** __NO_RETURN __STATIC_INLINE void __NVIC_SystemReset(void)
 988:../../../../..//Drivers/CMSIS/Include/core_cm0plus.h **** {
 180              		.loc 2 988 1 view -0
 181              		.cfi_startproc
 182              		@ Volatile: function does not return.
 183              		@ args = 0, pretend = 0, frame = 0
 184              		@ frame_needed = 0, uses_anonymous_args = 0
 185              		@ link register save eliminated.
 989:../../../../..//Drivers/CMSIS/Include/core_cm0plus.h ****   __DSB();                                                          /* Ensure all outstanding memor
 186              		.loc 2 989 3 view .LVU28
 187              	.LBB6:
 188              	.LBI6:
 189              		.file 3 "../../../../..//Drivers/CMSIS/Include/cmsis_gcc.h"
   1:../../../../..//Drivers/CMSIS/Include/cmsis_gcc.h **** /**************************************************************************//**
   2:../../../../..//Drivers/CMSIS/Include/cmsis_gcc.h ****  * @file     cmsis_gcc.h
   3:../../../../..//Drivers/CMSIS/Include/cmsis_gcc.h ****  * @brief    CMSIS compiler GCC header file
   4:../../../../..//Drivers/CMSIS/Include/cmsis_gcc.h ****  * @version  V5.4.1
   5:../../../../..//Drivers/CMSIS/Include/cmsis_gcc.h ****  * @date     27. May 2021
   6:../../../../..//Drivers/CMSIS/Include/cmsis_gcc.h ****  ******************************************************************************/
   7:../../../../..//Drivers/CMSIS/Include/cmsis_gcc.h **** /*
   8:../../../../..//Drivers/CMSIS/Include/cmsis_gcc.h ****  * Copyright (c) 2009-2021 Arm Limited. All rights reserved.
   9:../../../../..//Drivers/CMSIS/Include/cmsis_gcc.h ****  *
  10:../../../../..//Drivers/CMSIS/Include/cmsis_gcc.h ****  * SPDX-License-Identifier: Apache-2.0
  11:../../../../..//Drivers/CMSIS/Include/cmsis_gcc.h ****  *
  12:../../../../..//Drivers/CMSIS/Include/cmsis_gcc.h ****  * Licensed under the Apache License, Version 2.0 (the License); you may
  13:../../../../..//Drivers/CMSIS/Include/cmsis_gcc.h ****  * not use this file except in compliance with the License.
  14:../../../../..//Drivers/CMSIS/Include/cmsis_gcc.h ****  * You may obtain a copy of the License at
  15:../../../../..//Drivers/CMSIS/Include/cmsis_gcc.h ****  *
  16:../../../../..//Drivers/CMSIS/Include/cmsis_gcc.h ****  * www.apache.org/licenses/LICENSE-2.0
  17:../../../../..//Drivers/CMSIS/Include/cmsis_gcc.h ****  *
  18:../../../../..//Drivers/CMSIS/Include/cmsis_gcc.h ****  * Unless required by applicable law or agreed to in writing, software
ARM GAS  /tmp/ccksLSA3.s 			page 28


  19:../../../../..//Drivers/CMSIS/Include/cmsis_gcc.h ****  * distributed under the License is distributed on an AS IS BASIS, WITHOUT
  20:../../../../..//Drivers/CMSIS/Include/cmsis_gcc.h ****  * WARRANTIES OR CONDITIONS OF ANY KIND, either express or implied.
  21:../../../../..//Drivers/CMSIS/Include/cmsis_gcc.h ****  * See the License for the specific language governing permissions and
  22:../../../../..//Drivers/CMSIS/Include/cmsis_gcc.h ****  * limitations under the License.
  23:../../../../..//Drivers/CMSIS/Include/cmsis_gcc.h ****  */
  24:../../../../..//Drivers/CMSIS/Include/cmsis_gcc.h **** 
  25:../../../../..//Drivers/CMSIS/Include/cmsis_gcc.h **** #ifndef __CMSIS_GCC_H
  26:../../../../..//Drivers/CMSIS/Include/cmsis_gcc.h **** #define __CMSIS_GCC_H
  27:../../../../..//Drivers/CMSIS/Include/cmsis_gcc.h **** 
  28:../../../../..//Drivers/CMSIS/Include/cmsis_gcc.h **** /* ignore some GCC warnings */
  29:../../../../..//Drivers/CMSIS/Include/cmsis_gcc.h **** #pragma GCC diagnostic push
  30:../../../../..//Drivers/CMSIS/Include/cmsis_gcc.h **** #pragma GCC diagnostic ignored "-Wsign-conversion"
  31:../../../../..//Drivers/CMSIS/Include/cmsis_gcc.h **** #pragma GCC diagnostic ignored "-Wconversion"
  32:../../../../..//Drivers/CMSIS/Include/cmsis_gcc.h **** #pragma GCC diagnostic ignored "-Wunused-parameter"
  33:../../../../..//Drivers/CMSIS/Include/cmsis_gcc.h **** 
  34:../../../../..//Drivers/CMSIS/Include/cmsis_gcc.h **** /* Fallback for __has_builtin */
  35:../../../../..//Drivers/CMSIS/Include/cmsis_gcc.h **** #ifndef __has_builtin
  36:../../../../..//Drivers/CMSIS/Include/cmsis_gcc.h ****   #define __has_builtin(x) (0)
  37:../../../../..//Drivers/CMSIS/Include/cmsis_gcc.h **** #endif
  38:../../../../..//Drivers/CMSIS/Include/cmsis_gcc.h **** 
  39:../../../../..//Drivers/CMSIS/Include/cmsis_gcc.h **** /* CMSIS compiler specific defines */
  40:../../../../..//Drivers/CMSIS/Include/cmsis_gcc.h **** #ifndef   __ASM
  41:../../../../..//Drivers/CMSIS/Include/cmsis_gcc.h ****   #define __ASM                                  __asm
  42:../../../../..//Drivers/CMSIS/Include/cmsis_gcc.h **** #endif
  43:../../../../..//Drivers/CMSIS/Include/cmsis_gcc.h **** #ifndef   __INLINE
  44:../../../../..//Drivers/CMSIS/Include/cmsis_gcc.h ****   #define __INLINE                               inline
  45:../../../../..//Drivers/CMSIS/Include/cmsis_gcc.h **** #endif
  46:../../../../..//Drivers/CMSIS/Include/cmsis_gcc.h **** #ifndef   __STATIC_INLINE
  47:../../../../..//Drivers/CMSIS/Include/cmsis_gcc.h ****   #define __STATIC_INLINE                        static inline
  48:../../../../..//Drivers/CMSIS/Include/cmsis_gcc.h **** #endif
  49:../../../../..//Drivers/CMSIS/Include/cmsis_gcc.h **** #ifndef   __STATIC_FORCEINLINE
  50:../../../../..//Drivers/CMSIS/Include/cmsis_gcc.h ****   #define __STATIC_FORCEINLINE                   __attribute__((always_inline)) static inline
  51:../../../../..//Drivers/CMSIS/Include/cmsis_gcc.h **** #endif
  52:../../../../..//Drivers/CMSIS/Include/cmsis_gcc.h **** #ifndef   __NO_RETURN
  53:../../../../..//Drivers/CMSIS/Include/cmsis_gcc.h ****   #define __NO_RETURN                            __attribute__((__noreturn__))
  54:../../../../..//Drivers/CMSIS/Include/cmsis_gcc.h **** #endif
  55:../../../../..//Drivers/CMSIS/Include/cmsis_gcc.h **** #ifndef   __USED
  56:../../../../..//Drivers/CMSIS/Include/cmsis_gcc.h ****   #define __USED                                 __attribute__((used))
  57:../../../../..//Drivers/CMSIS/Include/cmsis_gcc.h **** #endif
  58:../../../../..//Drivers/CMSIS/Include/cmsis_gcc.h **** #ifndef   __WEAK
  59:../../../../..//Drivers/CMSIS/Include/cmsis_gcc.h ****   #define __WEAK                                 __attribute__((weak))
  60:../../../../..//Drivers/CMSIS/Include/cmsis_gcc.h **** #endif
  61:../../../../..//Drivers/CMSIS/Include/cmsis_gcc.h **** #ifndef   __PACKED
  62:../../../../..//Drivers/CMSIS/Include/cmsis_gcc.h ****   #define __PACKED                               __attribute__((packed, aligned(1)))
  63:../../../../..//Drivers/CMSIS/Include/cmsis_gcc.h **** #endif
  64:../../../../..//Drivers/CMSIS/Include/cmsis_gcc.h **** #ifndef   __PACKED_STRUCT
  65:../../../../..//Drivers/CMSIS/Include/cmsis_gcc.h ****   #define __PACKED_STRUCT                        struct __attribute__((packed, aligned(1)))
  66:../../../../..//Drivers/CMSIS/Include/cmsis_gcc.h **** #endif
  67:../../../../..//Drivers/CMSIS/Include/cmsis_gcc.h **** #ifndef   __PACKED_UNION
  68:../../../../..//Drivers/CMSIS/Include/cmsis_gcc.h ****   #define __PACKED_UNION                         union __attribute__((packed, aligned(1)))
  69:../../../../..//Drivers/CMSIS/Include/cmsis_gcc.h **** #endif
  70:../../../../..//Drivers/CMSIS/Include/cmsis_gcc.h **** #ifndef   __UNALIGNED_UINT32        /* deprecated */
  71:../../../../..//Drivers/CMSIS/Include/cmsis_gcc.h ****   #pragma GCC diagnostic push
  72:../../../../..//Drivers/CMSIS/Include/cmsis_gcc.h ****   #pragma GCC diagnostic ignored "-Wpacked"
  73:../../../../..//Drivers/CMSIS/Include/cmsis_gcc.h ****   #pragma GCC diagnostic ignored "-Wattributes"
  74:../../../../..//Drivers/CMSIS/Include/cmsis_gcc.h ****   struct __attribute__((packed)) T_UINT32 { uint32_t v; };
  75:../../../../..//Drivers/CMSIS/Include/cmsis_gcc.h ****   #pragma GCC diagnostic pop
ARM GAS  /tmp/ccksLSA3.s 			page 29


  76:../../../../..//Drivers/CMSIS/Include/cmsis_gcc.h ****   #define __UNALIGNED_UINT32(x)                  (((struct T_UINT32 *)(x))->v)
  77:../../../../..//Drivers/CMSIS/Include/cmsis_gcc.h **** #endif
  78:../../../../..//Drivers/CMSIS/Include/cmsis_gcc.h **** #ifndef   __UNALIGNED_UINT16_WRITE
  79:../../../../..//Drivers/CMSIS/Include/cmsis_gcc.h ****   #pragma GCC diagnostic push
  80:../../../../..//Drivers/CMSIS/Include/cmsis_gcc.h ****   #pragma GCC diagnostic ignored "-Wpacked"
  81:../../../../..//Drivers/CMSIS/Include/cmsis_gcc.h ****   #pragma GCC diagnostic ignored "-Wattributes"
  82:../../../../..//Drivers/CMSIS/Include/cmsis_gcc.h ****   __PACKED_STRUCT T_UINT16_WRITE { uint16_t v; };
  83:../../../../..//Drivers/CMSIS/Include/cmsis_gcc.h ****   #pragma GCC diagnostic pop
  84:../../../../..//Drivers/CMSIS/Include/cmsis_gcc.h ****   #define __UNALIGNED_UINT16_WRITE(addr, val)    (void)((((struct T_UINT16_WRITE *)(void *)(addr))-
  85:../../../../..//Drivers/CMSIS/Include/cmsis_gcc.h **** #endif
  86:../../../../..//Drivers/CMSIS/Include/cmsis_gcc.h **** #ifndef   __UNALIGNED_UINT16_READ
  87:../../../../..//Drivers/CMSIS/Include/cmsis_gcc.h ****   #pragma GCC diagnostic push
  88:../../../../..//Drivers/CMSIS/Include/cmsis_gcc.h ****   #pragma GCC diagnostic ignored "-Wpacked"
  89:../../../../..//Drivers/CMSIS/Include/cmsis_gcc.h ****   #pragma GCC diagnostic ignored "-Wattributes"
  90:../../../../..//Drivers/CMSIS/Include/cmsis_gcc.h ****   __PACKED_STRUCT T_UINT16_READ { uint16_t v; };
  91:../../../../..//Drivers/CMSIS/Include/cmsis_gcc.h ****   #pragma GCC diagnostic pop
  92:../../../../..//Drivers/CMSIS/Include/cmsis_gcc.h ****   #define __UNALIGNED_UINT16_READ(addr)          (((const struct T_UINT16_READ *)(const void *)(add
  93:../../../../..//Drivers/CMSIS/Include/cmsis_gcc.h **** #endif
  94:../../../../..//Drivers/CMSIS/Include/cmsis_gcc.h **** #ifndef   __UNALIGNED_UINT32_WRITE
  95:../../../../..//Drivers/CMSIS/Include/cmsis_gcc.h ****   #pragma GCC diagnostic push
  96:../../../../..//Drivers/CMSIS/Include/cmsis_gcc.h ****   #pragma GCC diagnostic ignored "-Wpacked"
  97:../../../../..//Drivers/CMSIS/Include/cmsis_gcc.h ****   #pragma GCC diagnostic ignored "-Wattributes"
  98:../../../../..//Drivers/CMSIS/Include/cmsis_gcc.h ****   __PACKED_STRUCT T_UINT32_WRITE { uint32_t v; };
  99:../../../../..//Drivers/CMSIS/Include/cmsis_gcc.h ****   #pragma GCC diagnostic pop
 100:../../../../..//Drivers/CMSIS/Include/cmsis_gcc.h ****   #define __UNALIGNED_UINT32_WRITE(addr, val)    (void)((((struct T_UINT32_WRITE *)(void *)(addr))-
 101:../../../../..//Drivers/CMSIS/Include/cmsis_gcc.h **** #endif
 102:../../../../..//Drivers/CMSIS/Include/cmsis_gcc.h **** #ifndef   __UNALIGNED_UINT32_READ
 103:../../../../..//Drivers/CMSIS/Include/cmsis_gcc.h ****   #pragma GCC diagnostic push
 104:../../../../..//Drivers/CMSIS/Include/cmsis_gcc.h ****   #pragma GCC diagnostic ignored "-Wpacked"
 105:../../../../..//Drivers/CMSIS/Include/cmsis_gcc.h ****   #pragma GCC diagnostic ignored "-Wattributes"
 106:../../../../..//Drivers/CMSIS/Include/cmsis_gcc.h ****   __PACKED_STRUCT T_UINT32_READ { uint32_t v; };
 107:../../../../..//Drivers/CMSIS/Include/cmsis_gcc.h ****   #pragma GCC diagnostic pop
 108:../../../../..//Drivers/CMSIS/Include/cmsis_gcc.h ****   #define __UNALIGNED_UINT32_READ(addr)          (((const struct T_UINT32_READ *)(const void *)(add
 109:../../../../..//Drivers/CMSIS/Include/cmsis_gcc.h **** #endif
 110:../../../../..//Drivers/CMSIS/Include/cmsis_gcc.h **** #ifndef   __ALIGNED
 111:../../../../..//Drivers/CMSIS/Include/cmsis_gcc.h ****   #define __ALIGNED(x)                           __attribute__((aligned(x)))
 112:../../../../..//Drivers/CMSIS/Include/cmsis_gcc.h **** #endif
 113:../../../../..//Drivers/CMSIS/Include/cmsis_gcc.h **** #ifndef   __RESTRICT
 114:../../../../..//Drivers/CMSIS/Include/cmsis_gcc.h ****   #define __RESTRICT                             __restrict
 115:../../../../..//Drivers/CMSIS/Include/cmsis_gcc.h **** #endif
 116:../../../../..//Drivers/CMSIS/Include/cmsis_gcc.h **** #ifndef   __COMPILER_BARRIER
 117:../../../../..//Drivers/CMSIS/Include/cmsis_gcc.h ****   #define __COMPILER_BARRIER()                   __ASM volatile("":::"memory")
 118:../../../../..//Drivers/CMSIS/Include/cmsis_gcc.h **** #endif
 119:../../../../..//Drivers/CMSIS/Include/cmsis_gcc.h **** 
 120:../../../../..//Drivers/CMSIS/Include/cmsis_gcc.h **** /* #########################  Startup and Lowlevel Init  ######################## */
 121:../../../../..//Drivers/CMSIS/Include/cmsis_gcc.h **** 
 122:../../../../..//Drivers/CMSIS/Include/cmsis_gcc.h **** #ifndef __PROGRAM_START
 123:../../../../..//Drivers/CMSIS/Include/cmsis_gcc.h **** 
 124:../../../../..//Drivers/CMSIS/Include/cmsis_gcc.h **** /**
 125:../../../../..//Drivers/CMSIS/Include/cmsis_gcc.h ****   \brief   Initializes data and bss sections
 126:../../../../..//Drivers/CMSIS/Include/cmsis_gcc.h ****   \details This default implementations initialized all data and additional bss
 127:../../../../..//Drivers/CMSIS/Include/cmsis_gcc.h ****            sections relying on .copy.table and .zero.table specified properly
 128:../../../../..//Drivers/CMSIS/Include/cmsis_gcc.h ****            in the used linker script.
 129:../../../../..//Drivers/CMSIS/Include/cmsis_gcc.h **** 
 130:../../../../..//Drivers/CMSIS/Include/cmsis_gcc.h ****  */
 131:../../../../..//Drivers/CMSIS/Include/cmsis_gcc.h **** __STATIC_FORCEINLINE __NO_RETURN void __cmsis_start(void)
 132:../../../../..//Drivers/CMSIS/Include/cmsis_gcc.h **** {
ARM GAS  /tmp/ccksLSA3.s 			page 30


 133:../../../../..//Drivers/CMSIS/Include/cmsis_gcc.h ****   extern void _start(void) __NO_RETURN;
 134:../../../../..//Drivers/CMSIS/Include/cmsis_gcc.h **** 
 135:../../../../..//Drivers/CMSIS/Include/cmsis_gcc.h ****   typedef struct {
 136:../../../../..//Drivers/CMSIS/Include/cmsis_gcc.h ****     uint32_t const* src;
 137:../../../../..//Drivers/CMSIS/Include/cmsis_gcc.h ****     uint32_t* dest;
 138:../../../../..//Drivers/CMSIS/Include/cmsis_gcc.h ****     uint32_t  wlen;
 139:../../../../..//Drivers/CMSIS/Include/cmsis_gcc.h ****   } __copy_table_t;
 140:../../../../..//Drivers/CMSIS/Include/cmsis_gcc.h **** 
 141:../../../../..//Drivers/CMSIS/Include/cmsis_gcc.h ****   typedef struct {
 142:../../../../..//Drivers/CMSIS/Include/cmsis_gcc.h ****     uint32_t* dest;
 143:../../../../..//Drivers/CMSIS/Include/cmsis_gcc.h ****     uint32_t  wlen;
 144:../../../../..//Drivers/CMSIS/Include/cmsis_gcc.h ****   } __zero_table_t;
 145:../../../../..//Drivers/CMSIS/Include/cmsis_gcc.h **** 
 146:../../../../..//Drivers/CMSIS/Include/cmsis_gcc.h ****   extern const __copy_table_t __copy_table_start__;
 147:../../../../..//Drivers/CMSIS/Include/cmsis_gcc.h ****   extern const __copy_table_t __copy_table_end__;
 148:../../../../..//Drivers/CMSIS/Include/cmsis_gcc.h ****   extern const __zero_table_t __zero_table_start__;
 149:../../../../..//Drivers/CMSIS/Include/cmsis_gcc.h ****   extern const __zero_table_t __zero_table_end__;
 150:../../../../..//Drivers/CMSIS/Include/cmsis_gcc.h **** 
 151:../../../../..//Drivers/CMSIS/Include/cmsis_gcc.h ****   for (__copy_table_t const* pTable = &__copy_table_start__; pTable < &__copy_table_end__; ++pTable
 152:../../../../..//Drivers/CMSIS/Include/cmsis_gcc.h ****     for(uint32_t i=0u; i<pTable->wlen; ++i) {
 153:../../../../..//Drivers/CMSIS/Include/cmsis_gcc.h ****       pTable->dest[i] = pTable->src[i];
 154:../../../../..//Drivers/CMSIS/Include/cmsis_gcc.h ****     }
 155:../../../../..//Drivers/CMSIS/Include/cmsis_gcc.h ****   }
 156:../../../../..//Drivers/CMSIS/Include/cmsis_gcc.h **** 
 157:../../../../..//Drivers/CMSIS/Include/cmsis_gcc.h ****   for (__zero_table_t const* pTable = &__zero_table_start__; pTable < &__zero_table_end__; ++pTable
 158:../../../../..//Drivers/CMSIS/Include/cmsis_gcc.h ****     for(uint32_t i=0u; i<pTable->wlen; ++i) {
 159:../../../../..//Drivers/CMSIS/Include/cmsis_gcc.h ****       pTable->dest[i] = 0u;
 160:../../../../..//Drivers/CMSIS/Include/cmsis_gcc.h ****     }
 161:../../../../..//Drivers/CMSIS/Include/cmsis_gcc.h ****   }
 162:../../../../..//Drivers/CMSIS/Include/cmsis_gcc.h **** 
 163:../../../../..//Drivers/CMSIS/Include/cmsis_gcc.h ****   _start();
 164:../../../../..//Drivers/CMSIS/Include/cmsis_gcc.h **** }
 165:../../../../..//Drivers/CMSIS/Include/cmsis_gcc.h **** 
 166:../../../../..//Drivers/CMSIS/Include/cmsis_gcc.h **** #define __PROGRAM_START           __cmsis_start
 167:../../../../..//Drivers/CMSIS/Include/cmsis_gcc.h **** #endif
 168:../../../../..//Drivers/CMSIS/Include/cmsis_gcc.h **** 
 169:../../../../..//Drivers/CMSIS/Include/cmsis_gcc.h **** #ifndef __INITIAL_SP
 170:../../../../..//Drivers/CMSIS/Include/cmsis_gcc.h **** #define __INITIAL_SP              __StackTop
 171:../../../../..//Drivers/CMSIS/Include/cmsis_gcc.h **** #endif
 172:../../../../..//Drivers/CMSIS/Include/cmsis_gcc.h **** 
 173:../../../../..//Drivers/CMSIS/Include/cmsis_gcc.h **** #ifndef __STACK_LIMIT
 174:../../../../..//Drivers/CMSIS/Include/cmsis_gcc.h **** #define __STACK_LIMIT             __StackLimit
 175:../../../../..//Drivers/CMSIS/Include/cmsis_gcc.h **** #endif
 176:../../../../..//Drivers/CMSIS/Include/cmsis_gcc.h **** 
 177:../../../../..//Drivers/CMSIS/Include/cmsis_gcc.h **** #ifndef __VECTOR_TABLE
 178:../../../../..//Drivers/CMSIS/Include/cmsis_gcc.h **** #define __VECTOR_TABLE            __Vectors
 179:../../../../..//Drivers/CMSIS/Include/cmsis_gcc.h **** #endif
 180:../../../../..//Drivers/CMSIS/Include/cmsis_gcc.h **** 
 181:../../../../..//Drivers/CMSIS/Include/cmsis_gcc.h **** #ifndef __VECTOR_TABLE_ATTRIBUTE
 182:../../../../..//Drivers/CMSIS/Include/cmsis_gcc.h **** #define __VECTOR_TABLE_ATTRIBUTE  __attribute__((used, section(".vectors")))
 183:../../../../..//Drivers/CMSIS/Include/cmsis_gcc.h **** #endif
 184:../../../../..//Drivers/CMSIS/Include/cmsis_gcc.h **** 
 185:../../../../..//Drivers/CMSIS/Include/cmsis_gcc.h **** #if defined (__ARM_FEATURE_CMSE) && (__ARM_FEATURE_CMSE == 3U)
 186:../../../../..//Drivers/CMSIS/Include/cmsis_gcc.h **** #ifndef __STACK_SEAL
 187:../../../../..//Drivers/CMSIS/Include/cmsis_gcc.h **** #define __STACK_SEAL              __StackSeal
 188:../../../../..//Drivers/CMSIS/Include/cmsis_gcc.h **** #endif
 189:../../../../..//Drivers/CMSIS/Include/cmsis_gcc.h **** 
ARM GAS  /tmp/ccksLSA3.s 			page 31


 190:../../../../..//Drivers/CMSIS/Include/cmsis_gcc.h **** #ifndef __TZ_STACK_SEAL_SIZE
 191:../../../../..//Drivers/CMSIS/Include/cmsis_gcc.h **** #define __TZ_STACK_SEAL_SIZE      8U
 192:../../../../..//Drivers/CMSIS/Include/cmsis_gcc.h **** #endif
 193:../../../../..//Drivers/CMSIS/Include/cmsis_gcc.h **** 
 194:../../../../..//Drivers/CMSIS/Include/cmsis_gcc.h **** #ifndef __TZ_STACK_SEAL_VALUE
 195:../../../../..//Drivers/CMSIS/Include/cmsis_gcc.h **** #define __TZ_STACK_SEAL_VALUE     0xFEF5EDA5FEF5EDA5ULL
 196:../../../../..//Drivers/CMSIS/Include/cmsis_gcc.h **** #endif
 197:../../../../..//Drivers/CMSIS/Include/cmsis_gcc.h **** 
 198:../../../../..//Drivers/CMSIS/Include/cmsis_gcc.h **** 
 199:../../../../..//Drivers/CMSIS/Include/cmsis_gcc.h **** __STATIC_FORCEINLINE void __TZ_set_STACKSEAL_S (uint32_t* stackTop) {
 200:../../../../..//Drivers/CMSIS/Include/cmsis_gcc.h ****   *((uint64_t *)stackTop) = __TZ_STACK_SEAL_VALUE;
 201:../../../../..//Drivers/CMSIS/Include/cmsis_gcc.h **** }
 202:../../../../..//Drivers/CMSIS/Include/cmsis_gcc.h **** #endif
 203:../../../../..//Drivers/CMSIS/Include/cmsis_gcc.h **** 
 204:../../../../..//Drivers/CMSIS/Include/cmsis_gcc.h **** 
 205:../../../../..//Drivers/CMSIS/Include/cmsis_gcc.h **** /* ##########################  Core Instruction Access  ######################### */
 206:../../../../..//Drivers/CMSIS/Include/cmsis_gcc.h **** /** \defgroup CMSIS_Core_InstructionInterface CMSIS Core Instruction Interface
 207:../../../../..//Drivers/CMSIS/Include/cmsis_gcc.h ****   Access to dedicated instructions
 208:../../../../..//Drivers/CMSIS/Include/cmsis_gcc.h ****   @{
 209:../../../../..//Drivers/CMSIS/Include/cmsis_gcc.h **** */
 210:../../../../..//Drivers/CMSIS/Include/cmsis_gcc.h **** 
 211:../../../../..//Drivers/CMSIS/Include/cmsis_gcc.h **** /* Define macros for porting to both thumb1 and thumb2.
 212:../../../../..//Drivers/CMSIS/Include/cmsis_gcc.h ****  * For thumb1, use low register (r0-r7), specified by constraint "l"
 213:../../../../..//Drivers/CMSIS/Include/cmsis_gcc.h ****  * Otherwise, use general registers, specified by constraint "r" */
 214:../../../../..//Drivers/CMSIS/Include/cmsis_gcc.h **** #if defined (__thumb__) && !defined (__thumb2__)
 215:../../../../..//Drivers/CMSIS/Include/cmsis_gcc.h **** #define __CMSIS_GCC_OUT_REG(r) "=l" (r)
 216:../../../../..//Drivers/CMSIS/Include/cmsis_gcc.h **** #define __CMSIS_GCC_RW_REG(r) "+l" (r)
 217:../../../../..//Drivers/CMSIS/Include/cmsis_gcc.h **** #define __CMSIS_GCC_USE_REG(r) "l" (r)
 218:../../../../..//Drivers/CMSIS/Include/cmsis_gcc.h **** #else
 219:../../../../..//Drivers/CMSIS/Include/cmsis_gcc.h **** #define __CMSIS_GCC_OUT_REG(r) "=r" (r)
 220:../../../../..//Drivers/CMSIS/Include/cmsis_gcc.h **** #define __CMSIS_GCC_RW_REG(r) "+r" (r)
 221:../../../../..//Drivers/CMSIS/Include/cmsis_gcc.h **** #define __CMSIS_GCC_USE_REG(r) "r" (r)
 222:../../../../..//Drivers/CMSIS/Include/cmsis_gcc.h **** #endif
 223:../../../../..//Drivers/CMSIS/Include/cmsis_gcc.h **** 
 224:../../../../..//Drivers/CMSIS/Include/cmsis_gcc.h **** /**
 225:../../../../..//Drivers/CMSIS/Include/cmsis_gcc.h ****   \brief   No Operation
 226:../../../../..//Drivers/CMSIS/Include/cmsis_gcc.h ****   \details No Operation does nothing. This instruction can be used for code alignment purposes.
 227:../../../../..//Drivers/CMSIS/Include/cmsis_gcc.h ****  */
 228:../../../../..//Drivers/CMSIS/Include/cmsis_gcc.h **** #define __NOP()                             __ASM volatile ("nop")
 229:../../../../..//Drivers/CMSIS/Include/cmsis_gcc.h **** 
 230:../../../../..//Drivers/CMSIS/Include/cmsis_gcc.h **** /**
 231:../../../../..//Drivers/CMSIS/Include/cmsis_gcc.h ****   \brief   Wait For Interrupt
 232:../../../../..//Drivers/CMSIS/Include/cmsis_gcc.h ****   \details Wait For Interrupt is a hint instruction that suspends execution until one of a number o
 233:../../../../..//Drivers/CMSIS/Include/cmsis_gcc.h ****  */
 234:../../../../..//Drivers/CMSIS/Include/cmsis_gcc.h **** #define __WFI()                             __ASM volatile ("wfi":::"memory")
 235:../../../../..//Drivers/CMSIS/Include/cmsis_gcc.h **** 
 236:../../../../..//Drivers/CMSIS/Include/cmsis_gcc.h **** 
 237:../../../../..//Drivers/CMSIS/Include/cmsis_gcc.h **** /**
 238:../../../../..//Drivers/CMSIS/Include/cmsis_gcc.h ****   \brief   Wait For Event
 239:../../../../..//Drivers/CMSIS/Include/cmsis_gcc.h ****   \details Wait For Event is a hint instruction that permits the processor to enter
 240:../../../../..//Drivers/CMSIS/Include/cmsis_gcc.h ****            a low-power state until one of a number of events occurs.
 241:../../../../..//Drivers/CMSIS/Include/cmsis_gcc.h ****  */
 242:../../../../..//Drivers/CMSIS/Include/cmsis_gcc.h **** #define __WFE()                             __ASM volatile ("wfe":::"memory")
 243:../../../../..//Drivers/CMSIS/Include/cmsis_gcc.h **** 
 244:../../../../..//Drivers/CMSIS/Include/cmsis_gcc.h **** 
 245:../../../../..//Drivers/CMSIS/Include/cmsis_gcc.h **** /**
 246:../../../../..//Drivers/CMSIS/Include/cmsis_gcc.h ****   \brief   Send Event
ARM GAS  /tmp/ccksLSA3.s 			page 32


 247:../../../../..//Drivers/CMSIS/Include/cmsis_gcc.h ****   \details Send Event is a hint instruction. It causes an event to be signaled to the CPU.
 248:../../../../..//Drivers/CMSIS/Include/cmsis_gcc.h ****  */
 249:../../../../..//Drivers/CMSIS/Include/cmsis_gcc.h **** #define __SEV()                             __ASM volatile ("sev")
 250:../../../../..//Drivers/CMSIS/Include/cmsis_gcc.h **** 
 251:../../../../..//Drivers/CMSIS/Include/cmsis_gcc.h **** 
 252:../../../../..//Drivers/CMSIS/Include/cmsis_gcc.h **** /**
 253:../../../../..//Drivers/CMSIS/Include/cmsis_gcc.h ****   \brief   Instruction Synchronization Barrier
 254:../../../../..//Drivers/CMSIS/Include/cmsis_gcc.h ****   \details Instruction Synchronization Barrier flushes the pipeline in the processor,
 255:../../../../..//Drivers/CMSIS/Include/cmsis_gcc.h ****            so that all instructions following the ISB are fetched from cache or memory,
 256:../../../../..//Drivers/CMSIS/Include/cmsis_gcc.h ****            after the instruction has been completed.
 257:../../../../..//Drivers/CMSIS/Include/cmsis_gcc.h ****  */
 258:../../../../..//Drivers/CMSIS/Include/cmsis_gcc.h **** __STATIC_FORCEINLINE void __ISB(void)
 259:../../../../..//Drivers/CMSIS/Include/cmsis_gcc.h **** {
 260:../../../../..//Drivers/CMSIS/Include/cmsis_gcc.h ****   __ASM volatile ("isb 0xF":::"memory");
 261:../../../../..//Drivers/CMSIS/Include/cmsis_gcc.h **** }
 262:../../../../..//Drivers/CMSIS/Include/cmsis_gcc.h **** 
 263:../../../../..//Drivers/CMSIS/Include/cmsis_gcc.h **** 
 264:../../../../..//Drivers/CMSIS/Include/cmsis_gcc.h **** /**
 265:../../../../..//Drivers/CMSIS/Include/cmsis_gcc.h ****   \brief   Data Synchronization Barrier
 266:../../../../..//Drivers/CMSIS/Include/cmsis_gcc.h ****   \details Acts as a special kind of Data Memory Barrier.
 267:../../../../..//Drivers/CMSIS/Include/cmsis_gcc.h ****            It completes when all explicit memory accesses before this instruction complete.
 268:../../../../..//Drivers/CMSIS/Include/cmsis_gcc.h ****  */
 269:../../../../..//Drivers/CMSIS/Include/cmsis_gcc.h **** __STATIC_FORCEINLINE void __DSB(void)
 190              		.loc 3 269 27 view .LVU29
 191              	.LBB7:
 270:../../../../..//Drivers/CMSIS/Include/cmsis_gcc.h **** {
 271:../../../../..//Drivers/CMSIS/Include/cmsis_gcc.h ****   __ASM volatile ("dsb 0xF":::"memory");
 192              		.loc 3 271 3 view .LVU30
 193              		.syntax divided
 194              	@ 271 "../../../../..//Drivers/CMSIS/Include/cmsis_gcc.h" 1
 195 0000 BFF34F8F 		dsb 0xF
 196              	@ 0 "" 2
 197              		.thumb
 198              		.syntax unified
 199              	.LBE7:
 200              	.LBE6:
 990:../../../../..//Drivers/CMSIS/Include/core_cm0plus.h ****                                                                        buffered write are completed
 991:../../../../..//Drivers/CMSIS/Include/core_cm0plus.h ****   SCB->AIRCR  = ((0x5FAUL << SCB_AIRCR_VECTKEY_Pos) |
 201              		.loc 2 991 3 view .LVU31
 202              		.loc 2 991 15 is_stmt 0 view .LVU32
 203 0004 034B     		ldr	r3, .L15
 204 0006 044A     		ldr	r2, .L15+4
 205 0008 DA60     		str	r2, [r3, #12]
 992:../../../../..//Drivers/CMSIS/Include/core_cm0plus.h ****                  SCB_AIRCR_SYSRESETREQ_Msk);
 993:../../../../..//Drivers/CMSIS/Include/core_cm0plus.h ****   __DSB();                                                          /* Ensure completion of memory 
 206              		.loc 2 993 3 is_stmt 1 view .LVU33
 207              	.LBB8:
 208              	.LBI8:
 269:../../../../..//Drivers/CMSIS/Include/cmsis_gcc.h **** {
 209              		.loc 3 269 27 view .LVU34
 210              	.LBB9:
 211              		.loc 3 271 3 view .LVU35
 212              		.syntax divided
 213              	@ 271 "../../../../..//Drivers/CMSIS/Include/cmsis_gcc.h" 1
 214 000a BFF34F8F 		dsb 0xF
 215              	@ 0 "" 2
 216              		.thumb
ARM GAS  /tmp/ccksLSA3.s 			page 33


 217              		.syntax unified
 218              	.L14:
 219              	.LBE9:
 220              	.LBE8:
 994:../../../../..//Drivers/CMSIS/Include/core_cm0plus.h **** 
 995:../../../../..//Drivers/CMSIS/Include/core_cm0plus.h ****   for(;;)                                                           /* wait until reset */
 221              		.loc 2 995 3 view .LVU36
 996:../../../../..//Drivers/CMSIS/Include/core_cm0plus.h ****   {
 997:../../../../..//Drivers/CMSIS/Include/core_cm0plus.h ****     __NOP();
 222              		.loc 2 997 5 discriminator 1 view .LVU37
 223              		.syntax divided
 224              	@ 997 "../../../../..//Drivers/CMSIS/Include/core_cm0plus.h" 1
 225 000e C046     		nop
 226              	@ 0 "" 2
 995:../../../../..//Drivers/CMSIS/Include/core_cm0plus.h ****   {
 227              		.loc 2 995 3 view .LVU38
 228              		.thumb
 229              		.syntax unified
 230 0010 FDE7     		b	.L14
 231              	.L16:
 232 0012 C046     		.align	2
 233              	.L15:
 234 0014 00ED00E0 		.word	-536810240
 235 0018 0400FA05 		.word	100270084
 236              		.cfi_endproc
 237              	.LFE39:
 239              		.section	.text.SE_CallGateService,"ax",%progbits
 240              		.align	1
 241              		.global	SE_CallGateService
 242              		.syntax unified
 243              		.code	16
 244              		.thumb_func
 246              	SE_CallGateService:
 247              	.LVL0:
 248              	.LFB183:
 347:../../../../..//Middlewares/ST/STM32_Secure_Engine/Core/se_callgate.c **** /* Stop placing data in specified section */
 348:../../../../..//Middlewares/ST/STM32_Secure_Engine/Core/se_callgate.c **** #if defined(__ICCARM__)
 349:../../../../..//Middlewares/ST/STM32_Secure_Engine/Core/se_callgate.c **** #pragma default_function_attributes =
 350:../../../../..//Middlewares/ST/STM32_Secure_Engine/Core/se_callgate.c **** #pragma optimize=none
 351:../../../../..//Middlewares/ST/STM32_Secure_Engine/Core/se_callgate.c **** #elif defined(__CC_ARM)
 352:../../../../..//Middlewares/ST/STM32_Secure_Engine/Core/se_callgate.c **** #pragma arm section code
 353:../../../../..//Middlewares/ST/STM32_Secure_Engine/Core/se_callgate.c **** #endif /* __ICCARM__ */
 354:../../../../..//Middlewares/ST/STM32_Secure_Engine/Core/se_callgate.c **** /**
 355:../../../../..//Middlewares/ST/STM32_Secure_Engine/Core/se_callgate.c ****   * @brief Dispatch function used by the Secure Engine CallGate function.
 356:../../../../..//Middlewares/ST/STM32_Secure_Engine/Core/se_callgate.c ****   *        Calls other functions included in the protected area based on the eID parameter.
 357:../../../../..//Middlewares/ST/STM32_Secure_Engine/Core/se_callgate.c ****   * @note  It is a variable argument function. The correct number and order of parameters
 358:../../../../..//Middlewares/ST/STM32_Secure_Engine/Core/se_callgate.c ****   *        has to be used in order to call internal function in the right way.
 359:../../../../..//Middlewares/ST/STM32_Secure_Engine/Core/se_callgate.c ****   * @param eID: Secure Engine protected function ID.
 360:../../../../..//Middlewares/ST/STM32_Secure_Engine/Core/se_callgate.c ****   * @param peSE_Status: Secure Engine Status.
 361:../../../../..//Middlewares/ST/STM32_Secure_Engine/Core/se_callgate.c ****   * @param arguments: argument list to be extracted. Depends on each protected function ID.
 362:../../../../..//Middlewares/ST/STM32_Secure_Engine/Core/se_callgate.c ****   * @retval SE_ErrorStatus SE_SUCCESS if successful, SE_ERROR otherwise.
 363:../../../../..//Middlewares/ST/STM32_Secure_Engine/Core/se_callgate.c ****   */
 364:../../../../..//Middlewares/ST/STM32_Secure_Engine/Core/se_callgate.c **** SE_ErrorStatus SE_CallGateService(SE_FunctionIDTypeDef eID, SE_StatusTypeDef *const peSE_Status, va
 365:../../../../..//Middlewares/ST/STM32_Secure_Engine/Core/se_callgate.c **** {
 249              		.loc 1 365 1 view -0
 250              		.cfi_startproc
 251              		@ args = 0, pretend = 0, frame = 24
ARM GAS  /tmp/ccksLSA3.s 			page 34


 252              		@ frame_needed = 0, uses_anonymous_args = 0
 366:../../../../..//Middlewares/ST/STM32_Secure_Engine/Core/se_callgate.c **** 
 367:../../../../..//Middlewares/ST/STM32_Secure_Engine/Core/se_callgate.c ****   /*
 368:../../../../..//Middlewares/ST/STM32_Secure_Engine/Core/se_callgate.c ****    * For the time being we consider that the user keys can be handled in SE_CallGate.
 369:../../../../..//Middlewares/ST/STM32_Secure_Engine/Core/se_callgate.c ****    * Nevertheless, if this becomes too crypto specific then it will have to be moved to the user ap
 370:../../../../..//Middlewares/ST/STM32_Secure_Engine/Core/se_callgate.c ****    */
 371:../../../../..//Middlewares/ST/STM32_Secure_Engine/Core/se_callgate.c ****   static SE_LockStatus SE_LockRestrictedServices = SE_UNLOCKED;
 253              		.loc 1 371 3 view .LVU40
 372:../../../../..//Middlewares/ST/STM32_Secure_Engine/Core/se_callgate.c **** 
 373:../../../../..//Middlewares/ST/STM32_Secure_Engine/Core/se_callgate.c ****   SE_ErrorStatus e_ret_status = SE_ERROR;
 254              		.loc 1 373 3 view .LVU41
 374:../../../../..//Middlewares/ST/STM32_Secure_Engine/Core/se_callgate.c **** 
 375:../../../../..//Middlewares/ST/STM32_Secure_Engine/Core/se_callgate.c ****   switch (eID)
 255              		.loc 1 375 3 view .LVU42
 365:../../../../..//Middlewares/ST/STM32_Secure_Engine/Core/se_callgate.c **** 
 256              		.loc 1 365 1 is_stmt 0 view .LVU43
 257 0000 70B5     		push	{r4, r5, r6, lr}
 258              	.LCFI4:
 259              		.cfi_def_cfa_offset 16
 260              		.cfi_offset 4, -16
 261              		.cfi_offset 5, -12
 262              		.cfi_offset 6, -8
 263              		.cfi_offset 14, -4
 264 0002 86B0     		sub	sp, sp, #24
 265              	.LCFI5:
 266              		.cfi_def_cfa_offset 40
 365:../../../../..//Middlewares/ST/STM32_Secure_Engine/Core/se_callgate.c **** 
 267              		.loc 1 365 1 view .LVU44
 268 0004 0491     		str	r1, [sp, #16]
 269              		.loc 1 375 3 view .LVU45
 270 0006 1028     		cmp	r0, #16
 271 0008 13D8     		bhi	.L18
 272 000a BA4E     		ldr	r6, .L44
 273 000c FFF7FEFF 		bl	__gnu_thumb1_case_uhi
 274              	.L21:
 275 0010 3300     		.2byte	(.L28-.L21)/2
 276 0012 1E00     		.2byte	(.L19-.L21)/2
 277 0014 1E00     		.2byte	(.L19-.L21)/2
 278 0016 1E00     		.2byte	(.L19-.L21)/2
 279 0018 4000     		.2byte	(.L27-.L21)/2
 280 001a 6B00     		.2byte	(.L26-.L21)/2
 281 001c B800     		.2byte	(.L25-.L21)/2
 282 001e F100     		.2byte	(.L24-.L21)/2
 283 0020 1F01     		.2byte	(.L23-.L21)/2
 284 0022 7E01     		.2byte	(.L22-.L21)/2
 285 0024 1E00     		.2byte	(.L19-.L21)/2
 286 0026 1E00     		.2byte	(.L19-.L21)/2
 287 0028 1E00     		.2byte	(.L19-.L21)/2
 288 002a 1E00     		.2byte	(.L19-.L21)/2
 289 002c 1E00     		.2byte	(.L19-.L21)/2
 290 002e 1E00     		.2byte	(.L19-.L21)/2
 291 0030 B701     		.2byte	(.L20-.L21)/2
 292              		.p2align 1
 293              	.L18:
 294 0032 9428     		cmp	r0, #148
 295 0034 00D1     		bne	.LCB210
 296 0036 17E2     		b	.L29	@long jump
ARM GAS  /tmp/ccksLSA3.s 			page 35


 297              	.LCB210:
 298 0038 0AD8     		bhi	.L30
 299 003a 9228     		cmp	r0, #146
 300 003c 00D1     		bne	.LCB215
 301 003e C5E1     		b	.L31	@long jump
 302              	.LCB215:
 303 0040 9328     		cmp	r0, #147
 304 0042 00D1     		bne	.LCB217
 305 0044 E9E1     		b	.L32	@long jump
 306              	.LCB217:
 307 0046 2028     		cmp	r0, #32
 308 0048 00D1     		bne	.LCB219
 309 004a 24E2     		b	.L33	@long jump
 310              	.LCB219:
 311              	.LVL1:
 312              	.L19:
 376:../../../../..//Middlewares/ST/STM32_Secure_Engine/Core/se_callgate.c ****   {
 377:../../../../..//Middlewares/ST/STM32_Secure_Engine/Core/se_callgate.c ****     /* ==================================== */
 378:../../../../..//Middlewares/ST/STM32_Secure_Engine/Core/se_callgate.c ****     /* ===== INTERRUPT HANDLING PART  ===== */
 379:../../../../..//Middlewares/ST/STM32_Secure_Engine/Core/se_callgate.c ****     /* ==================================== */
 380:../../../../..//Middlewares/ST/STM32_Secure_Engine/Core/se_callgate.c ****     case SE_EXIT_INTERRUPT:
 381:../../../../..//Middlewares/ST/STM32_Secure_Engine/Core/se_callgate.c ****     {
 382:../../../../..//Middlewares/ST/STM32_Secure_Engine/Core/se_callgate.c **** #if defined(IT_MANAGEMENT)
 383:../../../../..//Middlewares/ST/STM32_Secure_Engine/Core/se_callgate.c ****       /* Exit the Handler Mode */
 384:../../../../..//Middlewares/ST/STM32_Secure_Engine/Core/se_callgate.c ****       SE_ExitHandler_Service();
 385:../../../../..//Middlewares/ST/STM32_Secure_Engine/Core/se_callgate.c **** 
 386:../../../../..//Middlewares/ST/STM32_Secure_Engine/Core/se_callgate.c ****       /* We shall not raise this point ! */
 387:../../../../..//Middlewares/ST/STM32_Secure_Engine/Core/se_callgate.c ****       NVIC_SystemReset();
 388:../../../../..//Middlewares/ST/STM32_Secure_Engine/Core/se_callgate.c **** #endif /* IT_MANAGEMENT */
 389:../../../../..//Middlewares/ST/STM32_Secure_Engine/Core/se_callgate.c ****       break;
 390:../../../../..//Middlewares/ST/STM32_Secure_Engine/Core/se_callgate.c ****     }
 391:../../../../..//Middlewares/ST/STM32_Secure_Engine/Core/se_callgate.c **** 
 392:../../../../..//Middlewares/ST/STM32_Secure_Engine/Core/se_callgate.c **** 
 393:../../../../..//Middlewares/ST/STM32_Secure_Engine/Core/se_callgate.c ****     /* ============================ */
 394:../../../../..//Middlewares/ST/STM32_Secure_Engine/Core/se_callgate.c ****     /* ===== BOOTLOADER PART  ===== */
 395:../../../../..//Middlewares/ST/STM32_Secure_Engine/Core/se_callgate.c ****     /* ============================ */
 396:../../../../..//Middlewares/ST/STM32_Secure_Engine/Core/se_callgate.c ****     case SE_INIT_ID:
 397:../../../../..//Middlewares/ST/STM32_Secure_Engine/Core/se_callgate.c ****     {
 398:../../../../..//Middlewares/ST/STM32_Secure_Engine/Core/se_callgate.c ****       uint32_t se_system_core_clock;
 399:../../../../..//Middlewares/ST/STM32_Secure_Engine/Core/se_callgate.c **** 
 400:../../../../..//Middlewares/ST/STM32_Secure_Engine/Core/se_callgate.c ****       /* Check that the Secure Engine services are not locked */
 401:../../../../..//Middlewares/ST/STM32_Secure_Engine/Core/se_callgate.c ****       IS_SE_LOCKED_SERVICES();
 402:../../../../..//Middlewares/ST/STM32_Secure_Engine/Core/se_callgate.c **** 
 403:../../../../..//Middlewares/ST/STM32_Secure_Engine/Core/se_callgate.c ****       /* Retrieve argument(s) */
 404:../../../../..//Middlewares/ST/STM32_Secure_Engine/Core/se_callgate.c ****       se_system_core_clock = va_arg(arguments, uint32_t);
 405:../../../../..//Middlewares/ST/STM32_Secure_Engine/Core/se_callgate.c **** 
 406:../../../../..//Middlewares/ST/STM32_Secure_Engine/Core/se_callgate.c ****       /* Double Check to avoid basic fault injection : Check that the Secure Engine services are no
 407:../../../../..//Middlewares/ST/STM32_Secure_Engine/Core/se_callgate.c ****       IS_SE_LOCKED_SERVICES();
 408:../../../../..//Middlewares/ST/STM32_Secure_Engine/Core/se_callgate.c **** 
 409:../../../../..//Middlewares/ST/STM32_Secure_Engine/Core/se_callgate.c ****       /* Initialization of SystemCoreClock variable in Secure Engine binary */
 410:../../../../..//Middlewares/ST/STM32_Secure_Engine/Core/se_callgate.c ****       SE_SetSystemCoreClock(se_system_core_clock);
 411:../../../../..//Middlewares/ST/STM32_Secure_Engine/Core/se_callgate.c **** 
 412:../../../../..//Middlewares/ST/STM32_Secure_Engine/Core/se_callgate.c **** #if defined(CKS_ENABLED)
 413:../../../../..//Middlewares/ST/STM32_Secure_Engine/Core/se_callgate.c ****       /* Init communication for keys management with CPU2 */
 414:../../../../..//Middlewares/ST/STM32_Secure_Engine/Core/se_callgate.c ****       CM0_Init();
 415:../../../../..//Middlewares/ST/STM32_Secure_Engine/Core/se_callgate.c **** #endif /* defined(CKS_ENABLED) */
 416:../../../../..//Middlewares/ST/STM32_Secure_Engine/Core/se_callgate.c **** 
ARM GAS  /tmp/ccksLSA3.s 			page 36


 417:../../../../..//Middlewares/ST/STM32_Secure_Engine/Core/se_callgate.c ****       *peSE_Status = SE_OK;
 418:../../../../..//Middlewares/ST/STM32_Secure_Engine/Core/se_callgate.c ****       e_ret_status = SE_SUCCESS;
 419:../../../../..//Middlewares/ST/STM32_Secure_Engine/Core/se_callgate.c **** 
 420:../../../../..//Middlewares/ST/STM32_Secure_Engine/Core/se_callgate.c ****       /* NOTE : Other initialization may be added here. */
 421:../../../../..//Middlewares/ST/STM32_Secure_Engine/Core/se_callgate.c ****       break;
 422:../../../../..//Middlewares/ST/STM32_Secure_Engine/Core/se_callgate.c ****     }
 423:../../../../..//Middlewares/ST/STM32_Secure_Engine/Core/se_callgate.c **** 
 424:../../../../..//Middlewares/ST/STM32_Secure_Engine/Core/se_callgate.c ****     case SE_CRYPTO_LL_DECRYPT_INIT_ID:
 425:../../../../..//Middlewares/ST/STM32_Secure_Engine/Core/se_callgate.c ****     {
 426:../../../../..//Middlewares/ST/STM32_Secure_Engine/Core/se_callgate.c **** #ifndef KMS_ENABLED
 427:../../../../..//Middlewares/ST/STM32_Secure_Engine/Core/se_callgate.c ****       SE_FwRawHeaderTypeDef *p_x_se_Metadata;
 428:../../../../..//Middlewares/ST/STM32_Secure_Engine/Core/se_callgate.c ****       uint32_t se_FwType;
 429:../../../../..//Middlewares/ST/STM32_Secure_Engine/Core/se_callgate.c **** 
 430:../../../../..//Middlewares/ST/STM32_Secure_Engine/Core/se_callgate.c ****       /* Check that the Secure Engine services are not locked */
 431:../../../../..//Middlewares/ST/STM32_Secure_Engine/Core/se_callgate.c ****       IS_SE_LOCKED_SERVICES();
 432:../../../../..//Middlewares/ST/STM32_Secure_Engine/Core/se_callgate.c **** 
 433:../../../../..//Middlewares/ST/STM32_Secure_Engine/Core/se_callgate.c ****       /* Retrieve argument(s) */
 434:../../../../..//Middlewares/ST/STM32_Secure_Engine/Core/se_callgate.c ****       p_x_se_Metadata = va_arg(arguments, SE_FwRawHeaderTypeDef *);
 435:../../../../..//Middlewares/ST/STM32_Secure_Engine/Core/se_callgate.c ****       se_FwType = va_arg(arguments, uint32_t);
 436:../../../../..//Middlewares/ST/STM32_Secure_Engine/Core/se_callgate.c **** 
 437:../../../../..//Middlewares/ST/STM32_Secure_Engine/Core/se_callgate.c ****       /* CRC configuration may have been changed by application */
 438:../../../../..//Middlewares/ST/STM32_Secure_Engine/Core/se_callgate.c ****       if (SE_LL_CRC_Config() == SE_ERROR)
 439:../../../../..//Middlewares/ST/STM32_Secure_Engine/Core/se_callgate.c ****       {
 440:../../../../..//Middlewares/ST/STM32_Secure_Engine/Core/se_callgate.c ****         e_ret_status = SE_ERROR;
 441:../../../../..//Middlewares/ST/STM32_Secure_Engine/Core/se_callgate.c ****         break;
 442:../../../../..//Middlewares/ST/STM32_Secure_Engine/Core/se_callgate.c ****       }
 443:../../../../..//Middlewares/ST/STM32_Secure_Engine/Core/se_callgate.c **** 
 444:../../../../..//Middlewares/ST/STM32_Secure_Engine/Core/se_callgate.c ****       /* Check the Init structure allocation */
 445:../../../../..//Middlewares/ST/STM32_Secure_Engine/Core/se_callgate.c ****       if (SE_LL_Buffer_in_SBSFU_ram(p_x_se_Metadata, sizeof(*p_x_se_Metadata)) != SE_SUCCESS)
 446:../../../../..//Middlewares/ST/STM32_Secure_Engine/Core/se_callgate.c ****       {
 447:../../../../..//Middlewares/ST/STM32_Secure_Engine/Core/se_callgate.c ****         e_ret_status = SE_ERROR;
 448:../../../../..//Middlewares/ST/STM32_Secure_Engine/Core/se_callgate.c ****         break;
 449:../../../../..//Middlewares/ST/STM32_Secure_Engine/Core/se_callgate.c ****       }
 450:../../../../..//Middlewares/ST/STM32_Secure_Engine/Core/se_callgate.c **** 
 451:../../../../..//Middlewares/ST/STM32_Secure_Engine/Core/se_callgate.c ****       /* Check the Fw Type parameter value */
 452:../../../../..//Middlewares/ST/STM32_Secure_Engine/Core/se_callgate.c ****       if ((se_FwType != SE_FW_IMAGE_COMPLETE) && (se_FwType != SE_FW_IMAGE_PARTIAL))
 453:../../../../..//Middlewares/ST/STM32_Secure_Engine/Core/se_callgate.c ****       {
 454:../../../../..//Middlewares/ST/STM32_Secure_Engine/Core/se_callgate.c ****         e_ret_status = SE_ERROR;
 455:../../../../..//Middlewares/ST/STM32_Secure_Engine/Core/se_callgate.c ****         break;
 456:../../../../..//Middlewares/ST/STM32_Secure_Engine/Core/se_callgate.c ****       }
 457:../../../../..//Middlewares/ST/STM32_Secure_Engine/Core/se_callgate.c **** 
 458:../../../../..//Middlewares/ST/STM32_Secure_Engine/Core/se_callgate.c ****       /* Double Check to avoid basic fault injection : Check that the Secure Engine services are no
 459:../../../../..//Middlewares/ST/STM32_Secure_Engine/Core/se_callgate.c ****       IS_SE_LOCKED_SERVICES();
 460:../../../../..//Middlewares/ST/STM32_Secure_Engine/Core/se_callgate.c **** 
 461:../../../../..//Middlewares/ST/STM32_Secure_Engine/Core/se_callgate.c ****       /* Double Check to avoid basic fault injection : Check the Init structure allocation */
 462:../../../../..//Middlewares/ST/STM32_Secure_Engine/Core/se_callgate.c ****       if (SE_LL_Buffer_in_SBSFU_ram(p_x_se_Metadata, sizeof(*p_x_se_Metadata)) != SE_SUCCESS)
 463:../../../../..//Middlewares/ST/STM32_Secure_Engine/Core/se_callgate.c ****       {
 464:../../../../..//Middlewares/ST/STM32_Secure_Engine/Core/se_callgate.c ****         e_ret_status = SE_ERROR;
 465:../../../../..//Middlewares/ST/STM32_Secure_Engine/Core/se_callgate.c ****         break;
 466:../../../../..//Middlewares/ST/STM32_Secure_Engine/Core/se_callgate.c ****       }
 467:../../../../..//Middlewares/ST/STM32_Secure_Engine/Core/se_callgate.c ****       /*
 468:../../../../..//Middlewares/ST/STM32_Secure_Engine/Core/se_callgate.c ****        * The se_callgate code must be crypto-agnostic.
 469:../../../../..//Middlewares/ST/STM32_Secure_Engine/Core/se_callgate.c ****        * But, when it comes to decrypt, we can use:
 470:../../../../..//Middlewares/ST/STM32_Secure_Engine/Core/se_callgate.c ****        * - either a real decrypt operation (AES GCM or AES CBC FW encryption)
 471:../../../../..//Middlewares/ST/STM32_Secure_Engine/Core/se_callgate.c ****        * - or no decrypt (clear FW)
 472:../../../../..//Middlewares/ST/STM32_Secure_Engine/Core/se_callgate.c ****        * As a consequence, retrieving the key cannot be done at the call gate stage.
 473:../../../../..//Middlewares/ST/STM32_Secure_Engine/Core/se_callgate.c ****        * This is implemented in the SE_CRYPTO_Decrypt_Init code.
ARM GAS  /tmp/ccksLSA3.s 			page 37


 474:../../../../..//Middlewares/ST/STM32_Secure_Engine/Core/se_callgate.c ****        */
 475:../../../../..//Middlewares/ST/STM32_Secure_Engine/Core/se_callgate.c **** 
 476:../../../../..//Middlewares/ST/STM32_Secure_Engine/Core/se_callgate.c ****       /* Call SE CRYPTO function */
 477:../../../../..//Middlewares/ST/STM32_Secure_Engine/Core/se_callgate.c ****       e_ret_status = SE_CRYPTO_Decrypt_Init(p_x_se_Metadata, se_FwType);
 478:../../../../..//Middlewares/ST/STM32_Secure_Engine/Core/se_callgate.c **** #endif /* !KMS_ENABLED */
 479:../../../../..//Middlewares/ST/STM32_Secure_Engine/Core/se_callgate.c ****       break;
 480:../../../../..//Middlewares/ST/STM32_Secure_Engine/Core/se_callgate.c ****     }
 481:../../../../..//Middlewares/ST/STM32_Secure_Engine/Core/se_callgate.c **** 
 482:../../../../..//Middlewares/ST/STM32_Secure_Engine/Core/se_callgate.c ****     case SE_CRYPTO_LL_DECRYPT_APPEND_ID:
 483:../../../../..//Middlewares/ST/STM32_Secure_Engine/Core/se_callgate.c ****     {
 484:../../../../..//Middlewares/ST/STM32_Secure_Engine/Core/se_callgate.c **** #ifndef KMS_ENABLED
 485:../../../../..//Middlewares/ST/STM32_Secure_Engine/Core/se_callgate.c ****       const uint8_t *input_buffer;
 486:../../../../..//Middlewares/ST/STM32_Secure_Engine/Core/se_callgate.c ****       int32_t      input_size;
 487:../../../../..//Middlewares/ST/STM32_Secure_Engine/Core/se_callgate.c ****       uint8_t      *output_buffer;
 488:../../../../..//Middlewares/ST/STM32_Secure_Engine/Core/se_callgate.c ****       int32_t      *output_size;
 489:../../../../..//Middlewares/ST/STM32_Secure_Engine/Core/se_callgate.c **** 
 490:../../../../..//Middlewares/ST/STM32_Secure_Engine/Core/se_callgate.c ****       /* Check that the Secure Engine services are not locked */
 491:../../../../..//Middlewares/ST/STM32_Secure_Engine/Core/se_callgate.c ****       IS_SE_LOCKED_SERVICES();
 492:../../../../..//Middlewares/ST/STM32_Secure_Engine/Core/se_callgate.c **** 
 493:../../../../..//Middlewares/ST/STM32_Secure_Engine/Core/se_callgate.c ****       /* Retrieve argument(s) */
 494:../../../../..//Middlewares/ST/STM32_Secure_Engine/Core/se_callgate.c ****       input_buffer = va_arg(arguments, const uint8_t *);
 495:../../../../..//Middlewares/ST/STM32_Secure_Engine/Core/se_callgate.c ****       input_size = va_arg(arguments, int32_t);
 496:../../../../..//Middlewares/ST/STM32_Secure_Engine/Core/se_callgate.c ****       output_buffer = va_arg(arguments, uint8_t *);
 497:../../../../..//Middlewares/ST/STM32_Secure_Engine/Core/se_callgate.c ****       output_size = va_arg(arguments, int32_t *);
 498:../../../../..//Middlewares/ST/STM32_Secure_Engine/Core/se_callgate.c **** 
 499:../../../../..//Middlewares/ST/STM32_Secure_Engine/Core/se_callgate.c ****       /* CRC configuration may have been changed by application */
 500:../../../../..//Middlewares/ST/STM32_Secure_Engine/Core/se_callgate.c ****       if (SE_LL_CRC_Config() == SE_ERROR)
 501:../../../../..//Middlewares/ST/STM32_Secure_Engine/Core/se_callgate.c ****       {
 502:../../../../..//Middlewares/ST/STM32_Secure_Engine/Core/se_callgate.c ****         e_ret_status = SE_ERROR;
 503:../../../../..//Middlewares/ST/STM32_Secure_Engine/Core/se_callgate.c ****         break;
 504:../../../../..//Middlewares/ST/STM32_Secure_Engine/Core/se_callgate.c ****       }
 505:../../../../..//Middlewares/ST/STM32_Secure_Engine/Core/se_callgate.c **** 
 506:../../../../..//Middlewares/ST/STM32_Secure_Engine/Core/se_callgate.c ****       /* Check the pointers allocation */
 507:../../../../..//Middlewares/ST/STM32_Secure_Engine/Core/se_callgate.c ****       if (input_size <= 0)
 508:../../../../..//Middlewares/ST/STM32_Secure_Engine/Core/se_callgate.c ****       {
 509:../../../../..//Middlewares/ST/STM32_Secure_Engine/Core/se_callgate.c ****         e_ret_status = SE_ERROR;
 510:../../../../..//Middlewares/ST/STM32_Secure_Engine/Core/se_callgate.c ****         break;
 511:../../../../..//Middlewares/ST/STM32_Secure_Engine/Core/se_callgate.c ****       }
 512:../../../../..//Middlewares/ST/STM32_Secure_Engine/Core/se_callgate.c ****       if (SE_LL_Buffer_in_SBSFU_ram(input_buffer, (uint32_t)input_size) != SE_SUCCESS)
 513:../../../../..//Middlewares/ST/STM32_Secure_Engine/Core/se_callgate.c ****       {
 514:../../../../..//Middlewares/ST/STM32_Secure_Engine/Core/se_callgate.c ****         e_ret_status = SE_ERROR;
 515:../../../../..//Middlewares/ST/STM32_Secure_Engine/Core/se_callgate.c ****         break;
 516:../../../../..//Middlewares/ST/STM32_Secure_Engine/Core/se_callgate.c ****       }
 517:../../../../..//Middlewares/ST/STM32_Secure_Engine/Core/se_callgate.c ****       if (SE_LL_Buffer_in_SBSFU_ram(output_size, sizeof(*output_size)) != SE_SUCCESS)
 518:../../../../..//Middlewares/ST/STM32_Secure_Engine/Core/se_callgate.c ****       {
 519:../../../../..//Middlewares/ST/STM32_Secure_Engine/Core/se_callgate.c ****         e_ret_status = SE_ERROR;
 520:../../../../..//Middlewares/ST/STM32_Secure_Engine/Core/se_callgate.c ****         break;
 521:../../../../..//Middlewares/ST/STM32_Secure_Engine/Core/se_callgate.c ****       }
 522:../../../../..//Middlewares/ST/STM32_Secure_Engine/Core/se_callgate.c ****       if (SE_LL_Buffer_in_SBSFU_ram(output_buffer, (uint32_t)input_size) != SE_SUCCESS)
 523:../../../../..//Middlewares/ST/STM32_Secure_Engine/Core/se_callgate.c ****       {
 524:../../../../..//Middlewares/ST/STM32_Secure_Engine/Core/se_callgate.c ****         e_ret_status = SE_ERROR;
 525:../../../../..//Middlewares/ST/STM32_Secure_Engine/Core/se_callgate.c ****         break;
 526:../../../../..//Middlewares/ST/STM32_Secure_Engine/Core/se_callgate.c ****       }
 527:../../../../..//Middlewares/ST/STM32_Secure_Engine/Core/se_callgate.c **** 
 528:../../../../..//Middlewares/ST/STM32_Secure_Engine/Core/se_callgate.c ****       /* Double Check to avoid basic fault injection : Check that the Secure Engine services are no
 529:../../../../..//Middlewares/ST/STM32_Secure_Engine/Core/se_callgate.c ****       IS_SE_LOCKED_SERVICES();
 530:../../../../..//Middlewares/ST/STM32_Secure_Engine/Core/se_callgate.c **** 
ARM GAS  /tmp/ccksLSA3.s 			page 38


 531:../../../../..//Middlewares/ST/STM32_Secure_Engine/Core/se_callgate.c ****       /* Double Check to avoid basic fault injection : Check the pointers allocation */
 532:../../../../..//Middlewares/ST/STM32_Secure_Engine/Core/se_callgate.c ****       if (input_size <= 0)
 533:../../../../..//Middlewares/ST/STM32_Secure_Engine/Core/se_callgate.c ****       {
 534:../../../../..//Middlewares/ST/STM32_Secure_Engine/Core/se_callgate.c ****         e_ret_status = SE_ERROR;
 535:../../../../..//Middlewares/ST/STM32_Secure_Engine/Core/se_callgate.c ****         break;
 536:../../../../..//Middlewares/ST/STM32_Secure_Engine/Core/se_callgate.c ****       }
 537:../../../../..//Middlewares/ST/STM32_Secure_Engine/Core/se_callgate.c ****       if (SE_LL_Buffer_in_SBSFU_ram(input_buffer, (uint32_t)input_size) != SE_SUCCESS)
 538:../../../../..//Middlewares/ST/STM32_Secure_Engine/Core/se_callgate.c ****       {
 539:../../../../..//Middlewares/ST/STM32_Secure_Engine/Core/se_callgate.c ****         e_ret_status = SE_ERROR;
 540:../../../../..//Middlewares/ST/STM32_Secure_Engine/Core/se_callgate.c ****         break;
 541:../../../../..//Middlewares/ST/STM32_Secure_Engine/Core/se_callgate.c ****       }
 542:../../../../..//Middlewares/ST/STM32_Secure_Engine/Core/se_callgate.c ****       if (SE_LL_Buffer_in_SBSFU_ram(output_size, sizeof(*output_size)) != SE_SUCCESS)
 543:../../../../..//Middlewares/ST/STM32_Secure_Engine/Core/se_callgate.c ****       {
 544:../../../../..//Middlewares/ST/STM32_Secure_Engine/Core/se_callgate.c ****         e_ret_status = SE_ERROR;
 545:../../../../..//Middlewares/ST/STM32_Secure_Engine/Core/se_callgate.c ****         break;
 546:../../../../..//Middlewares/ST/STM32_Secure_Engine/Core/se_callgate.c ****       }
 547:../../../../..//Middlewares/ST/STM32_Secure_Engine/Core/se_callgate.c ****       if (SE_LL_Buffer_in_SBSFU_ram(output_buffer, (uint32_t)input_size) != SE_SUCCESS)
 548:../../../../..//Middlewares/ST/STM32_Secure_Engine/Core/se_callgate.c ****       {
 549:../../../../..//Middlewares/ST/STM32_Secure_Engine/Core/se_callgate.c ****         e_ret_status = SE_ERROR;
 550:../../../../..//Middlewares/ST/STM32_Secure_Engine/Core/se_callgate.c ****         break;
 551:../../../../..//Middlewares/ST/STM32_Secure_Engine/Core/se_callgate.c ****       }
 552:../../../../..//Middlewares/ST/STM32_Secure_Engine/Core/se_callgate.c **** 
 553:../../../../..//Middlewares/ST/STM32_Secure_Engine/Core/se_callgate.c ****       /* Call SE CRYPTO function */
 554:../../../../..//Middlewares/ST/STM32_Secure_Engine/Core/se_callgate.c ****       e_ret_status = SE_CRYPTO_Decrypt_Append(input_buffer, input_size, output_buffer, output_size)
 555:../../../../..//Middlewares/ST/STM32_Secure_Engine/Core/se_callgate.c **** #endif /* !KMS_ENABLED */
 556:../../../../..//Middlewares/ST/STM32_Secure_Engine/Core/se_callgate.c ****       break;
 557:../../../../..//Middlewares/ST/STM32_Secure_Engine/Core/se_callgate.c ****     }
 558:../../../../..//Middlewares/ST/STM32_Secure_Engine/Core/se_callgate.c **** 
 559:../../../../..//Middlewares/ST/STM32_Secure_Engine/Core/se_callgate.c ****     case SE_CRYPTO_LL_DECRYPT_FINISH_ID:
 560:../../../../..//Middlewares/ST/STM32_Secure_Engine/Core/se_callgate.c ****     {
 561:../../../../..//Middlewares/ST/STM32_Secure_Engine/Core/se_callgate.c **** #ifndef KMS_ENABLED
 562:../../../../..//Middlewares/ST/STM32_Secure_Engine/Core/se_callgate.c ****       uint8_t      *output_buffer;
 563:../../../../..//Middlewares/ST/STM32_Secure_Engine/Core/se_callgate.c ****       int32_t      *output_size;
 564:../../../../..//Middlewares/ST/STM32_Secure_Engine/Core/se_callgate.c **** 
 565:../../../../..//Middlewares/ST/STM32_Secure_Engine/Core/se_callgate.c ****       /* Check that the Secure Engine services are not locked */
 566:../../../../..//Middlewares/ST/STM32_Secure_Engine/Core/se_callgate.c ****       IS_SE_LOCKED_SERVICES();
 567:../../../../..//Middlewares/ST/STM32_Secure_Engine/Core/se_callgate.c **** 
 568:../../../../..//Middlewares/ST/STM32_Secure_Engine/Core/se_callgate.c ****       /* Retrieve argument(s) */
 569:../../../../..//Middlewares/ST/STM32_Secure_Engine/Core/se_callgate.c ****       output_buffer = va_arg(arguments, uint8_t *);
 570:../../../../..//Middlewares/ST/STM32_Secure_Engine/Core/se_callgate.c ****       output_size = va_arg(arguments, int32_t *);
 571:../../../../..//Middlewares/ST/STM32_Secure_Engine/Core/se_callgate.c **** 
 572:../../../../..//Middlewares/ST/STM32_Secure_Engine/Core/se_callgate.c ****       /* CRC configuration may have been changed by application */
 573:../../../../..//Middlewares/ST/STM32_Secure_Engine/Core/se_callgate.c ****       if (SE_LL_CRC_Config() == SE_ERROR)
 574:../../../../..//Middlewares/ST/STM32_Secure_Engine/Core/se_callgate.c ****       {
 575:../../../../..//Middlewares/ST/STM32_Secure_Engine/Core/se_callgate.c ****         e_ret_status = SE_ERROR;
 576:../../../../..//Middlewares/ST/STM32_Secure_Engine/Core/se_callgate.c ****         break;
 577:../../../../..//Middlewares/ST/STM32_Secure_Engine/Core/se_callgate.c ****       }
 578:../../../../..//Middlewares/ST/STM32_Secure_Engine/Core/se_callgate.c **** 
 579:../../../../..//Middlewares/ST/STM32_Secure_Engine/Core/se_callgate.c ****       /* Check the pointers allocation */
 580:../../../../..//Middlewares/ST/STM32_Secure_Engine/Core/se_callgate.c ****       if (SE_LL_Buffer_in_SBSFU_ram(output_size, sizeof(*output_size)) != SE_SUCCESS)
 581:../../../../..//Middlewares/ST/STM32_Secure_Engine/Core/se_callgate.c ****       {
 582:../../../../..//Middlewares/ST/STM32_Secure_Engine/Core/se_callgate.c ****         e_ret_status = SE_ERROR;
 583:../../../../..//Middlewares/ST/STM32_Secure_Engine/Core/se_callgate.c ****         break;
 584:../../../../..//Middlewares/ST/STM32_Secure_Engine/Core/se_callgate.c ****       }
 585:../../../../..//Middlewares/ST/STM32_Secure_Engine/Core/se_callgate.c ****       /* In AES-GCM 16 bytes can be written  */
 586:../../../../..//Middlewares/ST/STM32_Secure_Engine/Core/se_callgate.c ****       if (SE_LL_Buffer_in_SBSFU_ram(output_buffer, (uint32_t)16U) != SE_SUCCESS)
 587:../../../../..//Middlewares/ST/STM32_Secure_Engine/Core/se_callgate.c ****       {
ARM GAS  /tmp/ccksLSA3.s 			page 39


 588:../../../../..//Middlewares/ST/STM32_Secure_Engine/Core/se_callgate.c ****         e_ret_status = SE_ERROR;
 589:../../../../..//Middlewares/ST/STM32_Secure_Engine/Core/se_callgate.c ****         break;
 590:../../../../..//Middlewares/ST/STM32_Secure_Engine/Core/se_callgate.c ****       }
 591:../../../../..//Middlewares/ST/STM32_Secure_Engine/Core/se_callgate.c **** 
 592:../../../../..//Middlewares/ST/STM32_Secure_Engine/Core/se_callgate.c ****       /* Double Check to avoid basic fault injection : Check that the Secure Engine services are no
 593:../../../../..//Middlewares/ST/STM32_Secure_Engine/Core/se_callgate.c ****       IS_SE_LOCKED_SERVICES();
 594:../../../../..//Middlewares/ST/STM32_Secure_Engine/Core/se_callgate.c **** 
 595:../../../../..//Middlewares/ST/STM32_Secure_Engine/Core/se_callgate.c ****       /* Double Check to avoid basic fault injection : Check the pointers allocation */
 596:../../../../..//Middlewares/ST/STM32_Secure_Engine/Core/se_callgate.c ****       if (SE_LL_Buffer_in_SBSFU_ram(output_size, sizeof(*output_size)) != SE_SUCCESS)
 597:../../../../..//Middlewares/ST/STM32_Secure_Engine/Core/se_callgate.c ****       {
 598:../../../../..//Middlewares/ST/STM32_Secure_Engine/Core/se_callgate.c ****         e_ret_status = SE_ERROR;
 599:../../../../..//Middlewares/ST/STM32_Secure_Engine/Core/se_callgate.c ****         break;
 600:../../../../..//Middlewares/ST/STM32_Secure_Engine/Core/se_callgate.c ****       }
 601:../../../../..//Middlewares/ST/STM32_Secure_Engine/Core/se_callgate.c **** 
 602:../../../../..//Middlewares/ST/STM32_Secure_Engine/Core/se_callgate.c ****       /* In AES-GCM 16 bytes can be written  */
 603:../../../../..//Middlewares/ST/STM32_Secure_Engine/Core/se_callgate.c ****       if (SE_LL_Buffer_in_SBSFU_ram(output_buffer, (uint32_t)16U) != SE_SUCCESS)
 604:../../../../..//Middlewares/ST/STM32_Secure_Engine/Core/se_callgate.c ****       {
 605:../../../../..//Middlewares/ST/STM32_Secure_Engine/Core/se_callgate.c ****         e_ret_status = SE_ERROR;
 606:../../../../..//Middlewares/ST/STM32_Secure_Engine/Core/se_callgate.c ****         break;
 607:../../../../..//Middlewares/ST/STM32_Secure_Engine/Core/se_callgate.c ****       }
 608:../../../../..//Middlewares/ST/STM32_Secure_Engine/Core/se_callgate.c **** 
 609:../../../../..//Middlewares/ST/STM32_Secure_Engine/Core/se_callgate.c ****       /* Call SE CRYPTO function */
 610:../../../../..//Middlewares/ST/STM32_Secure_Engine/Core/se_callgate.c ****       e_ret_status =  SE_CRYPTO_Decrypt_Finish(output_buffer, output_size);
 611:../../../../..//Middlewares/ST/STM32_Secure_Engine/Core/se_callgate.c **** #endif /* !KMS_ENABLED */
 612:../../../../..//Middlewares/ST/STM32_Secure_Engine/Core/se_callgate.c ****       break;
 613:../../../../..//Middlewares/ST/STM32_Secure_Engine/Core/se_callgate.c ****     }
 614:../../../../..//Middlewares/ST/STM32_Secure_Engine/Core/se_callgate.c **** 
 615:../../../../..//Middlewares/ST/STM32_Secure_Engine/Core/se_callgate.c ****     case SE_CRYPTO_LL_AUTHENTICATE_FW_INIT_ID:
 616:../../../../..//Middlewares/ST/STM32_Secure_Engine/Core/se_callgate.c ****     {
 617:../../../../..//Middlewares/ST/STM32_Secure_Engine/Core/se_callgate.c **** #ifndef KMS_ENABLED
 618:../../../../..//Middlewares/ST/STM32_Secure_Engine/Core/se_callgate.c ****       SE_FwRawHeaderTypeDef *p_x_se_Metadata;
 619:../../../../..//Middlewares/ST/STM32_Secure_Engine/Core/se_callgate.c ****       uint32_t se_FwType;
 620:../../../../..//Middlewares/ST/STM32_Secure_Engine/Core/se_callgate.c **** 
 621:../../../../..//Middlewares/ST/STM32_Secure_Engine/Core/se_callgate.c ****       /* Check that the Secure Engine services are not locked */
 622:../../../../..//Middlewares/ST/STM32_Secure_Engine/Core/se_callgate.c ****       IS_SE_LOCKED_SERVICES();
 623:../../../../..//Middlewares/ST/STM32_Secure_Engine/Core/se_callgate.c **** 
 624:../../../../..//Middlewares/ST/STM32_Secure_Engine/Core/se_callgate.c ****       /* Retrieve argument(s) */
 625:../../../../..//Middlewares/ST/STM32_Secure_Engine/Core/se_callgate.c ****       p_x_se_Metadata = va_arg(arguments, SE_FwRawHeaderTypeDef *);
 626:../../../../..//Middlewares/ST/STM32_Secure_Engine/Core/se_callgate.c ****       se_FwType = va_arg(arguments, uint32_t);
 627:../../../../..//Middlewares/ST/STM32_Secure_Engine/Core/se_callgate.c **** 
 628:../../../../..//Middlewares/ST/STM32_Secure_Engine/Core/se_callgate.c ****       /* CRC configuration may have been changed by application */
 629:../../../../..//Middlewares/ST/STM32_Secure_Engine/Core/se_callgate.c ****       if (SE_LL_CRC_Config() == SE_ERROR)
 630:../../../../..//Middlewares/ST/STM32_Secure_Engine/Core/se_callgate.c ****       {
 631:../../../../..//Middlewares/ST/STM32_Secure_Engine/Core/se_callgate.c ****         e_ret_status = SE_ERROR;
 632:../../../../..//Middlewares/ST/STM32_Secure_Engine/Core/se_callgate.c ****         break;
 633:../../../../..//Middlewares/ST/STM32_Secure_Engine/Core/se_callgate.c ****       }
 634:../../../../..//Middlewares/ST/STM32_Secure_Engine/Core/se_callgate.c **** 
 635:../../../../..//Middlewares/ST/STM32_Secure_Engine/Core/se_callgate.c ****       /* Check the Init structure allocation */
 636:../../../../..//Middlewares/ST/STM32_Secure_Engine/Core/se_callgate.c ****       if (SE_LL_Buffer_in_SBSFU_ram(p_x_se_Metadata, sizeof(*p_x_se_Metadata)) != SE_SUCCESS)
 637:../../../../..//Middlewares/ST/STM32_Secure_Engine/Core/se_callgate.c ****       {
 638:../../../../..//Middlewares/ST/STM32_Secure_Engine/Core/se_callgate.c ****         e_ret_status = SE_ERROR;
 639:../../../../..//Middlewares/ST/STM32_Secure_Engine/Core/se_callgate.c ****         break;
 640:../../../../..//Middlewares/ST/STM32_Secure_Engine/Core/se_callgate.c ****       }
 641:../../../../..//Middlewares/ST/STM32_Secure_Engine/Core/se_callgate.c **** 
 642:../../../../..//Middlewares/ST/STM32_Secure_Engine/Core/se_callgate.c ****       /* Check the Fw Type parameter value */
 643:../../../../..//Middlewares/ST/STM32_Secure_Engine/Core/se_callgate.c ****       if ((se_FwType != SE_FW_IMAGE_COMPLETE) && (se_FwType != SE_FW_IMAGE_PARTIAL))
 644:../../../../..//Middlewares/ST/STM32_Secure_Engine/Core/se_callgate.c ****       {
ARM GAS  /tmp/ccksLSA3.s 			page 40


 645:../../../../..//Middlewares/ST/STM32_Secure_Engine/Core/se_callgate.c ****         e_ret_status = SE_ERROR;
 646:../../../../..//Middlewares/ST/STM32_Secure_Engine/Core/se_callgate.c ****         break;
 647:../../../../..//Middlewares/ST/STM32_Secure_Engine/Core/se_callgate.c ****       }
 648:../../../../..//Middlewares/ST/STM32_Secure_Engine/Core/se_callgate.c **** 
 649:../../../../..//Middlewares/ST/STM32_Secure_Engine/Core/se_callgate.c ****       /* Double Check to avoid basic fault injection : Check that the Secure Engine services are no
 650:../../../../..//Middlewares/ST/STM32_Secure_Engine/Core/se_callgate.c ****       IS_SE_LOCKED_SERVICES();
 651:../../../../..//Middlewares/ST/STM32_Secure_Engine/Core/se_callgate.c **** 
 652:../../../../..//Middlewares/ST/STM32_Secure_Engine/Core/se_callgate.c ****       /* Double Check to avoid basic fault injection : Check the Init structure allocation */
 653:../../../../..//Middlewares/ST/STM32_Secure_Engine/Core/se_callgate.c ****       if (SE_LL_Buffer_in_SBSFU_ram(p_x_se_Metadata, sizeof(*p_x_se_Metadata)) != SE_SUCCESS)
 654:../../../../..//Middlewares/ST/STM32_Secure_Engine/Core/se_callgate.c ****       {
 655:../../../../..//Middlewares/ST/STM32_Secure_Engine/Core/se_callgate.c ****         e_ret_status = SE_ERROR;
 656:../../../../..//Middlewares/ST/STM32_Secure_Engine/Core/se_callgate.c ****         break;
 657:../../../../..//Middlewares/ST/STM32_Secure_Engine/Core/se_callgate.c ****       }
 658:../../../../..//Middlewares/ST/STM32_Secure_Engine/Core/se_callgate.c **** 
 659:../../../../..//Middlewares/ST/STM32_Secure_Engine/Core/se_callgate.c ****       /*
 660:../../../../..//Middlewares/ST/STM32_Secure_Engine/Core/se_callgate.c ****        * The se_callgate code must be crypto-agnostic.
 661:../../../../..//Middlewares/ST/STM32_Secure_Engine/Core/se_callgate.c ****        * But, when it comes to FW authentication, we can use:
 662:../../../../..//Middlewares/ST/STM32_Secure_Engine/Core/se_callgate.c ****        * - either AES GCM authentication
 663:../../../../..//Middlewares/ST/STM32_Secure_Engine/Core/se_callgate.c ****        * - or SHA256 (stored in an authenticated FW header)
 664:../../../../..//Middlewares/ST/STM32_Secure_Engine/Core/se_callgate.c ****        * So this service can rely:
 665:../../../../..//Middlewares/ST/STM32_Secure_Engine/Core/se_callgate.c ****        * - either on the symmetric key
 666:../../../../..//Middlewares/ST/STM32_Secure_Engine/Core/se_callgate.c ****        * - or a SHA256
 667:../../../../..//Middlewares/ST/STM32_Secure_Engine/Core/se_callgate.c ****        * As a consequence, retrieving the key cannot be done at the call gate stage.
 668:../../../../..//Middlewares/ST/STM32_Secure_Engine/Core/se_callgate.c ****        * This is implemented in the SE_CRYPTO_AuthenticateFW_Init code.
 669:../../../../..//Middlewares/ST/STM32_Secure_Engine/Core/se_callgate.c ****        */
 670:../../../../..//Middlewares/ST/STM32_Secure_Engine/Core/se_callgate.c **** 
 671:../../../../..//Middlewares/ST/STM32_Secure_Engine/Core/se_callgate.c ****       /* Call SE CRYPTO function */
 672:../../../../..//Middlewares/ST/STM32_Secure_Engine/Core/se_callgate.c ****       e_ret_status = SE_CRYPTO_AuthenticateFW_Init(p_x_se_Metadata, se_FwType);
 673:../../../../..//Middlewares/ST/STM32_Secure_Engine/Core/se_callgate.c **** #endif /* !KMS_ENABLED */
 674:../../../../..//Middlewares/ST/STM32_Secure_Engine/Core/se_callgate.c ****       break;
 675:../../../../..//Middlewares/ST/STM32_Secure_Engine/Core/se_callgate.c ****     }
 676:../../../../..//Middlewares/ST/STM32_Secure_Engine/Core/se_callgate.c **** 
 677:../../../../..//Middlewares/ST/STM32_Secure_Engine/Core/se_callgate.c ****     case SE_CRYPTO_LL_AUTHENTICATE_FW_APPEND_ID:
 678:../../../../..//Middlewares/ST/STM32_Secure_Engine/Core/se_callgate.c ****     {
 679:../../../../..//Middlewares/ST/STM32_Secure_Engine/Core/se_callgate.c **** #ifndef KMS_ENABLED
 680:../../../../..//Middlewares/ST/STM32_Secure_Engine/Core/se_callgate.c ****       const uint8_t *input_buffer;
 681:../../../../..//Middlewares/ST/STM32_Secure_Engine/Core/se_callgate.c ****       int32_t      input_size;
 682:../../../../..//Middlewares/ST/STM32_Secure_Engine/Core/se_callgate.c ****       uint8_t       *output_buffer;
 683:../../../../..//Middlewares/ST/STM32_Secure_Engine/Core/se_callgate.c ****       int32_t      *output_size;
 684:../../../../..//Middlewares/ST/STM32_Secure_Engine/Core/se_callgate.c **** 
 685:../../../../..//Middlewares/ST/STM32_Secure_Engine/Core/se_callgate.c ****       /* Check that the Secure Engine services are not locked */
 686:../../../../..//Middlewares/ST/STM32_Secure_Engine/Core/se_callgate.c ****       IS_SE_LOCKED_SERVICES();
 687:../../../../..//Middlewares/ST/STM32_Secure_Engine/Core/se_callgate.c **** 
 688:../../../../..//Middlewares/ST/STM32_Secure_Engine/Core/se_callgate.c ****       /* Retrieve argument(s) */
 689:../../../../..//Middlewares/ST/STM32_Secure_Engine/Core/se_callgate.c ****       input_buffer = va_arg(arguments, const uint8_t *);
 690:../../../../..//Middlewares/ST/STM32_Secure_Engine/Core/se_callgate.c ****       input_size = va_arg(arguments, int32_t);
 691:../../../../..//Middlewares/ST/STM32_Secure_Engine/Core/se_callgate.c ****       output_buffer = va_arg(arguments, uint8_t *);
 692:../../../../..//Middlewares/ST/STM32_Secure_Engine/Core/se_callgate.c ****       output_size = va_arg(arguments, int32_t *);
 693:../../../../..//Middlewares/ST/STM32_Secure_Engine/Core/se_callgate.c **** 
 694:../../../../..//Middlewares/ST/STM32_Secure_Engine/Core/se_callgate.c ****       /* CRC configuration may have been changed by application */
 695:../../../../..//Middlewares/ST/STM32_Secure_Engine/Core/se_callgate.c ****       if (SE_LL_CRC_Config() == SE_ERROR)
 696:../../../../..//Middlewares/ST/STM32_Secure_Engine/Core/se_callgate.c ****       {
 697:../../../../..//Middlewares/ST/STM32_Secure_Engine/Core/se_callgate.c ****         e_ret_status = SE_ERROR;
 698:../../../../..//Middlewares/ST/STM32_Secure_Engine/Core/se_callgate.c ****         break;
 699:../../../../..//Middlewares/ST/STM32_Secure_Engine/Core/se_callgate.c ****       }
 700:../../../../..//Middlewares/ST/STM32_Secure_Engine/Core/se_callgate.c **** 
 701:../../../../..//Middlewares/ST/STM32_Secure_Engine/Core/se_callgate.c ****       /* Check the pointers allocation */
ARM GAS  /tmp/ccksLSA3.s 			page 41


 702:../../../../..//Middlewares/ST/STM32_Secure_Engine/Core/se_callgate.c ****       if (input_size <= 0)
 703:../../../../..//Middlewares/ST/STM32_Secure_Engine/Core/se_callgate.c ****       {
 704:../../../../..//Middlewares/ST/STM32_Secure_Engine/Core/se_callgate.c ****         e_ret_status = SE_ERROR;
 705:../../../../..//Middlewares/ST/STM32_Secure_Engine/Core/se_callgate.c ****         break;
 706:../../../../..//Middlewares/ST/STM32_Secure_Engine/Core/se_callgate.c ****       }
 707:../../../../..//Middlewares/ST/STM32_Secure_Engine/Core/se_callgate.c ****       if (SE_LL_Buffer_in_SBSFU_ram(input_buffer, (uint32_t)input_size) != SE_SUCCESS)
 708:../../../../..//Middlewares/ST/STM32_Secure_Engine/Core/se_callgate.c ****       {
 709:../../../../..//Middlewares/ST/STM32_Secure_Engine/Core/se_callgate.c ****         e_ret_status = SE_ERROR;
 710:../../../../..//Middlewares/ST/STM32_Secure_Engine/Core/se_callgate.c ****         break;
 711:../../../../..//Middlewares/ST/STM32_Secure_Engine/Core/se_callgate.c ****       }
 712:../../../../..//Middlewares/ST/STM32_Secure_Engine/Core/se_callgate.c ****       if (SE_LL_Buffer_in_SBSFU_ram(output_size, sizeof(*output_size)) != SE_SUCCESS)
 713:../../../../..//Middlewares/ST/STM32_Secure_Engine/Core/se_callgate.c ****       {
 714:../../../../..//Middlewares/ST/STM32_Secure_Engine/Core/se_callgate.c ****         e_ret_status = SE_ERROR;
 715:../../../../..//Middlewares/ST/STM32_Secure_Engine/Core/se_callgate.c ****         break;
 716:../../../../..//Middlewares/ST/STM32_Secure_Engine/Core/se_callgate.c ****       }
 717:../../../../..//Middlewares/ST/STM32_Secure_Engine/Core/se_callgate.c ****       if (SE_LL_Buffer_in_SBSFU_ram(output_buffer, (uint32_t)input_size) != SE_SUCCESS)
 718:../../../../..//Middlewares/ST/STM32_Secure_Engine/Core/se_callgate.c ****       {
 719:../../../../..//Middlewares/ST/STM32_Secure_Engine/Core/se_callgate.c ****         e_ret_status = SE_ERROR;
 720:../../../../..//Middlewares/ST/STM32_Secure_Engine/Core/se_callgate.c ****         break;
 721:../../../../..//Middlewares/ST/STM32_Secure_Engine/Core/se_callgate.c ****       }
 722:../../../../..//Middlewares/ST/STM32_Secure_Engine/Core/se_callgate.c **** 
 723:../../../../..//Middlewares/ST/STM32_Secure_Engine/Core/se_callgate.c ****       /* Double Check to avoid basic fault injection : Check that the Secure Engine services are no
 724:../../../../..//Middlewares/ST/STM32_Secure_Engine/Core/se_callgate.c ****       IS_SE_LOCKED_SERVICES();
 725:../../../../..//Middlewares/ST/STM32_Secure_Engine/Core/se_callgate.c **** 
 726:../../../../..//Middlewares/ST/STM32_Secure_Engine/Core/se_callgate.c ****       /* Double Check to avoid basic fault injection : Check the pointers allocation */
 727:../../../../..//Middlewares/ST/STM32_Secure_Engine/Core/se_callgate.c ****       if (input_size <= 0)
 728:../../../../..//Middlewares/ST/STM32_Secure_Engine/Core/se_callgate.c ****       {
 729:../../../../..//Middlewares/ST/STM32_Secure_Engine/Core/se_callgate.c ****         e_ret_status = SE_ERROR;
 730:../../../../..//Middlewares/ST/STM32_Secure_Engine/Core/se_callgate.c ****         break;
 731:../../../../..//Middlewares/ST/STM32_Secure_Engine/Core/se_callgate.c ****       }
 732:../../../../..//Middlewares/ST/STM32_Secure_Engine/Core/se_callgate.c ****       if (SE_LL_Buffer_in_SBSFU_ram(input_buffer, (uint32_t)input_size) != SE_SUCCESS)
 733:../../../../..//Middlewares/ST/STM32_Secure_Engine/Core/se_callgate.c ****       {
 734:../../../../..//Middlewares/ST/STM32_Secure_Engine/Core/se_callgate.c ****         e_ret_status = SE_ERROR;
 735:../../../../..//Middlewares/ST/STM32_Secure_Engine/Core/se_callgate.c ****         break;
 736:../../../../..//Middlewares/ST/STM32_Secure_Engine/Core/se_callgate.c ****       }
 737:../../../../..//Middlewares/ST/STM32_Secure_Engine/Core/se_callgate.c ****       if (SE_LL_Buffer_in_SBSFU_ram(output_size, sizeof(*output_size)) != SE_SUCCESS)
 738:../../../../..//Middlewares/ST/STM32_Secure_Engine/Core/se_callgate.c ****       {
 739:../../../../..//Middlewares/ST/STM32_Secure_Engine/Core/se_callgate.c ****         e_ret_status = SE_ERROR;
 740:../../../../..//Middlewares/ST/STM32_Secure_Engine/Core/se_callgate.c ****         break;
 741:../../../../..//Middlewares/ST/STM32_Secure_Engine/Core/se_callgate.c ****       }
 742:../../../../..//Middlewares/ST/STM32_Secure_Engine/Core/se_callgate.c ****       if (SE_LL_Buffer_in_SBSFU_ram(output_buffer, (uint32_t)input_size) != SE_SUCCESS)
 743:../../../../..//Middlewares/ST/STM32_Secure_Engine/Core/se_callgate.c ****       {
 744:../../../../..//Middlewares/ST/STM32_Secure_Engine/Core/se_callgate.c ****         e_ret_status = SE_ERROR;
 745:../../../../..//Middlewares/ST/STM32_Secure_Engine/Core/se_callgate.c ****         break;
 746:../../../../..//Middlewares/ST/STM32_Secure_Engine/Core/se_callgate.c ****       }
 747:../../../../..//Middlewares/ST/STM32_Secure_Engine/Core/se_callgate.c **** 
 748:../../../../..//Middlewares/ST/STM32_Secure_Engine/Core/se_callgate.c ****       /* Call SE CRYPTO function */
 749:../../../../..//Middlewares/ST/STM32_Secure_Engine/Core/se_callgate.c ****       e_ret_status = SE_CRYPTO_AuthenticateFW_Append(input_buffer, input_size, output_buffer, outpu
 750:../../../../..//Middlewares/ST/STM32_Secure_Engine/Core/se_callgate.c **** #endif /* !KMS_ENABLED */
 751:../../../../..//Middlewares/ST/STM32_Secure_Engine/Core/se_callgate.c ****       break;
 752:../../../../..//Middlewares/ST/STM32_Secure_Engine/Core/se_callgate.c ****     }
 753:../../../../..//Middlewares/ST/STM32_Secure_Engine/Core/se_callgate.c **** 
 754:../../../../..//Middlewares/ST/STM32_Secure_Engine/Core/se_callgate.c ****     case SE_CRYPTO_LL_AUTHENTICATE_FW_FINISH_ID:
 755:../../../../..//Middlewares/ST/STM32_Secure_Engine/Core/se_callgate.c ****     {
 756:../../../../..//Middlewares/ST/STM32_Secure_Engine/Core/se_callgate.c **** #ifndef KMS_ENABLED
 757:../../../../..//Middlewares/ST/STM32_Secure_Engine/Core/se_callgate.c ****       uint8_t       *output_buffer;
 758:../../../../..//Middlewares/ST/STM32_Secure_Engine/Core/se_callgate.c ****       int32_t       *output_size;
ARM GAS  /tmp/ccksLSA3.s 			page 42


 759:../../../../..//Middlewares/ST/STM32_Secure_Engine/Core/se_callgate.c **** 
 760:../../../../..//Middlewares/ST/STM32_Secure_Engine/Core/se_callgate.c ****       /* Check that the Secure Engine services are not locked */
 761:../../../../..//Middlewares/ST/STM32_Secure_Engine/Core/se_callgate.c ****       IS_SE_LOCKED_SERVICES();
 762:../../../../..//Middlewares/ST/STM32_Secure_Engine/Core/se_callgate.c **** 
 763:../../../../..//Middlewares/ST/STM32_Secure_Engine/Core/se_callgate.c ****       /* retrieve argument(s) */
 764:../../../../..//Middlewares/ST/STM32_Secure_Engine/Core/se_callgate.c ****       output_buffer = va_arg(arguments, uint8_t *);
 765:../../../../..//Middlewares/ST/STM32_Secure_Engine/Core/se_callgate.c ****       output_size = va_arg(arguments, int32_t *);
 766:../../../../..//Middlewares/ST/STM32_Secure_Engine/Core/se_callgate.c **** 
 767:../../../../..//Middlewares/ST/STM32_Secure_Engine/Core/se_callgate.c ****       /* CRC configuration may have been changed by application */
 768:../../../../..//Middlewares/ST/STM32_Secure_Engine/Core/se_callgate.c ****       if (SE_LL_CRC_Config() == SE_ERROR)
 769:../../../../..//Middlewares/ST/STM32_Secure_Engine/Core/se_callgate.c ****       {
 770:../../../../..//Middlewares/ST/STM32_Secure_Engine/Core/se_callgate.c ****         e_ret_status = SE_ERROR;
 771:../../../../..//Middlewares/ST/STM32_Secure_Engine/Core/se_callgate.c ****         break;
 772:../../../../..//Middlewares/ST/STM32_Secure_Engine/Core/se_callgate.c ****       }
 773:../../../../..//Middlewares/ST/STM32_Secure_Engine/Core/se_callgate.c **** 
 774:../../../../..//Middlewares/ST/STM32_Secure_Engine/Core/se_callgate.c ****       /* Check the pointers allocation */
 775:../../../../..//Middlewares/ST/STM32_Secure_Engine/Core/se_callgate.c ****       if (SE_LL_Buffer_in_SBSFU_ram(output_size, sizeof(*output_size)) != SE_SUCCESS)
 776:../../../../..//Middlewares/ST/STM32_Secure_Engine/Core/se_callgate.c ****       {
 777:../../../../..//Middlewares/ST/STM32_Secure_Engine/Core/se_callgate.c ****         e_ret_status = SE_ERROR;
 778:../../../../..//Middlewares/ST/STM32_Secure_Engine/Core/se_callgate.c ****         break;
 779:../../../../..//Middlewares/ST/STM32_Secure_Engine/Core/se_callgate.c ****       }
 780:../../../../..//Middlewares/ST/STM32_Secure_Engine/Core/se_callgate.c ****       /* In AES-GCM 16 bytes can be written  */
 781:../../../../..//Middlewares/ST/STM32_Secure_Engine/Core/se_callgate.c ****       if (SE_LL_Buffer_in_SBSFU_ram(output_buffer, (uint32_t)16U) != SE_SUCCESS)
 782:../../../../..//Middlewares/ST/STM32_Secure_Engine/Core/se_callgate.c ****       {
 783:../../../../..//Middlewares/ST/STM32_Secure_Engine/Core/se_callgate.c ****         e_ret_status = SE_ERROR;
 784:../../../../..//Middlewares/ST/STM32_Secure_Engine/Core/se_callgate.c ****         break;
 785:../../../../..//Middlewares/ST/STM32_Secure_Engine/Core/se_callgate.c ****       }
 786:../../../../..//Middlewares/ST/STM32_Secure_Engine/Core/se_callgate.c **** 
 787:../../../../..//Middlewares/ST/STM32_Secure_Engine/Core/se_callgate.c ****       /* Double Check to avoid basic fault injection : Check that the Secure Engine services are no
 788:../../../../..//Middlewares/ST/STM32_Secure_Engine/Core/se_callgate.c ****       IS_SE_LOCKED_SERVICES();
 789:../../../../..//Middlewares/ST/STM32_Secure_Engine/Core/se_callgate.c **** 
 790:../../../../..//Middlewares/ST/STM32_Secure_Engine/Core/se_callgate.c ****       /* Double Check to avoid basic fault injection : Check the pointers allocation */
 791:../../../../..//Middlewares/ST/STM32_Secure_Engine/Core/se_callgate.c ****       if (SE_LL_Buffer_in_SBSFU_ram(output_size, sizeof(*output_size)) != SE_SUCCESS)
 792:../../../../..//Middlewares/ST/STM32_Secure_Engine/Core/se_callgate.c ****       {
 793:../../../../..//Middlewares/ST/STM32_Secure_Engine/Core/se_callgate.c ****         e_ret_status = SE_ERROR;
 794:../../../../..//Middlewares/ST/STM32_Secure_Engine/Core/se_callgate.c ****         break;
 795:../../../../..//Middlewares/ST/STM32_Secure_Engine/Core/se_callgate.c ****       }
 796:../../../../..//Middlewares/ST/STM32_Secure_Engine/Core/se_callgate.c ****       /* In AES-GCM 16 bytes can be written  */
 797:../../../../..//Middlewares/ST/STM32_Secure_Engine/Core/se_callgate.c ****       if (SE_LL_Buffer_in_SBSFU_ram(output_buffer, (uint32_t)16U) != SE_SUCCESS)
 798:../../../../..//Middlewares/ST/STM32_Secure_Engine/Core/se_callgate.c ****       {
 799:../../../../..//Middlewares/ST/STM32_Secure_Engine/Core/se_callgate.c ****         e_ret_status = SE_ERROR;
 800:../../../../..//Middlewares/ST/STM32_Secure_Engine/Core/se_callgate.c ****         break;
 801:../../../../..//Middlewares/ST/STM32_Secure_Engine/Core/se_callgate.c ****       }
 802:../../../../..//Middlewares/ST/STM32_Secure_Engine/Core/se_callgate.c **** 
 803:../../../../..//Middlewares/ST/STM32_Secure_Engine/Core/se_callgate.c ****       /* Call SE CRYPTO function */
 804:../../../../..//Middlewares/ST/STM32_Secure_Engine/Core/se_callgate.c ****       e_ret_status = SE_CRYPTO_AuthenticateFW_Finish(output_buffer, output_size);
 805:../../../../..//Middlewares/ST/STM32_Secure_Engine/Core/se_callgate.c **** #endif /* !KMS_ENABLED */
 806:../../../../..//Middlewares/ST/STM32_Secure_Engine/Core/se_callgate.c ****       break;
 807:../../../../..//Middlewares/ST/STM32_Secure_Engine/Core/se_callgate.c ****     }
 808:../../../../..//Middlewares/ST/STM32_Secure_Engine/Core/se_callgate.c **** 
 809:../../../../..//Middlewares/ST/STM32_Secure_Engine/Core/se_callgate.c ****     case SE_CRYPTO_HL_AUTHENTICATE_METADATA:
 810:../../../../..//Middlewares/ST/STM32_Secure_Engine/Core/se_callgate.c ****     {
 811:../../../../..//Middlewares/ST/STM32_Secure_Engine/Core/se_callgate.c **** #ifndef KMS_ENABLED
 812:../../../../..//Middlewares/ST/STM32_Secure_Engine/Core/se_callgate.c ****       /*
 813:../../../../..//Middlewares/ST/STM32_Secure_Engine/Core/se_callgate.c ****        * The se_callgate code must be crypto-agnostic.
 814:../../../../..//Middlewares/ST/STM32_Secure_Engine/Core/se_callgate.c ****        * But, when it comes to metadata authentication, we can use:
 815:../../../../..//Middlewares/ST/STM32_Secure_Engine/Core/se_callgate.c ****        * - either AES GCM authentication
ARM GAS  /tmp/ccksLSA3.s 			page 43


 816:../../../../..//Middlewares/ST/STM32_Secure_Engine/Core/se_callgate.c ****        * - or SHA256 signed with ECCDSA authentication
 817:../../../../..//Middlewares/ST/STM32_Secure_Engine/Core/se_callgate.c ****        * So this service can rely:
 818:../../../../..//Middlewares/ST/STM32_Secure_Engine/Core/se_callgate.c ****        * - either on the symmetric key
 819:../../../../..//Middlewares/ST/STM32_Secure_Engine/Core/se_callgate.c ****        * - or on the asymmetric keys
 820:../../../../..//Middlewares/ST/STM32_Secure_Engine/Core/se_callgate.c ****        * As a consequence, retrieving the appropriate key cannot be done at the call gate stage.
 821:../../../../..//Middlewares/ST/STM32_Secure_Engine/Core/se_callgate.c ****        * This is implemented in the SE_CRYPTO_Authenticate_Metadata code.
 822:../../../../..//Middlewares/ST/STM32_Secure_Engine/Core/se_callgate.c ****        */
 823:../../../../..//Middlewares/ST/STM32_Secure_Engine/Core/se_callgate.c ****       SE_FwRawHeaderTypeDef *p_x_se_Metadata;
 824:../../../../..//Middlewares/ST/STM32_Secure_Engine/Core/se_callgate.c **** 
 825:../../../../..//Middlewares/ST/STM32_Secure_Engine/Core/se_callgate.c ****       /* Check that the Secure Engine services are not locked */
 826:../../../../..//Middlewares/ST/STM32_Secure_Engine/Core/se_callgate.c ****       IS_SE_LOCKED_SERVICES();
 827:../../../../..//Middlewares/ST/STM32_Secure_Engine/Core/se_callgate.c **** 
 828:../../../../..//Middlewares/ST/STM32_Secure_Engine/Core/se_callgate.c ****       /* Retrieve argument(s) */
 829:../../../../..//Middlewares/ST/STM32_Secure_Engine/Core/se_callgate.c ****       p_x_se_Metadata = va_arg(arguments, SE_FwRawHeaderTypeDef *);
 830:../../../../..//Middlewares/ST/STM32_Secure_Engine/Core/se_callgate.c **** 
 831:../../../../..//Middlewares/ST/STM32_Secure_Engine/Core/se_callgate.c ****       /* CRC configuration may have been changed by application */
 832:../../../../..//Middlewares/ST/STM32_Secure_Engine/Core/se_callgate.c ****       if (SE_LL_CRC_Config() == SE_ERROR)
 833:../../../../..//Middlewares/ST/STM32_Secure_Engine/Core/se_callgate.c ****       {
 834:../../../../..//Middlewares/ST/STM32_Secure_Engine/Core/se_callgate.c ****         e_ret_status = SE_ERROR;
 835:../../../../..//Middlewares/ST/STM32_Secure_Engine/Core/se_callgate.c ****         break;
 836:../../../../..//Middlewares/ST/STM32_Secure_Engine/Core/se_callgate.c ****       }
 837:../../../../..//Middlewares/ST/STM32_Secure_Engine/Core/se_callgate.c **** 
 838:../../../../..//Middlewares/ST/STM32_Secure_Engine/Core/se_callgate.c ****       /* Check the metadata structure allocation */
 839:../../../../..//Middlewares/ST/STM32_Secure_Engine/Core/se_callgate.c ****       if (SE_LL_Buffer_in_SBSFU_ram(p_x_se_Metadata, sizeof(*p_x_se_Metadata)) != SE_SUCCESS)
 840:../../../../..//Middlewares/ST/STM32_Secure_Engine/Core/se_callgate.c ****       {
 841:../../../../..//Middlewares/ST/STM32_Secure_Engine/Core/se_callgate.c ****         e_ret_status = SE_ERROR;
 842:../../../../..//Middlewares/ST/STM32_Secure_Engine/Core/se_callgate.c ****         break;
 843:../../../../..//Middlewares/ST/STM32_Secure_Engine/Core/se_callgate.c ****       }
 844:../../../../..//Middlewares/ST/STM32_Secure_Engine/Core/se_callgate.c **** 
 845:../../../../..//Middlewares/ST/STM32_Secure_Engine/Core/se_callgate.c ****       /* Double Check to avoid basic fault injection : Check that the Secure Engine services are no
 846:../../../../..//Middlewares/ST/STM32_Secure_Engine/Core/se_callgate.c ****       IS_SE_LOCKED_SERVICES();
 847:../../../../..//Middlewares/ST/STM32_Secure_Engine/Core/se_callgate.c **** 
 848:../../../../..//Middlewares/ST/STM32_Secure_Engine/Core/se_callgate.c ****       /* Double Check to avoid basic fault injection : Check the metadata structure allocation */
 849:../../../../..//Middlewares/ST/STM32_Secure_Engine/Core/se_callgate.c ****       if (SE_LL_Buffer_in_SBSFU_ram(p_x_se_Metadata, sizeof(*p_x_se_Metadata)) != SE_SUCCESS)
 850:../../../../..//Middlewares/ST/STM32_Secure_Engine/Core/se_callgate.c ****       {
 851:../../../../..//Middlewares/ST/STM32_Secure_Engine/Core/se_callgate.c ****         e_ret_status = SE_ERROR;
 852:../../../../..//Middlewares/ST/STM32_Secure_Engine/Core/se_callgate.c ****         break;
 853:../../../../..//Middlewares/ST/STM32_Secure_Engine/Core/se_callgate.c ****       }
 854:../../../../..//Middlewares/ST/STM32_Secure_Engine/Core/se_callgate.c ****       /* Call SE CRYPTO function */
 855:../../../../..//Middlewares/ST/STM32_Secure_Engine/Core/se_callgate.c ****       e_ret_status = SE_CRYPTO_Authenticate_Metadata(p_x_se_Metadata);
 856:../../../../..//Middlewares/ST/STM32_Secure_Engine/Core/se_callgate.c **** #endif /* !KMS_ENABLED */
 857:../../../../..//Middlewares/ST/STM32_Secure_Engine/Core/se_callgate.c ****       break;
 858:../../../../..//Middlewares/ST/STM32_Secure_Engine/Core/se_callgate.c ****     }
 859:../../../../..//Middlewares/ST/STM32_Secure_Engine/Core/se_callgate.c **** 
 860:../../../../..//Middlewares/ST/STM32_Secure_Engine/Core/se_callgate.c ****     case SE_IMG_READ:
 861:../../../../..//Middlewares/ST/STM32_Secure_Engine/Core/se_callgate.c ****     {
 862:../../../../..//Middlewares/ST/STM32_Secure_Engine/Core/se_callgate.c ****       uint8_t *p_destination;
 863:../../../../..//Middlewares/ST/STM32_Secure_Engine/Core/se_callgate.c ****       const uint8_t *p_source;
 864:../../../../..//Middlewares/ST/STM32_Secure_Engine/Core/se_callgate.c ****       uint32_t length;
 865:../../../../..//Middlewares/ST/STM32_Secure_Engine/Core/se_callgate.c **** 
 866:../../../../..//Middlewares/ST/STM32_Secure_Engine/Core/se_callgate.c ****       /* Check that the Secure Engine services are not locked */
 867:../../../../..//Middlewares/ST/STM32_Secure_Engine/Core/se_callgate.c ****       IS_SE_LOCKED_SERVICES();
 868:../../../../..//Middlewares/ST/STM32_Secure_Engine/Core/se_callgate.c **** 
 869:../../../../..//Middlewares/ST/STM32_Secure_Engine/Core/se_callgate.c ****       /* Retrieve argument(s) */
 870:../../../../..//Middlewares/ST/STM32_Secure_Engine/Core/se_callgate.c ****       p_destination = va_arg(arguments, uint8_t *);
 871:../../../../..//Middlewares/ST/STM32_Secure_Engine/Core/se_callgate.c ****       p_source = va_arg(arguments, const uint8_t *);
 872:../../../../..//Middlewares/ST/STM32_Secure_Engine/Core/se_callgate.c ****       length = va_arg(arguments, uint32_t);
ARM GAS  /tmp/ccksLSA3.s 			page 44


 873:../../../../..//Middlewares/ST/STM32_Secure_Engine/Core/se_callgate.c ****       /* Check the destination buffer */
 874:../../../../..//Middlewares/ST/STM32_Secure_Engine/Core/se_callgate.c ****       if (SE_LL_Buffer_in_SBSFU_ram(p_destination, length) != SE_SUCCESS)
 875:../../../../..//Middlewares/ST/STM32_Secure_Engine/Core/se_callgate.c ****       {
 876:../../../../..//Middlewares/ST/STM32_Secure_Engine/Core/se_callgate.c ****         e_ret_status = SE_ERROR;
 877:../../../../..//Middlewares/ST/STM32_Secure_Engine/Core/se_callgate.c ****         break;
 878:../../../../..//Middlewares/ST/STM32_Secure_Engine/Core/se_callgate.c ****       }
 879:../../../../..//Middlewares/ST/STM32_Secure_Engine/Core/se_callgate.c **** 
 880:../../../../..//Middlewares/ST/STM32_Secure_Engine/Core/se_callgate.c ****       /* Double Check to avoid basic fault injection : Check that the Secure Engine services are no
 881:../../../../..//Middlewares/ST/STM32_Secure_Engine/Core/se_callgate.c ****       IS_SE_LOCKED_SERVICES();
 882:../../../../..//Middlewares/ST/STM32_Secure_Engine/Core/se_callgate.c **** 
 883:../../../../..//Middlewares/ST/STM32_Secure_Engine/Core/se_callgate.c ****       /* Double Check to avoid basic fault injection : check the destination buffer */
 884:../../../../..//Middlewares/ST/STM32_Secure_Engine/Core/se_callgate.c ****       if (SE_LL_Buffer_in_SBSFU_ram(p_destination, length) != SE_SUCCESS)
 885:../../../../..//Middlewares/ST/STM32_Secure_Engine/Core/se_callgate.c ****       {
 886:../../../../..//Middlewares/ST/STM32_Secure_Engine/Core/se_callgate.c ****         e_ret_status = SE_ERROR;
 887:../../../../..//Middlewares/ST/STM32_Secure_Engine/Core/se_callgate.c ****         break;
 888:../../../../..//Middlewares/ST/STM32_Secure_Engine/Core/se_callgate.c ****       }
 889:../../../../..//Middlewares/ST/STM32_Secure_Engine/Core/se_callgate.c **** 
 890:../../../../..//Middlewares/ST/STM32_Secure_Engine/Core/se_callgate.c ****       /* Read Flash memory */
 891:../../../../..//Middlewares/ST/STM32_Secure_Engine/Core/se_callgate.c ****       e_ret_status = SE_IMG_Read(p_destination, p_source, length);
 892:../../../../..//Middlewares/ST/STM32_Secure_Engine/Core/se_callgate.c ****       break;
 893:../../../../..//Middlewares/ST/STM32_Secure_Engine/Core/se_callgate.c ****     }
 894:../../../../..//Middlewares/ST/STM32_Secure_Engine/Core/se_callgate.c **** 
 895:../../../../..//Middlewares/ST/STM32_Secure_Engine/Core/se_callgate.c ****     case SE_IMG_WRITE:
 896:../../../../..//Middlewares/ST/STM32_Secure_Engine/Core/se_callgate.c ****     {
 897:../../../../..//Middlewares/ST/STM32_Secure_Engine/Core/se_callgate.c ****       uint8_t *p_destination;
 898:../../../../..//Middlewares/ST/STM32_Secure_Engine/Core/se_callgate.c ****       const uint8_t *p_source;
 899:../../../../..//Middlewares/ST/STM32_Secure_Engine/Core/se_callgate.c ****       uint32_t length;
 900:../../../../..//Middlewares/ST/STM32_Secure_Engine/Core/se_callgate.c **** 
 901:../../../../..//Middlewares/ST/STM32_Secure_Engine/Core/se_callgate.c ****       /* Check that the Secure Engine services are not locked */
 902:../../../../..//Middlewares/ST/STM32_Secure_Engine/Core/se_callgate.c ****       IS_SE_LOCKED_SERVICES();
 903:../../../../..//Middlewares/ST/STM32_Secure_Engine/Core/se_callgate.c **** 
 904:../../../../..//Middlewares/ST/STM32_Secure_Engine/Core/se_callgate.c ****       /* Retrieve argument(s) */
 905:../../../../..//Middlewares/ST/STM32_Secure_Engine/Core/se_callgate.c ****       p_destination = va_arg(arguments, uint8_t *);
 906:../../../../..//Middlewares/ST/STM32_Secure_Engine/Core/se_callgate.c ****       p_source = va_arg(arguments, const uint8_t *);
 907:../../../../..//Middlewares/ST/STM32_Secure_Engine/Core/se_callgate.c ****       length = va_arg(arguments, uint32_t);
 908:../../../../..//Middlewares/ST/STM32_Secure_Engine/Core/se_callgate.c **** 
 909:../../../../..//Middlewares/ST/STM32_Secure_Engine/Core/se_callgate.c ****       /* Check the source buffer */
 910:../../../../..//Middlewares/ST/STM32_Secure_Engine/Core/se_callgate.c ****       if (SE_LL_Buffer_in_SBSFU_ram(p_source, length) != SE_SUCCESS)
 911:../../../../..//Middlewares/ST/STM32_Secure_Engine/Core/se_callgate.c ****       {
 912:../../../../..//Middlewares/ST/STM32_Secure_Engine/Core/se_callgate.c ****         e_ret_status = SE_ERROR;
 913:../../../../..//Middlewares/ST/STM32_Secure_Engine/Core/se_callgate.c ****         break;
 914:../../../../..//Middlewares/ST/STM32_Secure_Engine/Core/se_callgate.c ****       }
 915:../../../../..//Middlewares/ST/STM32_Secure_Engine/Core/se_callgate.c **** 
 916:../../../../..//Middlewares/ST/STM32_Secure_Engine/Core/se_callgate.c ****       /* Double Check to avoid basic fault injection : Check that the Secure Engine services are no
 917:../../../../..//Middlewares/ST/STM32_Secure_Engine/Core/se_callgate.c ****       IS_SE_LOCKED_SERVICES();
 918:../../../../..//Middlewares/ST/STM32_Secure_Engine/Core/se_callgate.c **** 
 919:../../../../..//Middlewares/ST/STM32_Secure_Engine/Core/se_callgate.c ****       /* Double Check to avoid basic fault injection : check the source buffer */
 920:../../../../..//Middlewares/ST/STM32_Secure_Engine/Core/se_callgate.c ****       if (SE_LL_Buffer_in_SBSFU_ram(p_source, length) != SE_SUCCESS)
 921:../../../../..//Middlewares/ST/STM32_Secure_Engine/Core/se_callgate.c ****       {
 922:../../../../..//Middlewares/ST/STM32_Secure_Engine/Core/se_callgate.c ****         e_ret_status = SE_ERROR;
 923:../../../../..//Middlewares/ST/STM32_Secure_Engine/Core/se_callgate.c ****         break;
 924:../../../../..//Middlewares/ST/STM32_Secure_Engine/Core/se_callgate.c ****       }
 925:../../../../..//Middlewares/ST/STM32_Secure_Engine/Core/se_callgate.c **** 
 926:../../../../..//Middlewares/ST/STM32_Secure_Engine/Core/se_callgate.c ****       /* Write Flash memory */
 927:../../../../..//Middlewares/ST/STM32_Secure_Engine/Core/se_callgate.c ****       e_ret_status = SE_IMG_Write(p_destination, p_source, length);
 928:../../../../..//Middlewares/ST/STM32_Secure_Engine/Core/se_callgate.c ****       break;
 929:../../../../..//Middlewares/ST/STM32_Secure_Engine/Core/se_callgate.c ****     }
ARM GAS  /tmp/ccksLSA3.s 			page 45


 930:../../../../..//Middlewares/ST/STM32_Secure_Engine/Core/se_callgate.c **** 
 931:../../../../..//Middlewares/ST/STM32_Secure_Engine/Core/se_callgate.c ****     case SE_IMG_ERASE:
 932:../../../../..//Middlewares/ST/STM32_Secure_Engine/Core/se_callgate.c ****     {
 933:../../../../..//Middlewares/ST/STM32_Secure_Engine/Core/se_callgate.c ****       uint8_t *p_destination;
 934:../../../../..//Middlewares/ST/STM32_Secure_Engine/Core/se_callgate.c ****       uint32_t length;
 935:../../../../..//Middlewares/ST/STM32_Secure_Engine/Core/se_callgate.c **** 
 936:../../../../..//Middlewares/ST/STM32_Secure_Engine/Core/se_callgate.c ****       /* Check that the Secure Engine services are not locked */
 937:../../../../..//Middlewares/ST/STM32_Secure_Engine/Core/se_callgate.c ****       IS_SE_LOCKED_SERVICES();
 938:../../../../..//Middlewares/ST/STM32_Secure_Engine/Core/se_callgate.c **** 
 939:../../../../..//Middlewares/ST/STM32_Secure_Engine/Core/se_callgate.c ****       /* Retrieve argument(s) */
 940:../../../../..//Middlewares/ST/STM32_Secure_Engine/Core/se_callgate.c ****       p_destination = va_arg(arguments, uint8_t *);
 941:../../../../..//Middlewares/ST/STM32_Secure_Engine/Core/se_callgate.c ****       length = va_arg(arguments, uint32_t);
 942:../../../../..//Middlewares/ST/STM32_Secure_Engine/Core/se_callgate.c **** 
 943:../../../../..//Middlewares/ST/STM32_Secure_Engine/Core/se_callgate.c ****       /* Double Check to avoid basic fault injection : Check that the Secure Engine services are no
 944:../../../../..//Middlewares/ST/STM32_Secure_Engine/Core/se_callgate.c ****       IS_SE_LOCKED_SERVICES();
 945:../../../../..//Middlewares/ST/STM32_Secure_Engine/Core/se_callgate.c **** 
 946:../../../../..//Middlewares/ST/STM32_Secure_Engine/Core/se_callgate.c ****       /* Erase Flash memory */
 947:../../../../..//Middlewares/ST/STM32_Secure_Engine/Core/se_callgate.c ****       e_ret_status = SE_IMG_Erase(p_destination, length);
 948:../../../../..//Middlewares/ST/STM32_Secure_Engine/Core/se_callgate.c ****       break;
 949:../../../../..//Middlewares/ST/STM32_Secure_Engine/Core/se_callgate.c ****     }
 950:../../../../..//Middlewares/ST/STM32_Secure_Engine/Core/se_callgate.c **** 
 951:../../../../..//Middlewares/ST/STM32_Secure_Engine/Core/se_callgate.c **** #if defined(CKS_ENABLED)
 952:../../../../..//Middlewares/ST/STM32_Secure_Engine/Core/se_callgate.c ****     case SE_CM0_UPDATE:
 953:../../../../..//Middlewares/ST/STM32_Secure_Engine/Core/se_callgate.c ****     {
 954:../../../../..//Middlewares/ST/STM32_Secure_Engine/Core/se_callgate.c ****       /* Check that the Secure Engine services are not locked, LOCK shall be called only once */
 955:../../../../..//Middlewares/ST/STM32_Secure_Engine/Core/se_callgate.c ****       IS_SE_LOCKED_SERVICES();
 956:../../../../..//Middlewares/ST/STM32_Secure_Engine/Core/se_callgate.c **** 
 957:../../../../..//Middlewares/ST/STM32_Secure_Engine/Core/se_callgate.c ****       /* FUS or wireless stack update process is managed by CM0 */
 958:../../../../..//Middlewares/ST/STM32_Secure_Engine/Core/se_callgate.c ****       e_ret_status = CM0_Update();
 959:../../../../..//Middlewares/ST/STM32_Secure_Engine/Core/se_callgate.c **** 
 960:../../../../..//Middlewares/ST/STM32_Secure_Engine/Core/se_callgate.c ****       break;
 961:../../../../..//Middlewares/ST/STM32_Secure_Engine/Core/se_callgate.c ****     }
 962:../../../../..//Middlewares/ST/STM32_Secure_Engine/Core/se_callgate.c **** #endif /* CKS_ENABLED */
 963:../../../../..//Middlewares/ST/STM32_Secure_Engine/Core/se_callgate.c **** 
 964:../../../../..//Middlewares/ST/STM32_Secure_Engine/Core/se_callgate.c ****     case SE_LOCK_RESTRICT_SERVICES:
 965:../../../../..//Middlewares/ST/STM32_Secure_Engine/Core/se_callgate.c ****     {
 966:../../../../..//Middlewares/ST/STM32_Secure_Engine/Core/se_callgate.c **** #if defined(CKS_ENABLED)
 967:../../../../..//Middlewares/ST/STM32_Secure_Engine/Core/se_callgate.c ****       /* Lock and remove the keys from AES HW */
 968:../../../../..//Middlewares/ST/STM32_Secure_Engine/Core/se_callgate.c ****       SE_CRYPTO_Lock_CKS_Keys();
 969:../../../../..//Middlewares/ST/STM32_Secure_Engine/Core/se_callgate.c **** 
 970:../../../../..//Middlewares/ST/STM32_Secure_Engine/Core/se_callgate.c ****       /*
 971:../../../../..//Middlewares/ST/STM32_Secure_Engine/Core/se_callgate.c ****        *  SE_LOCK_RESTRICT_SERVICES is called twice to avoid basic fault injection
 972:../../../../..//Middlewares/ST/STM32_Secure_Engine/Core/se_callgate.c ****        *  But, CM0_DeInit should be called only the second time to be able to maintain the communic
 973:../../../../..//Middlewares/ST/STM32_Secure_Engine/Core/se_callgate.c ****        *  with CM0
 974:../../../../..//Middlewares/ST/STM32_Secure_Engine/Core/se_callgate.c ****        */
 975:../../../../..//Middlewares/ST/STM32_Secure_Engine/Core/se_callgate.c ****       if (SE_LockRestrictedServices == SE_LOCKED)
 976:../../../../..//Middlewares/ST/STM32_Secure_Engine/Core/se_callgate.c ****       {
 977:../../../../..//Middlewares/ST/STM32_Secure_Engine/Core/se_callgate.c ****         /* Ends communication with CM0 in order to allow UserApp to restart the communication */
 978:../../../../..//Middlewares/ST/STM32_Secure_Engine/Core/se_callgate.c ****         CM0_DeInit();
 979:../../../../..//Middlewares/ST/STM32_Secure_Engine/Core/se_callgate.c ****       }
 980:../../../../..//Middlewares/ST/STM32_Secure_Engine/Core/se_callgate.c **** #endif /* CKS_ENABLED */
 981:../../../../..//Middlewares/ST/STM32_Secure_Engine/Core/se_callgate.c **** 
 982:../../../../..//Middlewares/ST/STM32_Secure_Engine/Core/se_callgate.c ****       /*
 983:../../../../..//Middlewares/ST/STM32_Secure_Engine/Core/se_callgate.c ****        * Clean-up secure engine RAM area for series with secure memory isolation because Flash is h
 984:../../../../..//Middlewares/ST/STM32_Secure_Engine/Core/se_callgate.c ****        * memory is activated but RAM is still accessible
 985:../../../../..//Middlewares/ST/STM32_Secure_Engine/Core/se_callgate.c ****        */
 986:../../../../..//Middlewares/ST/STM32_Secure_Engine/Core/se_callgate.c ****       SE_LL_CORE_Cleanup();
ARM GAS  /tmp/ccksLSA3.s 			page 46


 987:../../../../..//Middlewares/ST/STM32_Secure_Engine/Core/se_callgate.c **** 
 988:../../../../..//Middlewares/ST/STM32_Secure_Engine/Core/se_callgate.c ****       /* Lock restricted services */
 989:../../../../..//Middlewares/ST/STM32_Secure_Engine/Core/se_callgate.c ****       SE_LockRestrictedServices = SE_LOCKED;
 990:../../../../..//Middlewares/ST/STM32_Secure_Engine/Core/se_callgate.c ****       e_ret_status = SE_SUCCESS;
 991:../../../../..//Middlewares/ST/STM32_Secure_Engine/Core/se_callgate.c **** 
 992:../../../../..//Middlewares/ST/STM32_Secure_Engine/Core/se_callgate.c ****       /* As soon as the SBSFU is done, we can LOCK the keys */
 993:../../../../..//Middlewares/ST/STM32_Secure_Engine/Core/se_callgate.c ****       if (SE_LL_Lock_Keys() != SE_SUCCESS)
 994:../../../../..//Middlewares/ST/STM32_Secure_Engine/Core/se_callgate.c ****       {
 995:../../../../..//Middlewares/ST/STM32_Secure_Engine/Core/se_callgate.c ****         e_ret_status = SE_ERROR;
 996:../../../../..//Middlewares/ST/STM32_Secure_Engine/Core/se_callgate.c ****         break;
 997:../../../../..//Middlewares/ST/STM32_Secure_Engine/Core/se_callgate.c ****       }
 998:../../../../..//Middlewares/ST/STM32_Secure_Engine/Core/se_callgate.c **** 
 999:../../../../..//Middlewares/ST/STM32_Secure_Engine/Core/se_callgate.c ****       /* Double instruction to avoid basic fault injection */
1000:../../../../..//Middlewares/ST/STM32_Secure_Engine/Core/se_callgate.c ****       SE_LockRestrictedServices = SE_LOCKED;
1001:../../../../..//Middlewares/ST/STM32_Secure_Engine/Core/se_callgate.c ****       break;
1002:../../../../..//Middlewares/ST/STM32_Secure_Engine/Core/se_callgate.c ****     }
1003:../../../../..//Middlewares/ST/STM32_Secure_Engine/Core/se_callgate.c **** 
1004:../../../../..//Middlewares/ST/STM32_Secure_Engine/Core/se_callgate.c **** #ifdef OTFDEC_ENABLED
1005:../../../../..//Middlewares/ST/STM32_Secure_Engine/Core/se_callgate.c ****     case SE_EXTFLASH_DECRYPT_INIT:
1006:../../../../..//Middlewares/ST/STM32_Secure_Engine/Core/se_callgate.c ****     {
1007:../../../../..//Middlewares/ST/STM32_Secure_Engine/Core/se_callgate.c ****       SE_FwRawHeaderTypeDef *p_x_se_Metadata;
1008:../../../../..//Middlewares/ST/STM32_Secure_Engine/Core/se_callgate.c **** 
1009:../../../../..//Middlewares/ST/STM32_Secure_Engine/Core/se_callgate.c ****       /* Check that the Secure Engine services are not locked */
1010:../../../../..//Middlewares/ST/STM32_Secure_Engine/Core/se_callgate.c ****       IS_SE_LOCKED_SERVICES();
1011:../../../../..//Middlewares/ST/STM32_Secure_Engine/Core/se_callgate.c **** 
1012:../../../../..//Middlewares/ST/STM32_Secure_Engine/Core/se_callgate.c ****       /* Retrieve argument(s) */
1013:../../../../..//Middlewares/ST/STM32_Secure_Engine/Core/se_callgate.c ****       p_x_se_Metadata = va_arg(arguments, SE_FwRawHeaderTypeDef *);
1014:../../../../..//Middlewares/ST/STM32_Secure_Engine/Core/se_callgate.c **** 
1015:../../../../..//Middlewares/ST/STM32_Secure_Engine/Core/se_callgate.c ****       /* Check the Init structure allocation */
1016:../../../../..//Middlewares/ST/STM32_Secure_Engine/Core/se_callgate.c ****       if (SE_LL_Buffer_in_SBSFU_ram(p_x_se_Metadata, sizeof(*p_x_se_Metadata)) != SE_SUCCESS)
1017:../../../../..//Middlewares/ST/STM32_Secure_Engine/Core/se_callgate.c ****       {
1018:../../../../..//Middlewares/ST/STM32_Secure_Engine/Core/se_callgate.c ****         e_ret_status = SE_ERROR;
1019:../../../../..//Middlewares/ST/STM32_Secure_Engine/Core/se_callgate.c ****         break;
1020:../../../../..//Middlewares/ST/STM32_Secure_Engine/Core/se_callgate.c ****       }
1021:../../../../..//Middlewares/ST/STM32_Secure_Engine/Core/se_callgate.c **** 
1022:../../../../..//Middlewares/ST/STM32_Secure_Engine/Core/se_callgate.c ****       /* Double Check to avoid basic fault injection : Check that the Secure Engine services are no
1023:../../../../..//Middlewares/ST/STM32_Secure_Engine/Core/se_callgate.c ****       IS_SE_LOCKED_SERVICES();
1024:../../../../..//Middlewares/ST/STM32_Secure_Engine/Core/se_callgate.c **** 
1025:../../../../..//Middlewares/ST/STM32_Secure_Engine/Core/se_callgate.c ****       /* Check the Init structure allocation */
1026:../../../../..//Middlewares/ST/STM32_Secure_Engine/Core/se_callgate.c ****       if (SE_LL_Buffer_in_SBSFU_ram(p_x_se_Metadata, sizeof(*p_x_se_Metadata)) != SE_SUCCESS)
1027:../../../../..//Middlewares/ST/STM32_Secure_Engine/Core/se_callgate.c ****       {
1028:../../../../..//Middlewares/ST/STM32_Secure_Engine/Core/se_callgate.c ****         e_ret_status = SE_ERROR;
1029:../../../../..//Middlewares/ST/STM32_Secure_Engine/Core/se_callgate.c ****         break;
1030:../../../../..//Middlewares/ST/STM32_Secure_Engine/Core/se_callgate.c ****       }
1031:../../../../..//Middlewares/ST/STM32_Secure_Engine/Core/se_callgate.c **** 
1032:../../../../..//Middlewares/ST/STM32_Secure_Engine/Core/se_callgate.c ****       /* Start On the Fly DECryption (OTFDEC) for external flash */
1033:../../../../..//Middlewares/ST/STM32_Secure_Engine/Core/se_callgate.c ****       e_ret_status = SE_LL_FLASH_EXT_Decrypt_Init(p_x_se_Metadata);
1034:../../../../..//Middlewares/ST/STM32_Secure_Engine/Core/se_callgate.c ****       break;
1035:../../../../..//Middlewares/ST/STM32_Secure_Engine/Core/se_callgate.c ****     }
1036:../../../../..//Middlewares/ST/STM32_Secure_Engine/Core/se_callgate.c **** #endif /* OTFDEC_ENABLED */
1037:../../../../..//Middlewares/ST/STM32_Secure_Engine/Core/se_callgate.c **** 
1038:../../../../..//Middlewares/ST/STM32_Secure_Engine/Core/se_callgate.c **** #ifdef ENABLE_IMAGE_STATE_HANDLING
1039:../../../../..//Middlewares/ST/STM32_Secure_Engine/Core/se_callgate.c ****     case SE_IMG_GET_FW_STATE:
1040:../../../../..//Middlewares/ST/STM32_Secure_Engine/Core/se_callgate.c ****     {
1041:../../../../..//Middlewares/ST/STM32_Secure_Engine/Core/se_callgate.c ****       uint32_t slot_number;
1042:../../../../..//Middlewares/ST/STM32_Secure_Engine/Core/se_callgate.c ****       SE_FwStateTypeDef *p_fw_state;
1043:../../../../..//Middlewares/ST/STM32_Secure_Engine/Core/se_callgate.c **** 
ARM GAS  /tmp/ccksLSA3.s 			page 47


1044:../../../../..//Middlewares/ST/STM32_Secure_Engine/Core/se_callgate.c ****       /* Retrieve argument(s) */
1045:../../../../..//Middlewares/ST/STM32_Secure_Engine/Core/se_callgate.c ****       slot_number = va_arg(arguments, uint32_t);
1046:../../../../..//Middlewares/ST/STM32_Secure_Engine/Core/se_callgate.c ****       p_fw_state = va_arg(arguments, SE_FwStateTypeDef *);
1047:../../../../..//Middlewares/ST/STM32_Secure_Engine/Core/se_callgate.c **** 
1048:../../../../..//Middlewares/ST/STM32_Secure_Engine/Core/se_callgate.c ****       /* Check the source buffer */
1049:../../../../..//Middlewares/ST/STM32_Secure_Engine/Core/se_callgate.c ****       if (SE_LL_Buffer_in_SBSFU_ram((void *)p_fw_state, sizeof(*p_fw_state)) != SE_SUCCESS)
1050:../../../../..//Middlewares/ST/STM32_Secure_Engine/Core/se_callgate.c ****       {
1051:../../../../..//Middlewares/ST/STM32_Secure_Engine/Core/se_callgate.c ****         e_ret_status = SE_ERROR;
1052:../../../../..//Middlewares/ST/STM32_Secure_Engine/Core/se_callgate.c ****         break;
1053:../../../../..//Middlewares/ST/STM32_Secure_Engine/Core/se_callgate.c ****       }
1054:../../../../..//Middlewares/ST/STM32_Secure_Engine/Core/se_callgate.c **** 
1055:../../../../..//Middlewares/ST/STM32_Secure_Engine/Core/se_callgate.c ****       /* Double Check to avoid basic fault injection : check the source buffer */
1056:../../../../..//Middlewares/ST/STM32_Secure_Engine/Core/se_callgate.c ****       if (SE_LL_Buffer_in_SBSFU_ram((void *)p_fw_state, sizeof(*p_fw_state)) != SE_SUCCESS)
1057:../../../../..//Middlewares/ST/STM32_Secure_Engine/Core/se_callgate.c ****       {
1058:../../../../..//Middlewares/ST/STM32_Secure_Engine/Core/se_callgate.c ****         e_ret_status = SE_ERROR;
1059:../../../../..//Middlewares/ST/STM32_Secure_Engine/Core/se_callgate.c ****         break;
1060:../../../../..//Middlewares/ST/STM32_Secure_Engine/Core/se_callgate.c ****       }
1061:../../../../..//Middlewares/ST/STM32_Secure_Engine/Core/se_callgate.c **** 
1062:../../../../..//Middlewares/ST/STM32_Secure_Engine/Core/se_callgate.c ****       /* Read state */
1063:../../../../..//Middlewares/ST/STM32_Secure_Engine/Core/se_callgate.c ****       e_ret_status = SE_IMG_GetActiveFwState(slot_number, p_fw_state);
1064:../../../../..//Middlewares/ST/STM32_Secure_Engine/Core/se_callgate.c ****       break;
1065:../../../../..//Middlewares/ST/STM32_Secure_Engine/Core/se_callgate.c ****     }
1066:../../../../..//Middlewares/ST/STM32_Secure_Engine/Core/se_callgate.c **** #endif /* ENABLE_IMAGE_STATE_HANDLING */
1067:../../../../..//Middlewares/ST/STM32_Secure_Engine/Core/se_callgate.c **** 
1068:../../../../..//Middlewares/ST/STM32_Secure_Engine/Core/se_callgate.c **** #ifdef ENABLE_IMAGE_STATE_HANDLING
1069:../../../../..//Middlewares/ST/STM32_Secure_Engine/Core/se_callgate.c ****     case SE_IMG_SET_FW_STATE:
1070:../../../../..//Middlewares/ST/STM32_Secure_Engine/Core/se_callgate.c ****     {
1071:../../../../..//Middlewares/ST/STM32_Secure_Engine/Core/se_callgate.c ****       uint32_t slot_number;
1072:../../../../..//Middlewares/ST/STM32_Secure_Engine/Core/se_callgate.c ****       SE_FwStateTypeDef *p_fw_state;
1073:../../../../..//Middlewares/ST/STM32_Secure_Engine/Core/se_callgate.c **** 
1074:../../../../..//Middlewares/ST/STM32_Secure_Engine/Core/se_callgate.c ****       /* Check that the Secure Engine services are not locked */
1075:../../../../..//Middlewares/ST/STM32_Secure_Engine/Core/se_callgate.c ****       IS_SE_LOCKED_SERVICES();
1076:../../../../..//Middlewares/ST/STM32_Secure_Engine/Core/se_callgate.c **** 
1077:../../../../..//Middlewares/ST/STM32_Secure_Engine/Core/se_callgate.c ****       /* Retrieve argument(s) */
1078:../../../../..//Middlewares/ST/STM32_Secure_Engine/Core/se_callgate.c ****       slot_number = va_arg(arguments, uint32_t);
1079:../../../../..//Middlewares/ST/STM32_Secure_Engine/Core/se_callgate.c ****       p_fw_state = va_arg(arguments, SE_FwStateTypeDef *);
1080:../../../../..//Middlewares/ST/STM32_Secure_Engine/Core/se_callgate.c **** 
1081:../../../../..//Middlewares/ST/STM32_Secure_Engine/Core/se_callgate.c ****       /* Check the source buffer */
1082:../../../../..//Middlewares/ST/STM32_Secure_Engine/Core/se_callgate.c ****       if (SE_LL_Buffer_in_SBSFU_ram((void *)p_fw_state, sizeof(*p_fw_state)) != SE_SUCCESS)
1083:../../../../..//Middlewares/ST/STM32_Secure_Engine/Core/se_callgate.c ****       {
1084:../../../../..//Middlewares/ST/STM32_Secure_Engine/Core/se_callgate.c ****         e_ret_status = SE_ERROR;
1085:../../../../..//Middlewares/ST/STM32_Secure_Engine/Core/se_callgate.c ****         break;
1086:../../../../..//Middlewares/ST/STM32_Secure_Engine/Core/se_callgate.c ****       }
1087:../../../../..//Middlewares/ST/STM32_Secure_Engine/Core/se_callgate.c **** 
1088:../../../../..//Middlewares/ST/STM32_Secure_Engine/Core/se_callgate.c ****       /* Double Check to avoid basic fault injection : Check that the Secure Engine services are no
1089:../../../../..//Middlewares/ST/STM32_Secure_Engine/Core/se_callgate.c ****       IS_SE_LOCKED_SERVICES();
1090:../../../../..//Middlewares/ST/STM32_Secure_Engine/Core/se_callgate.c **** 
1091:../../../../..//Middlewares/ST/STM32_Secure_Engine/Core/se_callgate.c ****       /* Double Check to avoid basic fault injection : check the source buffer */
1092:../../../../..//Middlewares/ST/STM32_Secure_Engine/Core/se_callgate.c ****       if (SE_LL_Buffer_in_SBSFU_ram((void *)p_fw_state, sizeof(*p_fw_state)) != SE_SUCCESS)
1093:../../../../..//Middlewares/ST/STM32_Secure_Engine/Core/se_callgate.c ****       {
1094:../../../../..//Middlewares/ST/STM32_Secure_Engine/Core/se_callgate.c ****         e_ret_status = SE_ERROR;
1095:../../../../..//Middlewares/ST/STM32_Secure_Engine/Core/se_callgate.c ****         break;
1096:../../../../..//Middlewares/ST/STM32_Secure_Engine/Core/se_callgate.c ****       }
1097:../../../../..//Middlewares/ST/STM32_Secure_Engine/Core/se_callgate.c **** 
1098:../../../../..//Middlewares/ST/STM32_Secure_Engine/Core/se_callgate.c ****       e_ret_status = SE_IMG_SetActiveFwState(slot_number, p_fw_state);
1099:../../../../..//Middlewares/ST/STM32_Secure_Engine/Core/se_callgate.c ****       break;
1100:../../../../..//Middlewares/ST/STM32_Secure_Engine/Core/se_callgate.c ****     }
ARM GAS  /tmp/ccksLSA3.s 			page 48


1101:../../../../..//Middlewares/ST/STM32_Secure_Engine/Core/se_callgate.c **** #endif /* ENABLE_IMAGE_STATE_HANDLING */
1102:../../../../..//Middlewares/ST/STM32_Secure_Engine/Core/se_callgate.c **** 
1103:../../../../..//Middlewares/ST/STM32_Secure_Engine/Core/se_callgate.c ****     /* ============================ */
1104:../../../../..//Middlewares/ST/STM32_Secure_Engine/Core/se_callgate.c ****     /* ===== APPLICATION PART ===== */
1105:../../../../..//Middlewares/ST/STM32_Secure_Engine/Core/se_callgate.c ****     /* ============================ */
1106:../../../../..//Middlewares/ST/STM32_Secure_Engine/Core/se_callgate.c **** 
1107:../../../../..//Middlewares/ST/STM32_Secure_Engine/Core/se_callgate.c ****     /* --------------------------------- */
1108:../../../../..//Middlewares/ST/STM32_Secure_Engine/Core/se_callgate.c ****     /* FIRMWARE IMAGES HANDLING SERVICES */
1109:../../../../..//Middlewares/ST/STM32_Secure_Engine/Core/se_callgate.c ****     /* --------------------------------- */
1110:../../../../..//Middlewares/ST/STM32_Secure_Engine/Core/se_callgate.c **** 
1111:../../../../..//Middlewares/ST/STM32_Secure_Engine/Core/se_callgate.c ****     /* No protected service needed for this */
1112:../../../../..//Middlewares/ST/STM32_Secure_Engine/Core/se_callgate.c **** 
1113:../../../../..//Middlewares/ST/STM32_Secure_Engine/Core/se_callgate.c ****     /* --------------------------------- */
1114:../../../../..//Middlewares/ST/STM32_Secure_Engine/Core/se_callgate.c ****     /* USER APPLICATION SERVICES         */
1115:../../../../..//Middlewares/ST/STM32_Secure_Engine/Core/se_callgate.c ****     /* --------------------------------- */
1116:../../../../..//Middlewares/ST/STM32_Secure_Engine/Core/se_callgate.c ****     case SE_APP_GET_ACTIVE_FW_INFO:
1117:../../../../..//Middlewares/ST/STM32_Secure_Engine/Core/se_callgate.c ****     {
1118:../../../../..//Middlewares/ST/STM32_Secure_Engine/Core/se_callgate.c ****       SE_APP_ActiveFwInfo_t *p_FwInfo;
1119:../../../../..//Middlewares/ST/STM32_Secure_Engine/Core/se_callgate.c ****       uint32_t slot_number;
1120:../../../../..//Middlewares/ST/STM32_Secure_Engine/Core/se_callgate.c **** 
1121:../../../../..//Middlewares/ST/STM32_Secure_Engine/Core/se_callgate.c ****       /* Retrieve argument(s) */
1122:../../../../..//Middlewares/ST/STM32_Secure_Engine/Core/se_callgate.c ****       slot_number = va_arg(arguments, uint32_t);
1123:../../../../..//Middlewares/ST/STM32_Secure_Engine/Core/se_callgate.c ****       p_FwInfo = va_arg(arguments, SE_APP_ActiveFwInfo_t *);
1124:../../../../..//Middlewares/ST/STM32_Secure_Engine/Core/se_callgate.c **** 
1125:../../../../..//Middlewares/ST/STM32_Secure_Engine/Core/se_callgate.c ****       /* Check structure allocation */
1126:../../../../..//Middlewares/ST/STM32_Secure_Engine/Core/se_callgate.c ****       if (SE_LL_Buffer_in_ram((void *)p_FwInfo, sizeof(*p_FwInfo)) != SE_SUCCESS)
1127:../../../../..//Middlewares/ST/STM32_Secure_Engine/Core/se_callgate.c ****       {
1128:../../../../..//Middlewares/ST/STM32_Secure_Engine/Core/se_callgate.c ****         e_ret_status = SE_ERROR;
1129:../../../../..//Middlewares/ST/STM32_Secure_Engine/Core/se_callgate.c ****         break;
1130:../../../../..//Middlewares/ST/STM32_Secure_Engine/Core/se_callgate.c ****       }
1131:../../../../..//Middlewares/ST/STM32_Secure_Engine/Core/se_callgate.c ****       if (SE_LL_Buffer_part_of_SE_ram((void *)p_FwInfo, sizeof(*p_FwInfo)) == SE_SUCCESS)
1132:../../../../..//Middlewares/ST/STM32_Secure_Engine/Core/se_callgate.c ****       {
1133:../../../../..//Middlewares/ST/STM32_Secure_Engine/Core/se_callgate.c ****         e_ret_status = SE_ERROR;
1134:../../../../..//Middlewares/ST/STM32_Secure_Engine/Core/se_callgate.c ****         break;
1135:../../../../..//Middlewares/ST/STM32_Secure_Engine/Core/se_callgate.c ****       }
1136:../../../../..//Middlewares/ST/STM32_Secure_Engine/Core/se_callgate.c **** 
1137:../../../../..//Middlewares/ST/STM32_Secure_Engine/Core/se_callgate.c ****       /* Double Check to avoid basic fault injection : Check structure allocation */
1138:../../../../..//Middlewares/ST/STM32_Secure_Engine/Core/se_callgate.c ****       if (SE_LL_Buffer_in_ram((void *)p_FwInfo, sizeof(*p_FwInfo)) != SE_SUCCESS)
1139:../../../../..//Middlewares/ST/STM32_Secure_Engine/Core/se_callgate.c ****       {
1140:../../../../..//Middlewares/ST/STM32_Secure_Engine/Core/se_callgate.c ****         e_ret_status = SE_ERROR;
1141:../../../../..//Middlewares/ST/STM32_Secure_Engine/Core/se_callgate.c ****         break;
1142:../../../../..//Middlewares/ST/STM32_Secure_Engine/Core/se_callgate.c ****       }
1143:../../../../..//Middlewares/ST/STM32_Secure_Engine/Core/se_callgate.c ****       if (SE_LL_Buffer_part_of_SE_ram((void *)p_FwInfo, sizeof(*p_FwInfo)) == SE_SUCCESS)
1144:../../../../..//Middlewares/ST/STM32_Secure_Engine/Core/se_callgate.c ****       {
1145:../../../../..//Middlewares/ST/STM32_Secure_Engine/Core/se_callgate.c ****         e_ret_status = SE_ERROR;
1146:../../../../..//Middlewares/ST/STM32_Secure_Engine/Core/se_callgate.c ****         break;
1147:../../../../..//Middlewares/ST/STM32_Secure_Engine/Core/se_callgate.c ****       }
1148:../../../../..//Middlewares/ST/STM32_Secure_Engine/Core/se_callgate.c **** 
1149:../../../../..//Middlewares/ST/STM32_Secure_Engine/Core/se_callgate.c ****       e_ret_status = SE_APPLI_GetActiveFwInfo(slot_number, p_FwInfo);
1150:../../../../..//Middlewares/ST/STM32_Secure_Engine/Core/se_callgate.c ****       break;
1151:../../../../..//Middlewares/ST/STM32_Secure_Engine/Core/se_callgate.c ****     }
1152:../../../../..//Middlewares/ST/STM32_Secure_Engine/Core/se_callgate.c **** 
1153:../../../../..//Middlewares/ST/STM32_Secure_Engine/Core/se_callgate.c **** #ifdef ENABLE_IMAGE_STATE_HANDLING
1154:../../../../..//Middlewares/ST/STM32_Secure_Engine/Core/se_callgate.c ****     case SE_APP_VALIDATE_FW:
1155:../../../../..//Middlewares/ST/STM32_Secure_Engine/Core/se_callgate.c ****     {
1156:../../../../..//Middlewares/ST/STM32_Secure_Engine/Core/se_callgate.c ****       uint32_t slot_number;
1157:../../../../..//Middlewares/ST/STM32_Secure_Engine/Core/se_callgate.c ****       SE_FwStateTypeDef fw_state;
ARM GAS  /tmp/ccksLSA3.s 			page 49


1158:../../../../..//Middlewares/ST/STM32_Secure_Engine/Core/se_callgate.c **** 
1159:../../../../..//Middlewares/ST/STM32_Secure_Engine/Core/se_callgate.c ****       /* Retrieve argument(s) */
1160:../../../../..//Middlewares/ST/STM32_Secure_Engine/Core/se_callgate.c ****       slot_number = va_arg(arguments, uint32_t);
1161:../../../../..//Middlewares/ST/STM32_Secure_Engine/Core/se_callgate.c **** 
1162:../../../../..//Middlewares/ST/STM32_Secure_Engine/Core/se_callgate.c ****       if (slot_number == VALID_ALL_SLOTS)
1163:../../../../..//Middlewares/ST/STM32_Secure_Engine/Core/se_callgate.c ****       {
1164:../../../../..//Middlewares/ST/STM32_Secure_Engine/Core/se_callgate.c ****         fw_state = FWIMG_STATE_VALID_ALL;
1165:../../../../..//Middlewares/ST/STM32_Secure_Engine/Core/se_callgate.c ****         e_ret_status = SE_IMG_SetActiveFwState(MASTER_SLOT, &fw_state);
1166:../../../../..//Middlewares/ST/STM32_Secure_Engine/Core/se_callgate.c ****       }
1167:../../../../..//Middlewares/ST/STM32_Secure_Engine/Core/se_callgate.c ****       else
1168:../../../../..//Middlewares/ST/STM32_Secure_Engine/Core/se_callgate.c ****       {
1169:../../../../..//Middlewares/ST/STM32_Secure_Engine/Core/se_callgate.c ****         fw_state = FWIMG_STATE_VALID;
1170:../../../../..//Middlewares/ST/STM32_Secure_Engine/Core/se_callgate.c ****         e_ret_status = SE_IMG_SetActiveFwState(slot_number, &fw_state);
1171:../../../../..//Middlewares/ST/STM32_Secure_Engine/Core/se_callgate.c ****       }
1172:../../../../..//Middlewares/ST/STM32_Secure_Engine/Core/se_callgate.c ****       break;
1173:../../../../..//Middlewares/ST/STM32_Secure_Engine/Core/se_callgate.c ****     }
1174:../../../../..//Middlewares/ST/STM32_Secure_Engine/Core/se_callgate.c **** #endif /* ENABLE_IMAGE_STATE_HANDLING */
1175:../../../../..//Middlewares/ST/STM32_Secure_Engine/Core/se_callgate.c **** 
1176:../../../../..//Middlewares/ST/STM32_Secure_Engine/Core/se_callgate.c **** #ifdef ENABLE_IMAGE_STATE_HANDLING
1177:../../../../..//Middlewares/ST/STM32_Secure_Engine/Core/se_callgate.c ****     case SE_APP_GET_FW_STATE:
1178:../../../../..//Middlewares/ST/STM32_Secure_Engine/Core/se_callgate.c ****     {
1179:../../../../..//Middlewares/ST/STM32_Secure_Engine/Core/se_callgate.c ****       uint32_t slot_number;
1180:../../../../..//Middlewares/ST/STM32_Secure_Engine/Core/se_callgate.c ****       SE_FwStateTypeDef *p_fw_state;
1181:../../../../..//Middlewares/ST/STM32_Secure_Engine/Core/se_callgate.c **** 
1182:../../../../..//Middlewares/ST/STM32_Secure_Engine/Core/se_callgate.c ****       /* Retrieve argument(s) */
1183:../../../../..//Middlewares/ST/STM32_Secure_Engine/Core/se_callgate.c ****       slot_number = va_arg(arguments, uint32_t);
1184:../../../../..//Middlewares/ST/STM32_Secure_Engine/Core/se_callgate.c ****       p_fw_state = va_arg(arguments, SE_FwStateTypeDef *);
1185:../../../../..//Middlewares/ST/STM32_Secure_Engine/Core/se_callgate.c **** 
1186:../../../../..//Middlewares/ST/STM32_Secure_Engine/Core/se_callgate.c ****       /* Check the source buffer */
1187:../../../../..//Middlewares/ST/STM32_Secure_Engine/Core/se_callgate.c ****       if (SE_LL_Buffer_in_SBSFU_ram((void *)p_fw_state, sizeof(*p_fw_state)) != SE_SUCCESS)
1188:../../../../..//Middlewares/ST/STM32_Secure_Engine/Core/se_callgate.c ****       {
1189:../../../../..//Middlewares/ST/STM32_Secure_Engine/Core/se_callgate.c ****         e_ret_status = SE_ERROR;
1190:../../../../..//Middlewares/ST/STM32_Secure_Engine/Core/se_callgate.c ****         break;
1191:../../../../..//Middlewares/ST/STM32_Secure_Engine/Core/se_callgate.c ****       }
1192:../../../../..//Middlewares/ST/STM32_Secure_Engine/Core/se_callgate.c **** 
1193:../../../../..//Middlewares/ST/STM32_Secure_Engine/Core/se_callgate.c ****       if (SE_LL_Buffer_part_of_SE_ram((void *)p_fw_state, sizeof(*p_fw_state)) == SE_SUCCESS)
1194:../../../../..//Middlewares/ST/STM32_Secure_Engine/Core/se_callgate.c ****       {
1195:../../../../..//Middlewares/ST/STM32_Secure_Engine/Core/se_callgate.c ****         e_ret_status = SE_ERROR;
1196:../../../../..//Middlewares/ST/STM32_Secure_Engine/Core/se_callgate.c ****         break;
1197:../../../../..//Middlewares/ST/STM32_Secure_Engine/Core/se_callgate.c ****       }
1198:../../../../..//Middlewares/ST/STM32_Secure_Engine/Core/se_callgate.c **** 
1199:../../../../..//Middlewares/ST/STM32_Secure_Engine/Core/se_callgate.c ****       /* Double Check to avoid basic fault injection : check the source buffer */
1200:../../../../..//Middlewares/ST/STM32_Secure_Engine/Core/se_callgate.c ****       if (SE_LL_Buffer_in_SBSFU_ram((void *)p_fw_state, sizeof(*p_fw_state)) != SE_SUCCESS)
1201:../../../../..//Middlewares/ST/STM32_Secure_Engine/Core/se_callgate.c ****       {
1202:../../../../..//Middlewares/ST/STM32_Secure_Engine/Core/se_callgate.c ****         e_ret_status = SE_ERROR;
1203:../../../../..//Middlewares/ST/STM32_Secure_Engine/Core/se_callgate.c ****         break;
1204:../../../../..//Middlewares/ST/STM32_Secure_Engine/Core/se_callgate.c ****       }
1205:../../../../..//Middlewares/ST/STM32_Secure_Engine/Core/se_callgate.c **** 
1206:../../../../..//Middlewares/ST/STM32_Secure_Engine/Core/se_callgate.c ****       if (SE_LL_Buffer_part_of_SE_ram((void *)p_fw_state, sizeof(*p_fw_state)) == SE_SUCCESS)
1207:../../../../..//Middlewares/ST/STM32_Secure_Engine/Core/se_callgate.c ****       {
1208:../../../../..//Middlewares/ST/STM32_Secure_Engine/Core/se_callgate.c ****         e_ret_status = SE_ERROR;
1209:../../../../..//Middlewares/ST/STM32_Secure_Engine/Core/se_callgate.c ****         break;
1210:../../../../..//Middlewares/ST/STM32_Secure_Engine/Core/se_callgate.c ****       }
1211:../../../../..//Middlewares/ST/STM32_Secure_Engine/Core/se_callgate.c **** 
1212:../../../../..//Middlewares/ST/STM32_Secure_Engine/Core/se_callgate.c ****       /* Read state */
1213:../../../../..//Middlewares/ST/STM32_Secure_Engine/Core/se_callgate.c ****       e_ret_status = SE_IMG_GetActiveFwState(slot_number, p_fw_state);
1214:../../../../..//Middlewares/ST/STM32_Secure_Engine/Core/se_callgate.c ****       break;
ARM GAS  /tmp/ccksLSA3.s 			page 50


1215:../../../../..//Middlewares/ST/STM32_Secure_Engine/Core/se_callgate.c ****     }
1216:../../../../..//Middlewares/ST/STM32_Secure_Engine/Core/se_callgate.c **** #endif /* ENABLE_IMAGE_STATE_HANDLING */
1217:../../../../..//Middlewares/ST/STM32_Secure_Engine/Core/se_callgate.c **** 
1218:../../../../..//Middlewares/ST/STM32_Secure_Engine/Core/se_callgate.c **** #if defined(SFU_ISOLATE_SE_WITH_MPU) && defined(UPDATE_IRQ_SERVICE)
1219:../../../../..//Middlewares/ST/STM32_Secure_Engine/Core/se_callgate.c ****     case SE_SYS_SAVE_DISABLE_IRQ:
1220:../../../../..//Middlewares/ST/STM32_Secure_Engine/Core/se_callgate.c ****     {
1221:../../../../..//Middlewares/ST/STM32_Secure_Engine/Core/se_callgate.c ****       uint32_t *pIrqState;
1222:../../../../..//Middlewares/ST/STM32_Secure_Engine/Core/se_callgate.c ****       uint32_t IrqStateNb;
1223:../../../../..//Middlewares/ST/STM32_Secure_Engine/Core/se_callgate.c **** 
1224:../../../../..//Middlewares/ST/STM32_Secure_Engine/Core/se_callgate.c ****       /* retrieve argument(s) */
1225:../../../../..//Middlewares/ST/STM32_Secure_Engine/Core/se_callgate.c ****       pIrqState = va_arg(arguments, uint32_t *);
1226:../../../../..//Middlewares/ST/STM32_Secure_Engine/Core/se_callgate.c ****       IrqStateNb = va_arg(arguments, uint32_t);
1227:../../../../..//Middlewares/ST/STM32_Secure_Engine/Core/se_callgate.c **** 
1228:../../../../..//Middlewares/ST/STM32_Secure_Engine/Core/se_callgate.c ****       /* Check structure allocation */
1229:../../../../..//Middlewares/ST/STM32_Secure_Engine/Core/se_callgate.c ****       if (SE_LL_Buffer_in_ram((void *)pIrqState, IrqStateNb * sizeof(*pIrqState)) != SE_SUCCESS)
1230:../../../../..//Middlewares/ST/STM32_Secure_Engine/Core/se_callgate.c ****       {
1231:../../../../..//Middlewares/ST/STM32_Secure_Engine/Core/se_callgate.c ****         e_ret_status = SE_ERROR;
1232:../../../../..//Middlewares/ST/STM32_Secure_Engine/Core/se_callgate.c ****         break;
1233:../../../../..//Middlewares/ST/STM32_Secure_Engine/Core/se_callgate.c ****       }
1234:../../../../..//Middlewares/ST/STM32_Secure_Engine/Core/se_callgate.c ****       if (SE_LL_Buffer_part_of_SE_ram((void *)pIrqState, IrqStateNb * sizeof(*pIrqState)) == SE_SUC
1235:../../../../..//Middlewares/ST/STM32_Secure_Engine/Core/se_callgate.c ****       {
1236:../../../../..//Middlewares/ST/STM32_Secure_Engine/Core/se_callgate.c ****         e_ret_status = SE_ERROR;
1237:../../../../..//Middlewares/ST/STM32_Secure_Engine/Core/se_callgate.c ****         break;
1238:../../../../..//Middlewares/ST/STM32_Secure_Engine/Core/se_callgate.c ****       }
1239:../../../../..//Middlewares/ST/STM32_Secure_Engine/Core/se_callgate.c **** 
1240:../../../../..//Middlewares/ST/STM32_Secure_Engine/Core/se_callgate.c ****       /* Double Check to avoid basic fault injection : Check structure allocation */
1241:../../../../..//Middlewares/ST/STM32_Secure_Engine/Core/se_callgate.c ****       if (SE_LL_Buffer_in_ram((void *)pIrqState, IrqStateNb * sizeof(*pIrqState)) != SE_SUCCESS)
1242:../../../../..//Middlewares/ST/STM32_Secure_Engine/Core/se_callgate.c ****       {
1243:../../../../..//Middlewares/ST/STM32_Secure_Engine/Core/se_callgate.c ****         e_ret_status = SE_ERROR;
1244:../../../../..//Middlewares/ST/STM32_Secure_Engine/Core/se_callgate.c ****         break;
1245:../../../../..//Middlewares/ST/STM32_Secure_Engine/Core/se_callgate.c ****       }
1246:../../../../..//Middlewares/ST/STM32_Secure_Engine/Core/se_callgate.c ****       if (SE_LL_Buffer_part_of_SE_ram((void *)pIrqState, IrqStateNb * sizeof(*pIrqState)) == SE_SUC
1247:../../../../..//Middlewares/ST/STM32_Secure_Engine/Core/se_callgate.c ****       {
1248:../../../../..//Middlewares/ST/STM32_Secure_Engine/Core/se_callgate.c ****         e_ret_status = SE_ERROR;
1249:../../../../..//Middlewares/ST/STM32_Secure_Engine/Core/se_callgate.c ****         break;
1250:../../../../..//Middlewares/ST/STM32_Secure_Engine/Core/se_callgate.c ****       }
1251:../../../../..//Middlewares/ST/STM32_Secure_Engine/Core/se_callgate.c **** 
1252:../../../../..//Middlewares/ST/STM32_Secure_Engine/Core/se_callgate.c ****       e_ret_status = SE_LL_Save_Disable_Irq(pIrqState, IrqStateNb);
1253:../../../../..//Middlewares/ST/STM32_Secure_Engine/Core/se_callgate.c ****       break;
1254:../../../../..//Middlewares/ST/STM32_Secure_Engine/Core/se_callgate.c ****     }
1255:../../../../..//Middlewares/ST/STM32_Secure_Engine/Core/se_callgate.c **** #endif /* SFU_ISOLATE_SE_WITH_MPU && UPDATE_IRQ_SERVICE */
1256:../../../../..//Middlewares/ST/STM32_Secure_Engine/Core/se_callgate.c **** 
1257:../../../../..//Middlewares/ST/STM32_Secure_Engine/Core/se_callgate.c **** #if defined(SFU_ISOLATE_SE_WITH_MPU) && defined(UPDATE_IRQ_SERVICE)
1258:../../../../..//Middlewares/ST/STM32_Secure_Engine/Core/se_callgate.c ****     case SE_SYS_RESTORE_ENABLE_IRQ:
1259:../../../../..//Middlewares/ST/STM32_Secure_Engine/Core/se_callgate.c ****     {
1260:../../../../..//Middlewares/ST/STM32_Secure_Engine/Core/se_callgate.c ****       uint32_t *pIrqState;
1261:../../../../..//Middlewares/ST/STM32_Secure_Engine/Core/se_callgate.c ****       uint32_t IrqStateNb;
1262:../../../../..//Middlewares/ST/STM32_Secure_Engine/Core/se_callgate.c **** 
1263:../../../../..//Middlewares/ST/STM32_Secure_Engine/Core/se_callgate.c ****       /* retrieve argument(s) */
1264:../../../../..//Middlewares/ST/STM32_Secure_Engine/Core/se_callgate.c ****       pIrqState = va_arg(arguments, uint32_t *);
1265:../../../../..//Middlewares/ST/STM32_Secure_Engine/Core/se_callgate.c ****       IrqStateNb = va_arg(arguments, uint32_t);
1266:../../../../..//Middlewares/ST/STM32_Secure_Engine/Core/se_callgate.c **** 
1267:../../../../..//Middlewares/ST/STM32_Secure_Engine/Core/se_callgate.c ****       /* Check structure allocation */
1268:../../../../..//Middlewares/ST/STM32_Secure_Engine/Core/se_callgate.c ****       if (SE_LL_Buffer_in_ram((void *)pIrqState, IrqStateNb * sizeof(*pIrqState)) != SE_SUCCESS)
1269:../../../../..//Middlewares/ST/STM32_Secure_Engine/Core/se_callgate.c ****       {
1270:../../../../..//Middlewares/ST/STM32_Secure_Engine/Core/se_callgate.c ****         e_ret_status = SE_ERROR;
1271:../../../../..//Middlewares/ST/STM32_Secure_Engine/Core/se_callgate.c ****         break;
ARM GAS  /tmp/ccksLSA3.s 			page 51


1272:../../../../..//Middlewares/ST/STM32_Secure_Engine/Core/se_callgate.c ****       }
1273:../../../../..//Middlewares/ST/STM32_Secure_Engine/Core/se_callgate.c ****       if (SE_LL_Buffer_part_of_SE_ram((void *)pIrqState, IrqStateNb * sizeof(*pIrqState)) == SE_SUC
1274:../../../../..//Middlewares/ST/STM32_Secure_Engine/Core/se_callgate.c ****       {
1275:../../../../..//Middlewares/ST/STM32_Secure_Engine/Core/se_callgate.c ****         e_ret_status = SE_ERROR;
1276:../../../../..//Middlewares/ST/STM32_Secure_Engine/Core/se_callgate.c ****         break;
1277:../../../../..//Middlewares/ST/STM32_Secure_Engine/Core/se_callgate.c ****       }
1278:../../../../..//Middlewares/ST/STM32_Secure_Engine/Core/se_callgate.c **** 
1279:../../../../..//Middlewares/ST/STM32_Secure_Engine/Core/se_callgate.c ****       /* Double Check to avoid basic fault injection : Check structure allocation */
1280:../../../../..//Middlewares/ST/STM32_Secure_Engine/Core/se_callgate.c ****       if (SE_LL_Buffer_in_ram((void *)pIrqState, IrqStateNb * sizeof(*pIrqState)) != SE_SUCCESS)
1281:../../../../..//Middlewares/ST/STM32_Secure_Engine/Core/se_callgate.c ****       {
1282:../../../../..//Middlewares/ST/STM32_Secure_Engine/Core/se_callgate.c ****         e_ret_status = SE_ERROR;
1283:../../../../..//Middlewares/ST/STM32_Secure_Engine/Core/se_callgate.c ****         break;
1284:../../../../..//Middlewares/ST/STM32_Secure_Engine/Core/se_callgate.c ****       }
1285:../../../../..//Middlewares/ST/STM32_Secure_Engine/Core/se_callgate.c ****       if (SE_LL_Buffer_part_of_SE_ram((void *)pIrqState, IrqStateNb * sizeof(*pIrqState)) == SE_SUC
1286:../../../../..//Middlewares/ST/STM32_Secure_Engine/Core/se_callgate.c ****       {
1287:../../../../..//Middlewares/ST/STM32_Secure_Engine/Core/se_callgate.c ****         e_ret_status = SE_ERROR;
1288:../../../../..//Middlewares/ST/STM32_Secure_Engine/Core/se_callgate.c ****         break;
1289:../../../../..//Middlewares/ST/STM32_Secure_Engine/Core/se_callgate.c ****       }
1290:../../../../..//Middlewares/ST/STM32_Secure_Engine/Core/se_callgate.c **** 
1291:../../../../..//Middlewares/ST/STM32_Secure_Engine/Core/se_callgate.c ****       e_ret_status = SE_LL_Restore_Enable_Irq(pIrqState, IrqStateNb);
1292:../../../../..//Middlewares/ST/STM32_Secure_Engine/Core/se_callgate.c **** 
1293:../../../../..//Middlewares/ST/STM32_Secure_Engine/Core/se_callgate.c ****       break;
1294:../../../../..//Middlewares/ST/STM32_Secure_Engine/Core/se_callgate.c ****     }
1295:../../../../..//Middlewares/ST/STM32_Secure_Engine/Core/se_callgate.c **** #endif /* SFU_ISOLATE_SE_WITH_MPU && UPDATE_IRQ_SERVICE */
1296:../../../../..//Middlewares/ST/STM32_Secure_Engine/Core/se_callgate.c **** 
1297:../../../../..//Middlewares/ST/STM32_Secure_Engine/Core/se_callgate.c ****     default:
1298:../../../../..//Middlewares/ST/STM32_Secure_Engine/Core/se_callgate.c ****     {
1299:../../../../..//Middlewares/ST/STM32_Secure_Engine/Core/se_callgate.c **** #ifdef KMS_ENABLED
1300:../../../../..//Middlewares/ST/STM32_Secure_Engine/Core/se_callgate.c ****       /* Is it a request to the KMS lib */
1301:../../../../..//Middlewares/ST/STM32_Secure_Engine/Core/se_callgate.c ****       if ((eID & SE_MW_ADDON_MSB_MASK) == SE_MW_ADDON_KMS_MSB)
1302:../../../../..//Middlewares/ST/STM32_Secure_Engine/Core/se_callgate.c ****       {
1303:../../../../..//Middlewares/ST/STM32_Secure_Engine/Core/se_callgate.c ****         CK_RV    l_rv;
1304:../../../../..//Middlewares/ST/STM32_Secure_Engine/Core/se_callgate.c ****         /* Clear SE MW part of the ID, add KMS calling cluster part to the ID */
1305:../../../../..//Middlewares/ST/STM32_Secure_Engine/Core/se_callgate.c ****         KMS_FunctionID_t kmsID = (eID & ~(SE_MW_ADDON_MSB_MASK | KMS_CLUST_MASK)) | KMS_CLUST_UNSEC
1306:../../../../..//Middlewares/ST/STM32_Secure_Engine/Core/se_callgate.c **** 
1307:../../../../..//Middlewares/ST/STM32_Secure_Engine/Core/se_callgate.c ****         /* To limit the number of passed parameters, we consider that */
1308:../../../../..//Middlewares/ST/STM32_Secure_Engine/Core/se_callgate.c ****         /* KMS_Entry() returns the CK_RV error. */
1309:../../../../..//Middlewares/ST/STM32_Secure_Engine/Core/se_callgate.c ****         l_rv = KMS_Entry(kmsID, arguments);
1310:../../../../..//Middlewares/ST/STM32_Secure_Engine/Core/se_callgate.c **** 
1311:../../../../..//Middlewares/ST/STM32_Secure_Engine/Core/se_callgate.c ****         /*
1312:../../../../..//Middlewares/ST/STM32_Secure_Engine/Core/se_callgate.c ****          * SE_StatusTypeDef is used to forward the CK_RV result to upper layers
1313:../../../../..//Middlewares/ST/STM32_Secure_Engine/Core/se_callgate.c ****          */
1314:../../../../..//Middlewares/ST/STM32_Secure_Engine/Core/se_callgate.c ****         *peSE_Status = l_rv;
1315:../../../../..//Middlewares/ST/STM32_Secure_Engine/Core/se_callgate.c **** 
1316:../../../../..//Middlewares/ST/STM32_Secure_Engine/Core/se_callgate.c ****         if (l_rv == CKR_OK)
1317:../../../../..//Middlewares/ST/STM32_Secure_Engine/Core/se_callgate.c ****         {
1318:../../../../..//Middlewares/ST/STM32_Secure_Engine/Core/se_callgate.c ****           e_ret_status = SE_SUCCESS;
1319:../../../../..//Middlewares/ST/STM32_Secure_Engine/Core/se_callgate.c ****         }
1320:../../../../..//Middlewares/ST/STM32_Secure_Engine/Core/se_callgate.c ****         else
1321:../../../../..//Middlewares/ST/STM32_Secure_Engine/Core/se_callgate.c ****         {
1322:../../../../..//Middlewares/ST/STM32_Secure_Engine/Core/se_callgate.c ****           e_ret_status = SE_ERROR;
1323:../../../../..//Middlewares/ST/STM32_Secure_Engine/Core/se_callgate.c ****         }
1324:../../../../..//Middlewares/ST/STM32_Secure_Engine/Core/se_callgate.c ****         break;
1325:../../../../..//Middlewares/ST/STM32_Secure_Engine/Core/se_callgate.c ****       }
1326:../../../../..//Middlewares/ST/STM32_Secure_Engine/Core/se_callgate.c **** #endif /* KMS_ENABLED */
1327:../../../../..//Middlewares/ST/STM32_Secure_Engine/Core/se_callgate.c ****       /* Unspecified function ID -> Reset */
1328:../../../../..//Middlewares/ST/STM32_Secure_Engine/Core/se_callgate.c ****       NVIC_SystemReset();
ARM GAS  /tmp/ccksLSA3.s 			page 52


 313              		.loc 1 1328 7 is_stmt 1 view .LVU46
 314 004c FFF7FEFF 		bl	__NVIC_SystemReset
 315              	.LVL2:
 316              	.L30:
 375:../../../../..//Middlewares/ST/STM32_Secure_Engine/Core/se_callgate.c ****   {
 317              		.loc 1 375 3 is_stmt 0 view .LVU47
 318 0050 8023     		movs	r3, #128
 319 0052 5B00     		lsls	r3, r3, #1
 320 0054 9842     		cmp	r0, r3
 321 0056 00D1     		bne	.LCB237
 322 0058 10E2     		b	.L34	@long jump
 323              	.LCB237:
 324 005a 8023     		movs	r3, #128
 325 005c 5B01     		lsls	r3, r3, #5
 326 005e 9842     		cmp	r0, r3
 327 0060 F4D1     		bne	.L19
 328              	.LVL3:
 329              	.L35:
1329:../../../../..//Middlewares/ST/STM32_Secure_Engine/Core/se_callgate.c **** 
1330:../../../../..//Middlewares/ST/STM32_Secure_Engine/Core/se_callgate.c ****       break;
1331:../../../../..//Middlewares/ST/STM32_Secure_Engine/Core/se_callgate.c ****     }
1332:../../../../..//Middlewares/ST/STM32_Secure_Engine/Core/se_callgate.c ****   }
1333:../../../../..//Middlewares/ST/STM32_Secure_Engine/Core/se_callgate.c ****   if ((e_ret_status == SE_ERROR) && (*peSE_Status == SE_OK))
 330              		.loc 1 1333 34 discriminator 1 view .LVU48
 331 0062 049A     		ldr	r2, [sp, #16]
 332              	.LVL4:
 333              		.loc 1 1333 34 discriminator 1 view .LVU49
 334 0064 A44B     		ldr	r3, .L44+4
 335 0066 1268     		ldr	r2, [r2]
 336 0068 9A42     		cmp	r2, r3
 337 006a 02D1     		bne	.L43
1334:../../../../..//Middlewares/ST/STM32_Secure_Engine/Core/se_callgate.c ****   {
1335:../../../../..//Middlewares/ST/STM32_Secure_Engine/Core/se_callgate.c ****     *peSE_Status = SE_KO;
 338              		.loc 1 1335 5 is_stmt 1 view .LVU50
 339              		.loc 1 1335 18 is_stmt 0 view .LVU51
 340 006c A34B     		ldr	r3, .L44+8
 341 006e 049A     		ldr	r2, [sp, #16]
 342 0070 1360     		str	r3, [r2]
 343              	.L43:
 365:../../../../..//Middlewares/ST/STM32_Secure_Engine/Core/se_callgate.c **** 
 344              		.loc 1 365 1 view .LVU52
 345 0072 A348     		ldr	r0, .L44+12
1336:../../../../..//Middlewares/ST/STM32_Secure_Engine/Core/se_callgate.c ****   }
1337:../../../../..//Middlewares/ST/STM32_Secure_Engine/Core/se_callgate.c ****   return e_ret_status;
 346              		.loc 1 1337 3 is_stmt 1 view .LVU53
 347              		.loc 1 1337 10 is_stmt 0 view .LVU54
 348 0074 0AE0     		b	.L17
 349              	.LVL5:
 350              	.L28:
 351              	.LBB10:
 398:../../../../..//Middlewares/ST/STM32_Secure_Engine/Core/se_callgate.c **** 
 352              		.loc 1 398 7 is_stmt 1 view .LVU55
 401:../../../../..//Middlewares/ST/STM32_Secure_Engine/Core/se_callgate.c **** 
 353              		.loc 1 401 7 view .LVU56
 401:../../../../..//Middlewares/ST/STM32_Secure_Engine/Core/se_callgate.c **** 
 354              		.loc 1 401 7 view .LVU57
 355 0076 3368     		ldr	r3, [r6]
ARM GAS  /tmp/ccksLSA3.s 			page 53


 356 0078 A249     		ldr	r1, .L44+16
 357              	.LVL6:
 401:../../../../..//Middlewares/ST/STM32_Secure_Engine/Core/se_callgate.c **** 
 358              		.loc 1 401 7 is_stmt 0 view .LVU58
 359 007a 8B42     		cmp	r3, r1
 360 007c E6D1     		bne	.L19
 401:../../../../..//Middlewares/ST/STM32_Secure_Engine/Core/se_callgate.c **** 
 361              		.loc 1 401 7 is_stmt 1 discriminator 2 view .LVU59
 404:../../../../..//Middlewares/ST/STM32_Secure_Engine/Core/se_callgate.c **** 
 362              		.loc 1 404 7 view .LVU60
 363              	.LVL7:
 407:../../../../..//Middlewares/ST/STM32_Secure_Engine/Core/se_callgate.c **** 
 364              		.loc 1 407 7 view .LVU61
 407:../../../../..//Middlewares/ST/STM32_Secure_Engine/Core/se_callgate.c **** 
 365              		.loc 1 407 7 view .LVU62
 407:../../../../..//Middlewares/ST/STM32_Secure_Engine/Core/se_callgate.c **** 
 366              		.loc 1 407 7 discriminator 2 view .LVU63
 410:../../../../..//Middlewares/ST/STM32_Secure_Engine/Core/se_callgate.c **** 
 367              		.loc 1 410 7 view .LVU64
 368 007e 1068     		ldr	r0, [r2]
 369              	.LVL8:
 410:../../../../..//Middlewares/ST/STM32_Secure_Engine/Core/se_callgate.c **** 
 370              		.loc 1 410 7 is_stmt 0 view .LVU65
 371 0080 FFF7FEFF 		bl	SE_SetSystemCoreClock
 372              	.LVL9:
 417:../../../../..//Middlewares/ST/STM32_Secure_Engine/Core/se_callgate.c ****       e_ret_status = SE_SUCCESS;
 373              		.loc 1 417 7 is_stmt 1 view .LVU66
 417:../../../../..//Middlewares/ST/STM32_Secure_Engine/Core/se_callgate.c ****       e_ret_status = SE_SUCCESS;
 374              		.loc 1 417 20 is_stmt 0 view .LVU67
 375 0084 9C4B     		ldr	r3, .L44+4
 376 0086 049A     		ldr	r2, [sp, #16]
 377 0088 1360     		str	r3, [r2]
 418:../../../../..//Middlewares/ST/STM32_Secure_Engine/Core/se_callgate.c **** 
 378              		.loc 1 418 7 is_stmt 1 view .LVU68
 379              	.LVL10:
 421:../../../../..//Middlewares/ST/STM32_Secure_Engine/Core/se_callgate.c ****     }
 380              		.loc 1 421 7 view .LVU69
 421:../../../../..//Middlewares/ST/STM32_Secure_Engine/Core/se_callgate.c ****     }
 381              		.loc 1 421 7 is_stmt 0 view .LVU70
 382              	.LBE10:
1330:../../../../..//Middlewares/ST/STM32_Secure_Engine/Core/se_callgate.c ****     }
 383              		.loc 1 1330 7 is_stmt 1 view .LVU71
1333:../../../../..//Middlewares/ST/STM32_Secure_Engine/Core/se_callgate.c ****   {
 384              		.loc 1 1333 3 view .LVU72
 385              	.L42:
 990:../../../../..//Middlewares/ST/STM32_Secure_Engine/Core/se_callgate.c **** 
 386              		.loc 1 990 20 is_stmt 0 view .LVU73
 387 008a 9F48     		ldr	r0, .L44+20
 388              	.LVL11:
 389              	.L17:
1338:../../../../..//Middlewares/ST/STM32_Secure_Engine/Core/se_callgate.c **** }
 390              		.loc 1 1338 1 view .LVU74
 391 008c 06B0     		add	sp, sp, #24
 392              		@ sp needed
 393 008e 70BD     		pop	{r4, r5, r6, pc}
 394              	.LVL12:
 395              	.L27:
ARM GAS  /tmp/ccksLSA3.s 			page 54


 396              	.LBB11:
 427:../../../../..//Middlewares/ST/STM32_Secure_Engine/Core/se_callgate.c ****       uint32_t se_FwType;
 397              		.loc 1 427 7 is_stmt 1 view .LVU75
 428:../../../../..//Middlewares/ST/STM32_Secure_Engine/Core/se_callgate.c **** 
 398              		.loc 1 428 7 view .LVU76
 431:../../../../..//Middlewares/ST/STM32_Secure_Engine/Core/se_callgate.c **** 
 399              		.loc 1 431 7 view .LVU77
 431:../../../../..//Middlewares/ST/STM32_Secure_Engine/Core/se_callgate.c **** 
 400              		.loc 1 431 7 view .LVU78
 401 0090 3368     		ldr	r3, [r6]
 402 0092 9C49     		ldr	r1, .L44+16
 403              	.LVL13:
 431:../../../../..//Middlewares/ST/STM32_Secure_Engine/Core/se_callgate.c **** 
 404              		.loc 1 431 7 is_stmt 0 view .LVU79
 405 0094 8B42     		cmp	r3, r1
 406 0096 D9D1     		bne	.L19
 431:../../../../..//Middlewares/ST/STM32_Secure_Engine/Core/se_callgate.c **** 
 407              		.loc 1 431 7 is_stmt 1 discriminator 2 view .LVU80
 434:../../../../..//Middlewares/ST/STM32_Secure_Engine/Core/se_callgate.c ****       se_FwType = va_arg(arguments, uint32_t);
 408              		.loc 1 434 7 view .LVU81
 409              	.LVL14:
 435:../../../../..//Middlewares/ST/STM32_Secure_Engine/Core/se_callgate.c **** 
 410              		.loc 1 435 17 is_stmt 0 view .LVU82
 411 0098 5368     		ldr	r3, [r2, #4]
 434:../../../../..//Middlewares/ST/STM32_Secure_Engine/Core/se_callgate.c ****       se_FwType = va_arg(arguments, uint32_t);
 412              		.loc 1 434 23 view .LVU83
 413 009a 1568     		ldr	r5, [r2]
 435:../../../../..//Middlewares/ST/STM32_Secure_Engine/Core/se_callgate.c **** 
 414              		.loc 1 435 7 is_stmt 1 view .LVU84
 415              	.LVL15:
 435:../../../../..//Middlewares/ST/STM32_Secure_Engine/Core/se_callgate.c **** 
 416              		.loc 1 435 17 is_stmt 0 view .LVU85
 417 009c 0193     		str	r3, [sp, #4]
 438:../../../../..//Middlewares/ST/STM32_Secure_Engine/Core/se_callgate.c ****       {
 418              		.loc 1 438 7 is_stmt 1 view .LVU86
 438:../../../../..//Middlewares/ST/STM32_Secure_Engine/Core/se_callgate.c ****       {
 419              		.loc 1 438 11 is_stmt 0 view .LVU87
 420 009e FFF7FEFF 		bl	SE_LL_CRC_Config
 421              	.LVL16:
 438:../../../../..//Middlewares/ST/STM32_Secure_Engine/Core/se_callgate.c ****       {
 422              		.loc 1 438 10 discriminator 1 view .LVU88
 423 00a2 974B     		ldr	r3, .L44+12
 424 00a4 9842     		cmp	r0, r3
 425 00a6 DCD0     		beq	.L35
 445:../../../../..//Middlewares/ST/STM32_Secure_Engine/Core/se_callgate.c ****       {
 426              		.loc 1 445 7 is_stmt 1 view .LVU89
 445:../../../../..//Middlewares/ST/STM32_Secure_Engine/Core/se_callgate.c ****       {
 427              		.loc 1 445 11 is_stmt 0 view .LVU90
 428 00a8 A021     		movs	r1, #160
 429 00aa 2800     		movs	r0, r5
 430 00ac 4900     		lsls	r1, r1, #1
 431 00ae FFF7FEFF 		bl	SE_LL_Buffer_in_SBSFU_ram
 432              	.LVL17:
 445:../../../../..//Middlewares/ST/STM32_Secure_Engine/Core/se_callgate.c ****       {
 433              		.loc 1 445 10 discriminator 1 view .LVU91
 434 00b2 954B     		ldr	r3, .L44+20
 445:../../../../..//Middlewares/ST/STM32_Secure_Engine/Core/se_callgate.c ****       {
ARM GAS  /tmp/ccksLSA3.s 			page 55


 435              		.loc 1 445 11 view .LVU92
 436 00b4 0400     		movs	r4, r0
 445:../../../../..//Middlewares/ST/STM32_Secure_Engine/Core/se_callgate.c ****       {
 437              		.loc 1 445 10 discriminator 1 view .LVU93
 438 00b6 9842     		cmp	r0, r3
 439 00b8 D3D1     		bne	.L35
 452:../../../../..//Middlewares/ST/STM32_Secure_Engine/Core/se_callgate.c ****       {
 440              		.loc 1 452 7 is_stmt 1 view .LVU94
 452:../../../../..//Middlewares/ST/STM32_Secure_Engine/Core/se_callgate.c ****       {
 441              		.loc 1 452 10 is_stmt 0 view .LVU95
 442 00ba 019B     		ldr	r3, [sp, #4]
 443 00bc 012B     		cmp	r3, #1
 444 00be D0D8     		bhi	.L35
 459:../../../../..//Middlewares/ST/STM32_Secure_Engine/Core/se_callgate.c **** 
 445              		.loc 1 459 7 is_stmt 1 view .LVU96
 459:../../../../..//Middlewares/ST/STM32_Secure_Engine/Core/se_callgate.c **** 
 446              		.loc 1 459 7 view .LVU97
 447 00c0 3368     		ldr	r3, [r6]
 448 00c2 9049     		ldr	r1, .L44+16
 449 00c4 8B42     		cmp	r3, r1
 450 00c6 C1D1     		bne	.L19
 459:../../../../..//Middlewares/ST/STM32_Secure_Engine/Core/se_callgate.c **** 
 451              		.loc 1 459 7 discriminator 2 view .LVU98
 462:../../../../..//Middlewares/ST/STM32_Secure_Engine/Core/se_callgate.c ****       {
 452              		.loc 1 462 7 view .LVU99
 462:../../../../..//Middlewares/ST/STM32_Secure_Engine/Core/se_callgate.c ****       {
 453              		.loc 1 462 11 is_stmt 0 view .LVU100
 454 00c8 A021     		movs	r1, #160
 455 00ca 2800     		movs	r0, r5
 456 00cc 4900     		lsls	r1, r1, #1
 457 00ce FFF7FEFF 		bl	SE_LL_Buffer_in_SBSFU_ram
 458              	.LVL18:
 462:../../../../..//Middlewares/ST/STM32_Secure_Engine/Core/se_callgate.c ****       {
 459              		.loc 1 462 10 discriminator 1 view .LVU101
 460 00d2 A042     		cmp	r0, r4
 461 00d4 C5D1     		bne	.L35
 477:../../../../..//Middlewares/ST/STM32_Secure_Engine/Core/se_callgate.c **** #endif /* !KMS_ENABLED */
 462              		.loc 1 477 7 is_stmt 1 view .LVU102
 477:../../../../..//Middlewares/ST/STM32_Secure_Engine/Core/se_callgate.c **** #endif /* !KMS_ENABLED */
 463              		.loc 1 477 22 is_stmt 0 view .LVU103
 464 00d6 2800     		movs	r0, r5
 465 00d8 0199     		ldr	r1, [sp, #4]
 466 00da FFF7FEFF 		bl	SE_CRYPTO_Decrypt_Init
 467              	.LVL19:
 479:../../../../..//Middlewares/ST/STM32_Secure_Engine/Core/se_callgate.c ****     }
 468              		.loc 1 479 7 is_stmt 1 view .LVU104
 469              	.L41:
 479:../../../../..//Middlewares/ST/STM32_Secure_Engine/Core/se_callgate.c ****     }
 470              		.loc 1 479 7 is_stmt 0 view .LVU105
 471              	.LBE11:
1330:../../../../..//Middlewares/ST/STM32_Secure_Engine/Core/se_callgate.c ****     }
 472              		.loc 1 1330 7 is_stmt 1 view .LVU106
1333:../../../../..//Middlewares/ST/STM32_Secure_Engine/Core/se_callgate.c ****   {
 473              		.loc 1 1333 3 view .LVU107
1333:../../../../..//Middlewares/ST/STM32_Secure_Engine/Core/se_callgate.c ****   {
 474              		.loc 1 1333 6 is_stmt 0 view .LVU108
 475 00de 884B     		ldr	r3, .L44+12
ARM GAS  /tmp/ccksLSA3.s 			page 56


 476 00e0 9842     		cmp	r0, r3
 477 00e2 D3D1     		bne	.L17
1333:../../../../..//Middlewares/ST/STM32_Secure_Engine/Core/se_callgate.c ****   {
 478              		.loc 1 1333 6 view .LVU109
 479 00e4 BDE7     		b	.L35
 480              	.LVL20:
 481              	.L26:
 482              	.LBB12:
 485:../../../../..//Middlewares/ST/STM32_Secure_Engine/Core/se_callgate.c ****       int32_t      input_size;
 483              		.loc 1 485 7 is_stmt 1 view .LVU110
 486:../../../../..//Middlewares/ST/STM32_Secure_Engine/Core/se_callgate.c ****       uint8_t      *output_buffer;
 484              		.loc 1 486 7 view .LVU111
 487:../../../../..//Middlewares/ST/STM32_Secure_Engine/Core/se_callgate.c ****       int32_t      *output_size;
 485              		.loc 1 487 7 view .LVU112
 488:../../../../..//Middlewares/ST/STM32_Secure_Engine/Core/se_callgate.c **** 
 486              		.loc 1 488 7 view .LVU113
 491:../../../../..//Middlewares/ST/STM32_Secure_Engine/Core/se_callgate.c **** 
 487              		.loc 1 491 7 view .LVU114
 491:../../../../..//Middlewares/ST/STM32_Secure_Engine/Core/se_callgate.c **** 
 488              		.loc 1 491 7 view .LVU115
 489 00e6 3368     		ldr	r3, [r6]
 490 00e8 8649     		ldr	r1, .L44+16
 491              	.LVL21:
 491:../../../../..//Middlewares/ST/STM32_Secure_Engine/Core/se_callgate.c **** 
 492              		.loc 1 491 7 is_stmt 0 view .LVU116
 493 00ea 8B42     		cmp	r3, r1
 494 00ec AED1     		bne	.L19
 491:../../../../..//Middlewares/ST/STM32_Secure_Engine/Core/se_callgate.c **** 
 495              		.loc 1 491 7 is_stmt 1 discriminator 2 view .LVU117
 494:../../../../..//Middlewares/ST/STM32_Secure_Engine/Core/se_callgate.c ****       input_size = va_arg(arguments, int32_t);
 496              		.loc 1 494 7 view .LVU118
 497              	.LVL22:
 494:../../../../..//Middlewares/ST/STM32_Secure_Engine/Core/se_callgate.c ****       input_size = va_arg(arguments, int32_t);
 498              		.loc 1 494 20 is_stmt 0 view .LVU119
 499 00ee 1368     		ldr	r3, [r2]
 495:../../../../..//Middlewares/ST/STM32_Secure_Engine/Core/se_callgate.c ****       output_buffer = va_arg(arguments, uint8_t *);
 500              		.loc 1 495 18 view .LVU120
 501 00f0 5468     		ldr	r4, [r2, #4]
 494:../../../../..//Middlewares/ST/STM32_Secure_Engine/Core/se_callgate.c ****       input_size = va_arg(arguments, int32_t);
 502              		.loc 1 494 20 view .LVU121
 503 00f2 0193     		str	r3, [sp, #4]
 495:../../../../..//Middlewares/ST/STM32_Secure_Engine/Core/se_callgate.c ****       output_buffer = va_arg(arguments, uint8_t *);
 504              		.loc 1 495 7 is_stmt 1 view .LVU122
 505              	.LVL23:
 496:../../../../..//Middlewares/ST/STM32_Secure_Engine/Core/se_callgate.c ****       output_size = va_arg(arguments, int32_t *);
 506              		.loc 1 496 7 view .LVU123
 496:../../../../..//Middlewares/ST/STM32_Secure_Engine/Core/se_callgate.c ****       output_size = va_arg(arguments, int32_t *);
 507              		.loc 1 496 21 is_stmt 0 view .LVU124
 508 00f4 9368     		ldr	r3, [r2, #8]
 509 00f6 0293     		str	r3, [sp, #8]
 497:../../../../..//Middlewares/ST/STM32_Secure_Engine/Core/se_callgate.c **** 
 510              		.loc 1 497 7 is_stmt 1 view .LVU125
 511              	.LVL24:
 497:../../../../..//Middlewares/ST/STM32_Secure_Engine/Core/se_callgate.c **** 
 512              		.loc 1 497 19 is_stmt 0 view .LVU126
 513 00f8 D368     		ldr	r3, [r2, #12]
 514 00fa 0393     		str	r3, [sp, #12]
ARM GAS  /tmp/ccksLSA3.s 			page 57


 500:../../../../..//Middlewares/ST/STM32_Secure_Engine/Core/se_callgate.c ****       {
 515              		.loc 1 500 7 is_stmt 1 view .LVU127
 500:../../../../..//Middlewares/ST/STM32_Secure_Engine/Core/se_callgate.c ****       {
 516              		.loc 1 500 11 is_stmt 0 view .LVU128
 517 00fc FFF7FEFF 		bl	SE_LL_CRC_Config
 518              	.LVL25:
 500:../../../../..//Middlewares/ST/STM32_Secure_Engine/Core/se_callgate.c ****       {
 519              		.loc 1 500 10 discriminator 1 view .LVU129
 520 0100 7F4B     		ldr	r3, .L44+12
 521 0102 9842     		cmp	r0, r3
 522 0104 ADD0     		beq	.L35
 507:../../../../..//Middlewares/ST/STM32_Secure_Engine/Core/se_callgate.c ****       {
 523              		.loc 1 507 7 is_stmt 1 view .LVU130
 507:../../../../..//Middlewares/ST/STM32_Secure_Engine/Core/se_callgate.c ****       {
 524              		.loc 1 507 10 is_stmt 0 view .LVU131
 525 0106 002C     		cmp	r4, #0
 526 0108 ABDD     		ble	.L35
 512:../../../../..//Middlewares/ST/STM32_Secure_Engine/Core/se_callgate.c ****       {
 527              		.loc 1 512 7 is_stmt 1 view .LVU132
 512:../../../../..//Middlewares/ST/STM32_Secure_Engine/Core/se_callgate.c ****       {
 528              		.loc 1 512 11 is_stmt 0 view .LVU133
 529 010a 2100     		movs	r1, r4
 530 010c 0198     		ldr	r0, [sp, #4]
 531 010e FFF7FEFF 		bl	SE_LL_Buffer_in_SBSFU_ram
 532              	.LVL26:
 512:../../../../..//Middlewares/ST/STM32_Secure_Engine/Core/se_callgate.c ****       {
 533              		.loc 1 512 10 discriminator 1 view .LVU134
 534 0112 7D4B     		ldr	r3, .L44+20
 512:../../../../..//Middlewares/ST/STM32_Secure_Engine/Core/se_callgate.c ****       {
 535              		.loc 1 512 11 view .LVU135
 536 0114 0500     		movs	r5, r0
 512:../../../../..//Middlewares/ST/STM32_Secure_Engine/Core/se_callgate.c ****       {
 537              		.loc 1 512 10 discriminator 1 view .LVU136
 538 0116 9842     		cmp	r0, r3
 539 0118 A3D1     		bne	.L35
 517:../../../../..//Middlewares/ST/STM32_Secure_Engine/Core/se_callgate.c ****       {
 540              		.loc 1 517 7 is_stmt 1 view .LVU137
 517:../../../../..//Middlewares/ST/STM32_Secure_Engine/Core/se_callgate.c ****       {
 541              		.loc 1 517 11 is_stmt 0 view .LVU138
 542 011a 0421     		movs	r1, #4
 543 011c 0398     		ldr	r0, [sp, #12]
 544 011e FFF7FEFF 		bl	SE_LL_Buffer_in_SBSFU_ram
 545              	.LVL27:
 546 0122 0590     		str	r0, [sp, #20]
 517:../../../../..//Middlewares/ST/STM32_Secure_Engine/Core/se_callgate.c ****       {
 547              		.loc 1 517 10 discriminator 1 view .LVU139
 548 0124 A842     		cmp	r0, r5
 549 0126 9CD1     		bne	.L35
 522:../../../../..//Middlewares/ST/STM32_Secure_Engine/Core/se_callgate.c ****       {
 550              		.loc 1 522 7 is_stmt 1 view .LVU140
 522:../../../../..//Middlewares/ST/STM32_Secure_Engine/Core/se_callgate.c ****       {
 551              		.loc 1 522 11 is_stmt 0 view .LVU141
 552 0128 2100     		movs	r1, r4
 553 012a 0298     		ldr	r0, [sp, #8]
 554 012c FFF7FEFF 		bl	SE_LL_Buffer_in_SBSFU_ram
 555              	.LVL28:
 522:../../../../..//Middlewares/ST/STM32_Secure_Engine/Core/se_callgate.c ****       {
ARM GAS  /tmp/ccksLSA3.s 			page 58


 556              		.loc 1 522 10 discriminator 1 view .LVU142
 557 0130 059B     		ldr	r3, [sp, #20]
 522:../../../../..//Middlewares/ST/STM32_Secure_Engine/Core/se_callgate.c ****       {
 558              		.loc 1 522 11 view .LVU143
 559 0132 0500     		movs	r5, r0
 522:../../../../..//Middlewares/ST/STM32_Secure_Engine/Core/se_callgate.c ****       {
 560              		.loc 1 522 10 discriminator 1 view .LVU144
 561 0134 9842     		cmp	r0, r3
 562 0136 00D0     		beq	.LCB473
 563 0138 93E7     		b	.L35	@long jump
 564              	.LCB473:
 529:../../../../..//Middlewares/ST/STM32_Secure_Engine/Core/se_callgate.c **** 
 565              		.loc 1 529 7 is_stmt 1 view .LVU145
 529:../../../../..//Middlewares/ST/STM32_Secure_Engine/Core/se_callgate.c **** 
 566              		.loc 1 529 7 view .LVU146
 567 013a 3368     		ldr	r3, [r6]
 568 013c 714A     		ldr	r2, .L44+16
 569 013e 9342     		cmp	r3, r2
 570 0140 00D0     		beq	.LCB479
 571 0142 83E7     		b	.L19	@long jump
 572              	.LCB479:
 529:../../../../..//Middlewares/ST/STM32_Secure_Engine/Core/se_callgate.c **** 
 573              		.loc 1 529 7 discriminator 2 view .LVU147
 532:../../../../..//Middlewares/ST/STM32_Secure_Engine/Core/se_callgate.c ****       {
 574              		.loc 1 532 7 view .LVU148
 537:../../../../..//Middlewares/ST/STM32_Secure_Engine/Core/se_callgate.c ****       {
 575              		.loc 1 537 7 view .LVU149
 537:../../../../..//Middlewares/ST/STM32_Secure_Engine/Core/se_callgate.c ****       {
 576              		.loc 1 537 11 is_stmt 0 view .LVU150
 577 0144 2100     		movs	r1, r4
 578 0146 0198     		ldr	r0, [sp, #4]
 579 0148 FFF7FEFF 		bl	SE_LL_Buffer_in_SBSFU_ram
 580              	.LVL29:
 581 014c 0600     		movs	r6, r0
 537:../../../../..//Middlewares/ST/STM32_Secure_Engine/Core/se_callgate.c ****       {
 582              		.loc 1 537 10 discriminator 1 view .LVU151
 583 014e A842     		cmp	r0, r5
 584 0150 00D0     		beq	.LCB488
 585 0152 86E7     		b	.L35	@long jump
 586              	.LCB488:
 542:../../../../..//Middlewares/ST/STM32_Secure_Engine/Core/se_callgate.c ****       {
 587              		.loc 1 542 7 is_stmt 1 view .LVU152
 542:../../../../..//Middlewares/ST/STM32_Secure_Engine/Core/se_callgate.c ****       {
 588              		.loc 1 542 11 is_stmt 0 view .LVU153
 589 0154 0421     		movs	r1, #4
 590 0156 0398     		ldr	r0, [sp, #12]
 591 0158 FFF7FEFF 		bl	SE_LL_Buffer_in_SBSFU_ram
 592              	.LVL30:
 593 015c 0500     		movs	r5, r0
 542:../../../../..//Middlewares/ST/STM32_Secure_Engine/Core/se_callgate.c ****       {
 594              		.loc 1 542 10 discriminator 1 view .LVU154
 595 015e B042     		cmp	r0, r6
 596 0160 00D0     		beq	.LCB495
 597 0162 7EE7     		b	.L35	@long jump
 598              	.LCB495:
 547:../../../../..//Middlewares/ST/STM32_Secure_Engine/Core/se_callgate.c ****       {
 599              		.loc 1 547 7 is_stmt 1 view .LVU155
ARM GAS  /tmp/ccksLSA3.s 			page 59


 547:../../../../..//Middlewares/ST/STM32_Secure_Engine/Core/se_callgate.c ****       {
 600              		.loc 1 547 11 is_stmt 0 view .LVU156
 601 0164 2100     		movs	r1, r4
 602 0166 0298     		ldr	r0, [sp, #8]
 603 0168 FFF7FEFF 		bl	SE_LL_Buffer_in_SBSFU_ram
 604              	.LVL31:
 547:../../../../..//Middlewares/ST/STM32_Secure_Engine/Core/se_callgate.c ****       {
 605              		.loc 1 547 10 discriminator 1 view .LVU157
 606 016c A842     		cmp	r0, r5
 607 016e 00D0     		beq	.LCB502
 608 0170 77E7     		b	.L35	@long jump
 609              	.LCB502:
 554:../../../../..//Middlewares/ST/STM32_Secure_Engine/Core/se_callgate.c **** #endif /* !KMS_ENABLED */
 610              		.loc 1 554 7 is_stmt 1 view .LVU158
 554:../../../../..//Middlewares/ST/STM32_Secure_Engine/Core/se_callgate.c **** #endif /* !KMS_ENABLED */
 611              		.loc 1 554 22 is_stmt 0 view .LVU159
 612 0172 2100     		movs	r1, r4
 613 0174 039B     		ldr	r3, [sp, #12]
 614 0176 029A     		ldr	r2, [sp, #8]
 615 0178 0198     		ldr	r0, [sp, #4]
 616 017a FFF7FEFF 		bl	SE_CRYPTO_Decrypt_Append
 617              	.LVL32:
 556:../../../../..//Middlewares/ST/STM32_Secure_Engine/Core/se_callgate.c ****     }
 618              		.loc 1 556 7 is_stmt 1 view .LVU160
 619 017e AEE7     		b	.L41
 620              	.LVL33:
 621              	.L25:
 556:../../../../..//Middlewares/ST/STM32_Secure_Engine/Core/se_callgate.c ****     }
 622              		.loc 1 556 7 is_stmt 0 view .LVU161
 623              	.LBE12:
 624              	.LBB13:
 562:../../../../..//Middlewares/ST/STM32_Secure_Engine/Core/se_callgate.c ****       int32_t      *output_size;
 625              		.loc 1 562 7 is_stmt 1 view .LVU162
 563:../../../../..//Middlewares/ST/STM32_Secure_Engine/Core/se_callgate.c **** 
 626              		.loc 1 563 7 view .LVU163
 566:../../../../..//Middlewares/ST/STM32_Secure_Engine/Core/se_callgate.c **** 
 627              		.loc 1 566 7 view .LVU164
 566:../../../../..//Middlewares/ST/STM32_Secure_Engine/Core/se_callgate.c **** 
 628              		.loc 1 566 7 view .LVU165
 629 0180 3368     		ldr	r3, [r6]
 630 0182 6049     		ldr	r1, .L44+16
 631              	.LVL34:
 566:../../../../..//Middlewares/ST/STM32_Secure_Engine/Core/se_callgate.c **** 
 632              		.loc 1 566 7 is_stmt 0 view .LVU166
 633 0184 8B42     		cmp	r3, r1
 634 0186 00D0     		beq	.LCB530
 635 0188 60E7     		b	.L19	@long jump
 636              	.LCB530:
 566:../../../../..//Middlewares/ST/STM32_Secure_Engine/Core/se_callgate.c **** 
 637              		.loc 1 566 7 is_stmt 1 discriminator 2 view .LVU167
 569:../../../../..//Middlewares/ST/STM32_Secure_Engine/Core/se_callgate.c ****       output_size = va_arg(arguments, int32_t *);
 638              		.loc 1 569 7 view .LVU168
 639              	.LVL35:
 570:../../../../..//Middlewares/ST/STM32_Secure_Engine/Core/se_callgate.c **** 
 640              		.loc 1 570 19 is_stmt 0 view .LVU169
 641 018a 5368     		ldr	r3, [r2, #4]
 569:../../../../..//Middlewares/ST/STM32_Secure_Engine/Core/se_callgate.c ****       output_size = va_arg(arguments, int32_t *);
ARM GAS  /tmp/ccksLSA3.s 			page 60


 642              		.loc 1 569 21 view .LVU170
 643 018c 1568     		ldr	r5, [r2]
 570:../../../../..//Middlewares/ST/STM32_Secure_Engine/Core/se_callgate.c **** 
 644              		.loc 1 570 7 is_stmt 1 view .LVU171
 645              	.LVL36:
 570:../../../../..//Middlewares/ST/STM32_Secure_Engine/Core/se_callgate.c **** 
 646              		.loc 1 570 19 is_stmt 0 view .LVU172
 647 018e 0193     		str	r3, [sp, #4]
 573:../../../../..//Middlewares/ST/STM32_Secure_Engine/Core/se_callgate.c ****       {
 648              		.loc 1 573 7 is_stmt 1 view .LVU173
 573:../../../../..//Middlewares/ST/STM32_Secure_Engine/Core/se_callgate.c ****       {
 649              		.loc 1 573 11 is_stmt 0 view .LVU174
 650 0190 FFF7FEFF 		bl	SE_LL_CRC_Config
 651              	.LVL37:
 573:../../../../..//Middlewares/ST/STM32_Secure_Engine/Core/se_callgate.c ****       {
 652              		.loc 1 573 10 discriminator 1 view .LVU175
 653 0194 5A4B     		ldr	r3, .L44+12
 654 0196 9842     		cmp	r0, r3
 655 0198 00D1     		bne	.LCB547
 656 019a 62E7     		b	.L35	@long jump
 657              	.LCB547:
 580:../../../../..//Middlewares/ST/STM32_Secure_Engine/Core/se_callgate.c ****       {
 658              		.loc 1 580 7 is_stmt 1 view .LVU176
 580:../../../../..//Middlewares/ST/STM32_Secure_Engine/Core/se_callgate.c ****       {
 659              		.loc 1 580 11 is_stmt 0 view .LVU177
 660 019c 0421     		movs	r1, #4
 661 019e 0198     		ldr	r0, [sp, #4]
 662 01a0 FFF7FEFF 		bl	SE_LL_Buffer_in_SBSFU_ram
 663              	.LVL38:
 580:../../../../..//Middlewares/ST/STM32_Secure_Engine/Core/se_callgate.c ****       {
 664              		.loc 1 580 10 discriminator 1 view .LVU178
 665 01a4 584B     		ldr	r3, .L44+20
 580:../../../../..//Middlewares/ST/STM32_Secure_Engine/Core/se_callgate.c ****       {
 666              		.loc 1 580 11 view .LVU179
 667 01a6 0400     		movs	r4, r0
 580:../../../../..//Middlewares/ST/STM32_Secure_Engine/Core/se_callgate.c ****       {
 668              		.loc 1 580 10 discriminator 1 view .LVU180
 669 01a8 9842     		cmp	r0, r3
 670 01aa 00D0     		beq	.LCB555
 671 01ac 59E7     		b	.L35	@long jump
 672              	.LCB555:
 586:../../../../..//Middlewares/ST/STM32_Secure_Engine/Core/se_callgate.c ****       {
 673              		.loc 1 586 7 is_stmt 1 view .LVU181
 586:../../../../..//Middlewares/ST/STM32_Secure_Engine/Core/se_callgate.c ****       {
 674              		.loc 1 586 11 is_stmt 0 view .LVU182
 675 01ae 1021     		movs	r1, #16
 676 01b0 2800     		movs	r0, r5
 677 01b2 FFF7FEFF 		bl	SE_LL_Buffer_in_SBSFU_ram
 678              	.LVL39:
 679 01b6 0290     		str	r0, [sp, #8]
 586:../../../../..//Middlewares/ST/STM32_Secure_Engine/Core/se_callgate.c ****       {
 680              		.loc 1 586 10 discriminator 1 view .LVU183
 681 01b8 A042     		cmp	r0, r4
 682 01ba 00D0     		beq	.LCB562
 683 01bc 51E7     		b	.L35	@long jump
 684              	.LCB562:
 593:../../../../..//Middlewares/ST/STM32_Secure_Engine/Core/se_callgate.c **** 
ARM GAS  /tmp/ccksLSA3.s 			page 61


 685              		.loc 1 593 7 is_stmt 1 view .LVU184
 593:../../../../..//Middlewares/ST/STM32_Secure_Engine/Core/se_callgate.c **** 
 686              		.loc 1 593 7 view .LVU185
 687 01be 3368     		ldr	r3, [r6]
 688 01c0 504A     		ldr	r2, .L44+16
 689 01c2 9342     		cmp	r3, r2
 690 01c4 00D0     		beq	.LCB568
 691 01c6 41E7     		b	.L19	@long jump
 692              	.LCB568:
 593:../../../../..//Middlewares/ST/STM32_Secure_Engine/Core/se_callgate.c **** 
 693              		.loc 1 593 7 discriminator 2 view .LVU186
 596:../../../../..//Middlewares/ST/STM32_Secure_Engine/Core/se_callgate.c ****       {
 694              		.loc 1 596 7 view .LVU187
 596:../../../../..//Middlewares/ST/STM32_Secure_Engine/Core/se_callgate.c ****       {
 695              		.loc 1 596 11 is_stmt 0 view .LVU188
 696 01c8 0421     		movs	r1, #4
 697 01ca 0198     		ldr	r0, [sp, #4]
 698 01cc FFF7FEFF 		bl	SE_LL_Buffer_in_SBSFU_ram
 699              	.LVL40:
 596:../../../../..//Middlewares/ST/STM32_Secure_Engine/Core/se_callgate.c ****       {
 700              		.loc 1 596 10 discriminator 1 view .LVU189
 701 01d0 029B     		ldr	r3, [sp, #8]
 596:../../../../..//Middlewares/ST/STM32_Secure_Engine/Core/se_callgate.c ****       {
 702              		.loc 1 596 11 view .LVU190
 703 01d2 0400     		movs	r4, r0
 596:../../../../..//Middlewares/ST/STM32_Secure_Engine/Core/se_callgate.c ****       {
 704              		.loc 1 596 10 discriminator 1 view .LVU191
 705 01d4 9842     		cmp	r0, r3
 706 01d6 00D0     		beq	.LCB577
 707 01d8 43E7     		b	.L35	@long jump
 708              	.LCB577:
 603:../../../../..//Middlewares/ST/STM32_Secure_Engine/Core/se_callgate.c ****       {
 709              		.loc 1 603 7 is_stmt 1 view .LVU192
 603:../../../../..//Middlewares/ST/STM32_Secure_Engine/Core/se_callgate.c ****       {
 710              		.loc 1 603 11 is_stmt 0 view .LVU193
 711 01da 1021     		movs	r1, #16
 712 01dc 2800     		movs	r0, r5
 713 01de FFF7FEFF 		bl	SE_LL_Buffer_in_SBSFU_ram
 714              	.LVL41:
 603:../../../../..//Middlewares/ST/STM32_Secure_Engine/Core/se_callgate.c ****       {
 715              		.loc 1 603 10 discriminator 1 view .LVU194
 716 01e2 A042     		cmp	r0, r4
 717 01e4 00D0     		beq	.LCB584
 718 01e6 3CE7     		b	.L35	@long jump
 719              	.LCB584:
 610:../../../../..//Middlewares/ST/STM32_Secure_Engine/Core/se_callgate.c **** #endif /* !KMS_ENABLED */
 720              		.loc 1 610 7 is_stmt 1 view .LVU195
 610:../../../../..//Middlewares/ST/STM32_Secure_Engine/Core/se_callgate.c **** #endif /* !KMS_ENABLED */
 721              		.loc 1 610 23 is_stmt 0 view .LVU196
 722 01e8 2800     		movs	r0, r5
 723 01ea 0199     		ldr	r1, [sp, #4]
 724 01ec FFF7FEFF 		bl	SE_CRYPTO_Decrypt_Finish
 725              	.LVL42:
 612:../../../../..//Middlewares/ST/STM32_Secure_Engine/Core/se_callgate.c ****     }
 726              		.loc 1 612 7 is_stmt 1 view .LVU197
 727 01f0 75E7     		b	.L41
 728              	.LVL43:
ARM GAS  /tmp/ccksLSA3.s 			page 62


 729              	.L24:
 612:../../../../..//Middlewares/ST/STM32_Secure_Engine/Core/se_callgate.c ****     }
 730              		.loc 1 612 7 is_stmt 0 view .LVU198
 731              	.LBE13:
 732              	.LBB14:
 618:../../../../..//Middlewares/ST/STM32_Secure_Engine/Core/se_callgate.c ****       uint32_t se_FwType;
 733              		.loc 1 618 7 is_stmt 1 view .LVU199
 619:../../../../..//Middlewares/ST/STM32_Secure_Engine/Core/se_callgate.c **** 
 734              		.loc 1 619 7 view .LVU200
 622:../../../../..//Middlewares/ST/STM32_Secure_Engine/Core/se_callgate.c **** 
 735              		.loc 1 622 7 view .LVU201
 622:../../../../..//Middlewares/ST/STM32_Secure_Engine/Core/se_callgate.c **** 
 736              		.loc 1 622 7 view .LVU202
 737 01f2 3368     		ldr	r3, [r6]
 738 01f4 4349     		ldr	r1, .L44+16
 739              	.LVL44:
 622:../../../../..//Middlewares/ST/STM32_Secure_Engine/Core/se_callgate.c **** 
 740              		.loc 1 622 7 is_stmt 0 view .LVU203
 741 01f6 8B42     		cmp	r3, r1
 742 01f8 00D0     		beq	.LCB611
 743 01fa 27E7     		b	.L19	@long jump
 744              	.LCB611:
 622:../../../../..//Middlewares/ST/STM32_Secure_Engine/Core/se_callgate.c **** 
 745              		.loc 1 622 7 is_stmt 1 discriminator 2 view .LVU204
 625:../../../../..//Middlewares/ST/STM32_Secure_Engine/Core/se_callgate.c ****       se_FwType = va_arg(arguments, uint32_t);
 746              		.loc 1 625 7 view .LVU205
 747              	.LVL45:
 626:../../../../..//Middlewares/ST/STM32_Secure_Engine/Core/se_callgate.c **** 
 748              		.loc 1 626 17 is_stmt 0 view .LVU206
 749 01fc 5368     		ldr	r3, [r2, #4]
 625:../../../../..//Middlewares/ST/STM32_Secure_Engine/Core/se_callgate.c ****       se_FwType = va_arg(arguments, uint32_t);
 750              		.loc 1 625 23 view .LVU207
 751 01fe 1568     		ldr	r5, [r2]
 626:../../../../..//Middlewares/ST/STM32_Secure_Engine/Core/se_callgate.c **** 
 752              		.loc 1 626 7 is_stmt 1 view .LVU208
 753              	.LVL46:
 626:../../../../..//Middlewares/ST/STM32_Secure_Engine/Core/se_callgate.c **** 
 754              		.loc 1 626 17 is_stmt 0 view .LVU209
 755 0200 0193     		str	r3, [sp, #4]
 629:../../../../..//Middlewares/ST/STM32_Secure_Engine/Core/se_callgate.c ****       {
 756              		.loc 1 629 7 is_stmt 1 view .LVU210
 629:../../../../..//Middlewares/ST/STM32_Secure_Engine/Core/se_callgate.c ****       {
 757              		.loc 1 629 11 is_stmt 0 view .LVU211
 758 0202 FFF7FEFF 		bl	SE_LL_CRC_Config
 759              	.LVL47:
 629:../../../../..//Middlewares/ST/STM32_Secure_Engine/Core/se_callgate.c ****       {
 760              		.loc 1 629 10 discriminator 1 view .LVU212
 761 0206 3E4B     		ldr	r3, .L44+12
 762 0208 9842     		cmp	r0, r3
 763 020a 00D1     		bne	.LCB628
 764 020c 29E7     		b	.L35	@long jump
 765              	.LCB628:
 636:../../../../..//Middlewares/ST/STM32_Secure_Engine/Core/se_callgate.c ****       {
 766              		.loc 1 636 7 is_stmt 1 view .LVU213
 636:../../../../..//Middlewares/ST/STM32_Secure_Engine/Core/se_callgate.c ****       {
 767              		.loc 1 636 11 is_stmt 0 view .LVU214
 768 020e A021     		movs	r1, #160
ARM GAS  /tmp/ccksLSA3.s 			page 63


 769 0210 2800     		movs	r0, r5
 770 0212 4900     		lsls	r1, r1, #1
 771 0214 FFF7FEFF 		bl	SE_LL_Buffer_in_SBSFU_ram
 772              	.LVL48:
 636:../../../../..//Middlewares/ST/STM32_Secure_Engine/Core/se_callgate.c ****       {
 773              		.loc 1 636 10 discriminator 1 view .LVU215
 774 0218 3B4B     		ldr	r3, .L44+20
 636:../../../../..//Middlewares/ST/STM32_Secure_Engine/Core/se_callgate.c ****       {
 775              		.loc 1 636 11 view .LVU216
 776 021a 0400     		movs	r4, r0
 636:../../../../..//Middlewares/ST/STM32_Secure_Engine/Core/se_callgate.c ****       {
 777              		.loc 1 636 10 discriminator 1 view .LVU217
 778 021c 9842     		cmp	r0, r3
 779 021e 00D0     		beq	.LCB637
 780 0220 1FE7     		b	.L35	@long jump
 781              	.LCB637:
 643:../../../../..//Middlewares/ST/STM32_Secure_Engine/Core/se_callgate.c ****       {
 782              		.loc 1 643 7 is_stmt 1 view .LVU218
 643:../../../../..//Middlewares/ST/STM32_Secure_Engine/Core/se_callgate.c ****       {
 783              		.loc 1 643 10 is_stmt 0 view .LVU219
 784 0222 019B     		ldr	r3, [sp, #4]
 785 0224 012B     		cmp	r3, #1
 786 0226 00D9     		bls	.LCB641
 787 0228 1BE7     		b	.L35	@long jump
 788              	.LCB641:
 650:../../../../..//Middlewares/ST/STM32_Secure_Engine/Core/se_callgate.c **** 
 789              		.loc 1 650 7 is_stmt 1 view .LVU220
 650:../../../../..//Middlewares/ST/STM32_Secure_Engine/Core/se_callgate.c **** 
 790              		.loc 1 650 7 view .LVU221
 791 022a 3368     		ldr	r3, [r6]
 792 022c 3549     		ldr	r1, .L44+16
 793 022e 8B42     		cmp	r3, r1
 794 0230 00D0     		beq	.LCB649
 795 0232 0BE7     		b	.L19	@long jump
 796              	.LCB649:
 650:../../../../..//Middlewares/ST/STM32_Secure_Engine/Core/se_callgate.c **** 
 797              		.loc 1 650 7 discriminator 2 view .LVU222
 653:../../../../..//Middlewares/ST/STM32_Secure_Engine/Core/se_callgate.c ****       {
 798              		.loc 1 653 7 view .LVU223
 653:../../../../..//Middlewares/ST/STM32_Secure_Engine/Core/se_callgate.c ****       {
 799              		.loc 1 653 11 is_stmt 0 view .LVU224
 800 0234 A021     		movs	r1, #160
 801 0236 2800     		movs	r0, r5
 802 0238 4900     		lsls	r1, r1, #1
 803 023a FFF7FEFF 		bl	SE_LL_Buffer_in_SBSFU_ram
 804              	.LVL49:
 653:../../../../..//Middlewares/ST/STM32_Secure_Engine/Core/se_callgate.c ****       {
 805              		.loc 1 653 10 discriminator 1 view .LVU225
 806 023e A042     		cmp	r0, r4
 807 0240 00D0     		beq	.LCB658
 808 0242 0EE7     		b	.L35	@long jump
 809              	.LCB658:
 672:../../../../..//Middlewares/ST/STM32_Secure_Engine/Core/se_callgate.c **** #endif /* !KMS_ENABLED */
 810              		.loc 1 672 7 is_stmt 1 view .LVU226
 672:../../../../..//Middlewares/ST/STM32_Secure_Engine/Core/se_callgate.c **** #endif /* !KMS_ENABLED */
 811              		.loc 1 672 22 is_stmt 0 view .LVU227
 812 0244 2800     		movs	r0, r5
ARM GAS  /tmp/ccksLSA3.s 			page 64


 813 0246 0199     		ldr	r1, [sp, #4]
 814 0248 FFF7FEFF 		bl	SE_CRYPTO_AuthenticateFW_Init
 815              	.LVL50:
 674:../../../../..//Middlewares/ST/STM32_Secure_Engine/Core/se_callgate.c ****     }
 816              		.loc 1 674 7 is_stmt 1 view .LVU228
 817 024c 47E7     		b	.L41
 818              	.LVL51:
 819              	.L23:
 674:../../../../..//Middlewares/ST/STM32_Secure_Engine/Core/se_callgate.c ****     }
 820              		.loc 1 674 7 is_stmt 0 view .LVU229
 821              	.LBE14:
 822              	.LBB15:
 680:../../../../..//Middlewares/ST/STM32_Secure_Engine/Core/se_callgate.c ****       int32_t      input_size;
 823              		.loc 1 680 7 is_stmt 1 view .LVU230
 681:../../../../..//Middlewares/ST/STM32_Secure_Engine/Core/se_callgate.c ****       uint8_t       *output_buffer;
 824              		.loc 1 681 7 view .LVU231
 682:../../../../..//Middlewares/ST/STM32_Secure_Engine/Core/se_callgate.c ****       int32_t      *output_size;
 825              		.loc 1 682 7 view .LVU232
 683:../../../../..//Middlewares/ST/STM32_Secure_Engine/Core/se_callgate.c **** 
 826              		.loc 1 683 7 view .LVU233
 686:../../../../..//Middlewares/ST/STM32_Secure_Engine/Core/se_callgate.c **** 
 827              		.loc 1 686 7 view .LVU234
 686:../../../../..//Middlewares/ST/STM32_Secure_Engine/Core/se_callgate.c **** 
 828              		.loc 1 686 7 view .LVU235
 829 024e 3368     		ldr	r3, [r6]
 830 0250 2C49     		ldr	r1, .L44+16
 831              	.LVL52:
 686:../../../../..//Middlewares/ST/STM32_Secure_Engine/Core/se_callgate.c **** 
 832              		.loc 1 686 7 is_stmt 0 view .LVU236
 833 0252 8B42     		cmp	r3, r1
 834 0254 00D0     		beq	.LCB686
 835 0256 F9E6     		b	.L19	@long jump
 836              	.LCB686:
 686:../../../../..//Middlewares/ST/STM32_Secure_Engine/Core/se_callgate.c **** 
 837              		.loc 1 686 7 is_stmt 1 discriminator 2 view .LVU237
 689:../../../../..//Middlewares/ST/STM32_Secure_Engine/Core/se_callgate.c ****       input_size = va_arg(arguments, int32_t);
 838              		.loc 1 689 7 view .LVU238
 839              	.LVL53:
 689:../../../../..//Middlewares/ST/STM32_Secure_Engine/Core/se_callgate.c ****       input_size = va_arg(arguments, int32_t);
 840              		.loc 1 689 20 is_stmt 0 view .LVU239
 841 0258 1368     		ldr	r3, [r2]
 690:../../../../..//Middlewares/ST/STM32_Secure_Engine/Core/se_callgate.c ****       output_buffer = va_arg(arguments, uint8_t *);
 842              		.loc 1 690 18 view .LVU240
 843 025a 5468     		ldr	r4, [r2, #4]
 689:../../../../..//Middlewares/ST/STM32_Secure_Engine/Core/se_callgate.c ****       input_size = va_arg(arguments, int32_t);
 844              		.loc 1 689 20 view .LVU241
 845 025c 0193     		str	r3, [sp, #4]
 690:../../../../..//Middlewares/ST/STM32_Secure_Engine/Core/se_callgate.c ****       output_buffer = va_arg(arguments, uint8_t *);
 846              		.loc 1 690 7 is_stmt 1 view .LVU242
 847              	.LVL54:
 691:../../../../..//Middlewares/ST/STM32_Secure_Engine/Core/se_callgate.c ****       output_size = va_arg(arguments, int32_t *);
 848              		.loc 1 691 7 view .LVU243
 691:../../../../..//Middlewares/ST/STM32_Secure_Engine/Core/se_callgate.c ****       output_size = va_arg(arguments, int32_t *);
 849              		.loc 1 691 21 is_stmt 0 view .LVU244
 850 025e 9368     		ldr	r3, [r2, #8]
 851 0260 0293     		str	r3, [sp, #8]
 692:../../../../..//Middlewares/ST/STM32_Secure_Engine/Core/se_callgate.c **** 
ARM GAS  /tmp/ccksLSA3.s 			page 65


 852              		.loc 1 692 7 is_stmt 1 view .LVU245
 853              	.LVL55:
 692:../../../../..//Middlewares/ST/STM32_Secure_Engine/Core/se_callgate.c **** 
 854              		.loc 1 692 19 is_stmt 0 view .LVU246
 855 0262 D368     		ldr	r3, [r2, #12]
 856 0264 0393     		str	r3, [sp, #12]
 695:../../../../..//Middlewares/ST/STM32_Secure_Engine/Core/se_callgate.c ****       {
 857              		.loc 1 695 7 is_stmt 1 view .LVU247
 695:../../../../..//Middlewares/ST/STM32_Secure_Engine/Core/se_callgate.c ****       {
 858              		.loc 1 695 11 is_stmt 0 view .LVU248
 859 0266 FFF7FEFF 		bl	SE_LL_CRC_Config
 860              	.LVL56:
 695:../../../../..//Middlewares/ST/STM32_Secure_Engine/Core/se_callgate.c ****       {
 861              		.loc 1 695 10 discriminator 1 view .LVU249
 862 026a 254B     		ldr	r3, .L44+12
 863 026c 9842     		cmp	r0, r3
 864 026e 00D1     		bne	.LCB711
 865 0270 F7E6     		b	.L35	@long jump
 866              	.LCB711:
 702:../../../../..//Middlewares/ST/STM32_Secure_Engine/Core/se_callgate.c ****       {
 867              		.loc 1 702 7 is_stmt 1 view .LVU250
 702:../../../../..//Middlewares/ST/STM32_Secure_Engine/Core/se_callgate.c ****       {
 868              		.loc 1 702 10 is_stmt 0 view .LVU251
 869 0272 002C     		cmp	r4, #0
 870 0274 00DC     		bgt	.LCB714
 871 0276 F4E6     		b	.L35	@long jump
 872              	.LCB714:
 707:../../../../..//Middlewares/ST/STM32_Secure_Engine/Core/se_callgate.c ****       {
 873              		.loc 1 707 7 is_stmt 1 view .LVU252
 707:../../../../..//Middlewares/ST/STM32_Secure_Engine/Core/se_callgate.c ****       {
 874              		.loc 1 707 11 is_stmt 0 view .LVU253
 875 0278 2100     		movs	r1, r4
 876 027a 0198     		ldr	r0, [sp, #4]
 877 027c FFF7FEFF 		bl	SE_LL_Buffer_in_SBSFU_ram
 878              	.LVL57:
 707:../../../../..//Middlewares/ST/STM32_Secure_Engine/Core/se_callgate.c ****       {
 879              		.loc 1 707 10 discriminator 1 view .LVU254
 880 0280 214B     		ldr	r3, .L44+20
 707:../../../../..//Middlewares/ST/STM32_Secure_Engine/Core/se_callgate.c ****       {
 881              		.loc 1 707 11 view .LVU255
 882 0282 0500     		movs	r5, r0
 707:../../../../..//Middlewares/ST/STM32_Secure_Engine/Core/se_callgate.c ****       {
 883              		.loc 1 707 10 discriminator 1 view .LVU256
 884 0284 9842     		cmp	r0, r3
 885 0286 00D0     		beq	.LCB722
 886 0288 EBE6     		b	.L35	@long jump
 887              	.LCB722:
 712:../../../../..//Middlewares/ST/STM32_Secure_Engine/Core/se_callgate.c ****       {
 888              		.loc 1 712 7 is_stmt 1 view .LVU257
 712:../../../../..//Middlewares/ST/STM32_Secure_Engine/Core/se_callgate.c ****       {
 889              		.loc 1 712 11 is_stmt 0 view .LVU258
 890 028a 0421     		movs	r1, #4
 891 028c 0398     		ldr	r0, [sp, #12]
 892 028e FFF7FEFF 		bl	SE_LL_Buffer_in_SBSFU_ram
 893              	.LVL58:
 894 0292 0590     		str	r0, [sp, #20]
 712:../../../../..//Middlewares/ST/STM32_Secure_Engine/Core/se_callgate.c ****       {
ARM GAS  /tmp/ccksLSA3.s 			page 66


 895              		.loc 1 712 10 discriminator 1 view .LVU259
 896 0294 A842     		cmp	r0, r5
 897 0296 00D0     		beq	.LCB729
 898 0298 E3E6     		b	.L35	@long jump
 899              	.LCB729:
 717:../../../../..//Middlewares/ST/STM32_Secure_Engine/Core/se_callgate.c ****       {
 900              		.loc 1 717 7 is_stmt 1 view .LVU260
 717:../../../../..//Middlewares/ST/STM32_Secure_Engine/Core/se_callgate.c ****       {
 901              		.loc 1 717 11 is_stmt 0 view .LVU261
 902 029a 2100     		movs	r1, r4
 903 029c 0298     		ldr	r0, [sp, #8]
 904 029e FFF7FEFF 		bl	SE_LL_Buffer_in_SBSFU_ram
 905              	.LVL59:
 717:../../../../..//Middlewares/ST/STM32_Secure_Engine/Core/se_callgate.c ****       {
 906              		.loc 1 717 10 discriminator 1 view .LVU262
 907 02a2 059B     		ldr	r3, [sp, #20]
 717:../../../../..//Middlewares/ST/STM32_Secure_Engine/Core/se_callgate.c ****       {
 908              		.loc 1 717 11 view .LVU263
 909 02a4 0500     		movs	r5, r0
 717:../../../../..//Middlewares/ST/STM32_Secure_Engine/Core/se_callgate.c ****       {
 910              		.loc 1 717 10 discriminator 1 view .LVU264
 911 02a6 9842     		cmp	r0, r3
 912 02a8 00D0     		beq	.LCB737
 913 02aa DAE6     		b	.L35	@long jump
 914              	.LCB737:
 724:../../../../..//Middlewares/ST/STM32_Secure_Engine/Core/se_callgate.c **** 
 915              		.loc 1 724 7 is_stmt 1 view .LVU265
 724:../../../../..//Middlewares/ST/STM32_Secure_Engine/Core/se_callgate.c **** 
 916              		.loc 1 724 7 view .LVU266
 917 02ac 3368     		ldr	r3, [r6]
 918 02ae 154A     		ldr	r2, .L44+16
 919 02b0 9342     		cmp	r3, r2
 920 02b2 00D0     		beq	.LCB743
 921 02b4 CAE6     		b	.L19	@long jump
 922              	.LCB743:
 724:../../../../..//Middlewares/ST/STM32_Secure_Engine/Core/se_callgate.c **** 
 923              		.loc 1 724 7 discriminator 2 view .LVU267
 727:../../../../..//Middlewares/ST/STM32_Secure_Engine/Core/se_callgate.c ****       {
 924              		.loc 1 727 7 view .LVU268
 732:../../../../..//Middlewares/ST/STM32_Secure_Engine/Core/se_callgate.c ****       {
 925              		.loc 1 732 7 view .LVU269
 732:../../../../..//Middlewares/ST/STM32_Secure_Engine/Core/se_callgate.c ****       {
 926              		.loc 1 732 11 is_stmt 0 view .LVU270
 927 02b6 2100     		movs	r1, r4
 928 02b8 0198     		ldr	r0, [sp, #4]
 929 02ba FFF7FEFF 		bl	SE_LL_Buffer_in_SBSFU_ram
 930              	.LVL60:
 931 02be 0600     		movs	r6, r0
 732:../../../../..//Middlewares/ST/STM32_Secure_Engine/Core/se_callgate.c ****       {
 932              		.loc 1 732 10 discriminator 1 view .LVU271
 933 02c0 A842     		cmp	r0, r5
 934 02c2 00D0     		beq	.LCB752
 935 02c4 CDE6     		b	.L35	@long jump
 936              	.LCB752:
 737:../../../../..//Middlewares/ST/STM32_Secure_Engine/Core/se_callgate.c ****       {
 937              		.loc 1 737 7 is_stmt 1 view .LVU272
 737:../../../../..//Middlewares/ST/STM32_Secure_Engine/Core/se_callgate.c ****       {
ARM GAS  /tmp/ccksLSA3.s 			page 67


 938              		.loc 1 737 11 is_stmt 0 view .LVU273
 939 02c6 0421     		movs	r1, #4
 940 02c8 0398     		ldr	r0, [sp, #12]
 941 02ca FFF7FEFF 		bl	SE_LL_Buffer_in_SBSFU_ram
 942              	.LVL61:
 943 02ce 0500     		movs	r5, r0
 737:../../../../..//Middlewares/ST/STM32_Secure_Engine/Core/se_callgate.c ****       {
 944              		.loc 1 737 10 discriminator 1 view .LVU274
 945 02d0 B042     		cmp	r0, r6
 946 02d2 00D0     		beq	.LCB759
 947 02d4 C5E6     		b	.L35	@long jump
 948              	.LCB759:
 742:../../../../..//Middlewares/ST/STM32_Secure_Engine/Core/se_callgate.c ****       {
 949              		.loc 1 742 7 is_stmt 1 view .LVU275
 742:../../../../..//Middlewares/ST/STM32_Secure_Engine/Core/se_callgate.c ****       {
 950              		.loc 1 742 11 is_stmt 0 view .LVU276
 951 02d6 2100     		movs	r1, r4
 952 02d8 0298     		ldr	r0, [sp, #8]
 953 02da FFF7FEFF 		bl	SE_LL_Buffer_in_SBSFU_ram
 954              	.LVL62:
 742:../../../../..//Middlewares/ST/STM32_Secure_Engine/Core/se_callgate.c ****       {
 955              		.loc 1 742 10 discriminator 1 view .LVU277
 956 02de A842     		cmp	r0, r5
 957 02e0 00D0     		beq	.LCB766
 958 02e2 BEE6     		b	.L35	@long jump
 959              	.LCB766:
 749:../../../../..//Middlewares/ST/STM32_Secure_Engine/Core/se_callgate.c **** #endif /* !KMS_ENABLED */
 960              		.loc 1 749 7 is_stmt 1 view .LVU278
 749:../../../../..//Middlewares/ST/STM32_Secure_Engine/Core/se_callgate.c **** #endif /* !KMS_ENABLED */
 961              		.loc 1 749 22 is_stmt 0 view .LVU279
 962 02e4 2100     		movs	r1, r4
 963 02e6 039B     		ldr	r3, [sp, #12]
 964 02e8 029A     		ldr	r2, [sp, #8]
 965 02ea 0198     		ldr	r0, [sp, #4]
 966 02ec FFF7FEFF 		bl	SE_CRYPTO_AuthenticateFW_Append
 967              	.LVL63:
 751:../../../../..//Middlewares/ST/STM32_Secure_Engine/Core/se_callgate.c ****     }
 968              		.loc 1 751 7 is_stmt 1 view .LVU280
 969 02f0 F5E6     		b	.L41
 970              	.L45:
 971 02f2 C046     		.align	2
 972              	.L44:
 973 02f4 00000000 		.word	SE_LockRestrictedServices.0
 974 02f8 23E21200 		.word	1237539
 975 02fc 3D021300 		.word	1245757
 976 0300 99870100 		.word	100249
 977 0304 55555555 		.word	1431655765
 978 0308 0F311200 		.word	1192207
 979              	.LVL64:
 980              	.L22:
 751:../../../../..//Middlewares/ST/STM32_Secure_Engine/Core/se_callgate.c ****     }
 981              		.loc 1 751 7 is_stmt 0 view .LVU281
 982              	.LBE15:
 983              	.LBB16:
 757:../../../../..//Middlewares/ST/STM32_Secure_Engine/Core/se_callgate.c ****       int32_t       *output_size;
 984              		.loc 1 757 7 is_stmt 1 view .LVU282
 758:../../../../..//Middlewares/ST/STM32_Secure_Engine/Core/se_callgate.c **** 
ARM GAS  /tmp/ccksLSA3.s 			page 68


 985              		.loc 1 758 7 view .LVU283
 761:../../../../..//Middlewares/ST/STM32_Secure_Engine/Core/se_callgate.c **** 
 986              		.loc 1 761 7 view .LVU284
 761:../../../../..//Middlewares/ST/STM32_Secure_Engine/Core/se_callgate.c **** 
 987              		.loc 1 761 7 view .LVU285
 988 030c 3368     		ldr	r3, [r6]
 989 030e 7549     		ldr	r1, .L46
 990              	.LVL65:
 761:../../../../..//Middlewares/ST/STM32_Secure_Engine/Core/se_callgate.c **** 
 991              		.loc 1 761 7 is_stmt 0 view .LVU286
 992 0310 8B42     		cmp	r3, r1
 993 0312 00D0     		beq	.LCB805
 994 0314 9AE6     		b	.L19	@long jump
 995              	.LCB805:
 761:../../../../..//Middlewares/ST/STM32_Secure_Engine/Core/se_callgate.c **** 
 996              		.loc 1 761 7 is_stmt 1 discriminator 2 view .LVU287
 764:../../../../..//Middlewares/ST/STM32_Secure_Engine/Core/se_callgate.c ****       output_size = va_arg(arguments, int32_t *);
 997              		.loc 1 764 7 view .LVU288
 998              	.LVL66:
 765:../../../../..//Middlewares/ST/STM32_Secure_Engine/Core/se_callgate.c **** 
 999              		.loc 1 765 19 is_stmt 0 view .LVU289
 1000 0316 5368     		ldr	r3, [r2, #4]
 764:../../../../..//Middlewares/ST/STM32_Secure_Engine/Core/se_callgate.c ****       output_size = va_arg(arguments, int32_t *);
 1001              		.loc 1 764 21 view .LVU290
 1002 0318 1568     		ldr	r5, [r2]
 765:../../../../..//Middlewares/ST/STM32_Secure_Engine/Core/se_callgate.c **** 
 1003              		.loc 1 765 7 is_stmt 1 view .LVU291
 1004              	.LVL67:
 765:../../../../..//Middlewares/ST/STM32_Secure_Engine/Core/se_callgate.c **** 
 1005              		.loc 1 765 19 is_stmt 0 view .LVU292
 1006 031a 0193     		str	r3, [sp, #4]
 768:../../../../..//Middlewares/ST/STM32_Secure_Engine/Core/se_callgate.c ****       {
 1007              		.loc 1 768 7 is_stmt 1 view .LVU293
 768:../../../../..//Middlewares/ST/STM32_Secure_Engine/Core/se_callgate.c ****       {
 1008              		.loc 1 768 11 is_stmt 0 view .LVU294
 1009 031c FFF7FEFF 		bl	SE_LL_CRC_Config
 1010              	.LVL68:
 768:../../../../..//Middlewares/ST/STM32_Secure_Engine/Core/se_callgate.c ****       {
 1011              		.loc 1 768 10 discriminator 1 view .LVU295
 1012 0320 714B     		ldr	r3, .L46+4
 1013 0322 9842     		cmp	r0, r3
 1014 0324 00D1     		bne	.LCB822
 1015 0326 9CE6     		b	.L35	@long jump
 1016              	.LCB822:
 775:../../../../..//Middlewares/ST/STM32_Secure_Engine/Core/se_callgate.c ****       {
 1017              		.loc 1 775 7 is_stmt 1 view .LVU296
 775:../../../../..//Middlewares/ST/STM32_Secure_Engine/Core/se_callgate.c ****       {
 1018              		.loc 1 775 11 is_stmt 0 view .LVU297
 1019 0328 0421     		movs	r1, #4
 1020 032a 0198     		ldr	r0, [sp, #4]
 1021 032c FFF7FEFF 		bl	SE_LL_Buffer_in_SBSFU_ram
 1022              	.LVL69:
 775:../../../../..//Middlewares/ST/STM32_Secure_Engine/Core/se_callgate.c ****       {
 1023              		.loc 1 775 10 discriminator 1 view .LVU298
 1024 0330 6E4B     		ldr	r3, .L46+8
 775:../../../../..//Middlewares/ST/STM32_Secure_Engine/Core/se_callgate.c ****       {
 1025              		.loc 1 775 11 view .LVU299
ARM GAS  /tmp/ccksLSA3.s 			page 69


 1026 0332 0400     		movs	r4, r0
 775:../../../../..//Middlewares/ST/STM32_Secure_Engine/Core/se_callgate.c ****       {
 1027              		.loc 1 775 10 discriminator 1 view .LVU300
 1028 0334 9842     		cmp	r0, r3
 1029 0336 00D0     		beq	.LCB830
 1030 0338 93E6     		b	.L35	@long jump
 1031              	.LCB830:
 781:../../../../..//Middlewares/ST/STM32_Secure_Engine/Core/se_callgate.c ****       {
 1032              		.loc 1 781 7 is_stmt 1 view .LVU301
 781:../../../../..//Middlewares/ST/STM32_Secure_Engine/Core/se_callgate.c ****       {
 1033              		.loc 1 781 11 is_stmt 0 view .LVU302
 1034 033a 1021     		movs	r1, #16
 1035 033c 2800     		movs	r0, r5
 1036 033e FFF7FEFF 		bl	SE_LL_Buffer_in_SBSFU_ram
 1037              	.LVL70:
 1038 0342 0290     		str	r0, [sp, #8]
 781:../../../../..//Middlewares/ST/STM32_Secure_Engine/Core/se_callgate.c ****       {
 1039              		.loc 1 781 10 discriminator 1 view .LVU303
 1040 0344 A042     		cmp	r0, r4
 1041 0346 00D0     		beq	.LCB837
 1042 0348 8BE6     		b	.L35	@long jump
 1043              	.LCB837:
 788:../../../../..//Middlewares/ST/STM32_Secure_Engine/Core/se_callgate.c **** 
 1044              		.loc 1 788 7 is_stmt 1 view .LVU304
 788:../../../../..//Middlewares/ST/STM32_Secure_Engine/Core/se_callgate.c **** 
 1045              		.loc 1 788 7 view .LVU305
 1046 034a 3368     		ldr	r3, [r6]
 1047 034c 654A     		ldr	r2, .L46
 1048 034e 9342     		cmp	r3, r2
 1049 0350 00D0     		beq	.LCB843
 1050 0352 7BE6     		b	.L19	@long jump
 1051              	.LCB843:
 788:../../../../..//Middlewares/ST/STM32_Secure_Engine/Core/se_callgate.c **** 
 1052              		.loc 1 788 7 discriminator 2 view .LVU306
 791:../../../../..//Middlewares/ST/STM32_Secure_Engine/Core/se_callgate.c ****       {
 1053              		.loc 1 791 7 view .LVU307
 791:../../../../..//Middlewares/ST/STM32_Secure_Engine/Core/se_callgate.c ****       {
 1054              		.loc 1 791 11 is_stmt 0 view .LVU308
 1055 0354 0421     		movs	r1, #4
 1056 0356 0198     		ldr	r0, [sp, #4]
 1057 0358 FFF7FEFF 		bl	SE_LL_Buffer_in_SBSFU_ram
 1058              	.LVL71:
 791:../../../../..//Middlewares/ST/STM32_Secure_Engine/Core/se_callgate.c ****       {
 1059              		.loc 1 791 10 discriminator 1 view .LVU309
 1060 035c 029B     		ldr	r3, [sp, #8]
 791:../../../../..//Middlewares/ST/STM32_Secure_Engine/Core/se_callgate.c ****       {
 1061              		.loc 1 791 11 view .LVU310
 1062 035e 0400     		movs	r4, r0
 791:../../../../..//Middlewares/ST/STM32_Secure_Engine/Core/se_callgate.c ****       {
 1063              		.loc 1 791 10 discriminator 1 view .LVU311
 1064 0360 9842     		cmp	r0, r3
 1065 0362 00D0     		beq	.LCB852
 1066 0364 7DE6     		b	.L35	@long jump
 1067              	.LCB852:
 797:../../../../..//Middlewares/ST/STM32_Secure_Engine/Core/se_callgate.c ****       {
 1068              		.loc 1 797 7 is_stmt 1 view .LVU312
 797:../../../../..//Middlewares/ST/STM32_Secure_Engine/Core/se_callgate.c ****       {
ARM GAS  /tmp/ccksLSA3.s 			page 70


 1069              		.loc 1 797 11 is_stmt 0 view .LVU313
 1070 0366 1021     		movs	r1, #16
 1071 0368 2800     		movs	r0, r5
 1072 036a FFF7FEFF 		bl	SE_LL_Buffer_in_SBSFU_ram
 1073              	.LVL72:
 797:../../../../..//Middlewares/ST/STM32_Secure_Engine/Core/se_callgate.c ****       {
 1074              		.loc 1 797 10 discriminator 1 view .LVU314
 1075 036e A042     		cmp	r0, r4
 1076 0370 00D0     		beq	.LCB859
 1077 0372 76E6     		b	.L35	@long jump
 1078              	.LCB859:
 804:../../../../..//Middlewares/ST/STM32_Secure_Engine/Core/se_callgate.c **** #endif /* !KMS_ENABLED */
 1079              		.loc 1 804 7 is_stmt 1 view .LVU315
 804:../../../../..//Middlewares/ST/STM32_Secure_Engine/Core/se_callgate.c **** #endif /* !KMS_ENABLED */
 1080              		.loc 1 804 22 is_stmt 0 view .LVU316
 1081 0374 2800     		movs	r0, r5
 1082 0376 0199     		ldr	r1, [sp, #4]
 1083 0378 FFF7FEFF 		bl	SE_CRYPTO_AuthenticateFW_Finish
 1084              	.LVL73:
 806:../../../../..//Middlewares/ST/STM32_Secure_Engine/Core/se_callgate.c ****     }
 1085              		.loc 1 806 7 is_stmt 1 view .LVU317
 1086 037c AFE6     		b	.L41
 1087              	.LVL74:
 1088              	.L20:
 806:../../../../..//Middlewares/ST/STM32_Secure_Engine/Core/se_callgate.c ****     }
 1089              		.loc 1 806 7 is_stmt 0 view .LVU318
 1090              	.LBE16:
 1091              	.LBB17:
 823:../../../../..//Middlewares/ST/STM32_Secure_Engine/Core/se_callgate.c **** 
 1092              		.loc 1 823 7 is_stmt 1 view .LVU319
 826:../../../../..//Middlewares/ST/STM32_Secure_Engine/Core/se_callgate.c **** 
 1093              		.loc 1 826 7 view .LVU320
 826:../../../../..//Middlewares/ST/STM32_Secure_Engine/Core/se_callgate.c **** 
 1094              		.loc 1 826 7 view .LVU321
 1095 037e 3368     		ldr	r3, [r6]
 1096 0380 5849     		ldr	r1, .L46
 1097              	.LVL75:
 826:../../../../..//Middlewares/ST/STM32_Secure_Engine/Core/se_callgate.c **** 
 1098              		.loc 1 826 7 is_stmt 0 view .LVU322
 1099 0382 8B42     		cmp	r3, r1
 1100 0384 00D0     		beq	.LCB885
 1101 0386 61E6     		b	.L19	@long jump
 1102              	.LCB885:
 826:../../../../..//Middlewares/ST/STM32_Secure_Engine/Core/se_callgate.c **** 
 1103              		.loc 1 826 7 is_stmt 1 discriminator 2 view .LVU323
 829:../../../../..//Middlewares/ST/STM32_Secure_Engine/Core/se_callgate.c **** 
 1104              		.loc 1 829 7 view .LVU324
 1105              	.LVL76:
 829:../../../../..//Middlewares/ST/STM32_Secure_Engine/Core/se_callgate.c **** 
 1106              		.loc 1 829 23 is_stmt 0 view .LVU325
 1107 0388 1568     		ldr	r5, [r2]
 832:../../../../..//Middlewares/ST/STM32_Secure_Engine/Core/se_callgate.c ****       {
 1108              		.loc 1 832 7 is_stmt 1 view .LVU326
 832:../../../../..//Middlewares/ST/STM32_Secure_Engine/Core/se_callgate.c ****       {
 1109              		.loc 1 832 11 is_stmt 0 view .LVU327
 1110 038a FFF7FEFF 		bl	SE_LL_CRC_Config
 1111              	.LVL77:
ARM GAS  /tmp/ccksLSA3.s 			page 71


 832:../../../../..//Middlewares/ST/STM32_Secure_Engine/Core/se_callgate.c ****       {
 1112              		.loc 1 832 10 discriminator 1 view .LVU328
 1113 038e 564B     		ldr	r3, .L46+4
 1114 0390 9842     		cmp	r0, r3
 1115 0392 00D1     		bne	.LCB898
 1116 0394 65E6     		b	.L35	@long jump
 1117              	.LCB898:
 839:../../../../..//Middlewares/ST/STM32_Secure_Engine/Core/se_callgate.c ****       {
 1118              		.loc 1 839 7 is_stmt 1 view .LVU329
 839:../../../../..//Middlewares/ST/STM32_Secure_Engine/Core/se_callgate.c ****       {
 1119              		.loc 1 839 11 is_stmt 0 view .LVU330
 1120 0396 A021     		movs	r1, #160
 1121 0398 2800     		movs	r0, r5
 1122 039a 4900     		lsls	r1, r1, #1
 1123 039c FFF7FEFF 		bl	SE_LL_Buffer_in_SBSFU_ram
 1124              	.LVL78:
 839:../../../../..//Middlewares/ST/STM32_Secure_Engine/Core/se_callgate.c ****       {
 1125              		.loc 1 839 10 discriminator 1 view .LVU331
 1126 03a0 524B     		ldr	r3, .L46+8
 839:../../../../..//Middlewares/ST/STM32_Secure_Engine/Core/se_callgate.c ****       {
 1127              		.loc 1 839 11 view .LVU332
 1128 03a2 0400     		movs	r4, r0
 839:../../../../..//Middlewares/ST/STM32_Secure_Engine/Core/se_callgate.c ****       {
 1129              		.loc 1 839 10 discriminator 1 view .LVU333
 1130 03a4 9842     		cmp	r0, r3
 1131 03a6 00D0     		beq	.LCB907
 1132 03a8 5BE6     		b	.L35	@long jump
 1133              	.LCB907:
 846:../../../../..//Middlewares/ST/STM32_Secure_Engine/Core/se_callgate.c **** 
 1134              		.loc 1 846 7 is_stmt 1 view .LVU334
 846:../../../../..//Middlewares/ST/STM32_Secure_Engine/Core/se_callgate.c **** 
 1135              		.loc 1 846 7 view .LVU335
 1136 03aa 3368     		ldr	r3, [r6]
 1137 03ac 4D49     		ldr	r1, .L46
 1138 03ae 8B42     		cmp	r3, r1
 1139 03b0 00D0     		beq	.LCB915
 1140 03b2 4BE6     		b	.L19	@long jump
 1141              	.LCB915:
 846:../../../../..//Middlewares/ST/STM32_Secure_Engine/Core/se_callgate.c **** 
 1142              		.loc 1 846 7 discriminator 2 view .LVU336
 849:../../../../..//Middlewares/ST/STM32_Secure_Engine/Core/se_callgate.c ****       {
 1143              		.loc 1 849 7 view .LVU337
 849:../../../../..//Middlewares/ST/STM32_Secure_Engine/Core/se_callgate.c ****       {
 1144              		.loc 1 849 11 is_stmt 0 view .LVU338
 1145 03b4 A021     		movs	r1, #160
 1146 03b6 2800     		movs	r0, r5
 1147 03b8 4900     		lsls	r1, r1, #1
 1148 03ba FFF7FEFF 		bl	SE_LL_Buffer_in_SBSFU_ram
 1149              	.LVL79:
 849:../../../../..//Middlewares/ST/STM32_Secure_Engine/Core/se_callgate.c ****       {
 1150              		.loc 1 849 10 discriminator 1 view .LVU339
 1151 03be A042     		cmp	r0, r4
 1152 03c0 00D0     		beq	.LCB924
 1153 03c2 4EE6     		b	.L35	@long jump
 1154              	.LCB924:
 855:../../../../..//Middlewares/ST/STM32_Secure_Engine/Core/se_callgate.c **** #endif /* !KMS_ENABLED */
 1155              		.loc 1 855 7 is_stmt 1 view .LVU340
ARM GAS  /tmp/ccksLSA3.s 			page 72


 855:../../../../..//Middlewares/ST/STM32_Secure_Engine/Core/se_callgate.c **** #endif /* !KMS_ENABLED */
 1156              		.loc 1 855 22 is_stmt 0 view .LVU341
 1157 03c4 2800     		movs	r0, r5
 1158 03c6 FFF7FEFF 		bl	SE_CRYPTO_Authenticate_Metadata
 1159              	.LVL80:
 857:../../../../..//Middlewares/ST/STM32_Secure_Engine/Core/se_callgate.c ****     }
 1160              		.loc 1 857 7 is_stmt 1 view .LVU342
 1161 03ca 88E6     		b	.L41
 1162              	.LVL81:
 1163              	.L31:
 857:../../../../..//Middlewares/ST/STM32_Secure_Engine/Core/se_callgate.c ****     }
 1164              		.loc 1 857 7 is_stmt 0 view .LVU343
 1165              	.LBE17:
 1166              	.LBB18:
 862:../../../../..//Middlewares/ST/STM32_Secure_Engine/Core/se_callgate.c ****       const uint8_t *p_source;
 1167              		.loc 1 862 7 is_stmt 1 view .LVU344
 863:../../../../..//Middlewares/ST/STM32_Secure_Engine/Core/se_callgate.c ****       uint32_t length;
 1168              		.loc 1 863 7 view .LVU345
 864:../../../../..//Middlewares/ST/STM32_Secure_Engine/Core/se_callgate.c **** 
 1169              		.loc 1 864 7 view .LVU346
 867:../../../../..//Middlewares/ST/STM32_Secure_Engine/Core/se_callgate.c **** 
 1170              		.loc 1 867 7 view .LVU347
 867:../../../../..//Middlewares/ST/STM32_Secure_Engine/Core/se_callgate.c **** 
 1171              		.loc 1 867 7 view .LVU348
 1172 03cc 484E     		ldr	r6, .L46+12
 1173 03ce 454B     		ldr	r3, .L46
 1174 03d0 3168     		ldr	r1, [r6]
 1175              	.LVL82:
 867:../../../../..//Middlewares/ST/STM32_Secure_Engine/Core/se_callgate.c **** 
 1176              		.loc 1 867 7 is_stmt 0 view .LVU349
 1177 03d2 0291     		str	r1, [sp, #8]
 1178 03d4 9942     		cmp	r1, r3
 1179 03d6 00D0     		beq	.LCB952
 1180 03d8 38E6     		b	.L19	@long jump
 1181              	.LCB952:
 867:../../../../..//Middlewares/ST/STM32_Secure_Engine/Core/se_callgate.c **** 
 1182              		.loc 1 867 7 is_stmt 1 discriminator 2 view .LVU350
 870:../../../../..//Middlewares/ST/STM32_Secure_Engine/Core/se_callgate.c ****       p_source = va_arg(arguments, const uint8_t *);
 1183              		.loc 1 870 7 view .LVU351
 1184              	.LVL83:
 870:../../../../..//Middlewares/ST/STM32_Secure_Engine/Core/se_callgate.c ****       p_source = va_arg(arguments, const uint8_t *);
 1185              		.loc 1 870 21 is_stmt 0 view .LVU352
 1186 03da 1568     		ldr	r5, [r2]
 871:../../../../..//Middlewares/ST/STM32_Secure_Engine/Core/se_callgate.c ****       length = va_arg(arguments, uint32_t);
 1187              		.loc 1 871 7 is_stmt 1 view .LVU353
 1188              	.LVL84:
 872:../../../../..//Middlewares/ST/STM32_Secure_Engine/Core/se_callgate.c ****       /* Check the destination buffer */
 1189              		.loc 1 872 14 is_stmt 0 view .LVU354
 1190 03dc 9468     		ldr	r4, [r2, #8]
 871:../../../../..//Middlewares/ST/STM32_Secure_Engine/Core/se_callgate.c ****       length = va_arg(arguments, uint32_t);
 1191              		.loc 1 871 16 view .LVU355
 1192 03de 5368     		ldr	r3, [r2, #4]
 874:../../../../..//Middlewares/ST/STM32_Secure_Engine/Core/se_callgate.c ****       {
 1193              		.loc 1 874 11 view .LVU356
 1194 03e0 2100     		movs	r1, r4
 1195 03e2 2800     		movs	r0, r5
 1196              	.LVL85:
ARM GAS  /tmp/ccksLSA3.s 			page 73


 871:../../../../..//Middlewares/ST/STM32_Secure_Engine/Core/se_callgate.c ****       length = va_arg(arguments, uint32_t);
 1197              		.loc 1 871 16 view .LVU357
 1198 03e4 0393     		str	r3, [sp, #12]
 872:../../../../..//Middlewares/ST/STM32_Secure_Engine/Core/se_callgate.c ****       /* Check the destination buffer */
 1199              		.loc 1 872 7 is_stmt 1 view .LVU358
 1200              	.LVL86:
 874:../../../../..//Middlewares/ST/STM32_Secure_Engine/Core/se_callgate.c ****       {
 1201              		.loc 1 874 7 view .LVU359
 874:../../../../..//Middlewares/ST/STM32_Secure_Engine/Core/se_callgate.c ****       {
 1202              		.loc 1 874 11 is_stmt 0 view .LVU360
 1203 03e6 FFF7FEFF 		bl	SE_LL_Buffer_in_SBSFU_ram
 1204              	.LVL87:
 874:../../../../..//Middlewares/ST/STM32_Secure_Engine/Core/se_callgate.c ****       {
 1205              		.loc 1 874 10 discriminator 1 view .LVU361
 1206 03ea 404A     		ldr	r2, .L46+8
 874:../../../../..//Middlewares/ST/STM32_Secure_Engine/Core/se_callgate.c ****       {
 1207              		.loc 1 874 11 view .LVU362
 1208 03ec 0190     		str	r0, [sp, #4]
 874:../../../../..//Middlewares/ST/STM32_Secure_Engine/Core/se_callgate.c ****       {
 1209              		.loc 1 874 10 discriminator 1 view .LVU363
 1210 03ee 9042     		cmp	r0, r2
 1211 03f0 00D0     		beq	.LCB974
 1212 03f2 36E6     		b	.L35	@long jump
 1213              	.LCB974:
 881:../../../../..//Middlewares/ST/STM32_Secure_Engine/Core/se_callgate.c **** 
 1214              		.loc 1 881 7 is_stmt 1 view .LVU364
 881:../../../../..//Middlewares/ST/STM32_Secure_Engine/Core/se_callgate.c **** 
 1215              		.loc 1 881 7 view .LVU365
 1216 03f4 3368     		ldr	r3, [r6]
 1217 03f6 029A     		ldr	r2, [sp, #8]
 1218 03f8 9342     		cmp	r3, r2
 1219 03fa 00D0     		beq	.LCB980
 1220 03fc 26E6     		b	.L19	@long jump
 1221              	.LCB980:
 881:../../../../..//Middlewares/ST/STM32_Secure_Engine/Core/se_callgate.c **** 
 1222              		.loc 1 881 7 discriminator 2 view .LVU366
 884:../../../../..//Middlewares/ST/STM32_Secure_Engine/Core/se_callgate.c ****       {
 1223              		.loc 1 884 7 view .LVU367
 884:../../../../..//Middlewares/ST/STM32_Secure_Engine/Core/se_callgate.c ****       {
 1224              		.loc 1 884 11 is_stmt 0 view .LVU368
 1225 03fe 2100     		movs	r1, r4
 1226 0400 2800     		movs	r0, r5
 1227 0402 FFF7FEFF 		bl	SE_LL_Buffer_in_SBSFU_ram
 1228              	.LVL88:
 884:../../../../..//Middlewares/ST/STM32_Secure_Engine/Core/se_callgate.c ****       {
 1229              		.loc 1 884 10 discriminator 1 view .LVU369
 1230 0406 019B     		ldr	r3, [sp, #4]
 1231 0408 9842     		cmp	r0, r3
 1232 040a 00D0     		beq	.LCB989
 1233 040c 29E6     		b	.L35	@long jump
 1234              	.LCB989:
 891:../../../../..//Middlewares/ST/STM32_Secure_Engine/Core/se_callgate.c ****       break;
 1235              		.loc 1 891 7 is_stmt 1 view .LVU370
 891:../../../../..//Middlewares/ST/STM32_Secure_Engine/Core/se_callgate.c ****       break;
 1236              		.loc 1 891 22 is_stmt 0 view .LVU371
 1237 040e 2200     		movs	r2, r4
 1238 0410 2800     		movs	r0, r5
ARM GAS  /tmp/ccksLSA3.s 			page 74


 1239 0412 0399     		ldr	r1, [sp, #12]
 1240 0414 FFF7FEFF 		bl	SE_IMG_Read
 1241              	.LVL89:
 892:../../../../..//Middlewares/ST/STM32_Secure_Engine/Core/se_callgate.c ****     }
 1242              		.loc 1 892 7 is_stmt 1 view .LVU372
 1243 0418 61E6     		b	.L41
 1244              	.LVL90:
 1245              	.L32:
 892:../../../../..//Middlewares/ST/STM32_Secure_Engine/Core/se_callgate.c ****     }
 1246              		.loc 1 892 7 is_stmt 0 view .LVU373
 1247              	.LBE18:
 1248              	.LBB19:
 897:../../../../..//Middlewares/ST/STM32_Secure_Engine/Core/se_callgate.c ****       const uint8_t *p_source;
 1249              		.loc 1 897 7 is_stmt 1 view .LVU374
 898:../../../../..//Middlewares/ST/STM32_Secure_Engine/Core/se_callgate.c ****       uint32_t length;
 1250              		.loc 1 898 7 view .LVU375
 899:../../../../..//Middlewares/ST/STM32_Secure_Engine/Core/se_callgate.c **** 
 1251              		.loc 1 899 7 view .LVU376
 902:../../../../..//Middlewares/ST/STM32_Secure_Engine/Core/se_callgate.c **** 
 1252              		.loc 1 902 7 view .LVU377
 902:../../../../..//Middlewares/ST/STM32_Secure_Engine/Core/se_callgate.c **** 
 1253              		.loc 1 902 7 view .LVU378
 1254 041a 354E     		ldr	r6, .L46+12
 1255 041c 314B     		ldr	r3, .L46
 1256 041e 3168     		ldr	r1, [r6]
 1257              	.LVL91:
 902:../../../../..//Middlewares/ST/STM32_Secure_Engine/Core/se_callgate.c **** 
 1258              		.loc 1 902 7 is_stmt 0 view .LVU379
 1259 0420 0291     		str	r1, [sp, #8]
 1260 0422 9942     		cmp	r1, r3
 1261 0424 00D0     		beq	.LCB1019
 1262 0426 11E6     		b	.L19	@long jump
 1263              	.LCB1019:
 902:../../../../..//Middlewares/ST/STM32_Secure_Engine/Core/se_callgate.c **** 
 1264              		.loc 1 902 7 is_stmt 1 discriminator 2 view .LVU380
 905:../../../../..//Middlewares/ST/STM32_Secure_Engine/Core/se_callgate.c ****       p_source = va_arg(arguments, const uint8_t *);
 1265              		.loc 1 905 7 view .LVU381
 1266              	.LVL92:
 906:../../../../..//Middlewares/ST/STM32_Secure_Engine/Core/se_callgate.c ****       length = va_arg(arguments, uint32_t);
 1267              		.loc 1 906 16 is_stmt 0 view .LVU382
 1268 0428 5568     		ldr	r5, [r2, #4]
 907:../../../../..//Middlewares/ST/STM32_Secure_Engine/Core/se_callgate.c **** 
 1269              		.loc 1 907 14 view .LVU383
 1270 042a 9468     		ldr	r4, [r2, #8]
 905:../../../../..//Middlewares/ST/STM32_Secure_Engine/Core/se_callgate.c ****       p_source = va_arg(arguments, const uint8_t *);
 1271              		.loc 1 905 21 view .LVU384
 1272 042c 1368     		ldr	r3, [r2]
 910:../../../../..//Middlewares/ST/STM32_Secure_Engine/Core/se_callgate.c ****       {
 1273              		.loc 1 910 11 view .LVU385
 1274 042e 2100     		movs	r1, r4
 1275 0430 2800     		movs	r0, r5
 1276              	.LVL93:
 905:../../../../..//Middlewares/ST/STM32_Secure_Engine/Core/se_callgate.c ****       p_source = va_arg(arguments, const uint8_t *);
 1277              		.loc 1 905 21 view .LVU386
 1278 0432 0393     		str	r3, [sp, #12]
 906:../../../../..//Middlewares/ST/STM32_Secure_Engine/Core/se_callgate.c ****       length = va_arg(arguments, uint32_t);
 1279              		.loc 1 906 7 is_stmt 1 view .LVU387
ARM GAS  /tmp/ccksLSA3.s 			page 75


 1280              	.LVL94:
 907:../../../../..//Middlewares/ST/STM32_Secure_Engine/Core/se_callgate.c **** 
 1281              		.loc 1 907 7 view .LVU388
 910:../../../../..//Middlewares/ST/STM32_Secure_Engine/Core/se_callgate.c ****       {
 1282              		.loc 1 910 7 view .LVU389
 910:../../../../..//Middlewares/ST/STM32_Secure_Engine/Core/se_callgate.c ****       {
 1283              		.loc 1 910 11 is_stmt 0 view .LVU390
 1284 0434 FFF7FEFF 		bl	SE_LL_Buffer_in_SBSFU_ram
 1285              	.LVL95:
 910:../../../../..//Middlewares/ST/STM32_Secure_Engine/Core/se_callgate.c ****       {
 1286              		.loc 1 910 10 discriminator 1 view .LVU391
 1287 0438 2C4A     		ldr	r2, .L46+8
 910:../../../../..//Middlewares/ST/STM32_Secure_Engine/Core/se_callgate.c ****       {
 1288              		.loc 1 910 11 view .LVU392
 1289 043a 0190     		str	r0, [sp, #4]
 910:../../../../..//Middlewares/ST/STM32_Secure_Engine/Core/se_callgate.c ****       {
 1290              		.loc 1 910 10 discriminator 1 view .LVU393
 1291 043c 9042     		cmp	r0, r2
 1292 043e 00D0     		beq	.LCB1041
 1293 0440 0FE6     		b	.L35	@long jump
 1294              	.LCB1041:
 917:../../../../..//Middlewares/ST/STM32_Secure_Engine/Core/se_callgate.c **** 
 1295              		.loc 1 917 7 is_stmt 1 view .LVU394
 917:../../../../..//Middlewares/ST/STM32_Secure_Engine/Core/se_callgate.c **** 
 1296              		.loc 1 917 7 view .LVU395
 1297 0442 3368     		ldr	r3, [r6]
 1298 0444 029A     		ldr	r2, [sp, #8]
 1299 0446 9342     		cmp	r3, r2
 1300 0448 00D0     		beq	.LCB1047
 1301 044a FFE5     		b	.L19	@long jump
 1302              	.LCB1047:
 917:../../../../..//Middlewares/ST/STM32_Secure_Engine/Core/se_callgate.c **** 
 1303              		.loc 1 917 7 discriminator 2 view .LVU396
 920:../../../../..//Middlewares/ST/STM32_Secure_Engine/Core/se_callgate.c ****       {
 1304              		.loc 1 920 7 view .LVU397
 920:../../../../..//Middlewares/ST/STM32_Secure_Engine/Core/se_callgate.c ****       {
 1305              		.loc 1 920 11 is_stmt 0 view .LVU398
 1306 044c 2100     		movs	r1, r4
 1307 044e 2800     		movs	r0, r5
 1308 0450 FFF7FEFF 		bl	SE_LL_Buffer_in_SBSFU_ram
 1309              	.LVL96:
 920:../../../../..//Middlewares/ST/STM32_Secure_Engine/Core/se_callgate.c ****       {
 1310              		.loc 1 920 10 discriminator 1 view .LVU399
 1311 0454 019B     		ldr	r3, [sp, #4]
 1312 0456 9842     		cmp	r0, r3
 1313 0458 00D0     		beq	.LCB1056
 1314 045a 02E6     		b	.L35	@long jump
 1315              	.LCB1056:
 927:../../../../..//Middlewares/ST/STM32_Secure_Engine/Core/se_callgate.c ****       break;
 1316              		.loc 1 927 7 is_stmt 1 view .LVU400
 927:../../../../..//Middlewares/ST/STM32_Secure_Engine/Core/se_callgate.c ****       break;
 1317              		.loc 1 927 22 is_stmt 0 view .LVU401
 1318 045c 2200     		movs	r2, r4
 1319 045e 2900     		movs	r1, r5
 1320 0460 0398     		ldr	r0, [sp, #12]
 1321 0462 FFF7FEFF 		bl	SE_IMG_Write
 1322              	.LVL97:
ARM GAS  /tmp/ccksLSA3.s 			page 76


 928:../../../../..//Middlewares/ST/STM32_Secure_Engine/Core/se_callgate.c ****     }
 1323              		.loc 1 928 7 is_stmt 1 view .LVU402
 1324 0466 3AE6     		b	.L41
 1325              	.LVL98:
 1326              	.L29:
 928:../../../../..//Middlewares/ST/STM32_Secure_Engine/Core/se_callgate.c ****     }
 1327              		.loc 1 928 7 is_stmt 0 view .LVU403
 1328              	.LBE19:
 1329              	.LBB20:
 933:../../../../..//Middlewares/ST/STM32_Secure_Engine/Core/se_callgate.c ****       uint32_t length;
 1330              		.loc 1 933 7 is_stmt 1 view .LVU404
 934:../../../../..//Middlewares/ST/STM32_Secure_Engine/Core/se_callgate.c **** 
 1331              		.loc 1 934 7 view .LVU405
 937:../../../../..//Middlewares/ST/STM32_Secure_Engine/Core/se_callgate.c **** 
 1332              		.loc 1 937 7 view .LVU406
 937:../../../../..//Middlewares/ST/STM32_Secure_Engine/Core/se_callgate.c **** 
 1333              		.loc 1 937 7 view .LVU407
 1334 0468 214B     		ldr	r3, .L46+12
 1335 046a 1E49     		ldr	r1, .L46
 1336              	.LVL99:
 937:../../../../..//Middlewares/ST/STM32_Secure_Engine/Core/se_callgate.c **** 
 1337              		.loc 1 937 7 is_stmt 0 view .LVU408
 1338 046c 1B68     		ldr	r3, [r3]
 1339 046e 8B42     		cmp	r3, r1
 1340 0470 00D0     		beq	.LCB1084
 1341 0472 EBE5     		b	.L19	@long jump
 1342              	.LCB1084:
 937:../../../../..//Middlewares/ST/STM32_Secure_Engine/Core/se_callgate.c **** 
 1343              		.loc 1 937 7 is_stmt 1 discriminator 2 view .LVU409
 940:../../../../..//Middlewares/ST/STM32_Secure_Engine/Core/se_callgate.c ****       length = va_arg(arguments, uint32_t);
 1344              		.loc 1 940 7 view .LVU410
 1345              	.LVL100:
 941:../../../../..//Middlewares/ST/STM32_Secure_Engine/Core/se_callgate.c **** 
 1346              		.loc 1 941 7 view .LVU411
 944:../../../../..//Middlewares/ST/STM32_Secure_Engine/Core/se_callgate.c **** 
 1347              		.loc 1 944 7 view .LVU412
 944:../../../../..//Middlewares/ST/STM32_Secure_Engine/Core/se_callgate.c **** 
 1348              		.loc 1 944 7 view .LVU413
 944:../../../../..//Middlewares/ST/STM32_Secure_Engine/Core/se_callgate.c **** 
 1349              		.loc 1 944 7 discriminator 2 view .LVU414
 947:../../../../..//Middlewares/ST/STM32_Secure_Engine/Core/se_callgate.c ****       break;
 1350              		.loc 1 947 7 view .LVU415
 947:../../../../..//Middlewares/ST/STM32_Secure_Engine/Core/se_callgate.c ****       break;
 1351              		.loc 1 947 22 is_stmt 0 view .LVU416
 1352 0474 03CA     		ldmia	r2!, {r0, r1}
 1353              	.LVL101:
 947:../../../../..//Middlewares/ST/STM32_Secure_Engine/Core/se_callgate.c ****       break;
 1354              		.loc 1 947 22 view .LVU417
 1355 0476 FFF7FEFF 		bl	SE_IMG_Erase
 1356              	.LVL102:
 948:../../../../..//Middlewares/ST/STM32_Secure_Engine/Core/se_callgate.c ****     }
 1357              		.loc 1 948 7 is_stmt 1 view .LVU418
 1358 047a 30E6     		b	.L41
 1359              	.LVL103:
 1360              	.L34:
 948:../../../../..//Middlewares/ST/STM32_Secure_Engine/Core/se_callgate.c ****     }
 1361              		.loc 1 948 7 is_stmt 0 view .LVU419
ARM GAS  /tmp/ccksLSA3.s 			page 77


 1362              	.LBE20:
 986:../../../../..//Middlewares/ST/STM32_Secure_Engine/Core/se_callgate.c **** 
 1363              		.loc 1 986 7 is_stmt 1 view .LVU420
 1364 047c FFF7FEFF 		bl	SE_LL_CORE_Cleanup
 1365              	.LVL104:
 989:../../../../..//Middlewares/ST/STM32_Secure_Engine/Core/se_callgate.c ****       e_ret_status = SE_SUCCESS;
 1366              		.loc 1 989 7 view .LVU421
 989:../../../../..//Middlewares/ST/STM32_Secure_Engine/Core/se_callgate.c ****       e_ret_status = SE_SUCCESS;
 1367              		.loc 1 989 33 is_stmt 0 view .LVU422
 1368 0480 1C4D     		ldr	r5, .L46+16
 1369 0482 1B4C     		ldr	r4, .L46+12
 1370 0484 2560     		str	r5, [r4]
 990:../../../../..//Middlewares/ST/STM32_Secure_Engine/Core/se_callgate.c **** 
 1371              		.loc 1 990 7 is_stmt 1 view .LVU423
 1372              	.LVL105:
 993:../../../../..//Middlewares/ST/STM32_Secure_Engine/Core/se_callgate.c ****       {
 1373              		.loc 1 993 7 view .LVU424
 993:../../../../..//Middlewares/ST/STM32_Secure_Engine/Core/se_callgate.c ****       {
 1374              		.loc 1 993 11 is_stmt 0 view .LVU425
 1375 0486 FFF7FEFF 		bl	SE_LL_Lock_Keys
 1376              	.LVL106:
 993:../../../../..//Middlewares/ST/STM32_Secure_Engine/Core/se_callgate.c ****       {
 1377              		.loc 1 993 10 discriminator 1 view .LVU426
 1378 048a 184B     		ldr	r3, .L46+8
 1379 048c 9842     		cmp	r0, r3
 1380 048e 00D0     		beq	.LCB1129
 1381 0490 E7E5     		b	.L35	@long jump
 1382              	.LCB1129:
1000:../../../../..//Middlewares/ST/STM32_Secure_Engine/Core/se_callgate.c ****       break;
 1383              		.loc 1 1000 7 is_stmt 1 view .LVU427
1000:../../../../..//Middlewares/ST/STM32_Secure_Engine/Core/se_callgate.c ****       break;
 1384              		.loc 1 1000 33 is_stmt 0 view .LVU428
 1385 0492 2560     		str	r5, [r4]
1001:../../../../..//Middlewares/ST/STM32_Secure_Engine/Core/se_callgate.c ****     }
 1386              		.loc 1 1001 7 is_stmt 1 view .LVU429
1330:../../../../..//Middlewares/ST/STM32_Secure_Engine/Core/se_callgate.c ****     }
 1387              		.loc 1 1330 7 view .LVU430
1333:../../../../..//Middlewares/ST/STM32_Secure_Engine/Core/se_callgate.c ****   {
 1388              		.loc 1 1333 3 view .LVU431
 1389 0494 F9E5     		b	.L42
 1390              	.LVL107:
 1391              	.L33:
 1392              	.LBB21:
1118:../../../../..//Middlewares/ST/STM32_Secure_Engine/Core/se_callgate.c ****       uint32_t slot_number;
 1393              		.loc 1 1118 7 view .LVU432
1119:../../../../..//Middlewares/ST/STM32_Secure_Engine/Core/se_callgate.c **** 
 1394              		.loc 1 1119 7 view .LVU433
1122:../../../../..//Middlewares/ST/STM32_Secure_Engine/Core/se_callgate.c ****       p_FwInfo = va_arg(arguments, SE_APP_ActiveFwInfo_t *);
 1395              		.loc 1 1122 7 view .LVU434
1123:../../../../..//Middlewares/ST/STM32_Secure_Engine/Core/se_callgate.c **** 
 1396              		.loc 1 1123 16 is_stmt 0 view .LVU435
 1397 0496 5468     		ldr	r4, [r2, #4]
1122:../../../../..//Middlewares/ST/STM32_Secure_Engine/Core/se_callgate.c ****       p_FwInfo = va_arg(arguments, SE_APP_ActiveFwInfo_t *);
 1398              		.loc 1 1122 19 view .LVU436
 1399 0498 1368     		ldr	r3, [r2]
1126:../../../../..//Middlewares/ST/STM32_Secure_Engine/Core/se_callgate.c ****       {
 1400              		.loc 1 1126 11 view .LVU437
ARM GAS  /tmp/ccksLSA3.s 			page 78


 1401 049a 0821     		movs	r1, #8
 1402              	.LVL108:
1126:../../../../..//Middlewares/ST/STM32_Secure_Engine/Core/se_callgate.c ****       {
 1403              		.loc 1 1126 11 view .LVU438
 1404 049c 2000     		movs	r0, r4
 1405              	.LVL109:
1122:../../../../..//Middlewares/ST/STM32_Secure_Engine/Core/se_callgate.c ****       p_FwInfo = va_arg(arguments, SE_APP_ActiveFwInfo_t *);
 1406              		.loc 1 1122 19 view .LVU439
 1407 049e 0193     		str	r3, [sp, #4]
1123:../../../../..//Middlewares/ST/STM32_Secure_Engine/Core/se_callgate.c **** 
 1408              		.loc 1 1123 7 is_stmt 1 view .LVU440
 1409              	.LVL110:
1126:../../../../..//Middlewares/ST/STM32_Secure_Engine/Core/se_callgate.c ****       {
 1410              		.loc 1 1126 7 view .LVU441
1126:../../../../..//Middlewares/ST/STM32_Secure_Engine/Core/se_callgate.c ****       {
 1411              		.loc 1 1126 11 is_stmt 0 view .LVU442
 1412 04a0 FFF7FEFF 		bl	SE_LL_Buffer_in_ram
 1413              	.LVL111:
1126:../../../../..//Middlewares/ST/STM32_Secure_Engine/Core/se_callgate.c ****       {
 1414              		.loc 1 1126 10 discriminator 1 view .LVU443
 1415 04a4 114B     		ldr	r3, .L46+8
1126:../../../../..//Middlewares/ST/STM32_Secure_Engine/Core/se_callgate.c ****       {
 1416              		.loc 1 1126 11 view .LVU444
 1417 04a6 0500     		movs	r5, r0
1126:../../../../..//Middlewares/ST/STM32_Secure_Engine/Core/se_callgate.c ****       {
 1418              		.loc 1 1126 10 discriminator 1 view .LVU445
 1419 04a8 9842     		cmp	r0, r3
 1420 04aa 00D0     		beq	.LCB1166
 1421 04ac D9E5     		b	.L35	@long jump
 1422              	.LCB1166:
1131:../../../../..//Middlewares/ST/STM32_Secure_Engine/Core/se_callgate.c ****       {
 1423              		.loc 1 1131 7 is_stmt 1 view .LVU446
1131:../../../../..//Middlewares/ST/STM32_Secure_Engine/Core/se_callgate.c ****       {
 1424              		.loc 1 1131 11 is_stmt 0 view .LVU447
 1425 04ae 0821     		movs	r1, #8
 1426 04b0 2000     		movs	r0, r4
 1427 04b2 FFF7FEFF 		bl	SE_LL_Buffer_part_of_SE_ram
 1428              	.LVL112:
1131:../../../../..//Middlewares/ST/STM32_Secure_Engine/Core/se_callgate.c ****       {
 1429              		.loc 1 1131 10 discriminator 1 view .LVU448
 1430 04b6 A842     		cmp	r0, r5
 1431 04b8 00D1     		bne	.LCB1173
 1432 04ba D2E5     		b	.L35	@long jump
 1433              	.LCB1173:
1138:../../../../..//Middlewares/ST/STM32_Secure_Engine/Core/se_callgate.c ****       {
 1434              		.loc 1 1138 7 is_stmt 1 view .LVU449
1138:../../../../..//Middlewares/ST/STM32_Secure_Engine/Core/se_callgate.c ****       {
 1435              		.loc 1 1138 11 is_stmt 0 view .LVU450
 1436 04bc 0821     		movs	r1, #8
 1437 04be 2000     		movs	r0, r4
 1438 04c0 FFF7FEFF 		bl	SE_LL_Buffer_in_ram
 1439              	.LVL113:
 1440 04c4 0600     		movs	r6, r0
1138:../../../../..//Middlewares/ST/STM32_Secure_Engine/Core/se_callgate.c ****       {
 1441              		.loc 1 1138 10 discriminator 1 view .LVU451
 1442 04c6 A842     		cmp	r0, r5
 1443 04c8 00D0     		beq	.LCB1180
ARM GAS  /tmp/ccksLSA3.s 			page 79


 1444 04ca CAE5     		b	.L35	@long jump
 1445              	.LCB1180:
1143:../../../../..//Middlewares/ST/STM32_Secure_Engine/Core/se_callgate.c ****       {
 1446              		.loc 1 1143 7 is_stmt 1 view .LVU452
1143:../../../../..//Middlewares/ST/STM32_Secure_Engine/Core/se_callgate.c ****       {
 1447              		.loc 1 1143 11 is_stmt 0 view .LVU453
 1448 04cc 0821     		movs	r1, #8
 1449 04ce 2000     		movs	r0, r4
 1450 04d0 FFF7FEFF 		bl	SE_LL_Buffer_part_of_SE_ram
 1451              	.LVL114:
1143:../../../../..//Middlewares/ST/STM32_Secure_Engine/Core/se_callgate.c ****       {
 1452              		.loc 1 1143 10 discriminator 1 view .LVU454
 1453 04d4 B042     		cmp	r0, r6
 1454 04d6 00D1     		bne	.LCB1187
 1455 04d8 C3E5     		b	.L35	@long jump
 1456              	.LCB1187:
1149:../../../../..//Middlewares/ST/STM32_Secure_Engine/Core/se_callgate.c ****       break;
 1457              		.loc 1 1149 7 is_stmt 1 view .LVU455
1149:../../../../..//Middlewares/ST/STM32_Secure_Engine/Core/se_callgate.c ****       break;
 1458              		.loc 1 1149 22 is_stmt 0 view .LVU456
 1459 04da 2100     		movs	r1, r4
 1460 04dc 0198     		ldr	r0, [sp, #4]
 1461 04de FFF7FEFF 		bl	SE_APPLI_GetActiveFwInfo
 1462              	.LVL115:
1150:../../../../..//Middlewares/ST/STM32_Secure_Engine/Core/se_callgate.c ****     }
 1463              		.loc 1 1150 7 is_stmt 1 view .LVU457
 1464 04e2 FCE5     		b	.L41
 1465              	.L47:
 1466              		.align	2
 1467              	.L46:
 1468 04e4 55555555 		.word	1431655765
 1469 04e8 99870100 		.word	100249
 1470 04ec 0F311200 		.word	1192207
 1471 04f0 00000000 		.word	SE_LockRestrictedServices.0
 1472 04f4 AAAAAA7A 		.word	2058005162
 1473              	.LBE21:
 1474              		.cfi_endproc
 1475              	.LFE183:
 1477              		.section	.data.SE_LockRestrictedServices.0,"aw"
 1478              		.align	2
 1481              	SE_LockRestrictedServices.0:
 1482 0000 55555555 		.word	1431655765
 1483              		.text
 1484              	.Letext0:
 1485              		.file 4 "/usr/lib/gcc/arm-none-eabi/13.2.1/include/stdarg.h"
 1486              		.file 5 "/usr/lib/gcc/arm-none-eabi/13.2.1/include/stdint.h"
 1487              		.file 6 "../../../../..//Middlewares/ST/STM32_Secure_Engine/Core/se_def_core.h"
 1488              		.file 7 "Inc/se_def_metadata.h"
 1489              		.file 8 "../../../../..//Middlewares/ST/STM32_Secure_Engine/Core/se_user_application.h"
 1490              		.file 9 "../Linker_Common/STM32CubeIDE/mapping_export.h"
 1491              		.file 10 "../../../../..//Middlewares/ST/STM32_Secure_Engine/Core/se_callgate.h"
 1492              		.file 11 "../../../../..//Middlewares/ST/STM32_Secure_Engine/Core/se_fwimg.h"
 1493              		.file 12 "Inc/se_crypto_bootloader.h"
 1494              		.file 13 "Inc/se_low_level.h"
 1495              		.file 14 "<built-in>"
 1496              		.file 15 "../../../../..//Middlewares/ST/STM32_Secure_Engine/Core/se_utils.h"
ARM GAS  /tmp/ccksLSA3.s 			page 80


DEFINED SYMBOLS
                            *ABS*:00000000 se_callgate.c
     /tmp/ccksLSA3.s:19     .SE_CallGate_Code:00000000 $t
     /tmp/ccksLSA3.s:25     .SE_CallGate_Code:00000000 SE_CallGate
     /tmp/ccksLSA3.s:177    .text.__NVIC_SystemReset:00000000 __NVIC_SystemReset
     /tmp/ccksLSA3.s:246    .text.SE_CallGateService:00000000 SE_CallGateService
     /tmp/ccksLSA3.s:164    .SE_CallGate_Code:000000c4 $d
     /tmp/ccksLSA3.s:172    .text.__NVIC_SystemReset:00000000 $t
     /tmp/ccksLSA3.s:234    .text.__NVIC_SystemReset:00000014 $d
     /tmp/ccksLSA3.s:240    .text.SE_CallGateService:00000000 $t
     /tmp/ccksLSA3.s:275    .text.SE_CallGateService:00000010 $d
     /tmp/ccksLSA3.s:292    .text.SE_CallGateService:00000032 $t
     /tmp/ccksLSA3.s:973    .text.SE_CallGateService:000002f4 $d
     /tmp/ccksLSA3.s:1481   .data.SE_LockRestrictedServices.0:00000000 SE_LockRestrictedServices.0
     /tmp/ccksLSA3.s:988    .text.SE_CallGateService:0000030c $t
     /tmp/ccksLSA3.s:1468   .text.SE_CallGateService:000004e4 $d
     /tmp/ccksLSA3.s:1478   .data.SE_LockRestrictedServices.0:00000000 $d
                           .group:00000000 wm4.0.e310b2036dcc8a4d3b16f3fea9ebd0de
                           .group:00000000 wm4.stdarg.h.31.f7f4f3bfddce9ed034956076d59396f7
                           .group:00000000 wm4.se_crypto_config.h.23.4877f252b7277cd509a204488365106b
                           .group:00000000 wm4.stdint.h.29.6d480f4ba0f60596e88234283d42444f
                           .group:00000000 wm4.config.h.82.80c7a4ed85766bc9e43c9b952b3d63e7
                           .group:00000000 wm4.crypto.h.26.8de3bdce721cb685a2ea01f8cafd8a8f
                           .group:00000000 wm4.ieeefp.h.77.fbf6f2f498a71d39a0aaf172d6680419
                           .group:00000000 wm4._newlib_version.h.4.411db44ea2338a62eca2f0777f81481b
                           .group:00000000 wm4.newlib.h.27.07bf1b8b16da454ae07478107717878b
                           .group:00000000 wm4.features.h.22.4e5514d51694f64cae235f84d9e565a5
                           .group:00000000 wm4.config.h.224.10ee1ad185d877c6e334e6581faab44d
                           .group:00000000 wm4._ansi.h.31.de524f58584151836e90d8620a16f8e8
                           .group:00000000 wm4.stdlib.h.13.4ed386f5c1a80d71e72172885d946ef2
                           .group:00000000 wm4.stddef.h.185.882514a1a6169ceba9142f401cbe27c6
                           .group:00000000 wm4.stddef.h.39.794fa375de48dda278c4aebb5c74aa5b
                           .group:00000000 wm4._default_types.h.6.959254cf5f09734ea7516c89e8bb21bd
                           .group:00000000 wm4.cdefs.h.49.70fc7af612f78ddcace70fdd90b5623b
                           .group:00000000 wm4._types.h.20.dd0d04dca3800a0d2a6129b87f3adbb2
                           .group:00000000 wm4.stddef.h.158.6f8e08a347b1cff664332fa350bfceb3
                           .group:00000000 wm4._types.h.127.3bdfe3ff8ea2d0985b03d9cbe93480e3
                           .group:00000000 wm4.reent.h.18.25503cdc8b7e55dd0d6ea7b3e5af7a03
                           .group:00000000 wm4.lock.h.2.c0958401bd0ce484d507ee19aacab817
                           .group:00000000 wm4.reent.h.78.7f0775353a33c852a1479c008f68cd03
                           .group:00000000 wm4.alloca.h.8.dfc0c703c47ec3e69746825b17d9e66d
                           .group:00000000 wm4.stdlib.h.56.f4862cfbf4363a1db01842d5bdf72c18
                           .group:00000000 wm4.macros.h.22.e3df62ab94285aefb5fa7fb6a08a233d
                           .group:00000000 wm4.err_codes.h.46.205397828000242a36f81a030e1a5c0f
                           .group:00000000 wm4.sk.h.22.c9b96eae516f1250623b28b2d3be7ae7
                           .group:00000000 wm4.aes_low_level.h.21.f37cc973c4451a1729844f6018a685ac
                           .group:00000000 wm4.aes_common.h.22.746c780b78d5413d6ef9cd682f41c128
                           .group:00000000 wm4.aes_keywrap.h.21.f094f7aef55082a5f1c6dd3c1c791858
                           .group:00000000 wm4.des_common.h.21.138ddc6e7cd73d0b9af19a6f298c684c
                           .group:00000000 wm4.tdes_common.h.22.2655fda4899ccca4f3fb947d7cb688dc
                           .group:00000000 wm4.md5.h.23.477f1d318eacb83cb36b6be53c148170
                           .group:00000000 wm4.sha1.h.24.a0152df6718ca12275637d2e495942f8
                           .group:00000000 wm4.sha224.h.22.b5c8e990311fb8284401f8b6fc57479e
                           .group:00000000 wm4.sha256.h.24.690aad31db462fa0654e50ec1a0755b5
                           .group:00000000 wm4.sha384.h.69.2a1294003b6a0e1510db308637e6e49b
                           .group:00000000 wm4.sha512.h.68.3569ead0524f5368ebdcca677d53bc7f
                           .group:00000000 wm4.bn.h.22.96e9e7a1bf8b3572035a373bc5644a08
ARM GAS  /tmp/ccksLSA3.s 			page 81


                           .group:00000000 wm4.monty.h.22.4296ce6d27f4495373509f6dbfe86716
                           .group:00000000 wm4.drbg.h.22.8f58893a07ffd71c18535073a12858b8
                           .group:00000000 wm4.rsa_low_level.h.21.8c9ff469157170dbb1ae4546f8d94ff0
                           .group:00000000 wm4.chacha.h.23.54dea0c81b9d9634513154374bcc0987
                           .group:00000000 wm4.se_def_core.h.21.4e4ed01aa34801a3fdac798922254e8b
                           .group:00000000 wm4.se_def_metadata.h.21.a369c3bd60c6c7845829c566df071ec0
                           .group:00000000 wm4.se_crypto_common.h.89.67bbcd87bb3f2c99237ee2f8c9b56058
                           .group:00000000 wm4.app_sfu.h.52.55f63580740e4a8cb8213d7618f37604
                           .group:00000000 wm4.mapping_export.h.21.690e455ff83f2d626567681d657ba5ab
                           .group:00000000 wm4.sfu_fwimg_regions.h.41.fdbfe18d9222adf4f8312b4630fa88a0
                           .group:00000000 wm4.stm32g0xx_hal_conf.h.21.2418b000d87b23231c37db35ad77d0ea
                           .group:00000000 wm4.stm32g0xx.h.37.aadb526b10f0f4555648bb8fa7c96b30
                           .group:00000000 wm4.stm32g071xx.h.36.9469a89bf1e6c2a2fe25d20581d0f58b
                           .group:00000000 wm4.cmsis_version.h.32.0ac195c83bb4537824e6ad1c47474b79
                           .group:00000000 wm4.core_cm0plus.h.66.bb83319bcb10b4c5f12c477f85f2aa51
                           .group:00000000 wm4.cmsis_gcc.h.26.63926f8d3817e3a42e7f7ef2cd15156e
                           .group:00000000 wm4.core_cm0plus.h.127.cfee784d07c850b645554dc8add78e69
                           .group:00000000 wm4.mpu_armv7.h.32.83326921a797fa9d6f70449916b4b839
                           .group:00000000 wm4.stm32g071xx.h.155.9be12c2e48b47e8d66c20ceac374f1ee
                           .group:00000000 wm4.stm32g0xx.h.154.7f8452780a6fe1b4b4d5bfbf416cea0c
                           .group:00000000 wm4.stm32_hal_legacy.h.22.2f8f7f94da7216ffa6187bf113829094
                           .group:00000000 wm4.stm32g0xx_hal_def.h.57.b07413b80581d716119f3a7cf56f08e9
                           .group:00000000 wm4.stm32g0xx_ll_rcc.h.20.b48ad5e6c80881ce9d548f86592ad1d8
                           .group:00000000 wm4.stm32g0xx_hal_rcc.h.43.40a2deb1468b47dcb7de4a6adda92374
                           .group:00000000 wm4.stm32g0xx_hal_rcc_ex.h.20.c2035e135ea57d6c1c2839329f24a562
                           .group:00000000 wm4.stm32g0xx_hal_gpio.h.21.abd5f8c60de2afe2676b3cc6a4b2c068
                           .group:00000000 wm4.stm32g0xx_hal_gpio_ex.h.21.c1a1c19cef6d6a2cf049535a12fe7f6a
                           .group:00000000 wm4.stm32g0xx_hal_crc.h.21.8c2791752a3f5c79fed6a23e2361d260
                           .group:00000000 wm4.stm32g0xx_hal_crc_ex.h.21.13b666a67e761630a3250514972d9a47
                           .group:00000000 wm4.stm32g0xx_hal_flash.h.20.e512dd9a8958277cc7dd512f2312ae8a
                           .group:00000000 wm4.stm32g0xx_hal_flash_ex.h.20.2a1daa1e7e7bd4a16651545fee4a1fbb
                           .group:00000000 wm4.stm32g0xx_hal_flash.h.874.3e4bc5d8948716c644009bcc9a4f3f60
                           .group:00000000 wm4.stm32g0xx_hal_pwr.h.21.7d5b107b2d1b54bfd27bcb92ed3281e0
                           .group:00000000 wm4.stm32g0xx_hal_pwr_ex.h.21.01c718c420189d18e9ec3e46e6e9261f
                           .group:00000000 wm4.stm32g0xx_hal.h.66.28db47a9e4ed9349693c6c0c6101689d
                           .group:00000000 wm4.se_low_level.h.69.817001c691b349e6e02ccaa65ab75b6a
                           .group:00000000 wm4.se_callgate.h.55.0bf109e8dc0309ceeb94b1c861b82d05
                           .group:00000000 wm4.string.h.8.c4b8571ce60dff2817f43fec8b86aecd
                           .group:00000000 wm4.stddef.h.158.eec8bf00b5213f43d095cb984c5f22e3
                           .group:00000000 wm4.se_intrinsics.h.23.3e6d026dc79f4aa0c74abfc81f81269c
                           .group:00000000 wm4.se_interface_common.h.22.45344dce38719b40bc57a676df65426f

UNDEFINED SYMBOLS
SE_LL_Buffer_in_ram
SE_LL_Buffer_part_of_SE_ram
__ICFEDIT_SE_IF_region_ROM_start__
__ICFEDIT_SE_IF_region_ROM_end__
__gnu_thumb1_case_uhi
SE_SetSystemCoreClock
SE_LL_CRC_Config
SE_LL_Buffer_in_SBSFU_ram
SE_CRYPTO_Decrypt_Init
SE_CRYPTO_Decrypt_Append
SE_CRYPTO_Decrypt_Finish
SE_CRYPTO_AuthenticateFW_Init
SE_CRYPTO_AuthenticateFW_Append
SE_CRYPTO_AuthenticateFW_Finish
ARM GAS  /tmp/ccksLSA3.s 			page 82


SE_CRYPTO_Authenticate_Metadata
SE_IMG_Read
SE_IMG_Write
SE_IMG_Erase
SE_LL_CORE_Cleanup
SE_LL_Lock_Keys
SE_APPLI_GetActiveFwInfo
