ARM GAS  /tmp/ccJtBsfS.s 			page 1


   1              		.cpu cortex-m0plus
   2              		.arch armv6s-m
   3              		.fpu softvfp
   4              		.eabi_attribute 20, 1
   5              		.eabi_attribute 21, 1
   6              		.eabi_attribute 23, 3
   7              		.eabi_attribute 24, 1
   8              		.eabi_attribute 25, 1
   9              		.eabi_attribute 26, 1
  10              		.eabi_attribute 30, 4
  11              		.eabi_attribute 34, 0
  12              		.eabi_attribute 18, 4
  13              		.file	"se_exception.c"
  14              		.text
  15              	.Ltext0:
  16              		.cfi_sections	.debug_frame
  17              		.file 1 "../../../../..//Middlewares/ST/STM32_Secure_Engine/Core/se_exception.c"
  18              		.section	.text.SE_NMI_ExceptionHandler,"ax",%progbits
  19              		.align	1
  20              		.global	SE_NMI_ExceptionHandler
  21              		.syntax unified
  22              		.code	16
  23              		.thumb_func
  25              	SE_NMI_ExceptionHandler:
  26              	.LFB180:
   1:../../../../..//Middlewares/ST/STM32_Secure_Engine/Core/se_exception.c **** /**
   2:../../../../..//Middlewares/ST/STM32_Secure_Engine/Core/se_exception.c ****   ******************************************************************************
   3:../../../../..//Middlewares/ST/STM32_Secure_Engine/Core/se_exception.c ****   * @file    se_exception.c
   4:../../../../..//Middlewares/ST/STM32_Secure_Engine/Core/se_exception.c ****   * @author  MCD Application Team
   5:../../../../..//Middlewares/ST/STM32_Secure_Engine/Core/se_exception.c ****   * @brief   Secure Engine exception module.
   6:../../../../..//Middlewares/ST/STM32_Secure_Engine/Core/se_exception.c ****   *          This file provides set of firmware functions to manage SE
   7:../../../../..//Middlewares/ST/STM32_Secure_Engine/Core/se_exception.c ****   *          non maskeable interruption
   8:../../../../..//Middlewares/ST/STM32_Secure_Engine/Core/se_exception.c ****   ******************************************************************************
   9:../../../../..//Middlewares/ST/STM32_Secure_Engine/Core/se_exception.c ****   * @attention
  10:../../../../..//Middlewares/ST/STM32_Secure_Engine/Core/se_exception.c ****   *
  11:../../../../..//Middlewares/ST/STM32_Secure_Engine/Core/se_exception.c ****   * Copyright (c) 2017 STMicroelectronics.
  12:../../../../..//Middlewares/ST/STM32_Secure_Engine/Core/se_exception.c ****   * All rights reserved.
  13:../../../../..//Middlewares/ST/STM32_Secure_Engine/Core/se_exception.c ****   *
  14:../../../../..//Middlewares/ST/STM32_Secure_Engine/Core/se_exception.c ****   * This software is licensed under terms that can be found in the LICENSE file in
  15:../../../../..//Middlewares/ST/STM32_Secure_Engine/Core/se_exception.c ****   * the root directory of this software component.
  16:../../../../..//Middlewares/ST/STM32_Secure_Engine/Core/se_exception.c ****   * If no LICENSE file comes with this software, it is provided AS-IS.
  17:../../../../..//Middlewares/ST/STM32_Secure_Engine/Core/se_exception.c ****   *
  18:../../../../..//Middlewares/ST/STM32_Secure_Engine/Core/se_exception.c ****   ******************************************************************************
  19:../../../../..//Middlewares/ST/STM32_Secure_Engine/Core/se_exception.c ****   */
  20:../../../../..//Middlewares/ST/STM32_Secure_Engine/Core/se_exception.c **** /* Includes ------------------------------------------------------------------*/
  21:../../../../..//Middlewares/ST/STM32_Secure_Engine/Core/se_exception.c **** #include <stddef.h>
  22:../../../../..//Middlewares/ST/STM32_Secure_Engine/Core/se_exception.c **** #include "se_low_level.h"
  23:../../../../..//Middlewares/ST/STM32_Secure_Engine/Core/se_exception.c **** #include "se_exception.h"
  24:../../../../..//Middlewares/ST/STM32_Secure_Engine/Core/se_exception.c **** 
  25:../../../../..//Middlewares/ST/STM32_Secure_Engine/Core/se_exception.c **** /** @addtogroup SE Secure Engine
  26:../../../../..//Middlewares/ST/STM32_Secure_Engine/Core/se_exception.c ****   * @{
  27:../../../../..//Middlewares/ST/STM32_Secure_Engine/Core/se_exception.c ****   */
  28:../../../../..//Middlewares/ST/STM32_Secure_Engine/Core/se_exception.c **** 
  29:../../../../..//Middlewares/ST/STM32_Secure_Engine/Core/se_exception.c **** /** @addtogroup SE_CORE SE Core
  30:../../../../..//Middlewares/ST/STM32_Secure_Engine/Core/se_exception.c ****   * @{
  31:../../../../..//Middlewares/ST/STM32_Secure_Engine/Core/se_exception.c ****   */
  32:../../../../..//Middlewares/ST/STM32_Secure_Engine/Core/se_exception.c **** 
ARM GAS  /tmp/ccJtBsfS.s 			page 2


  33:../../../../..//Middlewares/ST/STM32_Secure_Engine/Core/se_exception.c **** /** @defgroup  SE_EXCEPTIONS SE Exception
  34:../../../../..//Middlewares/ST/STM32_Secure_Engine/Core/se_exception.c ****   * @{
  35:../../../../..//Middlewares/ST/STM32_Secure_Engine/Core/se_exception.c ****   */
  36:../../../../..//Middlewares/ST/STM32_Secure_Engine/Core/se_exception.c **** 
  37:../../../../..//Middlewares/ST/STM32_Secure_Engine/Core/se_exception.c **** /** @defgroup SE_EXCEPTIONS_Exported_Functions Exported Functions
  38:../../../../..//Middlewares/ST/STM32_Secure_Engine/Core/se_exception.c ****   * @{
  39:../../../../..//Middlewares/ST/STM32_Secure_Engine/Core/se_exception.c ****   */
  40:../../../../..//Middlewares/ST/STM32_Secure_Engine/Core/se_exception.c **** 
  41:../../../../..//Middlewares/ST/STM32_Secure_Engine/Core/se_exception.c **** /**
  42:../../../../..//Middlewares/ST/STM32_Secure_Engine/Core/se_exception.c ****   * @brief SE Non Maskeable Interrupt handler
  43:../../../../..//Middlewares/ST/STM32_Secure_Engine/Core/se_exception.c ****   * @param None.
  44:../../../../..//Middlewares/ST/STM32_Secure_Engine/Core/se_exception.c ****   * @retval None.
  45:../../../../..//Middlewares/ST/STM32_Secure_Engine/Core/se_exception.c ****   */
  46:../../../../..//Middlewares/ST/STM32_Secure_Engine/Core/se_exception.c **** 
  47:../../../../..//Middlewares/ST/STM32_Secure_Engine/Core/se_exception.c **** void SE_NMI_ExceptionHandler(void)
  48:../../../../..//Middlewares/ST/STM32_Secure_Engine/Core/se_exception.c **** {
  27              		.loc 1 48 1 view -0
  28              		.cfi_startproc
  29              		@ Volatile: function does not return.
  30              		@ args = 0, pretend = 0, frame = 0
  31              		@ frame_needed = 0, uses_anonymous_args = 0
  32              		@ link register save eliminated.
  49:../../../../..//Middlewares/ST/STM32_Secure_Engine/Core/se_exception.c ****   NVIC_SystemReset();
  33              		.loc 1 49 3 view .LVU1
  34              	.LBB12:
  35              	.LBI12:
  36              		.file 2 "../../../../..//Drivers/CMSIS/Include/core_cm0plus.h"
   1:../../../../..//Drivers/CMSIS/Include/core_cm0plus.h **** /**************************************************************************//**
   2:../../../../..//Drivers/CMSIS/Include/core_cm0plus.h ****  * @file     core_cm0plus.h
   3:../../../../..//Drivers/CMSIS/Include/core_cm0plus.h ****  * @brief    CMSIS Cortex-M0+ Core Peripheral Access Layer Header File
   4:../../../../..//Drivers/CMSIS/Include/core_cm0plus.h ****  * @version  V5.0.9
   5:../../../../..//Drivers/CMSIS/Include/core_cm0plus.h ****  * @date     21. August 2019
   6:../../../../..//Drivers/CMSIS/Include/core_cm0plus.h ****  ******************************************************************************/
   7:../../../../..//Drivers/CMSIS/Include/core_cm0plus.h **** /*
   8:../../../../..//Drivers/CMSIS/Include/core_cm0plus.h ****  * Copyright (c) 2009-2019 Arm Limited. All rights reserved.
   9:../../../../..//Drivers/CMSIS/Include/core_cm0plus.h ****  *
  10:../../../../..//Drivers/CMSIS/Include/core_cm0plus.h ****  * SPDX-License-Identifier: Apache-2.0
  11:../../../../..//Drivers/CMSIS/Include/core_cm0plus.h ****  *
  12:../../../../..//Drivers/CMSIS/Include/core_cm0plus.h ****  * Licensed under the Apache License, Version 2.0 (the License); you may
  13:../../../../..//Drivers/CMSIS/Include/core_cm0plus.h ****  * not use this file except in compliance with the License.
  14:../../../../..//Drivers/CMSIS/Include/core_cm0plus.h ****  * You may obtain a copy of the License at
  15:../../../../..//Drivers/CMSIS/Include/core_cm0plus.h ****  *
  16:../../../../..//Drivers/CMSIS/Include/core_cm0plus.h ****  * www.apache.org/licenses/LICENSE-2.0
  17:../../../../..//Drivers/CMSIS/Include/core_cm0plus.h ****  *
  18:../../../../..//Drivers/CMSIS/Include/core_cm0plus.h ****  * Unless required by applicable law or agreed to in writing, software
  19:../../../../..//Drivers/CMSIS/Include/core_cm0plus.h ****  * distributed under the License is distributed on an AS IS BASIS, WITHOUT
  20:../../../../..//Drivers/CMSIS/Include/core_cm0plus.h ****  * WARRANTIES OR CONDITIONS OF ANY KIND, either express or implied.
  21:../../../../..//Drivers/CMSIS/Include/core_cm0plus.h ****  * See the License for the specific language governing permissions and
  22:../../../../..//Drivers/CMSIS/Include/core_cm0plus.h ****  * limitations under the License.
  23:../../../../..//Drivers/CMSIS/Include/core_cm0plus.h ****  */
  24:../../../../..//Drivers/CMSIS/Include/core_cm0plus.h **** 
  25:../../../../..//Drivers/CMSIS/Include/core_cm0plus.h **** #if   defined ( __ICCARM__ )
  26:../../../../..//Drivers/CMSIS/Include/core_cm0plus.h ****   #pragma system_include         /* treat file as system include file for MISRA check */
  27:../../../../..//Drivers/CMSIS/Include/core_cm0plus.h **** #elif defined (__clang__)
  28:../../../../..//Drivers/CMSIS/Include/core_cm0plus.h ****   #pragma clang system_header   /* treat file as system include file */
  29:../../../../..//Drivers/CMSIS/Include/core_cm0plus.h **** #endif
  30:../../../../..//Drivers/CMSIS/Include/core_cm0plus.h **** 
ARM GAS  /tmp/ccJtBsfS.s 			page 3


  31:../../../../..//Drivers/CMSIS/Include/core_cm0plus.h **** #ifndef __CORE_CM0PLUS_H_GENERIC
  32:../../../../..//Drivers/CMSIS/Include/core_cm0plus.h **** #define __CORE_CM0PLUS_H_GENERIC
  33:../../../../..//Drivers/CMSIS/Include/core_cm0plus.h **** 
  34:../../../../..//Drivers/CMSIS/Include/core_cm0plus.h **** #include <stdint.h>
  35:../../../../..//Drivers/CMSIS/Include/core_cm0plus.h **** 
  36:../../../../..//Drivers/CMSIS/Include/core_cm0plus.h **** #ifdef __cplusplus
  37:../../../../..//Drivers/CMSIS/Include/core_cm0plus.h ****  extern "C" {
  38:../../../../..//Drivers/CMSIS/Include/core_cm0plus.h **** #endif
  39:../../../../..//Drivers/CMSIS/Include/core_cm0plus.h **** 
  40:../../../../..//Drivers/CMSIS/Include/core_cm0plus.h **** /**
  41:../../../../..//Drivers/CMSIS/Include/core_cm0plus.h ****   \page CMSIS_MISRA_Exceptions  MISRA-C:2004 Compliance Exceptions
  42:../../../../..//Drivers/CMSIS/Include/core_cm0plus.h ****   CMSIS violates the following MISRA-C:2004 rules:
  43:../../../../..//Drivers/CMSIS/Include/core_cm0plus.h **** 
  44:../../../../..//Drivers/CMSIS/Include/core_cm0plus.h ****    \li Required Rule 8.5, object/function definition in header file.<br>
  45:../../../../..//Drivers/CMSIS/Include/core_cm0plus.h ****      Function definitions in header files are used to allow 'inlining'.
  46:../../../../..//Drivers/CMSIS/Include/core_cm0plus.h **** 
  47:../../../../..//Drivers/CMSIS/Include/core_cm0plus.h ****    \li Required Rule 18.4, declaration of union type or object of union type: '{...}'.<br>
  48:../../../../..//Drivers/CMSIS/Include/core_cm0plus.h ****      Unions are used for effective representation of core registers.
  49:../../../../..//Drivers/CMSIS/Include/core_cm0plus.h **** 
  50:../../../../..//Drivers/CMSIS/Include/core_cm0plus.h ****    \li Advisory Rule 19.7, Function-like macro defined.<br>
  51:../../../../..//Drivers/CMSIS/Include/core_cm0plus.h ****      Function-like macros are used to allow more efficient code.
  52:../../../../..//Drivers/CMSIS/Include/core_cm0plus.h ****  */
  53:../../../../..//Drivers/CMSIS/Include/core_cm0plus.h **** 
  54:../../../../..//Drivers/CMSIS/Include/core_cm0plus.h **** 
  55:../../../../..//Drivers/CMSIS/Include/core_cm0plus.h **** /*******************************************************************************
  56:../../../../..//Drivers/CMSIS/Include/core_cm0plus.h ****  *                 CMSIS definitions
  57:../../../../..//Drivers/CMSIS/Include/core_cm0plus.h ****  ******************************************************************************/
  58:../../../../..//Drivers/CMSIS/Include/core_cm0plus.h **** /**
  59:../../../../..//Drivers/CMSIS/Include/core_cm0plus.h ****   \ingroup Cortex-M0+
  60:../../../../..//Drivers/CMSIS/Include/core_cm0plus.h ****   @{
  61:../../../../..//Drivers/CMSIS/Include/core_cm0plus.h ****  */
  62:../../../../..//Drivers/CMSIS/Include/core_cm0plus.h **** 
  63:../../../../..//Drivers/CMSIS/Include/core_cm0plus.h **** #include "cmsis_version.h"
  64:../../../../..//Drivers/CMSIS/Include/core_cm0plus.h ****  
  65:../../../../..//Drivers/CMSIS/Include/core_cm0plus.h **** /*  CMSIS CM0+ definitions */
  66:../../../../..//Drivers/CMSIS/Include/core_cm0plus.h **** #define __CM0PLUS_CMSIS_VERSION_MAIN (__CM_CMSIS_VERSION_MAIN)                  /*!< \deprecated [3
  67:../../../../..//Drivers/CMSIS/Include/core_cm0plus.h **** #define __CM0PLUS_CMSIS_VERSION_SUB  (__CM_CMSIS_VERSION_SUB)                   /*!< \deprecated [1
  68:../../../../..//Drivers/CMSIS/Include/core_cm0plus.h **** #define __CM0PLUS_CMSIS_VERSION      ((__CM0PLUS_CMSIS_VERSION_MAIN << 16U) | \
  69:../../../../..//Drivers/CMSIS/Include/core_cm0plus.h ****                                        __CM0PLUS_CMSIS_VERSION_SUB           )  /*!< \deprecated CM
  70:../../../../..//Drivers/CMSIS/Include/core_cm0plus.h **** 
  71:../../../../..//Drivers/CMSIS/Include/core_cm0plus.h **** #define __CORTEX_M                   (0U)                                       /*!< Cortex-M Core 
  72:../../../../..//Drivers/CMSIS/Include/core_cm0plus.h **** 
  73:../../../../..//Drivers/CMSIS/Include/core_cm0plus.h **** /** __FPU_USED indicates whether an FPU is used or not.
  74:../../../../..//Drivers/CMSIS/Include/core_cm0plus.h ****     This core does not support an FPU at all
  75:../../../../..//Drivers/CMSIS/Include/core_cm0plus.h **** */
  76:../../../../..//Drivers/CMSIS/Include/core_cm0plus.h **** #define __FPU_USED       0U
  77:../../../../..//Drivers/CMSIS/Include/core_cm0plus.h **** 
  78:../../../../..//Drivers/CMSIS/Include/core_cm0plus.h **** #if defined ( __CC_ARM )
  79:../../../../..//Drivers/CMSIS/Include/core_cm0plus.h ****   #if defined __TARGET_FPU_VFP
  80:../../../../..//Drivers/CMSIS/Include/core_cm0plus.h ****     #error "Compiler generates FPU instructions for a device without an FPU (check __FPU_PRESENT)"
  81:../../../../..//Drivers/CMSIS/Include/core_cm0plus.h ****   #endif
  82:../../../../..//Drivers/CMSIS/Include/core_cm0plus.h **** 
  83:../../../../..//Drivers/CMSIS/Include/core_cm0plus.h **** #elif defined (__ARMCC_VERSION) && (__ARMCC_VERSION >= 6010050)
  84:../../../../..//Drivers/CMSIS/Include/core_cm0plus.h ****   #if defined __ARM_FP
  85:../../../../..//Drivers/CMSIS/Include/core_cm0plus.h ****     #error "Compiler generates FPU instructions for a device without an FPU (check __FPU_PRESENT)"
  86:../../../../..//Drivers/CMSIS/Include/core_cm0plus.h ****   #endif
  87:../../../../..//Drivers/CMSIS/Include/core_cm0plus.h **** 
ARM GAS  /tmp/ccJtBsfS.s 			page 4


  88:../../../../..//Drivers/CMSIS/Include/core_cm0plus.h **** #elif defined ( __GNUC__ )
  89:../../../../..//Drivers/CMSIS/Include/core_cm0plus.h ****   #if defined (__VFP_FP__) && !defined(__SOFTFP__)
  90:../../../../..//Drivers/CMSIS/Include/core_cm0plus.h ****     #error "Compiler generates FPU instructions for a device without an FPU (check __FPU_PRESENT)"
  91:../../../../..//Drivers/CMSIS/Include/core_cm0plus.h ****   #endif
  92:../../../../..//Drivers/CMSIS/Include/core_cm0plus.h **** 
  93:../../../../..//Drivers/CMSIS/Include/core_cm0plus.h **** #elif defined ( __ICCARM__ )
  94:../../../../..//Drivers/CMSIS/Include/core_cm0plus.h ****   #if defined __ARMVFP__
  95:../../../../..//Drivers/CMSIS/Include/core_cm0plus.h ****     #error "Compiler generates FPU instructions for a device without an FPU (check __FPU_PRESENT)"
  96:../../../../..//Drivers/CMSIS/Include/core_cm0plus.h ****   #endif
  97:../../../../..//Drivers/CMSIS/Include/core_cm0plus.h **** 
  98:../../../../..//Drivers/CMSIS/Include/core_cm0plus.h **** #elif defined ( __TI_ARM__ )
  99:../../../../..//Drivers/CMSIS/Include/core_cm0plus.h ****   #if defined __TI_VFP_SUPPORT__
 100:../../../../..//Drivers/CMSIS/Include/core_cm0plus.h ****     #error "Compiler generates FPU instructions for a device without an FPU (check __FPU_PRESENT)"
 101:../../../../..//Drivers/CMSIS/Include/core_cm0plus.h ****   #endif
 102:../../../../..//Drivers/CMSIS/Include/core_cm0plus.h **** 
 103:../../../../..//Drivers/CMSIS/Include/core_cm0plus.h **** #elif defined ( __TASKING__ )
 104:../../../../..//Drivers/CMSIS/Include/core_cm0plus.h ****   #if defined __FPU_VFP__
 105:../../../../..//Drivers/CMSIS/Include/core_cm0plus.h ****     #error "Compiler generates FPU instructions for a device without an FPU (check __FPU_PRESENT)"
 106:../../../../..//Drivers/CMSIS/Include/core_cm0plus.h ****   #endif
 107:../../../../..//Drivers/CMSIS/Include/core_cm0plus.h **** 
 108:../../../../..//Drivers/CMSIS/Include/core_cm0plus.h **** #elif defined ( __CSMC__ )
 109:../../../../..//Drivers/CMSIS/Include/core_cm0plus.h ****   #if ( __CSMC__ & 0x400U)
 110:../../../../..//Drivers/CMSIS/Include/core_cm0plus.h ****     #error "Compiler generates FPU instructions for a device without an FPU (check __FPU_PRESENT)"
 111:../../../../..//Drivers/CMSIS/Include/core_cm0plus.h ****   #endif
 112:../../../../..//Drivers/CMSIS/Include/core_cm0plus.h **** 
 113:../../../../..//Drivers/CMSIS/Include/core_cm0plus.h **** #endif
 114:../../../../..//Drivers/CMSIS/Include/core_cm0plus.h **** 
 115:../../../../..//Drivers/CMSIS/Include/core_cm0plus.h **** #include "cmsis_compiler.h"               /* CMSIS compiler specific defines */
 116:../../../../..//Drivers/CMSIS/Include/core_cm0plus.h **** 
 117:../../../../..//Drivers/CMSIS/Include/core_cm0plus.h **** 
 118:../../../../..//Drivers/CMSIS/Include/core_cm0plus.h **** #ifdef __cplusplus
 119:../../../../..//Drivers/CMSIS/Include/core_cm0plus.h **** }
 120:../../../../..//Drivers/CMSIS/Include/core_cm0plus.h **** #endif
 121:../../../../..//Drivers/CMSIS/Include/core_cm0plus.h **** 
 122:../../../../..//Drivers/CMSIS/Include/core_cm0plus.h **** #endif /* __CORE_CM0PLUS_H_GENERIC */
 123:../../../../..//Drivers/CMSIS/Include/core_cm0plus.h **** 
 124:../../../../..//Drivers/CMSIS/Include/core_cm0plus.h **** #ifndef __CMSIS_GENERIC
 125:../../../../..//Drivers/CMSIS/Include/core_cm0plus.h **** 
 126:../../../../..//Drivers/CMSIS/Include/core_cm0plus.h **** #ifndef __CORE_CM0PLUS_H_DEPENDANT
 127:../../../../..//Drivers/CMSIS/Include/core_cm0plus.h **** #define __CORE_CM0PLUS_H_DEPENDANT
 128:../../../../..//Drivers/CMSIS/Include/core_cm0plus.h **** 
 129:../../../../..//Drivers/CMSIS/Include/core_cm0plus.h **** #ifdef __cplusplus
 130:../../../../..//Drivers/CMSIS/Include/core_cm0plus.h ****  extern "C" {
 131:../../../../..//Drivers/CMSIS/Include/core_cm0plus.h **** #endif
 132:../../../../..//Drivers/CMSIS/Include/core_cm0plus.h **** 
 133:../../../../..//Drivers/CMSIS/Include/core_cm0plus.h **** /* check device defines and use defaults */
 134:../../../../..//Drivers/CMSIS/Include/core_cm0plus.h **** #if defined __CHECK_DEVICE_DEFINES
 135:../../../../..//Drivers/CMSIS/Include/core_cm0plus.h ****   #ifndef __CM0PLUS_REV
 136:../../../../..//Drivers/CMSIS/Include/core_cm0plus.h ****     #define __CM0PLUS_REV             0x0000U
 137:../../../../..//Drivers/CMSIS/Include/core_cm0plus.h ****     #warning "__CM0PLUS_REV not defined in device header file; using default!"
 138:../../../../..//Drivers/CMSIS/Include/core_cm0plus.h ****   #endif
 139:../../../../..//Drivers/CMSIS/Include/core_cm0plus.h **** 
 140:../../../../..//Drivers/CMSIS/Include/core_cm0plus.h ****   #ifndef __MPU_PRESENT
 141:../../../../..//Drivers/CMSIS/Include/core_cm0plus.h ****     #define __MPU_PRESENT             0U
 142:../../../../..//Drivers/CMSIS/Include/core_cm0plus.h ****     #warning "__MPU_PRESENT not defined in device header file; using default!"
 143:../../../../..//Drivers/CMSIS/Include/core_cm0plus.h ****   #endif
 144:../../../../..//Drivers/CMSIS/Include/core_cm0plus.h **** 
ARM GAS  /tmp/ccJtBsfS.s 			page 5


 145:../../../../..//Drivers/CMSIS/Include/core_cm0plus.h ****   #ifndef __VTOR_PRESENT
 146:../../../../..//Drivers/CMSIS/Include/core_cm0plus.h ****     #define __VTOR_PRESENT            0U
 147:../../../../..//Drivers/CMSIS/Include/core_cm0plus.h ****     #warning "__VTOR_PRESENT not defined in device header file; using default!"
 148:../../../../..//Drivers/CMSIS/Include/core_cm0plus.h ****   #endif
 149:../../../../..//Drivers/CMSIS/Include/core_cm0plus.h **** 
 150:../../../../..//Drivers/CMSIS/Include/core_cm0plus.h ****   #ifndef __NVIC_PRIO_BITS
 151:../../../../..//Drivers/CMSIS/Include/core_cm0plus.h ****     #define __NVIC_PRIO_BITS          2U
 152:../../../../..//Drivers/CMSIS/Include/core_cm0plus.h ****     #warning "__NVIC_PRIO_BITS not defined in device header file; using default!"
 153:../../../../..//Drivers/CMSIS/Include/core_cm0plus.h ****   #endif
 154:../../../../..//Drivers/CMSIS/Include/core_cm0plus.h **** 
 155:../../../../..//Drivers/CMSIS/Include/core_cm0plus.h ****   #ifndef __Vendor_SysTickConfig
 156:../../../../..//Drivers/CMSIS/Include/core_cm0plus.h ****     #define __Vendor_SysTickConfig    0U
 157:../../../../..//Drivers/CMSIS/Include/core_cm0plus.h ****     #warning "__Vendor_SysTickConfig not defined in device header file; using default!"
 158:../../../../..//Drivers/CMSIS/Include/core_cm0plus.h ****   #endif
 159:../../../../..//Drivers/CMSIS/Include/core_cm0plus.h **** #endif
 160:../../../../..//Drivers/CMSIS/Include/core_cm0plus.h **** 
 161:../../../../..//Drivers/CMSIS/Include/core_cm0plus.h **** /* IO definitions (access restrictions to peripheral registers) */
 162:../../../../..//Drivers/CMSIS/Include/core_cm0plus.h **** /**
 163:../../../../..//Drivers/CMSIS/Include/core_cm0plus.h ****     \defgroup CMSIS_glob_defs CMSIS Global Defines
 164:../../../../..//Drivers/CMSIS/Include/core_cm0plus.h **** 
 165:../../../../..//Drivers/CMSIS/Include/core_cm0plus.h ****     <strong>IO Type Qualifiers</strong> are used
 166:../../../../..//Drivers/CMSIS/Include/core_cm0plus.h ****     \li to specify the access to peripheral variables.
 167:../../../../..//Drivers/CMSIS/Include/core_cm0plus.h ****     \li for automatic generation of peripheral register debug information.
 168:../../../../..//Drivers/CMSIS/Include/core_cm0plus.h **** */
 169:../../../../..//Drivers/CMSIS/Include/core_cm0plus.h **** #ifdef __cplusplus
 170:../../../../..//Drivers/CMSIS/Include/core_cm0plus.h ****   #define   __I     volatile             /*!< Defines 'read only' permissions */
 171:../../../../..//Drivers/CMSIS/Include/core_cm0plus.h **** #else
 172:../../../../..//Drivers/CMSIS/Include/core_cm0plus.h ****   #define   __I     volatile const       /*!< Defines 'read only' permissions */
 173:../../../../..//Drivers/CMSIS/Include/core_cm0plus.h **** #endif
 174:../../../../..//Drivers/CMSIS/Include/core_cm0plus.h **** #define     __O     volatile             /*!< Defines 'write only' permissions */
 175:../../../../..//Drivers/CMSIS/Include/core_cm0plus.h **** #define     __IO    volatile             /*!< Defines 'read / write' permissions */
 176:../../../../..//Drivers/CMSIS/Include/core_cm0plus.h **** 
 177:../../../../..//Drivers/CMSIS/Include/core_cm0plus.h **** /* following defines should be used for structure members */
 178:../../../../..//Drivers/CMSIS/Include/core_cm0plus.h **** #define     __IM     volatile const      /*! Defines 'read only' structure member permissions */
 179:../../../../..//Drivers/CMSIS/Include/core_cm0plus.h **** #define     __OM     volatile            /*! Defines 'write only' structure member permissions */
 180:../../../../..//Drivers/CMSIS/Include/core_cm0plus.h **** #define     __IOM    volatile            /*! Defines 'read / write' structure member permissions */
 181:../../../../..//Drivers/CMSIS/Include/core_cm0plus.h **** 
 182:../../../../..//Drivers/CMSIS/Include/core_cm0plus.h **** /*@} end of group Cortex-M0+ */
 183:../../../../..//Drivers/CMSIS/Include/core_cm0plus.h **** 
 184:../../../../..//Drivers/CMSIS/Include/core_cm0plus.h **** 
 185:../../../../..//Drivers/CMSIS/Include/core_cm0plus.h **** 
 186:../../../../..//Drivers/CMSIS/Include/core_cm0plus.h **** /*******************************************************************************
 187:../../../../..//Drivers/CMSIS/Include/core_cm0plus.h ****  *                 Register Abstraction
 188:../../../../..//Drivers/CMSIS/Include/core_cm0plus.h ****   Core Register contain:
 189:../../../../..//Drivers/CMSIS/Include/core_cm0plus.h ****   - Core Register
 190:../../../../..//Drivers/CMSIS/Include/core_cm0plus.h ****   - Core NVIC Register
 191:../../../../..//Drivers/CMSIS/Include/core_cm0plus.h ****   - Core SCB Register
 192:../../../../..//Drivers/CMSIS/Include/core_cm0plus.h ****   - Core SysTick Register
 193:../../../../..//Drivers/CMSIS/Include/core_cm0plus.h ****   - Core MPU Register
 194:../../../../..//Drivers/CMSIS/Include/core_cm0plus.h ****  ******************************************************************************/
 195:../../../../..//Drivers/CMSIS/Include/core_cm0plus.h **** /**
 196:../../../../..//Drivers/CMSIS/Include/core_cm0plus.h ****   \defgroup CMSIS_core_register Defines and Type Definitions
 197:../../../../..//Drivers/CMSIS/Include/core_cm0plus.h ****   \brief Type definitions and defines for Cortex-M processor based devices.
 198:../../../../..//Drivers/CMSIS/Include/core_cm0plus.h **** */
 199:../../../../..//Drivers/CMSIS/Include/core_cm0plus.h **** 
 200:../../../../..//Drivers/CMSIS/Include/core_cm0plus.h **** /**
 201:../../../../..//Drivers/CMSIS/Include/core_cm0plus.h ****   \ingroup    CMSIS_core_register
ARM GAS  /tmp/ccJtBsfS.s 			page 6


 202:../../../../..//Drivers/CMSIS/Include/core_cm0plus.h ****   \defgroup   CMSIS_CORE  Status and Control Registers
 203:../../../../..//Drivers/CMSIS/Include/core_cm0plus.h ****   \brief      Core Register type definitions.
 204:../../../../..//Drivers/CMSIS/Include/core_cm0plus.h ****   @{
 205:../../../../..//Drivers/CMSIS/Include/core_cm0plus.h ****  */
 206:../../../../..//Drivers/CMSIS/Include/core_cm0plus.h **** 
 207:../../../../..//Drivers/CMSIS/Include/core_cm0plus.h **** /**
 208:../../../../..//Drivers/CMSIS/Include/core_cm0plus.h ****   \brief  Union type to access the Application Program Status Register (APSR).
 209:../../../../..//Drivers/CMSIS/Include/core_cm0plus.h ****  */
 210:../../../../..//Drivers/CMSIS/Include/core_cm0plus.h **** typedef union
 211:../../../../..//Drivers/CMSIS/Include/core_cm0plus.h **** {
 212:../../../../..//Drivers/CMSIS/Include/core_cm0plus.h ****   struct
 213:../../../../..//Drivers/CMSIS/Include/core_cm0plus.h ****   {
 214:../../../../..//Drivers/CMSIS/Include/core_cm0plus.h ****     uint32_t _reserved0:28;              /*!< bit:  0..27  Reserved */
 215:../../../../..//Drivers/CMSIS/Include/core_cm0plus.h ****     uint32_t V:1;                        /*!< bit:     28  Overflow condition code flag */
 216:../../../../..//Drivers/CMSIS/Include/core_cm0plus.h ****     uint32_t C:1;                        /*!< bit:     29  Carry condition code flag */
 217:../../../../..//Drivers/CMSIS/Include/core_cm0plus.h ****     uint32_t Z:1;                        /*!< bit:     30  Zero condition code flag */
 218:../../../../..//Drivers/CMSIS/Include/core_cm0plus.h ****     uint32_t N:1;                        /*!< bit:     31  Negative condition code flag */
 219:../../../../..//Drivers/CMSIS/Include/core_cm0plus.h ****   } b;                                   /*!< Structure used for bit  access */
 220:../../../../..//Drivers/CMSIS/Include/core_cm0plus.h ****   uint32_t w;                            /*!< Type      used for word access */
 221:../../../../..//Drivers/CMSIS/Include/core_cm0plus.h **** } APSR_Type;
 222:../../../../..//Drivers/CMSIS/Include/core_cm0plus.h **** 
 223:../../../../..//Drivers/CMSIS/Include/core_cm0plus.h **** /* APSR Register Definitions */
 224:../../../../..//Drivers/CMSIS/Include/core_cm0plus.h **** #define APSR_N_Pos                         31U                                            /*!< APSR
 225:../../../../..//Drivers/CMSIS/Include/core_cm0plus.h **** #define APSR_N_Msk                         (1UL << APSR_N_Pos)                            /*!< APSR
 226:../../../../..//Drivers/CMSIS/Include/core_cm0plus.h **** 
 227:../../../../..//Drivers/CMSIS/Include/core_cm0plus.h **** #define APSR_Z_Pos                         30U                                            /*!< APSR
 228:../../../../..//Drivers/CMSIS/Include/core_cm0plus.h **** #define APSR_Z_Msk                         (1UL << APSR_Z_Pos)                            /*!< APSR
 229:../../../../..//Drivers/CMSIS/Include/core_cm0plus.h **** 
 230:../../../../..//Drivers/CMSIS/Include/core_cm0plus.h **** #define APSR_C_Pos                         29U                                            /*!< APSR
 231:../../../../..//Drivers/CMSIS/Include/core_cm0plus.h **** #define APSR_C_Msk                         (1UL << APSR_C_Pos)                            /*!< APSR
 232:../../../../..//Drivers/CMSIS/Include/core_cm0plus.h **** 
 233:../../../../..//Drivers/CMSIS/Include/core_cm0plus.h **** #define APSR_V_Pos                         28U                                            /*!< APSR
 234:../../../../..//Drivers/CMSIS/Include/core_cm0plus.h **** #define APSR_V_Msk                         (1UL << APSR_V_Pos)                            /*!< APSR
 235:../../../../..//Drivers/CMSIS/Include/core_cm0plus.h **** 
 236:../../../../..//Drivers/CMSIS/Include/core_cm0plus.h **** 
 237:../../../../..//Drivers/CMSIS/Include/core_cm0plus.h **** /**
 238:../../../../..//Drivers/CMSIS/Include/core_cm0plus.h ****   \brief  Union type to access the Interrupt Program Status Register (IPSR).
 239:../../../../..//Drivers/CMSIS/Include/core_cm0plus.h ****  */
 240:../../../../..//Drivers/CMSIS/Include/core_cm0plus.h **** typedef union
 241:../../../../..//Drivers/CMSIS/Include/core_cm0plus.h **** {
 242:../../../../..//Drivers/CMSIS/Include/core_cm0plus.h ****   struct
 243:../../../../..//Drivers/CMSIS/Include/core_cm0plus.h ****   {
 244:../../../../..//Drivers/CMSIS/Include/core_cm0plus.h ****     uint32_t ISR:9;                      /*!< bit:  0.. 8  Exception number */
 245:../../../../..//Drivers/CMSIS/Include/core_cm0plus.h ****     uint32_t _reserved0:23;              /*!< bit:  9..31  Reserved */
 246:../../../../..//Drivers/CMSIS/Include/core_cm0plus.h ****   } b;                                   /*!< Structure used for bit  access */
 247:../../../../..//Drivers/CMSIS/Include/core_cm0plus.h ****   uint32_t w;                            /*!< Type      used for word access */
 248:../../../../..//Drivers/CMSIS/Include/core_cm0plus.h **** } IPSR_Type;
 249:../../../../..//Drivers/CMSIS/Include/core_cm0plus.h **** 
 250:../../../../..//Drivers/CMSIS/Include/core_cm0plus.h **** /* IPSR Register Definitions */
 251:../../../../..//Drivers/CMSIS/Include/core_cm0plus.h **** #define IPSR_ISR_Pos                        0U                                            /*!< IPSR
 252:../../../../..//Drivers/CMSIS/Include/core_cm0plus.h **** #define IPSR_ISR_Msk                       (0x1FFUL /*<< IPSR_ISR_Pos*/)                  /*!< IPSR
 253:../../../../..//Drivers/CMSIS/Include/core_cm0plus.h **** 
 254:../../../../..//Drivers/CMSIS/Include/core_cm0plus.h **** 
 255:../../../../..//Drivers/CMSIS/Include/core_cm0plus.h **** /**
 256:../../../../..//Drivers/CMSIS/Include/core_cm0plus.h ****   \brief  Union type to access the Special-Purpose Program Status Registers (xPSR).
 257:../../../../..//Drivers/CMSIS/Include/core_cm0plus.h ****  */
 258:../../../../..//Drivers/CMSIS/Include/core_cm0plus.h **** typedef union
ARM GAS  /tmp/ccJtBsfS.s 			page 7


 259:../../../../..//Drivers/CMSIS/Include/core_cm0plus.h **** {
 260:../../../../..//Drivers/CMSIS/Include/core_cm0plus.h ****   struct
 261:../../../../..//Drivers/CMSIS/Include/core_cm0plus.h ****   {
 262:../../../../..//Drivers/CMSIS/Include/core_cm0plus.h ****     uint32_t ISR:9;                      /*!< bit:  0.. 8  Exception number */
 263:../../../../..//Drivers/CMSIS/Include/core_cm0plus.h ****     uint32_t _reserved0:15;              /*!< bit:  9..23  Reserved */
 264:../../../../..//Drivers/CMSIS/Include/core_cm0plus.h ****     uint32_t T:1;                        /*!< bit:     24  Thumb bit        (read 0) */
 265:../../../../..//Drivers/CMSIS/Include/core_cm0plus.h ****     uint32_t _reserved1:3;               /*!< bit: 25..27  Reserved */
 266:../../../../..//Drivers/CMSIS/Include/core_cm0plus.h ****     uint32_t V:1;                        /*!< bit:     28  Overflow condition code flag */
 267:../../../../..//Drivers/CMSIS/Include/core_cm0plus.h ****     uint32_t C:1;                        /*!< bit:     29  Carry condition code flag */
 268:../../../../..//Drivers/CMSIS/Include/core_cm0plus.h ****     uint32_t Z:1;                        /*!< bit:     30  Zero condition code flag */
 269:../../../../..//Drivers/CMSIS/Include/core_cm0plus.h ****     uint32_t N:1;                        /*!< bit:     31  Negative condition code flag */
 270:../../../../..//Drivers/CMSIS/Include/core_cm0plus.h ****   } b;                                   /*!< Structure used for bit  access */
 271:../../../../..//Drivers/CMSIS/Include/core_cm0plus.h ****   uint32_t w;                            /*!< Type      used for word access */
 272:../../../../..//Drivers/CMSIS/Include/core_cm0plus.h **** } xPSR_Type;
 273:../../../../..//Drivers/CMSIS/Include/core_cm0plus.h **** 
 274:../../../../..//Drivers/CMSIS/Include/core_cm0plus.h **** /* xPSR Register Definitions */
 275:../../../../..//Drivers/CMSIS/Include/core_cm0plus.h **** #define xPSR_N_Pos                         31U                                            /*!< xPSR
 276:../../../../..//Drivers/CMSIS/Include/core_cm0plus.h **** #define xPSR_N_Msk                         (1UL << xPSR_N_Pos)                            /*!< xPSR
 277:../../../../..//Drivers/CMSIS/Include/core_cm0plus.h **** 
 278:../../../../..//Drivers/CMSIS/Include/core_cm0plus.h **** #define xPSR_Z_Pos                         30U                                            /*!< xPSR
 279:../../../../..//Drivers/CMSIS/Include/core_cm0plus.h **** #define xPSR_Z_Msk                         (1UL << xPSR_Z_Pos)                            /*!< xPSR
 280:../../../../..//Drivers/CMSIS/Include/core_cm0plus.h **** 
 281:../../../../..//Drivers/CMSIS/Include/core_cm0plus.h **** #define xPSR_C_Pos                         29U                                            /*!< xPSR
 282:../../../../..//Drivers/CMSIS/Include/core_cm0plus.h **** #define xPSR_C_Msk                         (1UL << xPSR_C_Pos)                            /*!< xPSR
 283:../../../../..//Drivers/CMSIS/Include/core_cm0plus.h **** 
 284:../../../../..//Drivers/CMSIS/Include/core_cm0plus.h **** #define xPSR_V_Pos                         28U                                            /*!< xPSR
 285:../../../../..//Drivers/CMSIS/Include/core_cm0plus.h **** #define xPSR_V_Msk                         (1UL << xPSR_V_Pos)                            /*!< xPSR
 286:../../../../..//Drivers/CMSIS/Include/core_cm0plus.h **** 
 287:../../../../..//Drivers/CMSIS/Include/core_cm0plus.h **** #define xPSR_T_Pos                         24U                                            /*!< xPSR
 288:../../../../..//Drivers/CMSIS/Include/core_cm0plus.h **** #define xPSR_T_Msk                         (1UL << xPSR_T_Pos)                            /*!< xPSR
 289:../../../../..//Drivers/CMSIS/Include/core_cm0plus.h **** 
 290:../../../../..//Drivers/CMSIS/Include/core_cm0plus.h **** #define xPSR_ISR_Pos                        0U                                            /*!< xPSR
 291:../../../../..//Drivers/CMSIS/Include/core_cm0plus.h **** #define xPSR_ISR_Msk                       (0x1FFUL /*<< xPSR_ISR_Pos*/)                  /*!< xPSR
 292:../../../../..//Drivers/CMSIS/Include/core_cm0plus.h **** 
 293:../../../../..//Drivers/CMSIS/Include/core_cm0plus.h **** 
 294:../../../../..//Drivers/CMSIS/Include/core_cm0plus.h **** /**
 295:../../../../..//Drivers/CMSIS/Include/core_cm0plus.h ****   \brief  Union type to access the Control Registers (CONTROL).
 296:../../../../..//Drivers/CMSIS/Include/core_cm0plus.h ****  */
 297:../../../../..//Drivers/CMSIS/Include/core_cm0plus.h **** typedef union
 298:../../../../..//Drivers/CMSIS/Include/core_cm0plus.h **** {
 299:../../../../..//Drivers/CMSIS/Include/core_cm0plus.h ****   struct
 300:../../../../..//Drivers/CMSIS/Include/core_cm0plus.h ****   {
 301:../../../../..//Drivers/CMSIS/Include/core_cm0plus.h ****     uint32_t nPRIV:1;                    /*!< bit:      0  Execution privilege in Thread mode */
 302:../../../../..//Drivers/CMSIS/Include/core_cm0plus.h ****     uint32_t SPSEL:1;                    /*!< bit:      1  Stack to be used */
 303:../../../../..//Drivers/CMSIS/Include/core_cm0plus.h ****     uint32_t _reserved1:30;              /*!< bit:  2..31  Reserved */
 304:../../../../..//Drivers/CMSIS/Include/core_cm0plus.h ****   } b;                                   /*!< Structure used for bit  access */
 305:../../../../..//Drivers/CMSIS/Include/core_cm0plus.h ****   uint32_t w;                            /*!< Type      used for word access */
 306:../../../../..//Drivers/CMSIS/Include/core_cm0plus.h **** } CONTROL_Type;
 307:../../../../..//Drivers/CMSIS/Include/core_cm0plus.h **** 
 308:../../../../..//Drivers/CMSIS/Include/core_cm0plus.h **** /* CONTROL Register Definitions */
 309:../../../../..//Drivers/CMSIS/Include/core_cm0plus.h **** #define CONTROL_SPSEL_Pos                   1U                                            /*!< CONT
 310:../../../../..//Drivers/CMSIS/Include/core_cm0plus.h **** #define CONTROL_SPSEL_Msk                  (1UL << CONTROL_SPSEL_Pos)                     /*!< CONT
 311:../../../../..//Drivers/CMSIS/Include/core_cm0plus.h **** 
 312:../../../../..//Drivers/CMSIS/Include/core_cm0plus.h **** #define CONTROL_nPRIV_Pos                   0U                                            /*!< CONT
 313:../../../../..//Drivers/CMSIS/Include/core_cm0plus.h **** #define CONTROL_nPRIV_Msk                  (1UL /*<< CONTROL_nPRIV_Pos*/)                 /*!< CONT
 314:../../../../..//Drivers/CMSIS/Include/core_cm0plus.h **** 
 315:../../../../..//Drivers/CMSIS/Include/core_cm0plus.h **** /*@} end of group CMSIS_CORE */
ARM GAS  /tmp/ccJtBsfS.s 			page 8


 316:../../../../..//Drivers/CMSIS/Include/core_cm0plus.h **** 
 317:../../../../..//Drivers/CMSIS/Include/core_cm0plus.h **** 
 318:../../../../..//Drivers/CMSIS/Include/core_cm0plus.h **** /**
 319:../../../../..//Drivers/CMSIS/Include/core_cm0plus.h ****   \ingroup    CMSIS_core_register
 320:../../../../..//Drivers/CMSIS/Include/core_cm0plus.h ****   \defgroup   CMSIS_NVIC  Nested Vectored Interrupt Controller (NVIC)
 321:../../../../..//Drivers/CMSIS/Include/core_cm0plus.h ****   \brief      Type definitions for the NVIC Registers
 322:../../../../..//Drivers/CMSIS/Include/core_cm0plus.h ****   @{
 323:../../../../..//Drivers/CMSIS/Include/core_cm0plus.h ****  */
 324:../../../../..//Drivers/CMSIS/Include/core_cm0plus.h **** 
 325:../../../../..//Drivers/CMSIS/Include/core_cm0plus.h **** /**
 326:../../../../..//Drivers/CMSIS/Include/core_cm0plus.h ****   \brief  Structure type to access the Nested Vectored Interrupt Controller (NVIC).
 327:../../../../..//Drivers/CMSIS/Include/core_cm0plus.h ****  */
 328:../../../../..//Drivers/CMSIS/Include/core_cm0plus.h **** typedef struct
 329:../../../../..//Drivers/CMSIS/Include/core_cm0plus.h **** {
 330:../../../../..//Drivers/CMSIS/Include/core_cm0plus.h ****   __IOM uint32_t ISER[1U];               /*!< Offset: 0x000 (R/W)  Interrupt Set Enable Register */
 331:../../../../..//Drivers/CMSIS/Include/core_cm0plus.h ****         uint32_t RESERVED0[31U];
 332:../../../../..//Drivers/CMSIS/Include/core_cm0plus.h ****   __IOM uint32_t ICER[1U];               /*!< Offset: 0x080 (R/W)  Interrupt Clear Enable Register 
 333:../../../../..//Drivers/CMSIS/Include/core_cm0plus.h ****         uint32_t RESERVED1[31U];
 334:../../../../..//Drivers/CMSIS/Include/core_cm0plus.h ****   __IOM uint32_t ISPR[1U];               /*!< Offset: 0x100 (R/W)  Interrupt Set Pending Register *
 335:../../../../..//Drivers/CMSIS/Include/core_cm0plus.h ****         uint32_t RESERVED2[31U];
 336:../../../../..//Drivers/CMSIS/Include/core_cm0plus.h ****   __IOM uint32_t ICPR[1U];               /*!< Offset: 0x180 (R/W)  Interrupt Clear Pending Register
 337:../../../../..//Drivers/CMSIS/Include/core_cm0plus.h ****         uint32_t RESERVED3[31U];
 338:../../../../..//Drivers/CMSIS/Include/core_cm0plus.h ****         uint32_t RESERVED4[64U];
 339:../../../../..//Drivers/CMSIS/Include/core_cm0plus.h ****   __IOM uint32_t IP[8U];                 /*!< Offset: 0x300 (R/W)  Interrupt Priority Register */
 340:../../../../..//Drivers/CMSIS/Include/core_cm0plus.h **** }  NVIC_Type;
 341:../../../../..//Drivers/CMSIS/Include/core_cm0plus.h **** 
 342:../../../../..//Drivers/CMSIS/Include/core_cm0plus.h **** /*@} end of group CMSIS_NVIC */
 343:../../../../..//Drivers/CMSIS/Include/core_cm0plus.h **** 
 344:../../../../..//Drivers/CMSIS/Include/core_cm0plus.h **** 
 345:../../../../..//Drivers/CMSIS/Include/core_cm0plus.h **** /**
 346:../../../../..//Drivers/CMSIS/Include/core_cm0plus.h ****   \ingroup  CMSIS_core_register
 347:../../../../..//Drivers/CMSIS/Include/core_cm0plus.h ****   \defgroup CMSIS_SCB     System Control Block (SCB)
 348:../../../../..//Drivers/CMSIS/Include/core_cm0plus.h ****   \brief    Type definitions for the System Control Block Registers
 349:../../../../..//Drivers/CMSIS/Include/core_cm0plus.h ****   @{
 350:../../../../..//Drivers/CMSIS/Include/core_cm0plus.h ****  */
 351:../../../../..//Drivers/CMSIS/Include/core_cm0plus.h **** 
 352:../../../../..//Drivers/CMSIS/Include/core_cm0plus.h **** /**
 353:../../../../..//Drivers/CMSIS/Include/core_cm0plus.h ****   \brief  Structure type to access the System Control Block (SCB).
 354:../../../../..//Drivers/CMSIS/Include/core_cm0plus.h ****  */
 355:../../../../..//Drivers/CMSIS/Include/core_cm0plus.h **** typedef struct
 356:../../../../..//Drivers/CMSIS/Include/core_cm0plus.h **** {
 357:../../../../..//Drivers/CMSIS/Include/core_cm0plus.h ****   __IM  uint32_t CPUID;                  /*!< Offset: 0x000 (R/ )  CPUID Base Register */
 358:../../../../..//Drivers/CMSIS/Include/core_cm0plus.h ****   __IOM uint32_t ICSR;                   /*!< Offset: 0x004 (R/W)  Interrupt Control and State Regi
 359:../../../../..//Drivers/CMSIS/Include/core_cm0plus.h **** #if defined (__VTOR_PRESENT) && (__VTOR_PRESENT == 1U)
 360:../../../../..//Drivers/CMSIS/Include/core_cm0plus.h ****   __IOM uint32_t VTOR;                   /*!< Offset: 0x008 (R/W)  Vector Table Offset Register */
 361:../../../../..//Drivers/CMSIS/Include/core_cm0plus.h **** #else
 362:../../../../..//Drivers/CMSIS/Include/core_cm0plus.h ****         uint32_t RESERVED0;
 363:../../../../..//Drivers/CMSIS/Include/core_cm0plus.h **** #endif
 364:../../../../..//Drivers/CMSIS/Include/core_cm0plus.h ****   __IOM uint32_t AIRCR;                  /*!< Offset: 0x00C (R/W)  Application Interrupt and Reset 
 365:../../../../..//Drivers/CMSIS/Include/core_cm0plus.h ****   __IOM uint32_t SCR;                    /*!< Offset: 0x010 (R/W)  System Control Register */
 366:../../../../..//Drivers/CMSIS/Include/core_cm0plus.h ****   __IOM uint32_t CCR;                    /*!< Offset: 0x014 (R/W)  Configuration Control Register *
 367:../../../../..//Drivers/CMSIS/Include/core_cm0plus.h ****         uint32_t RESERVED1;
 368:../../../../..//Drivers/CMSIS/Include/core_cm0plus.h ****   __IOM uint32_t SHP[2U];                /*!< Offset: 0x01C (R/W)  System Handlers Priority Registe
 369:../../../../..//Drivers/CMSIS/Include/core_cm0plus.h ****   __IOM uint32_t SHCSR;                  /*!< Offset: 0x024 (R/W)  System Handler Control and State
 370:../../../../..//Drivers/CMSIS/Include/core_cm0plus.h **** } SCB_Type;
 371:../../../../..//Drivers/CMSIS/Include/core_cm0plus.h **** 
 372:../../../../..//Drivers/CMSIS/Include/core_cm0plus.h **** /* SCB CPUID Register Definitions */
ARM GAS  /tmp/ccJtBsfS.s 			page 9


 373:../../../../..//Drivers/CMSIS/Include/core_cm0plus.h **** #define SCB_CPUID_IMPLEMENTER_Pos          24U                                            /*!< SCB 
 374:../../../../..//Drivers/CMSIS/Include/core_cm0plus.h **** #define SCB_CPUID_IMPLEMENTER_Msk          (0xFFUL << SCB_CPUID_IMPLEMENTER_Pos)          /*!< SCB 
 375:../../../../..//Drivers/CMSIS/Include/core_cm0plus.h **** 
 376:../../../../..//Drivers/CMSIS/Include/core_cm0plus.h **** #define SCB_CPUID_VARIANT_Pos              20U                                            /*!< SCB 
 377:../../../../..//Drivers/CMSIS/Include/core_cm0plus.h **** #define SCB_CPUID_VARIANT_Msk              (0xFUL << SCB_CPUID_VARIANT_Pos)               /*!< SCB 
 378:../../../../..//Drivers/CMSIS/Include/core_cm0plus.h **** 
 379:../../../../..//Drivers/CMSIS/Include/core_cm0plus.h **** #define SCB_CPUID_ARCHITECTURE_Pos         16U                                            /*!< SCB 
 380:../../../../..//Drivers/CMSIS/Include/core_cm0plus.h **** #define SCB_CPUID_ARCHITECTURE_Msk         (0xFUL << SCB_CPUID_ARCHITECTURE_Pos)          /*!< SCB 
 381:../../../../..//Drivers/CMSIS/Include/core_cm0plus.h **** 
 382:../../../../..//Drivers/CMSIS/Include/core_cm0plus.h **** #define SCB_CPUID_PARTNO_Pos                4U                                            /*!< SCB 
 383:../../../../..//Drivers/CMSIS/Include/core_cm0plus.h **** #define SCB_CPUID_PARTNO_Msk               (0xFFFUL << SCB_CPUID_PARTNO_Pos)              /*!< SCB 
 384:../../../../..//Drivers/CMSIS/Include/core_cm0plus.h **** 
 385:../../../../..//Drivers/CMSIS/Include/core_cm0plus.h **** #define SCB_CPUID_REVISION_Pos              0U                                            /*!< SCB 
 386:../../../../..//Drivers/CMSIS/Include/core_cm0plus.h **** #define SCB_CPUID_REVISION_Msk             (0xFUL /*<< SCB_CPUID_REVISION_Pos*/)          /*!< SCB 
 387:../../../../..//Drivers/CMSIS/Include/core_cm0plus.h **** 
 388:../../../../..//Drivers/CMSIS/Include/core_cm0plus.h **** /* SCB Interrupt Control State Register Definitions */
 389:../../../../..//Drivers/CMSIS/Include/core_cm0plus.h **** #define SCB_ICSR_NMIPENDSET_Pos            31U                                            /*!< SCB 
 390:../../../../..//Drivers/CMSIS/Include/core_cm0plus.h **** #define SCB_ICSR_NMIPENDSET_Msk            (1UL << SCB_ICSR_NMIPENDSET_Pos)               /*!< SCB 
 391:../../../../..//Drivers/CMSIS/Include/core_cm0plus.h **** 
 392:../../../../..//Drivers/CMSIS/Include/core_cm0plus.h **** #define SCB_ICSR_PENDSVSET_Pos             28U                                            /*!< SCB 
 393:../../../../..//Drivers/CMSIS/Include/core_cm0plus.h **** #define SCB_ICSR_PENDSVSET_Msk             (1UL << SCB_ICSR_PENDSVSET_Pos)                /*!< SCB 
 394:../../../../..//Drivers/CMSIS/Include/core_cm0plus.h **** 
 395:../../../../..//Drivers/CMSIS/Include/core_cm0plus.h **** #define SCB_ICSR_PENDSVCLR_Pos             27U                                            /*!< SCB 
 396:../../../../..//Drivers/CMSIS/Include/core_cm0plus.h **** #define SCB_ICSR_PENDSVCLR_Msk             (1UL << SCB_ICSR_PENDSVCLR_Pos)                /*!< SCB 
 397:../../../../..//Drivers/CMSIS/Include/core_cm0plus.h **** 
 398:../../../../..//Drivers/CMSIS/Include/core_cm0plus.h **** #define SCB_ICSR_PENDSTSET_Pos             26U                                            /*!< SCB 
 399:../../../../..//Drivers/CMSIS/Include/core_cm0plus.h **** #define SCB_ICSR_PENDSTSET_Msk             (1UL << SCB_ICSR_PENDSTSET_Pos)                /*!< SCB 
 400:../../../../..//Drivers/CMSIS/Include/core_cm0plus.h **** 
 401:../../../../..//Drivers/CMSIS/Include/core_cm0plus.h **** #define SCB_ICSR_PENDSTCLR_Pos             25U                                            /*!< SCB 
 402:../../../../..//Drivers/CMSIS/Include/core_cm0plus.h **** #define SCB_ICSR_PENDSTCLR_Msk             (1UL << SCB_ICSR_PENDSTCLR_Pos)                /*!< SCB 
 403:../../../../..//Drivers/CMSIS/Include/core_cm0plus.h **** 
 404:../../../../..//Drivers/CMSIS/Include/core_cm0plus.h **** #define SCB_ICSR_ISRPREEMPT_Pos            23U                                            /*!< SCB 
 405:../../../../..//Drivers/CMSIS/Include/core_cm0plus.h **** #define SCB_ICSR_ISRPREEMPT_Msk            (1UL << SCB_ICSR_ISRPREEMPT_Pos)               /*!< SCB 
 406:../../../../..//Drivers/CMSIS/Include/core_cm0plus.h **** 
 407:../../../../..//Drivers/CMSIS/Include/core_cm0plus.h **** #define SCB_ICSR_ISRPENDING_Pos            22U                                            /*!< SCB 
 408:../../../../..//Drivers/CMSIS/Include/core_cm0plus.h **** #define SCB_ICSR_ISRPENDING_Msk            (1UL << SCB_ICSR_ISRPENDING_Pos)               /*!< SCB 
 409:../../../../..//Drivers/CMSIS/Include/core_cm0plus.h **** 
 410:../../../../..//Drivers/CMSIS/Include/core_cm0plus.h **** #define SCB_ICSR_VECTPENDING_Pos           12U                                            /*!< SCB 
 411:../../../../..//Drivers/CMSIS/Include/core_cm0plus.h **** #define SCB_ICSR_VECTPENDING_Msk           (0x1FFUL << SCB_ICSR_VECTPENDING_Pos)          /*!< SCB 
 412:../../../../..//Drivers/CMSIS/Include/core_cm0plus.h **** 
 413:../../../../..//Drivers/CMSIS/Include/core_cm0plus.h **** #define SCB_ICSR_VECTACTIVE_Pos             0U                                            /*!< SCB 
 414:../../../../..//Drivers/CMSIS/Include/core_cm0plus.h **** #define SCB_ICSR_VECTACTIVE_Msk            (0x1FFUL /*<< SCB_ICSR_VECTACTIVE_Pos*/)       /*!< SCB 
 415:../../../../..//Drivers/CMSIS/Include/core_cm0plus.h **** 
 416:../../../../..//Drivers/CMSIS/Include/core_cm0plus.h **** #if defined (__VTOR_PRESENT) && (__VTOR_PRESENT == 1U)
 417:../../../../..//Drivers/CMSIS/Include/core_cm0plus.h **** /* SCB Interrupt Control State Register Definitions */
 418:../../../../..//Drivers/CMSIS/Include/core_cm0plus.h **** #define SCB_VTOR_TBLOFF_Pos                 8U                                            /*!< SCB 
 419:../../../../..//Drivers/CMSIS/Include/core_cm0plus.h **** #define SCB_VTOR_TBLOFF_Msk                (0xFFFFFFUL << SCB_VTOR_TBLOFF_Pos)            /*!< SCB 
 420:../../../../..//Drivers/CMSIS/Include/core_cm0plus.h **** #endif
 421:../../../../..//Drivers/CMSIS/Include/core_cm0plus.h **** 
 422:../../../../..//Drivers/CMSIS/Include/core_cm0plus.h **** /* SCB Application Interrupt and Reset Control Register Definitions */
 423:../../../../..//Drivers/CMSIS/Include/core_cm0plus.h **** #define SCB_AIRCR_VECTKEY_Pos              16U                                            /*!< SCB 
 424:../../../../..//Drivers/CMSIS/Include/core_cm0plus.h **** #define SCB_AIRCR_VECTKEY_Msk              (0xFFFFUL << SCB_AIRCR_VECTKEY_Pos)            /*!< SCB 
 425:../../../../..//Drivers/CMSIS/Include/core_cm0plus.h **** 
 426:../../../../..//Drivers/CMSIS/Include/core_cm0plus.h **** #define SCB_AIRCR_VECTKEYSTAT_Pos          16U                                            /*!< SCB 
 427:../../../../..//Drivers/CMSIS/Include/core_cm0plus.h **** #define SCB_AIRCR_VECTKEYSTAT_Msk          (0xFFFFUL << SCB_AIRCR_VECTKEYSTAT_Pos)        /*!< SCB 
 428:../../../../..//Drivers/CMSIS/Include/core_cm0plus.h **** 
 429:../../../../..//Drivers/CMSIS/Include/core_cm0plus.h **** #define SCB_AIRCR_ENDIANESS_Pos            15U                                            /*!< SCB 
ARM GAS  /tmp/ccJtBsfS.s 			page 10


 430:../../../../..//Drivers/CMSIS/Include/core_cm0plus.h **** #define SCB_AIRCR_ENDIANESS_Msk            (1UL << SCB_AIRCR_ENDIANESS_Pos)               /*!< SCB 
 431:../../../../..//Drivers/CMSIS/Include/core_cm0plus.h **** 
 432:../../../../..//Drivers/CMSIS/Include/core_cm0plus.h **** #define SCB_AIRCR_SYSRESETREQ_Pos           2U                                            /*!< SCB 
 433:../../../../..//Drivers/CMSIS/Include/core_cm0plus.h **** #define SCB_AIRCR_SYSRESETREQ_Msk          (1UL << SCB_AIRCR_SYSRESETREQ_Pos)             /*!< SCB 
 434:../../../../..//Drivers/CMSIS/Include/core_cm0plus.h **** 
 435:../../../../..//Drivers/CMSIS/Include/core_cm0plus.h **** #define SCB_AIRCR_VECTCLRACTIVE_Pos         1U                                            /*!< SCB 
 436:../../../../..//Drivers/CMSIS/Include/core_cm0plus.h **** #define SCB_AIRCR_VECTCLRACTIVE_Msk        (1UL << SCB_AIRCR_VECTCLRACTIVE_Pos)           /*!< SCB 
 437:../../../../..//Drivers/CMSIS/Include/core_cm0plus.h **** 
 438:../../../../..//Drivers/CMSIS/Include/core_cm0plus.h **** /* SCB System Control Register Definitions */
 439:../../../../..//Drivers/CMSIS/Include/core_cm0plus.h **** #define SCB_SCR_SEVONPEND_Pos               4U                                            /*!< SCB 
 440:../../../../..//Drivers/CMSIS/Include/core_cm0plus.h **** #define SCB_SCR_SEVONPEND_Msk              (1UL << SCB_SCR_SEVONPEND_Pos)                 /*!< SCB 
 441:../../../../..//Drivers/CMSIS/Include/core_cm0plus.h **** 
 442:../../../../..//Drivers/CMSIS/Include/core_cm0plus.h **** #define SCB_SCR_SLEEPDEEP_Pos               2U                                            /*!< SCB 
 443:../../../../..//Drivers/CMSIS/Include/core_cm0plus.h **** #define SCB_SCR_SLEEPDEEP_Msk              (1UL << SCB_SCR_SLEEPDEEP_Pos)                 /*!< SCB 
 444:../../../../..//Drivers/CMSIS/Include/core_cm0plus.h **** 
 445:../../../../..//Drivers/CMSIS/Include/core_cm0plus.h **** #define SCB_SCR_SLEEPONEXIT_Pos             1U                                            /*!< SCB 
 446:../../../../..//Drivers/CMSIS/Include/core_cm0plus.h **** #define SCB_SCR_SLEEPONEXIT_Msk            (1UL << SCB_SCR_SLEEPONEXIT_Pos)               /*!< SCB 
 447:../../../../..//Drivers/CMSIS/Include/core_cm0plus.h **** 
 448:../../../../..//Drivers/CMSIS/Include/core_cm0plus.h **** /* SCB Configuration Control Register Definitions */
 449:../../../../..//Drivers/CMSIS/Include/core_cm0plus.h **** #define SCB_CCR_STKALIGN_Pos                9U                                            /*!< SCB 
 450:../../../../..//Drivers/CMSIS/Include/core_cm0plus.h **** #define SCB_CCR_STKALIGN_Msk               (1UL << SCB_CCR_STKALIGN_Pos)                  /*!< SCB 
 451:../../../../..//Drivers/CMSIS/Include/core_cm0plus.h **** 
 452:../../../../..//Drivers/CMSIS/Include/core_cm0plus.h **** #define SCB_CCR_UNALIGN_TRP_Pos             3U                                            /*!< SCB 
 453:../../../../..//Drivers/CMSIS/Include/core_cm0plus.h **** #define SCB_CCR_UNALIGN_TRP_Msk            (1UL << SCB_CCR_UNALIGN_TRP_Pos)               /*!< SCB 
 454:../../../../..//Drivers/CMSIS/Include/core_cm0plus.h **** 
 455:../../../../..//Drivers/CMSIS/Include/core_cm0plus.h **** /* SCB System Handler Control and State Register Definitions */
 456:../../../../..//Drivers/CMSIS/Include/core_cm0plus.h **** #define SCB_SHCSR_SVCALLPENDED_Pos         15U                                            /*!< SCB 
 457:../../../../..//Drivers/CMSIS/Include/core_cm0plus.h **** #define SCB_SHCSR_SVCALLPENDED_Msk         (1UL << SCB_SHCSR_SVCALLPENDED_Pos)            /*!< SCB 
 458:../../../../..//Drivers/CMSIS/Include/core_cm0plus.h **** 
 459:../../../../..//Drivers/CMSIS/Include/core_cm0plus.h **** /*@} end of group CMSIS_SCB */
 460:../../../../..//Drivers/CMSIS/Include/core_cm0plus.h **** 
 461:../../../../..//Drivers/CMSIS/Include/core_cm0plus.h **** 
 462:../../../../..//Drivers/CMSIS/Include/core_cm0plus.h **** /**
 463:../../../../..//Drivers/CMSIS/Include/core_cm0plus.h ****   \ingroup  CMSIS_core_register
 464:../../../../..//Drivers/CMSIS/Include/core_cm0plus.h ****   \defgroup CMSIS_SysTick     System Tick Timer (SysTick)
 465:../../../../..//Drivers/CMSIS/Include/core_cm0plus.h ****   \brief    Type definitions for the System Timer Registers.
 466:../../../../..//Drivers/CMSIS/Include/core_cm0plus.h ****   @{
 467:../../../../..//Drivers/CMSIS/Include/core_cm0plus.h ****  */
 468:../../../../..//Drivers/CMSIS/Include/core_cm0plus.h **** 
 469:../../../../..//Drivers/CMSIS/Include/core_cm0plus.h **** /**
 470:../../../../..//Drivers/CMSIS/Include/core_cm0plus.h ****   \brief  Structure type to access the System Timer (SysTick).
 471:../../../../..//Drivers/CMSIS/Include/core_cm0plus.h ****  */
 472:../../../../..//Drivers/CMSIS/Include/core_cm0plus.h **** typedef struct
 473:../../../../..//Drivers/CMSIS/Include/core_cm0plus.h **** {
 474:../../../../..//Drivers/CMSIS/Include/core_cm0plus.h ****   __IOM uint32_t CTRL;                   /*!< Offset: 0x000 (R/W)  SysTick Control and Status Regis
 475:../../../../..//Drivers/CMSIS/Include/core_cm0plus.h ****   __IOM uint32_t LOAD;                   /*!< Offset: 0x004 (R/W)  SysTick Reload Value Register */
 476:../../../../..//Drivers/CMSIS/Include/core_cm0plus.h ****   __IOM uint32_t VAL;                    /*!< Offset: 0x008 (R/W)  SysTick Current Value Register *
 477:../../../../..//Drivers/CMSIS/Include/core_cm0plus.h ****   __IM  uint32_t CALIB;                  /*!< Offset: 0x00C (R/ )  SysTick Calibration Register */
 478:../../../../..//Drivers/CMSIS/Include/core_cm0plus.h **** } SysTick_Type;
 479:../../../../..//Drivers/CMSIS/Include/core_cm0plus.h **** 
 480:../../../../..//Drivers/CMSIS/Include/core_cm0plus.h **** /* SysTick Control / Status Register Definitions */
 481:../../../../..//Drivers/CMSIS/Include/core_cm0plus.h **** #define SysTick_CTRL_COUNTFLAG_Pos         16U                                            /*!< SysT
 482:../../../../..//Drivers/CMSIS/Include/core_cm0plus.h **** #define SysTick_CTRL_COUNTFLAG_Msk         (1UL << SysTick_CTRL_COUNTFLAG_Pos)            /*!< SysT
 483:../../../../..//Drivers/CMSIS/Include/core_cm0plus.h **** 
 484:../../../../..//Drivers/CMSIS/Include/core_cm0plus.h **** #define SysTick_CTRL_CLKSOURCE_Pos          2U                                            /*!< SysT
 485:../../../../..//Drivers/CMSIS/Include/core_cm0plus.h **** #define SysTick_CTRL_CLKSOURCE_Msk         (1UL << SysTick_CTRL_CLKSOURCE_Pos)            /*!< SysT
 486:../../../../..//Drivers/CMSIS/Include/core_cm0plus.h **** 
ARM GAS  /tmp/ccJtBsfS.s 			page 11


 487:../../../../..//Drivers/CMSIS/Include/core_cm0plus.h **** #define SysTick_CTRL_TICKINT_Pos            1U                                            /*!< SysT
 488:../../../../..//Drivers/CMSIS/Include/core_cm0plus.h **** #define SysTick_CTRL_TICKINT_Msk           (1UL << SysTick_CTRL_TICKINT_Pos)              /*!< SysT
 489:../../../../..//Drivers/CMSIS/Include/core_cm0plus.h **** 
 490:../../../../..//Drivers/CMSIS/Include/core_cm0plus.h **** #define SysTick_CTRL_ENABLE_Pos             0U                                            /*!< SysT
 491:../../../../..//Drivers/CMSIS/Include/core_cm0plus.h **** #define SysTick_CTRL_ENABLE_Msk            (1UL /*<< SysTick_CTRL_ENABLE_Pos*/)           /*!< SysT
 492:../../../../..//Drivers/CMSIS/Include/core_cm0plus.h **** 
 493:../../../../..//Drivers/CMSIS/Include/core_cm0plus.h **** /* SysTick Reload Register Definitions */
 494:../../../../..//Drivers/CMSIS/Include/core_cm0plus.h **** #define SysTick_LOAD_RELOAD_Pos             0U                                            /*!< SysT
 495:../../../../..//Drivers/CMSIS/Include/core_cm0plus.h **** #define SysTick_LOAD_RELOAD_Msk            (0xFFFFFFUL /*<< SysTick_LOAD_RELOAD_Pos*/)    /*!< SysT
 496:../../../../..//Drivers/CMSIS/Include/core_cm0plus.h **** 
 497:../../../../..//Drivers/CMSIS/Include/core_cm0plus.h **** /* SysTick Current Register Definitions */
 498:../../../../..//Drivers/CMSIS/Include/core_cm0plus.h **** #define SysTick_VAL_CURRENT_Pos             0U                                            /*!< SysT
 499:../../../../..//Drivers/CMSIS/Include/core_cm0plus.h **** #define SysTick_VAL_CURRENT_Msk            (0xFFFFFFUL /*<< SysTick_VAL_CURRENT_Pos*/)    /*!< SysT
 500:../../../../..//Drivers/CMSIS/Include/core_cm0plus.h **** 
 501:../../../../..//Drivers/CMSIS/Include/core_cm0plus.h **** /* SysTick Calibration Register Definitions */
 502:../../../../..//Drivers/CMSIS/Include/core_cm0plus.h **** #define SysTick_CALIB_NOREF_Pos            31U                                            /*!< SysT
 503:../../../../..//Drivers/CMSIS/Include/core_cm0plus.h **** #define SysTick_CALIB_NOREF_Msk            (1UL << SysTick_CALIB_NOREF_Pos)               /*!< SysT
 504:../../../../..//Drivers/CMSIS/Include/core_cm0plus.h **** 
 505:../../../../..//Drivers/CMSIS/Include/core_cm0plus.h **** #define SysTick_CALIB_SKEW_Pos             30U                                            /*!< SysT
 506:../../../../..//Drivers/CMSIS/Include/core_cm0plus.h **** #define SysTick_CALIB_SKEW_Msk             (1UL << SysTick_CALIB_SKEW_Pos)                /*!< SysT
 507:../../../../..//Drivers/CMSIS/Include/core_cm0plus.h **** 
 508:../../../../..//Drivers/CMSIS/Include/core_cm0plus.h **** #define SysTick_CALIB_TENMS_Pos             0U                                            /*!< SysT
 509:../../../../..//Drivers/CMSIS/Include/core_cm0plus.h **** #define SysTick_CALIB_TENMS_Msk            (0xFFFFFFUL /*<< SysTick_CALIB_TENMS_Pos*/)    /*!< SysT
 510:../../../../..//Drivers/CMSIS/Include/core_cm0plus.h **** 
 511:../../../../..//Drivers/CMSIS/Include/core_cm0plus.h **** /*@} end of group CMSIS_SysTick */
 512:../../../../..//Drivers/CMSIS/Include/core_cm0plus.h **** 
 513:../../../../..//Drivers/CMSIS/Include/core_cm0plus.h **** #if defined (__MPU_PRESENT) && (__MPU_PRESENT == 1U)
 514:../../../../..//Drivers/CMSIS/Include/core_cm0plus.h **** /**
 515:../../../../..//Drivers/CMSIS/Include/core_cm0plus.h ****   \ingroup  CMSIS_core_register
 516:../../../../..//Drivers/CMSIS/Include/core_cm0plus.h ****   \defgroup CMSIS_MPU     Memory Protection Unit (MPU)
 517:../../../../..//Drivers/CMSIS/Include/core_cm0plus.h ****   \brief    Type definitions for the Memory Protection Unit (MPU)
 518:../../../../..//Drivers/CMSIS/Include/core_cm0plus.h ****   @{
 519:../../../../..//Drivers/CMSIS/Include/core_cm0plus.h ****  */
 520:../../../../..//Drivers/CMSIS/Include/core_cm0plus.h **** 
 521:../../../../..//Drivers/CMSIS/Include/core_cm0plus.h **** /**
 522:../../../../..//Drivers/CMSIS/Include/core_cm0plus.h ****   \brief  Structure type to access the Memory Protection Unit (MPU).
 523:../../../../..//Drivers/CMSIS/Include/core_cm0plus.h ****  */
 524:../../../../..//Drivers/CMSIS/Include/core_cm0plus.h **** typedef struct
 525:../../../../..//Drivers/CMSIS/Include/core_cm0plus.h **** {
 526:../../../../..//Drivers/CMSIS/Include/core_cm0plus.h ****   __IM  uint32_t TYPE;                   /*!< Offset: 0x000 (R/ )  MPU Type Register */
 527:../../../../..//Drivers/CMSIS/Include/core_cm0plus.h ****   __IOM uint32_t CTRL;                   /*!< Offset: 0x004 (R/W)  MPU Control Register */
 528:../../../../..//Drivers/CMSIS/Include/core_cm0plus.h ****   __IOM uint32_t RNR;                    /*!< Offset: 0x008 (R/W)  MPU Region RNRber Register */
 529:../../../../..//Drivers/CMSIS/Include/core_cm0plus.h ****   __IOM uint32_t RBAR;                   /*!< Offset: 0x00C (R/W)  MPU Region Base Address Register
 530:../../../../..//Drivers/CMSIS/Include/core_cm0plus.h ****   __IOM uint32_t RASR;                   /*!< Offset: 0x010 (R/W)  MPU Region Attribute and Size Re
 531:../../../../..//Drivers/CMSIS/Include/core_cm0plus.h **** } MPU_Type;
 532:../../../../..//Drivers/CMSIS/Include/core_cm0plus.h **** 
 533:../../../../..//Drivers/CMSIS/Include/core_cm0plus.h **** #define MPU_TYPE_RALIASES                  1U
 534:../../../../..//Drivers/CMSIS/Include/core_cm0plus.h **** 
 535:../../../../..//Drivers/CMSIS/Include/core_cm0plus.h **** /* MPU Type Register Definitions */
 536:../../../../..//Drivers/CMSIS/Include/core_cm0plus.h **** #define MPU_TYPE_IREGION_Pos               16U                                            /*!< MPU 
 537:../../../../..//Drivers/CMSIS/Include/core_cm0plus.h **** #define MPU_TYPE_IREGION_Msk               (0xFFUL << MPU_TYPE_IREGION_Pos)               /*!< MPU 
 538:../../../../..//Drivers/CMSIS/Include/core_cm0plus.h **** 
 539:../../../../..//Drivers/CMSIS/Include/core_cm0plus.h **** #define MPU_TYPE_DREGION_Pos                8U                                            /*!< MPU 
 540:../../../../..//Drivers/CMSIS/Include/core_cm0plus.h **** #define MPU_TYPE_DREGION_Msk               (0xFFUL << MPU_TYPE_DREGION_Pos)               /*!< MPU 
 541:../../../../..//Drivers/CMSIS/Include/core_cm0plus.h **** 
 542:../../../../..//Drivers/CMSIS/Include/core_cm0plus.h **** #define MPU_TYPE_SEPARATE_Pos               0U                                            /*!< MPU 
 543:../../../../..//Drivers/CMSIS/Include/core_cm0plus.h **** #define MPU_TYPE_SEPARATE_Msk              (1UL /*<< MPU_TYPE_SEPARATE_Pos*/)             /*!< MPU 
ARM GAS  /tmp/ccJtBsfS.s 			page 12


 544:../../../../..//Drivers/CMSIS/Include/core_cm0plus.h **** 
 545:../../../../..//Drivers/CMSIS/Include/core_cm0plus.h **** /* MPU Control Register Definitions */
 546:../../../../..//Drivers/CMSIS/Include/core_cm0plus.h **** #define MPU_CTRL_PRIVDEFENA_Pos             2U                                            /*!< MPU 
 547:../../../../..//Drivers/CMSIS/Include/core_cm0plus.h **** #define MPU_CTRL_PRIVDEFENA_Msk            (1UL << MPU_CTRL_PRIVDEFENA_Pos)               /*!< MPU 
 548:../../../../..//Drivers/CMSIS/Include/core_cm0plus.h **** 
 549:../../../../..//Drivers/CMSIS/Include/core_cm0plus.h **** #define MPU_CTRL_HFNMIENA_Pos               1U                                            /*!< MPU 
 550:../../../../..//Drivers/CMSIS/Include/core_cm0plus.h **** #define MPU_CTRL_HFNMIENA_Msk              (1UL << MPU_CTRL_HFNMIENA_Pos)                 /*!< MPU 
 551:../../../../..//Drivers/CMSIS/Include/core_cm0plus.h **** 
 552:../../../../..//Drivers/CMSIS/Include/core_cm0plus.h **** #define MPU_CTRL_ENABLE_Pos                 0U                                            /*!< MPU 
 553:../../../../..//Drivers/CMSIS/Include/core_cm0plus.h **** #define MPU_CTRL_ENABLE_Msk                (1UL /*<< MPU_CTRL_ENABLE_Pos*/)               /*!< MPU 
 554:../../../../..//Drivers/CMSIS/Include/core_cm0plus.h **** 
 555:../../../../..//Drivers/CMSIS/Include/core_cm0plus.h **** /* MPU Region Number Register Definitions */
 556:../../../../..//Drivers/CMSIS/Include/core_cm0plus.h **** #define MPU_RNR_REGION_Pos                  0U                                            /*!< MPU 
 557:../../../../..//Drivers/CMSIS/Include/core_cm0plus.h **** #define MPU_RNR_REGION_Msk                 (0xFFUL /*<< MPU_RNR_REGION_Pos*/)             /*!< MPU 
 558:../../../../..//Drivers/CMSIS/Include/core_cm0plus.h **** 
 559:../../../../..//Drivers/CMSIS/Include/core_cm0plus.h **** /* MPU Region Base Address Register Definitions */
 560:../../../../..//Drivers/CMSIS/Include/core_cm0plus.h **** #define MPU_RBAR_ADDR_Pos                   8U                                            /*!< MPU 
 561:../../../../..//Drivers/CMSIS/Include/core_cm0plus.h **** #define MPU_RBAR_ADDR_Msk                  (0xFFFFFFUL << MPU_RBAR_ADDR_Pos)              /*!< MPU 
 562:../../../../..//Drivers/CMSIS/Include/core_cm0plus.h **** 
 563:../../../../..//Drivers/CMSIS/Include/core_cm0plus.h **** #define MPU_RBAR_VALID_Pos                  4U                                            /*!< MPU 
 564:../../../../..//Drivers/CMSIS/Include/core_cm0plus.h **** #define MPU_RBAR_VALID_Msk                 (1UL << MPU_RBAR_VALID_Pos)                    /*!< MPU 
 565:../../../../..//Drivers/CMSIS/Include/core_cm0plus.h **** 
 566:../../../../..//Drivers/CMSIS/Include/core_cm0plus.h **** #define MPU_RBAR_REGION_Pos                 0U                                            /*!< MPU 
 567:../../../../..//Drivers/CMSIS/Include/core_cm0plus.h **** #define MPU_RBAR_REGION_Msk                (0xFUL /*<< MPU_RBAR_REGION_Pos*/)             /*!< MPU 
 568:../../../../..//Drivers/CMSIS/Include/core_cm0plus.h **** 
 569:../../../../..//Drivers/CMSIS/Include/core_cm0plus.h **** /* MPU Region Attribute and Size Register Definitions */
 570:../../../../..//Drivers/CMSIS/Include/core_cm0plus.h **** #define MPU_RASR_ATTRS_Pos                 16U                                            /*!< MPU 
 571:../../../../..//Drivers/CMSIS/Include/core_cm0plus.h **** #define MPU_RASR_ATTRS_Msk                 (0xFFFFUL << MPU_RASR_ATTRS_Pos)               /*!< MPU 
 572:../../../../..//Drivers/CMSIS/Include/core_cm0plus.h **** 
 573:../../../../..//Drivers/CMSIS/Include/core_cm0plus.h **** #define MPU_RASR_XN_Pos                    28U                                            /*!< MPU 
 574:../../../../..//Drivers/CMSIS/Include/core_cm0plus.h **** #define MPU_RASR_XN_Msk                    (1UL << MPU_RASR_XN_Pos)                       /*!< MPU 
 575:../../../../..//Drivers/CMSIS/Include/core_cm0plus.h **** 
 576:../../../../..//Drivers/CMSIS/Include/core_cm0plus.h **** #define MPU_RASR_AP_Pos                    24U                                            /*!< MPU 
 577:../../../../..//Drivers/CMSIS/Include/core_cm0plus.h **** #define MPU_RASR_AP_Msk                    (0x7UL << MPU_RASR_AP_Pos)                     /*!< MPU 
 578:../../../../..//Drivers/CMSIS/Include/core_cm0plus.h **** 
 579:../../../../..//Drivers/CMSIS/Include/core_cm0plus.h **** #define MPU_RASR_TEX_Pos                   19U                                            /*!< MPU 
 580:../../../../..//Drivers/CMSIS/Include/core_cm0plus.h **** #define MPU_RASR_TEX_Msk                   (0x7UL << MPU_RASR_TEX_Pos)                    /*!< MPU 
 581:../../../../..//Drivers/CMSIS/Include/core_cm0plus.h **** 
 582:../../../../..//Drivers/CMSIS/Include/core_cm0plus.h **** #define MPU_RASR_S_Pos                     18U                                            /*!< MPU 
 583:../../../../..//Drivers/CMSIS/Include/core_cm0plus.h **** #define MPU_RASR_S_Msk                     (1UL << MPU_RASR_S_Pos)                        /*!< MPU 
 584:../../../../..//Drivers/CMSIS/Include/core_cm0plus.h **** 
 585:../../../../..//Drivers/CMSIS/Include/core_cm0plus.h **** #define MPU_RASR_C_Pos                     17U                                            /*!< MPU 
 586:../../../../..//Drivers/CMSIS/Include/core_cm0plus.h **** #define MPU_RASR_C_Msk                     (1UL << MPU_RASR_C_Pos)                        /*!< MPU 
 587:../../../../..//Drivers/CMSIS/Include/core_cm0plus.h **** 
 588:../../../../..//Drivers/CMSIS/Include/core_cm0plus.h **** #define MPU_RASR_B_Pos                     16U                                            /*!< MPU 
 589:../../../../..//Drivers/CMSIS/Include/core_cm0plus.h **** #define MPU_RASR_B_Msk                     (1UL << MPU_RASR_B_Pos)                        /*!< MPU 
 590:../../../../..//Drivers/CMSIS/Include/core_cm0plus.h **** 
 591:../../../../..//Drivers/CMSIS/Include/core_cm0plus.h **** #define MPU_RASR_SRD_Pos                    8U                                            /*!< MPU 
 592:../../../../..//Drivers/CMSIS/Include/core_cm0plus.h **** #define MPU_RASR_SRD_Msk                   (0xFFUL << MPU_RASR_SRD_Pos)                   /*!< MPU 
 593:../../../../..//Drivers/CMSIS/Include/core_cm0plus.h **** 
 594:../../../../..//Drivers/CMSIS/Include/core_cm0plus.h **** #define MPU_RASR_SIZE_Pos                   1U                                            /*!< MPU 
 595:../../../../..//Drivers/CMSIS/Include/core_cm0plus.h **** #define MPU_RASR_SIZE_Msk                  (0x1FUL << MPU_RASR_SIZE_Pos)                  /*!< MPU 
 596:../../../../..//Drivers/CMSIS/Include/core_cm0plus.h **** 
 597:../../../../..//Drivers/CMSIS/Include/core_cm0plus.h **** #define MPU_RASR_ENABLE_Pos                 0U                                            /*!< MPU 
 598:../../../../..//Drivers/CMSIS/Include/core_cm0plus.h **** #define MPU_RASR_ENABLE_Msk                (1UL /*<< MPU_RASR_ENABLE_Pos*/)               /*!< MPU 
 599:../../../../..//Drivers/CMSIS/Include/core_cm0plus.h **** 
 600:../../../../..//Drivers/CMSIS/Include/core_cm0plus.h **** /*@} end of group CMSIS_MPU */
ARM GAS  /tmp/ccJtBsfS.s 			page 13


 601:../../../../..//Drivers/CMSIS/Include/core_cm0plus.h **** #endif
 602:../../../../..//Drivers/CMSIS/Include/core_cm0plus.h **** 
 603:../../../../..//Drivers/CMSIS/Include/core_cm0plus.h **** 
 604:../../../../..//Drivers/CMSIS/Include/core_cm0plus.h **** /**
 605:../../../../..//Drivers/CMSIS/Include/core_cm0plus.h ****   \ingroup  CMSIS_core_register
 606:../../../../..//Drivers/CMSIS/Include/core_cm0plus.h ****   \defgroup CMSIS_CoreDebug       Core Debug Registers (CoreDebug)
 607:../../../../..//Drivers/CMSIS/Include/core_cm0plus.h ****   \brief    Cortex-M0+ Core Debug Registers (DCB registers, SHCSR, and DFSR) are only accessible ov
 608:../../../../..//Drivers/CMSIS/Include/core_cm0plus.h ****             Therefore they are not covered by the Cortex-M0+ header file.
 609:../../../../..//Drivers/CMSIS/Include/core_cm0plus.h ****   @{
 610:../../../../..//Drivers/CMSIS/Include/core_cm0plus.h ****  */
 611:../../../../..//Drivers/CMSIS/Include/core_cm0plus.h **** /*@} end of group CMSIS_CoreDebug */
 612:../../../../..//Drivers/CMSIS/Include/core_cm0plus.h **** 
 613:../../../../..//Drivers/CMSIS/Include/core_cm0plus.h **** 
 614:../../../../..//Drivers/CMSIS/Include/core_cm0plus.h **** /**
 615:../../../../..//Drivers/CMSIS/Include/core_cm0plus.h ****   \ingroup    CMSIS_core_register
 616:../../../../..//Drivers/CMSIS/Include/core_cm0plus.h ****   \defgroup   CMSIS_core_bitfield     Core register bit field macros
 617:../../../../..//Drivers/CMSIS/Include/core_cm0plus.h ****   \brief      Macros for use with bit field definitions (xxx_Pos, xxx_Msk).
 618:../../../../..//Drivers/CMSIS/Include/core_cm0plus.h ****   @{
 619:../../../../..//Drivers/CMSIS/Include/core_cm0plus.h ****  */
 620:../../../../..//Drivers/CMSIS/Include/core_cm0plus.h **** 
 621:../../../../..//Drivers/CMSIS/Include/core_cm0plus.h **** /**
 622:../../../../..//Drivers/CMSIS/Include/core_cm0plus.h ****   \brief   Mask and shift a bit field value for use in a register bit range.
 623:../../../../..//Drivers/CMSIS/Include/core_cm0plus.h ****   \param[in] field  Name of the register bit field.
 624:../../../../..//Drivers/CMSIS/Include/core_cm0plus.h ****   \param[in] value  Value of the bit field. This parameter is interpreted as an uint32_t type.
 625:../../../../..//Drivers/CMSIS/Include/core_cm0plus.h ****   \return           Masked and shifted value.
 626:../../../../..//Drivers/CMSIS/Include/core_cm0plus.h **** */
 627:../../../../..//Drivers/CMSIS/Include/core_cm0plus.h **** #define _VAL2FLD(field, value)    (((uint32_t)(value) << field ## _Pos) & field ## _Msk)
 628:../../../../..//Drivers/CMSIS/Include/core_cm0plus.h **** 
 629:../../../../..//Drivers/CMSIS/Include/core_cm0plus.h **** /**
 630:../../../../..//Drivers/CMSIS/Include/core_cm0plus.h ****   \brief     Mask and shift a register value to extract a bit filed value.
 631:../../../../..//Drivers/CMSIS/Include/core_cm0plus.h ****   \param[in] field  Name of the register bit field.
 632:../../../../..//Drivers/CMSIS/Include/core_cm0plus.h ****   \param[in] value  Value of register. This parameter is interpreted as an uint32_t type.
 633:../../../../..//Drivers/CMSIS/Include/core_cm0plus.h ****   \return           Masked and shifted bit field value.
 634:../../../../..//Drivers/CMSIS/Include/core_cm0plus.h **** */
 635:../../../../..//Drivers/CMSIS/Include/core_cm0plus.h **** #define _FLD2VAL(field, value)    (((uint32_t)(value) & field ## _Msk) >> field ## _Pos)
 636:../../../../..//Drivers/CMSIS/Include/core_cm0plus.h **** 
 637:../../../../..//Drivers/CMSIS/Include/core_cm0plus.h **** /*@} end of group CMSIS_core_bitfield */
 638:../../../../..//Drivers/CMSIS/Include/core_cm0plus.h **** 
 639:../../../../..//Drivers/CMSIS/Include/core_cm0plus.h **** 
 640:../../../../..//Drivers/CMSIS/Include/core_cm0plus.h **** /**
 641:../../../../..//Drivers/CMSIS/Include/core_cm0plus.h ****   \ingroup    CMSIS_core_register
 642:../../../../..//Drivers/CMSIS/Include/core_cm0plus.h ****   \defgroup   CMSIS_core_base     Core Definitions
 643:../../../../..//Drivers/CMSIS/Include/core_cm0plus.h ****   \brief      Definitions for base addresses, unions, and structures.
 644:../../../../..//Drivers/CMSIS/Include/core_cm0plus.h ****   @{
 645:../../../../..//Drivers/CMSIS/Include/core_cm0plus.h ****  */
 646:../../../../..//Drivers/CMSIS/Include/core_cm0plus.h **** 
 647:../../../../..//Drivers/CMSIS/Include/core_cm0plus.h **** /* Memory mapping of Core Hardware */
 648:../../../../..//Drivers/CMSIS/Include/core_cm0plus.h **** #define SCS_BASE            (0xE000E000UL)                            /*!< System Control Space Bas
 649:../../../../..//Drivers/CMSIS/Include/core_cm0plus.h **** #define SysTick_BASE        (SCS_BASE +  0x0010UL)                    /*!< SysTick Base Address */
 650:../../../../..//Drivers/CMSIS/Include/core_cm0plus.h **** #define NVIC_BASE           (SCS_BASE +  0x0100UL)                    /*!< NVIC Base Address */
 651:../../../../..//Drivers/CMSIS/Include/core_cm0plus.h **** #define SCB_BASE            (SCS_BASE +  0x0D00UL)                    /*!< System Control Block Bas
 652:../../../../..//Drivers/CMSIS/Include/core_cm0plus.h **** 
 653:../../../../..//Drivers/CMSIS/Include/core_cm0plus.h **** #define SCB                 ((SCB_Type       *)     SCB_BASE      )   /*!< SCB configuration struct
 654:../../../../..//Drivers/CMSIS/Include/core_cm0plus.h **** #define SysTick             ((SysTick_Type   *)     SysTick_BASE  )   /*!< SysTick configuration st
 655:../../../../..//Drivers/CMSIS/Include/core_cm0plus.h **** #define NVIC                ((NVIC_Type      *)     NVIC_BASE     )   /*!< NVIC configuration struc
 656:../../../../..//Drivers/CMSIS/Include/core_cm0plus.h **** 
 657:../../../../..//Drivers/CMSIS/Include/core_cm0plus.h **** #if defined (__MPU_PRESENT) && (__MPU_PRESENT == 1U)
ARM GAS  /tmp/ccJtBsfS.s 			page 14


 658:../../../../..//Drivers/CMSIS/Include/core_cm0plus.h ****   #define MPU_BASE          (SCS_BASE +  0x0D90UL)                    /*!< Memory Protection Unit *
 659:../../../../..//Drivers/CMSIS/Include/core_cm0plus.h ****   #define MPU               ((MPU_Type       *)     MPU_BASE      )   /*!< Memory Protection Unit *
 660:../../../../..//Drivers/CMSIS/Include/core_cm0plus.h **** #endif
 661:../../../../..//Drivers/CMSIS/Include/core_cm0plus.h **** 
 662:../../../../..//Drivers/CMSIS/Include/core_cm0plus.h **** /*@} */
 663:../../../../..//Drivers/CMSIS/Include/core_cm0plus.h **** 
 664:../../../../..//Drivers/CMSIS/Include/core_cm0plus.h **** 
 665:../../../../..//Drivers/CMSIS/Include/core_cm0plus.h **** 
 666:../../../../..//Drivers/CMSIS/Include/core_cm0plus.h **** /*******************************************************************************
 667:../../../../..//Drivers/CMSIS/Include/core_cm0plus.h ****  *                Hardware Abstraction Layer
 668:../../../../..//Drivers/CMSIS/Include/core_cm0plus.h ****   Core Function Interface contains:
 669:../../../../..//Drivers/CMSIS/Include/core_cm0plus.h ****   - Core NVIC Functions
 670:../../../../..//Drivers/CMSIS/Include/core_cm0plus.h ****   - Core SysTick Functions
 671:../../../../..//Drivers/CMSIS/Include/core_cm0plus.h ****   - Core Register Access Functions
 672:../../../../..//Drivers/CMSIS/Include/core_cm0plus.h ****  ******************************************************************************/
 673:../../../../..//Drivers/CMSIS/Include/core_cm0plus.h **** /**
 674:../../../../..//Drivers/CMSIS/Include/core_cm0plus.h ****   \defgroup CMSIS_Core_FunctionInterface Functions and Instructions Reference
 675:../../../../..//Drivers/CMSIS/Include/core_cm0plus.h **** */
 676:../../../../..//Drivers/CMSIS/Include/core_cm0plus.h **** 
 677:../../../../..//Drivers/CMSIS/Include/core_cm0plus.h **** 
 678:../../../../..//Drivers/CMSIS/Include/core_cm0plus.h **** 
 679:../../../../..//Drivers/CMSIS/Include/core_cm0plus.h **** /* ##########################   NVIC functions  #################################### */
 680:../../../../..//Drivers/CMSIS/Include/core_cm0plus.h **** /**
 681:../../../../..//Drivers/CMSIS/Include/core_cm0plus.h ****   \ingroup  CMSIS_Core_FunctionInterface
 682:../../../../..//Drivers/CMSIS/Include/core_cm0plus.h ****   \defgroup CMSIS_Core_NVICFunctions NVIC Functions
 683:../../../../..//Drivers/CMSIS/Include/core_cm0plus.h ****   \brief    Functions that manage interrupts and exceptions via the NVIC.
 684:../../../../..//Drivers/CMSIS/Include/core_cm0plus.h ****   @{
 685:../../../../..//Drivers/CMSIS/Include/core_cm0plus.h ****  */
 686:../../../../..//Drivers/CMSIS/Include/core_cm0plus.h **** 
 687:../../../../..//Drivers/CMSIS/Include/core_cm0plus.h **** #ifdef CMSIS_NVIC_VIRTUAL
 688:../../../../..//Drivers/CMSIS/Include/core_cm0plus.h ****   #ifndef CMSIS_NVIC_VIRTUAL_HEADER_FILE
 689:../../../../..//Drivers/CMSIS/Include/core_cm0plus.h ****     #define CMSIS_NVIC_VIRTUAL_HEADER_FILE "cmsis_nvic_virtual.h"
 690:../../../../..//Drivers/CMSIS/Include/core_cm0plus.h ****   #endif
 691:../../../../..//Drivers/CMSIS/Include/core_cm0plus.h ****   #include CMSIS_NVIC_VIRTUAL_HEADER_FILE
 692:../../../../..//Drivers/CMSIS/Include/core_cm0plus.h **** #else
 693:../../../../..//Drivers/CMSIS/Include/core_cm0plus.h ****   #define NVIC_SetPriorityGrouping    __NVIC_SetPriorityGrouping
 694:../../../../..//Drivers/CMSIS/Include/core_cm0plus.h ****   #define NVIC_GetPriorityGrouping    __NVIC_GetPriorityGrouping
 695:../../../../..//Drivers/CMSIS/Include/core_cm0plus.h ****   #define NVIC_EnableIRQ              __NVIC_EnableIRQ
 696:../../../../..//Drivers/CMSIS/Include/core_cm0plus.h ****   #define NVIC_GetEnableIRQ           __NVIC_GetEnableIRQ
 697:../../../../..//Drivers/CMSIS/Include/core_cm0plus.h ****   #define NVIC_DisableIRQ             __NVIC_DisableIRQ
 698:../../../../..//Drivers/CMSIS/Include/core_cm0plus.h ****   #define NVIC_GetPendingIRQ          __NVIC_GetPendingIRQ
 699:../../../../..//Drivers/CMSIS/Include/core_cm0plus.h ****   #define NVIC_SetPendingIRQ          __NVIC_SetPendingIRQ
 700:../../../../..//Drivers/CMSIS/Include/core_cm0plus.h ****   #define NVIC_ClearPendingIRQ        __NVIC_ClearPendingIRQ
 701:../../../../..//Drivers/CMSIS/Include/core_cm0plus.h **** /*#define NVIC_GetActive              __NVIC_GetActive             not available for Cortex-M0+ */
 702:../../../../..//Drivers/CMSIS/Include/core_cm0plus.h ****   #define NVIC_SetPriority            __NVIC_SetPriority
 703:../../../../..//Drivers/CMSIS/Include/core_cm0plus.h ****   #define NVIC_GetPriority            __NVIC_GetPriority
 704:../../../../..//Drivers/CMSIS/Include/core_cm0plus.h ****   #define NVIC_SystemReset            __NVIC_SystemReset
 705:../../../../..//Drivers/CMSIS/Include/core_cm0plus.h **** #endif /* CMSIS_NVIC_VIRTUAL */
 706:../../../../..//Drivers/CMSIS/Include/core_cm0plus.h **** 
 707:../../../../..//Drivers/CMSIS/Include/core_cm0plus.h **** #ifdef CMSIS_VECTAB_VIRTUAL
 708:../../../../..//Drivers/CMSIS/Include/core_cm0plus.h ****   #ifndef CMSIS_VECTAB_VIRTUAL_HEADER_FILE
 709:../../../../..//Drivers/CMSIS/Include/core_cm0plus.h ****     #define CMSIS_VECTAB_VIRTUAL_HEADER_FILE "cmsis_vectab_virtual.h"
 710:../../../../..//Drivers/CMSIS/Include/core_cm0plus.h ****   #endif
 711:../../../../..//Drivers/CMSIS/Include/core_cm0plus.h ****   #include CMSIS_VECTAB_VIRTUAL_HEADER_FILE
 712:../../../../..//Drivers/CMSIS/Include/core_cm0plus.h **** #else
 713:../../../../..//Drivers/CMSIS/Include/core_cm0plus.h ****   #define NVIC_SetVector              __NVIC_SetVector
 714:../../../../..//Drivers/CMSIS/Include/core_cm0plus.h ****   #define NVIC_GetVector              __NVIC_GetVector
ARM GAS  /tmp/ccJtBsfS.s 			page 15


 715:../../../../..//Drivers/CMSIS/Include/core_cm0plus.h **** #endif  /* (CMSIS_VECTAB_VIRTUAL) */
 716:../../../../..//Drivers/CMSIS/Include/core_cm0plus.h **** 
 717:../../../../..//Drivers/CMSIS/Include/core_cm0plus.h **** #define NVIC_USER_IRQ_OFFSET          16
 718:../../../../..//Drivers/CMSIS/Include/core_cm0plus.h **** 
 719:../../../../..//Drivers/CMSIS/Include/core_cm0plus.h **** 
 720:../../../../..//Drivers/CMSIS/Include/core_cm0plus.h **** /* The following EXC_RETURN values are saved the LR on exception entry */
 721:../../../../..//Drivers/CMSIS/Include/core_cm0plus.h **** #define EXC_RETURN_HANDLER         (0xFFFFFFF1UL)     /* return to Handler mode, uses MSP after ret
 722:../../../../..//Drivers/CMSIS/Include/core_cm0plus.h **** #define EXC_RETURN_THREAD_MSP      (0xFFFFFFF9UL)     /* return to Thread mode, uses MSP after retu
 723:../../../../..//Drivers/CMSIS/Include/core_cm0plus.h **** #define EXC_RETURN_THREAD_PSP      (0xFFFFFFFDUL)     /* return to Thread mode, uses PSP after retu
 724:../../../../..//Drivers/CMSIS/Include/core_cm0plus.h **** 
 725:../../../../..//Drivers/CMSIS/Include/core_cm0plus.h **** 
 726:../../../../..//Drivers/CMSIS/Include/core_cm0plus.h **** /* Interrupt Priorities are WORD accessible only under Armv6-M                  */
 727:../../../../..//Drivers/CMSIS/Include/core_cm0plus.h **** /* The following MACROS handle generation of the register offset and byte masks */
 728:../../../../..//Drivers/CMSIS/Include/core_cm0plus.h **** #define _BIT_SHIFT(IRQn)         (  ((((uint32_t)(int32_t)(IRQn))         )      &  0x03UL) * 8UL)
 729:../../../../..//Drivers/CMSIS/Include/core_cm0plus.h **** #define _SHP_IDX(IRQn)           ( (((((uint32_t)(int32_t)(IRQn)) & 0x0FUL)-8UL) >>    2UL)      )
 730:../../../../..//Drivers/CMSIS/Include/core_cm0plus.h **** #define _IP_IDX(IRQn)            (   (((uint32_t)(int32_t)(IRQn))                >>    2UL)      )
 731:../../../../..//Drivers/CMSIS/Include/core_cm0plus.h **** 
 732:../../../../..//Drivers/CMSIS/Include/core_cm0plus.h **** #define __NVIC_SetPriorityGrouping(X) (void)(X)
 733:../../../../..//Drivers/CMSIS/Include/core_cm0plus.h **** #define __NVIC_GetPriorityGrouping()  (0U)
 734:../../../../..//Drivers/CMSIS/Include/core_cm0plus.h **** 
 735:../../../../..//Drivers/CMSIS/Include/core_cm0plus.h **** /**
 736:../../../../..//Drivers/CMSIS/Include/core_cm0plus.h ****   \brief   Enable Interrupt
 737:../../../../..//Drivers/CMSIS/Include/core_cm0plus.h ****   \details Enables a device specific interrupt in the NVIC interrupt controller.
 738:../../../../..//Drivers/CMSIS/Include/core_cm0plus.h ****   \param [in]      IRQn  Device specific interrupt number.
 739:../../../../..//Drivers/CMSIS/Include/core_cm0plus.h ****   \note    IRQn must not be negative.
 740:../../../../..//Drivers/CMSIS/Include/core_cm0plus.h ****  */
 741:../../../../..//Drivers/CMSIS/Include/core_cm0plus.h **** __STATIC_INLINE void __NVIC_EnableIRQ(IRQn_Type IRQn)
 742:../../../../..//Drivers/CMSIS/Include/core_cm0plus.h **** {
 743:../../../../..//Drivers/CMSIS/Include/core_cm0plus.h ****   if ((int32_t)(IRQn) >= 0)
 744:../../../../..//Drivers/CMSIS/Include/core_cm0plus.h ****   {
 745:../../../../..//Drivers/CMSIS/Include/core_cm0plus.h ****     __COMPILER_BARRIER();
 746:../../../../..//Drivers/CMSIS/Include/core_cm0plus.h ****     NVIC->ISER[0U] = (uint32_t)(1UL << (((uint32_t)IRQn) & 0x1FUL));
 747:../../../../..//Drivers/CMSIS/Include/core_cm0plus.h ****     __COMPILER_BARRIER();
 748:../../../../..//Drivers/CMSIS/Include/core_cm0plus.h ****   }
 749:../../../../..//Drivers/CMSIS/Include/core_cm0plus.h **** }
 750:../../../../..//Drivers/CMSIS/Include/core_cm0plus.h **** 
 751:../../../../..//Drivers/CMSIS/Include/core_cm0plus.h **** 
 752:../../../../..//Drivers/CMSIS/Include/core_cm0plus.h **** /**
 753:../../../../..//Drivers/CMSIS/Include/core_cm0plus.h ****   \brief   Get Interrupt Enable status
 754:../../../../..//Drivers/CMSIS/Include/core_cm0plus.h ****   \details Returns a device specific interrupt enable status from the NVIC interrupt controller.
 755:../../../../..//Drivers/CMSIS/Include/core_cm0plus.h ****   \param [in]      IRQn  Device specific interrupt number.
 756:../../../../..//Drivers/CMSIS/Include/core_cm0plus.h ****   \return             0  Interrupt is not enabled.
 757:../../../../..//Drivers/CMSIS/Include/core_cm0plus.h ****   \return             1  Interrupt is enabled.
 758:../../../../..//Drivers/CMSIS/Include/core_cm0plus.h ****   \note    IRQn must not be negative.
 759:../../../../..//Drivers/CMSIS/Include/core_cm0plus.h ****  */
 760:../../../../..//Drivers/CMSIS/Include/core_cm0plus.h **** __STATIC_INLINE uint32_t __NVIC_GetEnableIRQ(IRQn_Type IRQn)
 761:../../../../..//Drivers/CMSIS/Include/core_cm0plus.h **** {
 762:../../../../..//Drivers/CMSIS/Include/core_cm0plus.h ****   if ((int32_t)(IRQn) >= 0)
 763:../../../../..//Drivers/CMSIS/Include/core_cm0plus.h ****   {
 764:../../../../..//Drivers/CMSIS/Include/core_cm0plus.h ****     return((uint32_t)(((NVIC->ISER[0U] & (1UL << (((uint32_t)IRQn) & 0x1FUL))) != 0UL) ? 1UL : 0UL)
 765:../../../../..//Drivers/CMSIS/Include/core_cm0plus.h ****   }
 766:../../../../..//Drivers/CMSIS/Include/core_cm0plus.h ****   else
 767:../../../../..//Drivers/CMSIS/Include/core_cm0plus.h ****   {
 768:../../../../..//Drivers/CMSIS/Include/core_cm0plus.h ****     return(0U);
 769:../../../../..//Drivers/CMSIS/Include/core_cm0plus.h ****   }
 770:../../../../..//Drivers/CMSIS/Include/core_cm0plus.h **** }
 771:../../../../..//Drivers/CMSIS/Include/core_cm0plus.h **** 
ARM GAS  /tmp/ccJtBsfS.s 			page 16


 772:../../../../..//Drivers/CMSIS/Include/core_cm0plus.h **** 
 773:../../../../..//Drivers/CMSIS/Include/core_cm0plus.h **** /**
 774:../../../../..//Drivers/CMSIS/Include/core_cm0plus.h ****   \brief   Disable Interrupt
 775:../../../../..//Drivers/CMSIS/Include/core_cm0plus.h ****   \details Disables a device specific interrupt in the NVIC interrupt controller.
 776:../../../../..//Drivers/CMSIS/Include/core_cm0plus.h ****   \param [in]      IRQn  Device specific interrupt number.
 777:../../../../..//Drivers/CMSIS/Include/core_cm0plus.h ****   \note    IRQn must not be negative.
 778:../../../../..//Drivers/CMSIS/Include/core_cm0plus.h ****  */
 779:../../../../..//Drivers/CMSIS/Include/core_cm0plus.h **** __STATIC_INLINE void __NVIC_DisableIRQ(IRQn_Type IRQn)
 780:../../../../..//Drivers/CMSIS/Include/core_cm0plus.h **** {
 781:../../../../..//Drivers/CMSIS/Include/core_cm0plus.h ****   if ((int32_t)(IRQn) >= 0)
 782:../../../../..//Drivers/CMSIS/Include/core_cm0plus.h ****   {
 783:../../../../..//Drivers/CMSIS/Include/core_cm0plus.h ****     NVIC->ICER[0U] = (uint32_t)(1UL << (((uint32_t)IRQn) & 0x1FUL));
 784:../../../../..//Drivers/CMSIS/Include/core_cm0plus.h ****     __DSB();
 785:../../../../..//Drivers/CMSIS/Include/core_cm0plus.h ****     __ISB();
 786:../../../../..//Drivers/CMSIS/Include/core_cm0plus.h ****   }
 787:../../../../..//Drivers/CMSIS/Include/core_cm0plus.h **** }
 788:../../../../..//Drivers/CMSIS/Include/core_cm0plus.h **** 
 789:../../../../..//Drivers/CMSIS/Include/core_cm0plus.h **** 
 790:../../../../..//Drivers/CMSIS/Include/core_cm0plus.h **** /**
 791:../../../../..//Drivers/CMSIS/Include/core_cm0plus.h ****   \brief   Get Pending Interrupt
 792:../../../../..//Drivers/CMSIS/Include/core_cm0plus.h ****   \details Reads the NVIC pending register and returns the pending bit for the specified device spe
 793:../../../../..//Drivers/CMSIS/Include/core_cm0plus.h ****   \param [in]      IRQn  Device specific interrupt number.
 794:../../../../..//Drivers/CMSIS/Include/core_cm0plus.h ****   \return             0  Interrupt status is not pending.
 795:../../../../..//Drivers/CMSIS/Include/core_cm0plus.h ****   \return             1  Interrupt status is pending.
 796:../../../../..//Drivers/CMSIS/Include/core_cm0plus.h ****   \note    IRQn must not be negative.
 797:../../../../..//Drivers/CMSIS/Include/core_cm0plus.h ****  */
 798:../../../../..//Drivers/CMSIS/Include/core_cm0plus.h **** __STATIC_INLINE uint32_t __NVIC_GetPendingIRQ(IRQn_Type IRQn)
 799:../../../../..//Drivers/CMSIS/Include/core_cm0plus.h **** {
 800:../../../../..//Drivers/CMSIS/Include/core_cm0plus.h ****   if ((int32_t)(IRQn) >= 0)
 801:../../../../..//Drivers/CMSIS/Include/core_cm0plus.h ****   {
 802:../../../../..//Drivers/CMSIS/Include/core_cm0plus.h ****     return((uint32_t)(((NVIC->ISPR[0U] & (1UL << (((uint32_t)IRQn) & 0x1FUL))) != 0UL) ? 1UL : 0UL)
 803:../../../../..//Drivers/CMSIS/Include/core_cm0plus.h ****   }
 804:../../../../..//Drivers/CMSIS/Include/core_cm0plus.h ****   else
 805:../../../../..//Drivers/CMSIS/Include/core_cm0plus.h ****   {
 806:../../../../..//Drivers/CMSIS/Include/core_cm0plus.h ****     return(0U);
 807:../../../../..//Drivers/CMSIS/Include/core_cm0plus.h ****   }
 808:../../../../..//Drivers/CMSIS/Include/core_cm0plus.h **** }
 809:../../../../..//Drivers/CMSIS/Include/core_cm0plus.h **** 
 810:../../../../..//Drivers/CMSIS/Include/core_cm0plus.h **** 
 811:../../../../..//Drivers/CMSIS/Include/core_cm0plus.h **** /**
 812:../../../../..//Drivers/CMSIS/Include/core_cm0plus.h ****   \brief   Set Pending Interrupt
 813:../../../../..//Drivers/CMSIS/Include/core_cm0plus.h ****   \details Sets the pending bit of a device specific interrupt in the NVIC pending register.
 814:../../../../..//Drivers/CMSIS/Include/core_cm0plus.h ****   \param [in]      IRQn  Device specific interrupt number.
 815:../../../../..//Drivers/CMSIS/Include/core_cm0plus.h ****   \note    IRQn must not be negative.
 816:../../../../..//Drivers/CMSIS/Include/core_cm0plus.h ****  */
 817:../../../../..//Drivers/CMSIS/Include/core_cm0plus.h **** __STATIC_INLINE void __NVIC_SetPendingIRQ(IRQn_Type IRQn)
 818:../../../../..//Drivers/CMSIS/Include/core_cm0plus.h **** {
 819:../../../../..//Drivers/CMSIS/Include/core_cm0plus.h ****   if ((int32_t)(IRQn) >= 0)
 820:../../../../..//Drivers/CMSIS/Include/core_cm0plus.h ****   {
 821:../../../../..//Drivers/CMSIS/Include/core_cm0plus.h ****     NVIC->ISPR[0U] = (uint32_t)(1UL << (((uint32_t)IRQn) & 0x1FUL));
 822:../../../../..//Drivers/CMSIS/Include/core_cm0plus.h ****   }
 823:../../../../..//Drivers/CMSIS/Include/core_cm0plus.h **** }
 824:../../../../..//Drivers/CMSIS/Include/core_cm0plus.h **** 
 825:../../../../..//Drivers/CMSIS/Include/core_cm0plus.h **** 
 826:../../../../..//Drivers/CMSIS/Include/core_cm0plus.h **** /**
 827:../../../../..//Drivers/CMSIS/Include/core_cm0plus.h ****   \brief   Clear Pending Interrupt
 828:../../../../..//Drivers/CMSIS/Include/core_cm0plus.h ****   \details Clears the pending bit of a device specific interrupt in the NVIC pending register.
ARM GAS  /tmp/ccJtBsfS.s 			page 17


 829:../../../../..//Drivers/CMSIS/Include/core_cm0plus.h ****   \param [in]      IRQn  Device specific interrupt number.
 830:../../../../..//Drivers/CMSIS/Include/core_cm0plus.h ****   \note    IRQn must not be negative.
 831:../../../../..//Drivers/CMSIS/Include/core_cm0plus.h ****  */
 832:../../../../..//Drivers/CMSIS/Include/core_cm0plus.h **** __STATIC_INLINE void __NVIC_ClearPendingIRQ(IRQn_Type IRQn)
 833:../../../../..//Drivers/CMSIS/Include/core_cm0plus.h **** {
 834:../../../../..//Drivers/CMSIS/Include/core_cm0plus.h ****   if ((int32_t)(IRQn) >= 0)
 835:../../../../..//Drivers/CMSIS/Include/core_cm0plus.h ****   {
 836:../../../../..//Drivers/CMSIS/Include/core_cm0plus.h ****     NVIC->ICPR[0U] = (uint32_t)(1UL << (((uint32_t)IRQn) & 0x1FUL));
 837:../../../../..//Drivers/CMSIS/Include/core_cm0plus.h ****   }
 838:../../../../..//Drivers/CMSIS/Include/core_cm0plus.h **** }
 839:../../../../..//Drivers/CMSIS/Include/core_cm0plus.h **** 
 840:../../../../..//Drivers/CMSIS/Include/core_cm0plus.h **** 
 841:../../../../..//Drivers/CMSIS/Include/core_cm0plus.h **** /**
 842:../../../../..//Drivers/CMSIS/Include/core_cm0plus.h ****   \brief   Set Interrupt Priority
 843:../../../../..//Drivers/CMSIS/Include/core_cm0plus.h ****   \details Sets the priority of a device specific interrupt or a processor exception.
 844:../../../../..//Drivers/CMSIS/Include/core_cm0plus.h ****            The interrupt number can be positive to specify a device specific interrupt,
 845:../../../../..//Drivers/CMSIS/Include/core_cm0plus.h ****            or negative to specify a processor exception.
 846:../../../../..//Drivers/CMSIS/Include/core_cm0plus.h ****   \param [in]      IRQn  Interrupt number.
 847:../../../../..//Drivers/CMSIS/Include/core_cm0plus.h ****   \param [in]  priority  Priority to set.
 848:../../../../..//Drivers/CMSIS/Include/core_cm0plus.h ****   \note    The priority cannot be set for every processor exception.
 849:../../../../..//Drivers/CMSIS/Include/core_cm0plus.h ****  */
 850:../../../../..//Drivers/CMSIS/Include/core_cm0plus.h **** __STATIC_INLINE void __NVIC_SetPriority(IRQn_Type IRQn, uint32_t priority)
 851:../../../../..//Drivers/CMSIS/Include/core_cm0plus.h **** {
 852:../../../../..//Drivers/CMSIS/Include/core_cm0plus.h ****   if ((int32_t)(IRQn) >= 0)
 853:../../../../..//Drivers/CMSIS/Include/core_cm0plus.h ****   {
 854:../../../../..//Drivers/CMSIS/Include/core_cm0plus.h ****     NVIC->IP[_IP_IDX(IRQn)]  = ((uint32_t)(NVIC->IP[_IP_IDX(IRQn)]  & ~(0xFFUL << _BIT_SHIFT(IRQn))
 855:../../../../..//Drivers/CMSIS/Include/core_cm0plus.h ****        (((priority << (8U - __NVIC_PRIO_BITS)) & (uint32_t)0xFFUL) << _BIT_SHIFT(IRQn)));
 856:../../../../..//Drivers/CMSIS/Include/core_cm0plus.h ****   }
 857:../../../../..//Drivers/CMSIS/Include/core_cm0plus.h ****   else
 858:../../../../..//Drivers/CMSIS/Include/core_cm0plus.h ****   {
 859:../../../../..//Drivers/CMSIS/Include/core_cm0plus.h ****     SCB->SHP[_SHP_IDX(IRQn)] = ((uint32_t)(SCB->SHP[_SHP_IDX(IRQn)] & ~(0xFFUL << _BIT_SHIFT(IRQn))
 860:../../../../..//Drivers/CMSIS/Include/core_cm0plus.h ****        (((priority << (8U - __NVIC_PRIO_BITS)) & (uint32_t)0xFFUL) << _BIT_SHIFT(IRQn)));
 861:../../../../..//Drivers/CMSIS/Include/core_cm0plus.h ****   }
 862:../../../../..//Drivers/CMSIS/Include/core_cm0plus.h **** }
 863:../../../../..//Drivers/CMSIS/Include/core_cm0plus.h **** 
 864:../../../../..//Drivers/CMSIS/Include/core_cm0plus.h **** 
 865:../../../../..//Drivers/CMSIS/Include/core_cm0plus.h **** /**
 866:../../../../..//Drivers/CMSIS/Include/core_cm0plus.h ****   \brief   Get Interrupt Priority
 867:../../../../..//Drivers/CMSIS/Include/core_cm0plus.h ****   \details Reads the priority of a device specific interrupt or a processor exception.
 868:../../../../..//Drivers/CMSIS/Include/core_cm0plus.h ****            The interrupt number can be positive to specify a device specific interrupt,
 869:../../../../..//Drivers/CMSIS/Include/core_cm0plus.h ****            or negative to specify a processor exception.
 870:../../../../..//Drivers/CMSIS/Include/core_cm0plus.h ****   \param [in]   IRQn  Interrupt number.
 871:../../../../..//Drivers/CMSIS/Include/core_cm0plus.h ****   \return             Interrupt Priority.
 872:../../../../..//Drivers/CMSIS/Include/core_cm0plus.h ****                       Value is aligned automatically to the implemented priority bits of the microc
 873:../../../../..//Drivers/CMSIS/Include/core_cm0plus.h ****  */
 874:../../../../..//Drivers/CMSIS/Include/core_cm0plus.h **** __STATIC_INLINE uint32_t __NVIC_GetPriority(IRQn_Type IRQn)
 875:../../../../..//Drivers/CMSIS/Include/core_cm0plus.h **** {
 876:../../../../..//Drivers/CMSIS/Include/core_cm0plus.h **** 
 877:../../../../..//Drivers/CMSIS/Include/core_cm0plus.h ****   if ((int32_t)(IRQn) >= 0)
 878:../../../../..//Drivers/CMSIS/Include/core_cm0plus.h ****   {
 879:../../../../..//Drivers/CMSIS/Include/core_cm0plus.h ****     return((uint32_t)(((NVIC->IP[ _IP_IDX(IRQn)] >> _BIT_SHIFT(IRQn) ) & (uint32_t)0xFFUL) >> (8U -
 880:../../../../..//Drivers/CMSIS/Include/core_cm0plus.h ****   }
 881:../../../../..//Drivers/CMSIS/Include/core_cm0plus.h ****   else
 882:../../../../..//Drivers/CMSIS/Include/core_cm0plus.h ****   {
 883:../../../../..//Drivers/CMSIS/Include/core_cm0plus.h ****     return((uint32_t)(((SCB->SHP[_SHP_IDX(IRQn)] >> _BIT_SHIFT(IRQn) ) & (uint32_t)0xFFUL) >> (8U -
 884:../../../../..//Drivers/CMSIS/Include/core_cm0plus.h ****   }
 885:../../../../..//Drivers/CMSIS/Include/core_cm0plus.h **** }
ARM GAS  /tmp/ccJtBsfS.s 			page 18


 886:../../../../..//Drivers/CMSIS/Include/core_cm0plus.h **** 
 887:../../../../..//Drivers/CMSIS/Include/core_cm0plus.h **** 
 888:../../../../..//Drivers/CMSIS/Include/core_cm0plus.h **** /**
 889:../../../../..//Drivers/CMSIS/Include/core_cm0plus.h ****   \brief   Encode Priority
 890:../../../../..//Drivers/CMSIS/Include/core_cm0plus.h ****   \details Encodes the priority for an interrupt with the given priority group,
 891:../../../../..//Drivers/CMSIS/Include/core_cm0plus.h ****            preemptive priority value, and subpriority value.
 892:../../../../..//Drivers/CMSIS/Include/core_cm0plus.h ****            In case of a conflict between priority grouping and available
 893:../../../../..//Drivers/CMSIS/Include/core_cm0plus.h ****            priority bits (__NVIC_PRIO_BITS), the smallest possible priority group is set.
 894:../../../../..//Drivers/CMSIS/Include/core_cm0plus.h ****   \param [in]     PriorityGroup  Used priority group.
 895:../../../../..//Drivers/CMSIS/Include/core_cm0plus.h ****   \param [in]   PreemptPriority  Preemptive priority value (starting from 0).
 896:../../../../..//Drivers/CMSIS/Include/core_cm0plus.h ****   \param [in]       SubPriority  Subpriority value (starting from 0).
 897:../../../../..//Drivers/CMSIS/Include/core_cm0plus.h ****   \return                        Encoded priority. Value can be used in the function \ref NVIC_SetP
 898:../../../../..//Drivers/CMSIS/Include/core_cm0plus.h ****  */
 899:../../../../..//Drivers/CMSIS/Include/core_cm0plus.h **** __STATIC_INLINE uint32_t NVIC_EncodePriority (uint32_t PriorityGroup, uint32_t PreemptPriority, uin
 900:../../../../..//Drivers/CMSIS/Include/core_cm0plus.h **** {
 901:../../../../..//Drivers/CMSIS/Include/core_cm0plus.h ****   uint32_t PriorityGroupTmp = (PriorityGroup & (uint32_t)0x07UL);   /* only values 0..7 are used   
 902:../../../../..//Drivers/CMSIS/Include/core_cm0plus.h ****   uint32_t PreemptPriorityBits;
 903:../../../../..//Drivers/CMSIS/Include/core_cm0plus.h ****   uint32_t SubPriorityBits;
 904:../../../../..//Drivers/CMSIS/Include/core_cm0plus.h **** 
 905:../../../../..//Drivers/CMSIS/Include/core_cm0plus.h ****   PreemptPriorityBits = ((7UL - PriorityGroupTmp) > (uint32_t)(__NVIC_PRIO_BITS)) ? (uint32_t)(__NV
 906:../../../../..//Drivers/CMSIS/Include/core_cm0plus.h ****   SubPriorityBits     = ((PriorityGroupTmp + (uint32_t)(__NVIC_PRIO_BITS)) < (uint32_t)7UL) ? (uint
 907:../../../../..//Drivers/CMSIS/Include/core_cm0plus.h **** 
 908:../../../../..//Drivers/CMSIS/Include/core_cm0plus.h ****   return (
 909:../../../../..//Drivers/CMSIS/Include/core_cm0plus.h ****            ((PreemptPriority & (uint32_t)((1UL << (PreemptPriorityBits)) - 1UL)) << SubPriorityBits
 910:../../../../..//Drivers/CMSIS/Include/core_cm0plus.h ****            ((SubPriority     & (uint32_t)((1UL << (SubPriorityBits    )) - 1UL)))
 911:../../../../..//Drivers/CMSIS/Include/core_cm0plus.h ****          );
 912:../../../../..//Drivers/CMSIS/Include/core_cm0plus.h **** }
 913:../../../../..//Drivers/CMSIS/Include/core_cm0plus.h **** 
 914:../../../../..//Drivers/CMSIS/Include/core_cm0plus.h **** 
 915:../../../../..//Drivers/CMSIS/Include/core_cm0plus.h **** /**
 916:../../../../..//Drivers/CMSIS/Include/core_cm0plus.h ****   \brief   Decode Priority
 917:../../../../..//Drivers/CMSIS/Include/core_cm0plus.h ****   \details Decodes an interrupt priority value with a given priority group to
 918:../../../../..//Drivers/CMSIS/Include/core_cm0plus.h ****            preemptive priority value and subpriority value.
 919:../../../../..//Drivers/CMSIS/Include/core_cm0plus.h ****            In case of a conflict between priority grouping and available
 920:../../../../..//Drivers/CMSIS/Include/core_cm0plus.h ****            priority bits (__NVIC_PRIO_BITS) the smallest possible priority group is set.
 921:../../../../..//Drivers/CMSIS/Include/core_cm0plus.h ****   \param [in]         Priority   Priority value, which can be retrieved with the function \ref NVIC
 922:../../../../..//Drivers/CMSIS/Include/core_cm0plus.h ****   \param [in]     PriorityGroup  Used priority group.
 923:../../../../..//Drivers/CMSIS/Include/core_cm0plus.h ****   \param [out] pPreemptPriority  Preemptive priority value (starting from 0).
 924:../../../../..//Drivers/CMSIS/Include/core_cm0plus.h ****   \param [out]     pSubPriority  Subpriority value (starting from 0).
 925:../../../../..//Drivers/CMSIS/Include/core_cm0plus.h ****  */
 926:../../../../..//Drivers/CMSIS/Include/core_cm0plus.h **** __STATIC_INLINE void NVIC_DecodePriority (uint32_t Priority, uint32_t PriorityGroup, uint32_t* cons
 927:../../../../..//Drivers/CMSIS/Include/core_cm0plus.h **** {
 928:../../../../..//Drivers/CMSIS/Include/core_cm0plus.h ****   uint32_t PriorityGroupTmp = (PriorityGroup & (uint32_t)0x07UL);   /* only values 0..7 are used   
 929:../../../../..//Drivers/CMSIS/Include/core_cm0plus.h ****   uint32_t PreemptPriorityBits;
 930:../../../../..//Drivers/CMSIS/Include/core_cm0plus.h ****   uint32_t SubPriorityBits;
 931:../../../../..//Drivers/CMSIS/Include/core_cm0plus.h **** 
 932:../../../../..//Drivers/CMSIS/Include/core_cm0plus.h ****   PreemptPriorityBits = ((7UL - PriorityGroupTmp) > (uint32_t)(__NVIC_PRIO_BITS)) ? (uint32_t)(__NV
 933:../../../../..//Drivers/CMSIS/Include/core_cm0plus.h ****   SubPriorityBits     = ((PriorityGroupTmp + (uint32_t)(__NVIC_PRIO_BITS)) < (uint32_t)7UL) ? (uint
 934:../../../../..//Drivers/CMSIS/Include/core_cm0plus.h **** 
 935:../../../../..//Drivers/CMSIS/Include/core_cm0plus.h ****   *pPreemptPriority = (Priority >> SubPriorityBits) & (uint32_t)((1UL << (PreemptPriorityBits)) - 1
 936:../../../../..//Drivers/CMSIS/Include/core_cm0plus.h ****   *pSubPriority     = (Priority                   ) & (uint32_t)((1UL << (SubPriorityBits    )) - 1
 937:../../../../..//Drivers/CMSIS/Include/core_cm0plus.h **** }
 938:../../../../..//Drivers/CMSIS/Include/core_cm0plus.h **** 
 939:../../../../..//Drivers/CMSIS/Include/core_cm0plus.h **** 
 940:../../../../..//Drivers/CMSIS/Include/core_cm0plus.h **** /**
 941:../../../../..//Drivers/CMSIS/Include/core_cm0plus.h ****   \brief   Set Interrupt Vector
 942:../../../../..//Drivers/CMSIS/Include/core_cm0plus.h ****   \details Sets an interrupt vector in SRAM based interrupt vector table.
ARM GAS  /tmp/ccJtBsfS.s 			page 19


 943:../../../../..//Drivers/CMSIS/Include/core_cm0plus.h ****            The interrupt number can be positive to specify a device specific interrupt,
 944:../../../../..//Drivers/CMSIS/Include/core_cm0plus.h ****            or negative to specify a processor exception.
 945:../../../../..//Drivers/CMSIS/Include/core_cm0plus.h ****            VTOR must been relocated to SRAM before.
 946:../../../../..//Drivers/CMSIS/Include/core_cm0plus.h ****            If VTOR is not present address 0 must be mapped to SRAM.
 947:../../../../..//Drivers/CMSIS/Include/core_cm0plus.h ****   \param [in]   IRQn      Interrupt number
 948:../../../../..//Drivers/CMSIS/Include/core_cm0plus.h ****   \param [in]   vector    Address of interrupt handler function
 949:../../../../..//Drivers/CMSIS/Include/core_cm0plus.h ****  */
 950:../../../../..//Drivers/CMSIS/Include/core_cm0plus.h **** __STATIC_INLINE void __NVIC_SetVector(IRQn_Type IRQn, uint32_t vector)
 951:../../../../..//Drivers/CMSIS/Include/core_cm0plus.h **** {
 952:../../../../..//Drivers/CMSIS/Include/core_cm0plus.h **** #if defined (__VTOR_PRESENT) && (__VTOR_PRESENT == 1U)
 953:../../../../..//Drivers/CMSIS/Include/core_cm0plus.h ****   uint32_t *vectors = (uint32_t *)SCB->VTOR;
 954:../../../../..//Drivers/CMSIS/Include/core_cm0plus.h ****   vectors[(int32_t)IRQn + NVIC_USER_IRQ_OFFSET] = vector;
 955:../../../../..//Drivers/CMSIS/Include/core_cm0plus.h **** #else
 956:../../../../..//Drivers/CMSIS/Include/core_cm0plus.h ****   uint32_t *vectors = (uint32_t *)(NVIC_USER_IRQ_OFFSET << 2);      /* point to 1st user interrupt 
 957:../../../../..//Drivers/CMSIS/Include/core_cm0plus.h ****   *(vectors + (int32_t)IRQn) = vector;                              /* use pointer arithmetic to ac
 958:../../../../..//Drivers/CMSIS/Include/core_cm0plus.h **** #endif
 959:../../../../..//Drivers/CMSIS/Include/core_cm0plus.h ****   /* ARM Application Note 321 states that the M0+ does not require the architectural barrier */
 960:../../../../..//Drivers/CMSIS/Include/core_cm0plus.h **** }
 961:../../../../..//Drivers/CMSIS/Include/core_cm0plus.h **** 
 962:../../../../..//Drivers/CMSIS/Include/core_cm0plus.h **** 
 963:../../../../..//Drivers/CMSIS/Include/core_cm0plus.h **** /**
 964:../../../../..//Drivers/CMSIS/Include/core_cm0plus.h ****   \brief   Get Interrupt Vector
 965:../../../../..//Drivers/CMSIS/Include/core_cm0plus.h ****   \details Reads an interrupt vector from interrupt vector table.
 966:../../../../..//Drivers/CMSIS/Include/core_cm0plus.h ****            The interrupt number can be positive to specify a device specific interrupt,
 967:../../../../..//Drivers/CMSIS/Include/core_cm0plus.h ****            or negative to specify a processor exception.
 968:../../../../..//Drivers/CMSIS/Include/core_cm0plus.h ****   \param [in]   IRQn      Interrupt number.
 969:../../../../..//Drivers/CMSIS/Include/core_cm0plus.h ****   \return                 Address of interrupt handler function
 970:../../../../..//Drivers/CMSIS/Include/core_cm0plus.h ****  */
 971:../../../../..//Drivers/CMSIS/Include/core_cm0plus.h **** __STATIC_INLINE uint32_t __NVIC_GetVector(IRQn_Type IRQn)
 972:../../../../..//Drivers/CMSIS/Include/core_cm0plus.h **** {
 973:../../../../..//Drivers/CMSIS/Include/core_cm0plus.h **** #if defined (__VTOR_PRESENT) && (__VTOR_PRESENT == 1U)
 974:../../../../..//Drivers/CMSIS/Include/core_cm0plus.h ****   uint32_t *vectors = (uint32_t *)SCB->VTOR;
 975:../../../../..//Drivers/CMSIS/Include/core_cm0plus.h ****   return vectors[(int32_t)IRQn + NVIC_USER_IRQ_OFFSET];
 976:../../../../..//Drivers/CMSIS/Include/core_cm0plus.h **** #else
 977:../../../../..//Drivers/CMSIS/Include/core_cm0plus.h ****   uint32_t *vectors = (uint32_t *)(NVIC_USER_IRQ_OFFSET << 2);      /* point to 1st user interrupt 
 978:../../../../..//Drivers/CMSIS/Include/core_cm0plus.h ****   return *(vectors + (int32_t)IRQn);                                /* use pointer arithmetic to ac
 979:../../../../..//Drivers/CMSIS/Include/core_cm0plus.h **** #endif
 980:../../../../..//Drivers/CMSIS/Include/core_cm0plus.h **** }
 981:../../../../..//Drivers/CMSIS/Include/core_cm0plus.h **** 
 982:../../../../..//Drivers/CMSIS/Include/core_cm0plus.h **** 
 983:../../../../..//Drivers/CMSIS/Include/core_cm0plus.h **** /**
 984:../../../../..//Drivers/CMSIS/Include/core_cm0plus.h ****   \brief   System Reset
 985:../../../../..//Drivers/CMSIS/Include/core_cm0plus.h ****   \details Initiates a system reset request to reset the MCU.
 986:../../../../..//Drivers/CMSIS/Include/core_cm0plus.h ****  */
 987:../../../../..//Drivers/CMSIS/Include/core_cm0plus.h **** __NO_RETURN __STATIC_INLINE void __NVIC_SystemReset(void)
  37              		.loc 2 987 34 view .LVU2
  38              	.LBB13:
 988:../../../../..//Drivers/CMSIS/Include/core_cm0plus.h **** {
 989:../../../../..//Drivers/CMSIS/Include/core_cm0plus.h ****   __DSB();                                                          /* Ensure all outstanding memor
  39              		.loc 2 989 3 view .LVU3
  40              	.LBB14:
  41              	.LBI14:
  42              		.file 3 "../../../../..//Drivers/CMSIS/Include/cmsis_gcc.h"
   1:../../../../..//Drivers/CMSIS/Include/cmsis_gcc.h **** /**************************************************************************//**
   2:../../../../..//Drivers/CMSIS/Include/cmsis_gcc.h ****  * @file     cmsis_gcc.h
   3:../../../../..//Drivers/CMSIS/Include/cmsis_gcc.h ****  * @brief    CMSIS compiler GCC header file
   4:../../../../..//Drivers/CMSIS/Include/cmsis_gcc.h ****  * @version  V5.4.1
ARM GAS  /tmp/ccJtBsfS.s 			page 20


   5:../../../../..//Drivers/CMSIS/Include/cmsis_gcc.h ****  * @date     27. May 2021
   6:../../../../..//Drivers/CMSIS/Include/cmsis_gcc.h ****  ******************************************************************************/
   7:../../../../..//Drivers/CMSIS/Include/cmsis_gcc.h **** /*
   8:../../../../..//Drivers/CMSIS/Include/cmsis_gcc.h ****  * Copyright (c) 2009-2021 Arm Limited. All rights reserved.
   9:../../../../..//Drivers/CMSIS/Include/cmsis_gcc.h ****  *
  10:../../../../..//Drivers/CMSIS/Include/cmsis_gcc.h ****  * SPDX-License-Identifier: Apache-2.0
  11:../../../../..//Drivers/CMSIS/Include/cmsis_gcc.h ****  *
  12:../../../../..//Drivers/CMSIS/Include/cmsis_gcc.h ****  * Licensed under the Apache License, Version 2.0 (the License); you may
  13:../../../../..//Drivers/CMSIS/Include/cmsis_gcc.h ****  * not use this file except in compliance with the License.
  14:../../../../..//Drivers/CMSIS/Include/cmsis_gcc.h ****  * You may obtain a copy of the License at
  15:../../../../..//Drivers/CMSIS/Include/cmsis_gcc.h ****  *
  16:../../../../..//Drivers/CMSIS/Include/cmsis_gcc.h ****  * www.apache.org/licenses/LICENSE-2.0
  17:../../../../..//Drivers/CMSIS/Include/cmsis_gcc.h ****  *
  18:../../../../..//Drivers/CMSIS/Include/cmsis_gcc.h ****  * Unless required by applicable law or agreed to in writing, software
  19:../../../../..//Drivers/CMSIS/Include/cmsis_gcc.h ****  * distributed under the License is distributed on an AS IS BASIS, WITHOUT
  20:../../../../..//Drivers/CMSIS/Include/cmsis_gcc.h ****  * WARRANTIES OR CONDITIONS OF ANY KIND, either express or implied.
  21:../../../../..//Drivers/CMSIS/Include/cmsis_gcc.h ****  * See the License for the specific language governing permissions and
  22:../../../../..//Drivers/CMSIS/Include/cmsis_gcc.h ****  * limitations under the License.
  23:../../../../..//Drivers/CMSIS/Include/cmsis_gcc.h ****  */
  24:../../../../..//Drivers/CMSIS/Include/cmsis_gcc.h **** 
  25:../../../../..//Drivers/CMSIS/Include/cmsis_gcc.h **** #ifndef __CMSIS_GCC_H
  26:../../../../..//Drivers/CMSIS/Include/cmsis_gcc.h **** #define __CMSIS_GCC_H
  27:../../../../..//Drivers/CMSIS/Include/cmsis_gcc.h **** 
  28:../../../../..//Drivers/CMSIS/Include/cmsis_gcc.h **** /* ignore some GCC warnings */
  29:../../../../..//Drivers/CMSIS/Include/cmsis_gcc.h **** #pragma GCC diagnostic push
  30:../../../../..//Drivers/CMSIS/Include/cmsis_gcc.h **** #pragma GCC diagnostic ignored "-Wsign-conversion"
  31:../../../../..//Drivers/CMSIS/Include/cmsis_gcc.h **** #pragma GCC diagnostic ignored "-Wconversion"
  32:../../../../..//Drivers/CMSIS/Include/cmsis_gcc.h **** #pragma GCC diagnostic ignored "-Wunused-parameter"
  33:../../../../..//Drivers/CMSIS/Include/cmsis_gcc.h **** 
  34:../../../../..//Drivers/CMSIS/Include/cmsis_gcc.h **** /* Fallback for __has_builtin */
  35:../../../../..//Drivers/CMSIS/Include/cmsis_gcc.h **** #ifndef __has_builtin
  36:../../../../..//Drivers/CMSIS/Include/cmsis_gcc.h ****   #define __has_builtin(x) (0)
  37:../../../../..//Drivers/CMSIS/Include/cmsis_gcc.h **** #endif
  38:../../../../..//Drivers/CMSIS/Include/cmsis_gcc.h **** 
  39:../../../../..//Drivers/CMSIS/Include/cmsis_gcc.h **** /* CMSIS compiler specific defines */
  40:../../../../..//Drivers/CMSIS/Include/cmsis_gcc.h **** #ifndef   __ASM
  41:../../../../..//Drivers/CMSIS/Include/cmsis_gcc.h ****   #define __ASM                                  __asm
  42:../../../../..//Drivers/CMSIS/Include/cmsis_gcc.h **** #endif
  43:../../../../..//Drivers/CMSIS/Include/cmsis_gcc.h **** #ifndef   __INLINE
  44:../../../../..//Drivers/CMSIS/Include/cmsis_gcc.h ****   #define __INLINE                               inline
  45:../../../../..//Drivers/CMSIS/Include/cmsis_gcc.h **** #endif
  46:../../../../..//Drivers/CMSIS/Include/cmsis_gcc.h **** #ifndef   __STATIC_INLINE
  47:../../../../..//Drivers/CMSIS/Include/cmsis_gcc.h ****   #define __STATIC_INLINE                        static inline
  48:../../../../..//Drivers/CMSIS/Include/cmsis_gcc.h **** #endif
  49:../../../../..//Drivers/CMSIS/Include/cmsis_gcc.h **** #ifndef   __STATIC_FORCEINLINE
  50:../../../../..//Drivers/CMSIS/Include/cmsis_gcc.h ****   #define __STATIC_FORCEINLINE                   __attribute__((always_inline)) static inline
  51:../../../../..//Drivers/CMSIS/Include/cmsis_gcc.h **** #endif
  52:../../../../..//Drivers/CMSIS/Include/cmsis_gcc.h **** #ifndef   __NO_RETURN
  53:../../../../..//Drivers/CMSIS/Include/cmsis_gcc.h ****   #define __NO_RETURN                            __attribute__((__noreturn__))
  54:../../../../..//Drivers/CMSIS/Include/cmsis_gcc.h **** #endif
  55:../../../../..//Drivers/CMSIS/Include/cmsis_gcc.h **** #ifndef   __USED
  56:../../../../..//Drivers/CMSIS/Include/cmsis_gcc.h ****   #define __USED                                 __attribute__((used))
  57:../../../../..//Drivers/CMSIS/Include/cmsis_gcc.h **** #endif
  58:../../../../..//Drivers/CMSIS/Include/cmsis_gcc.h **** #ifndef   __WEAK
  59:../../../../..//Drivers/CMSIS/Include/cmsis_gcc.h ****   #define __WEAK                                 __attribute__((weak))
  60:../../../../..//Drivers/CMSIS/Include/cmsis_gcc.h **** #endif
  61:../../../../..//Drivers/CMSIS/Include/cmsis_gcc.h **** #ifndef   __PACKED
ARM GAS  /tmp/ccJtBsfS.s 			page 21


  62:../../../../..//Drivers/CMSIS/Include/cmsis_gcc.h ****   #define __PACKED                               __attribute__((packed, aligned(1)))
  63:../../../../..//Drivers/CMSIS/Include/cmsis_gcc.h **** #endif
  64:../../../../..//Drivers/CMSIS/Include/cmsis_gcc.h **** #ifndef   __PACKED_STRUCT
  65:../../../../..//Drivers/CMSIS/Include/cmsis_gcc.h ****   #define __PACKED_STRUCT                        struct __attribute__((packed, aligned(1)))
  66:../../../../..//Drivers/CMSIS/Include/cmsis_gcc.h **** #endif
  67:../../../../..//Drivers/CMSIS/Include/cmsis_gcc.h **** #ifndef   __PACKED_UNION
  68:../../../../..//Drivers/CMSIS/Include/cmsis_gcc.h ****   #define __PACKED_UNION                         union __attribute__((packed, aligned(1)))
  69:../../../../..//Drivers/CMSIS/Include/cmsis_gcc.h **** #endif
  70:../../../../..//Drivers/CMSIS/Include/cmsis_gcc.h **** #ifndef   __UNALIGNED_UINT32        /* deprecated */
  71:../../../../..//Drivers/CMSIS/Include/cmsis_gcc.h ****   #pragma GCC diagnostic push
  72:../../../../..//Drivers/CMSIS/Include/cmsis_gcc.h ****   #pragma GCC diagnostic ignored "-Wpacked"
  73:../../../../..//Drivers/CMSIS/Include/cmsis_gcc.h ****   #pragma GCC diagnostic ignored "-Wattributes"
  74:../../../../..//Drivers/CMSIS/Include/cmsis_gcc.h ****   struct __attribute__((packed)) T_UINT32 { uint32_t v; };
  75:../../../../..//Drivers/CMSIS/Include/cmsis_gcc.h ****   #pragma GCC diagnostic pop
  76:../../../../..//Drivers/CMSIS/Include/cmsis_gcc.h ****   #define __UNALIGNED_UINT32(x)                  (((struct T_UINT32 *)(x))->v)
  77:../../../../..//Drivers/CMSIS/Include/cmsis_gcc.h **** #endif
  78:../../../../..//Drivers/CMSIS/Include/cmsis_gcc.h **** #ifndef   __UNALIGNED_UINT16_WRITE
  79:../../../../..//Drivers/CMSIS/Include/cmsis_gcc.h ****   #pragma GCC diagnostic push
  80:../../../../..//Drivers/CMSIS/Include/cmsis_gcc.h ****   #pragma GCC diagnostic ignored "-Wpacked"
  81:../../../../..//Drivers/CMSIS/Include/cmsis_gcc.h ****   #pragma GCC diagnostic ignored "-Wattributes"
  82:../../../../..//Drivers/CMSIS/Include/cmsis_gcc.h ****   __PACKED_STRUCT T_UINT16_WRITE { uint16_t v; };
  83:../../../../..//Drivers/CMSIS/Include/cmsis_gcc.h ****   #pragma GCC diagnostic pop
  84:../../../../..//Drivers/CMSIS/Include/cmsis_gcc.h ****   #define __UNALIGNED_UINT16_WRITE(addr, val)    (void)((((struct T_UINT16_WRITE *)(void *)(addr))-
  85:../../../../..//Drivers/CMSIS/Include/cmsis_gcc.h **** #endif
  86:../../../../..//Drivers/CMSIS/Include/cmsis_gcc.h **** #ifndef   __UNALIGNED_UINT16_READ
  87:../../../../..//Drivers/CMSIS/Include/cmsis_gcc.h ****   #pragma GCC diagnostic push
  88:../../../../..//Drivers/CMSIS/Include/cmsis_gcc.h ****   #pragma GCC diagnostic ignored "-Wpacked"
  89:../../../../..//Drivers/CMSIS/Include/cmsis_gcc.h ****   #pragma GCC diagnostic ignored "-Wattributes"
  90:../../../../..//Drivers/CMSIS/Include/cmsis_gcc.h ****   __PACKED_STRUCT T_UINT16_READ { uint16_t v; };
  91:../../../../..//Drivers/CMSIS/Include/cmsis_gcc.h ****   #pragma GCC diagnostic pop
  92:../../../../..//Drivers/CMSIS/Include/cmsis_gcc.h ****   #define __UNALIGNED_UINT16_READ(addr)          (((const struct T_UINT16_READ *)(const void *)(add
  93:../../../../..//Drivers/CMSIS/Include/cmsis_gcc.h **** #endif
  94:../../../../..//Drivers/CMSIS/Include/cmsis_gcc.h **** #ifndef   __UNALIGNED_UINT32_WRITE
  95:../../../../..//Drivers/CMSIS/Include/cmsis_gcc.h ****   #pragma GCC diagnostic push
  96:../../../../..//Drivers/CMSIS/Include/cmsis_gcc.h ****   #pragma GCC diagnostic ignored "-Wpacked"
  97:../../../../..//Drivers/CMSIS/Include/cmsis_gcc.h ****   #pragma GCC diagnostic ignored "-Wattributes"
  98:../../../../..//Drivers/CMSIS/Include/cmsis_gcc.h ****   __PACKED_STRUCT T_UINT32_WRITE { uint32_t v; };
  99:../../../../..//Drivers/CMSIS/Include/cmsis_gcc.h ****   #pragma GCC diagnostic pop
 100:../../../../..//Drivers/CMSIS/Include/cmsis_gcc.h ****   #define __UNALIGNED_UINT32_WRITE(addr, val)    (void)((((struct T_UINT32_WRITE *)(void *)(addr))-
 101:../../../../..//Drivers/CMSIS/Include/cmsis_gcc.h **** #endif
 102:../../../../..//Drivers/CMSIS/Include/cmsis_gcc.h **** #ifndef   __UNALIGNED_UINT32_READ
 103:../../../../..//Drivers/CMSIS/Include/cmsis_gcc.h ****   #pragma GCC diagnostic push
 104:../../../../..//Drivers/CMSIS/Include/cmsis_gcc.h ****   #pragma GCC diagnostic ignored "-Wpacked"
 105:../../../../..//Drivers/CMSIS/Include/cmsis_gcc.h ****   #pragma GCC diagnostic ignored "-Wattributes"
 106:../../../../..//Drivers/CMSIS/Include/cmsis_gcc.h ****   __PACKED_STRUCT T_UINT32_READ { uint32_t v; };
 107:../../../../..//Drivers/CMSIS/Include/cmsis_gcc.h ****   #pragma GCC diagnostic pop
 108:../../../../..//Drivers/CMSIS/Include/cmsis_gcc.h ****   #define __UNALIGNED_UINT32_READ(addr)          (((const struct T_UINT32_READ *)(const void *)(add
 109:../../../../..//Drivers/CMSIS/Include/cmsis_gcc.h **** #endif
 110:../../../../..//Drivers/CMSIS/Include/cmsis_gcc.h **** #ifndef   __ALIGNED
 111:../../../../..//Drivers/CMSIS/Include/cmsis_gcc.h ****   #define __ALIGNED(x)                           __attribute__((aligned(x)))
 112:../../../../..//Drivers/CMSIS/Include/cmsis_gcc.h **** #endif
 113:../../../../..//Drivers/CMSIS/Include/cmsis_gcc.h **** #ifndef   __RESTRICT
 114:../../../../..//Drivers/CMSIS/Include/cmsis_gcc.h ****   #define __RESTRICT                             __restrict
 115:../../../../..//Drivers/CMSIS/Include/cmsis_gcc.h **** #endif
 116:../../../../..//Drivers/CMSIS/Include/cmsis_gcc.h **** #ifndef   __COMPILER_BARRIER
 117:../../../../..//Drivers/CMSIS/Include/cmsis_gcc.h ****   #define __COMPILER_BARRIER()                   __ASM volatile("":::"memory")
 118:../../../../..//Drivers/CMSIS/Include/cmsis_gcc.h **** #endif
ARM GAS  /tmp/ccJtBsfS.s 			page 22


 119:../../../../..//Drivers/CMSIS/Include/cmsis_gcc.h **** 
 120:../../../../..//Drivers/CMSIS/Include/cmsis_gcc.h **** /* #########################  Startup and Lowlevel Init  ######################## */
 121:../../../../..//Drivers/CMSIS/Include/cmsis_gcc.h **** 
 122:../../../../..//Drivers/CMSIS/Include/cmsis_gcc.h **** #ifndef __PROGRAM_START
 123:../../../../..//Drivers/CMSIS/Include/cmsis_gcc.h **** 
 124:../../../../..//Drivers/CMSIS/Include/cmsis_gcc.h **** /**
 125:../../../../..//Drivers/CMSIS/Include/cmsis_gcc.h ****   \brief   Initializes data and bss sections
 126:../../../../..//Drivers/CMSIS/Include/cmsis_gcc.h ****   \details This default implementations initialized all data and additional bss
 127:../../../../..//Drivers/CMSIS/Include/cmsis_gcc.h ****            sections relying on .copy.table and .zero.table specified properly
 128:../../../../..//Drivers/CMSIS/Include/cmsis_gcc.h ****            in the used linker script.
 129:../../../../..//Drivers/CMSIS/Include/cmsis_gcc.h **** 
 130:../../../../..//Drivers/CMSIS/Include/cmsis_gcc.h ****  */
 131:../../../../..//Drivers/CMSIS/Include/cmsis_gcc.h **** __STATIC_FORCEINLINE __NO_RETURN void __cmsis_start(void)
 132:../../../../..//Drivers/CMSIS/Include/cmsis_gcc.h **** {
 133:../../../../..//Drivers/CMSIS/Include/cmsis_gcc.h ****   extern void _start(void) __NO_RETURN;
 134:../../../../..//Drivers/CMSIS/Include/cmsis_gcc.h **** 
 135:../../../../..//Drivers/CMSIS/Include/cmsis_gcc.h ****   typedef struct {
 136:../../../../..//Drivers/CMSIS/Include/cmsis_gcc.h ****     uint32_t const* src;
 137:../../../../..//Drivers/CMSIS/Include/cmsis_gcc.h ****     uint32_t* dest;
 138:../../../../..//Drivers/CMSIS/Include/cmsis_gcc.h ****     uint32_t  wlen;
 139:../../../../..//Drivers/CMSIS/Include/cmsis_gcc.h ****   } __copy_table_t;
 140:../../../../..//Drivers/CMSIS/Include/cmsis_gcc.h **** 
 141:../../../../..//Drivers/CMSIS/Include/cmsis_gcc.h ****   typedef struct {
 142:../../../../..//Drivers/CMSIS/Include/cmsis_gcc.h ****     uint32_t* dest;
 143:../../../../..//Drivers/CMSIS/Include/cmsis_gcc.h ****     uint32_t  wlen;
 144:../../../../..//Drivers/CMSIS/Include/cmsis_gcc.h ****   } __zero_table_t;
 145:../../../../..//Drivers/CMSIS/Include/cmsis_gcc.h **** 
 146:../../../../..//Drivers/CMSIS/Include/cmsis_gcc.h ****   extern const __copy_table_t __copy_table_start__;
 147:../../../../..//Drivers/CMSIS/Include/cmsis_gcc.h ****   extern const __copy_table_t __copy_table_end__;
 148:../../../../..//Drivers/CMSIS/Include/cmsis_gcc.h ****   extern const __zero_table_t __zero_table_start__;
 149:../../../../..//Drivers/CMSIS/Include/cmsis_gcc.h ****   extern const __zero_table_t __zero_table_end__;
 150:../../../../..//Drivers/CMSIS/Include/cmsis_gcc.h **** 
 151:../../../../..//Drivers/CMSIS/Include/cmsis_gcc.h ****   for (__copy_table_t const* pTable = &__copy_table_start__; pTable < &__copy_table_end__; ++pTable
 152:../../../../..//Drivers/CMSIS/Include/cmsis_gcc.h ****     for(uint32_t i=0u; i<pTable->wlen; ++i) {
 153:../../../../..//Drivers/CMSIS/Include/cmsis_gcc.h ****       pTable->dest[i] = pTable->src[i];
 154:../../../../..//Drivers/CMSIS/Include/cmsis_gcc.h ****     }
 155:../../../../..//Drivers/CMSIS/Include/cmsis_gcc.h ****   }
 156:../../../../..//Drivers/CMSIS/Include/cmsis_gcc.h **** 
 157:../../../../..//Drivers/CMSIS/Include/cmsis_gcc.h ****   for (__zero_table_t const* pTable = &__zero_table_start__; pTable < &__zero_table_end__; ++pTable
 158:../../../../..//Drivers/CMSIS/Include/cmsis_gcc.h ****     for(uint32_t i=0u; i<pTable->wlen; ++i) {
 159:../../../../..//Drivers/CMSIS/Include/cmsis_gcc.h ****       pTable->dest[i] = 0u;
 160:../../../../..//Drivers/CMSIS/Include/cmsis_gcc.h ****     }
 161:../../../../..//Drivers/CMSIS/Include/cmsis_gcc.h ****   }
 162:../../../../..//Drivers/CMSIS/Include/cmsis_gcc.h **** 
 163:../../../../..//Drivers/CMSIS/Include/cmsis_gcc.h ****   _start();
 164:../../../../..//Drivers/CMSIS/Include/cmsis_gcc.h **** }
 165:../../../../..//Drivers/CMSIS/Include/cmsis_gcc.h **** 
 166:../../../../..//Drivers/CMSIS/Include/cmsis_gcc.h **** #define __PROGRAM_START           __cmsis_start
 167:../../../../..//Drivers/CMSIS/Include/cmsis_gcc.h **** #endif
 168:../../../../..//Drivers/CMSIS/Include/cmsis_gcc.h **** 
 169:../../../../..//Drivers/CMSIS/Include/cmsis_gcc.h **** #ifndef __INITIAL_SP
 170:../../../../..//Drivers/CMSIS/Include/cmsis_gcc.h **** #define __INITIAL_SP              __StackTop
 171:../../../../..//Drivers/CMSIS/Include/cmsis_gcc.h **** #endif
 172:../../../../..//Drivers/CMSIS/Include/cmsis_gcc.h **** 
 173:../../../../..//Drivers/CMSIS/Include/cmsis_gcc.h **** #ifndef __STACK_LIMIT
 174:../../../../..//Drivers/CMSIS/Include/cmsis_gcc.h **** #define __STACK_LIMIT             __StackLimit
 175:../../../../..//Drivers/CMSIS/Include/cmsis_gcc.h **** #endif
ARM GAS  /tmp/ccJtBsfS.s 			page 23


 176:../../../../..//Drivers/CMSIS/Include/cmsis_gcc.h **** 
 177:../../../../..//Drivers/CMSIS/Include/cmsis_gcc.h **** #ifndef __VECTOR_TABLE
 178:../../../../..//Drivers/CMSIS/Include/cmsis_gcc.h **** #define __VECTOR_TABLE            __Vectors
 179:../../../../..//Drivers/CMSIS/Include/cmsis_gcc.h **** #endif
 180:../../../../..//Drivers/CMSIS/Include/cmsis_gcc.h **** 
 181:../../../../..//Drivers/CMSIS/Include/cmsis_gcc.h **** #ifndef __VECTOR_TABLE_ATTRIBUTE
 182:../../../../..//Drivers/CMSIS/Include/cmsis_gcc.h **** #define __VECTOR_TABLE_ATTRIBUTE  __attribute__((used, section(".vectors")))
 183:../../../../..//Drivers/CMSIS/Include/cmsis_gcc.h **** #endif
 184:../../../../..//Drivers/CMSIS/Include/cmsis_gcc.h **** 
 185:../../../../..//Drivers/CMSIS/Include/cmsis_gcc.h **** #if defined (__ARM_FEATURE_CMSE) && (__ARM_FEATURE_CMSE == 3U)
 186:../../../../..//Drivers/CMSIS/Include/cmsis_gcc.h **** #ifndef __STACK_SEAL
 187:../../../../..//Drivers/CMSIS/Include/cmsis_gcc.h **** #define __STACK_SEAL              __StackSeal
 188:../../../../..//Drivers/CMSIS/Include/cmsis_gcc.h **** #endif
 189:../../../../..//Drivers/CMSIS/Include/cmsis_gcc.h **** 
 190:../../../../..//Drivers/CMSIS/Include/cmsis_gcc.h **** #ifndef __TZ_STACK_SEAL_SIZE
 191:../../../../..//Drivers/CMSIS/Include/cmsis_gcc.h **** #define __TZ_STACK_SEAL_SIZE      8U
 192:../../../../..//Drivers/CMSIS/Include/cmsis_gcc.h **** #endif
 193:../../../../..//Drivers/CMSIS/Include/cmsis_gcc.h **** 
 194:../../../../..//Drivers/CMSIS/Include/cmsis_gcc.h **** #ifndef __TZ_STACK_SEAL_VALUE
 195:../../../../..//Drivers/CMSIS/Include/cmsis_gcc.h **** #define __TZ_STACK_SEAL_VALUE     0xFEF5EDA5FEF5EDA5ULL
 196:../../../../..//Drivers/CMSIS/Include/cmsis_gcc.h **** #endif
 197:../../../../..//Drivers/CMSIS/Include/cmsis_gcc.h **** 
 198:../../../../..//Drivers/CMSIS/Include/cmsis_gcc.h **** 
 199:../../../../..//Drivers/CMSIS/Include/cmsis_gcc.h **** __STATIC_FORCEINLINE void __TZ_set_STACKSEAL_S (uint32_t* stackTop) {
 200:../../../../..//Drivers/CMSIS/Include/cmsis_gcc.h ****   *((uint64_t *)stackTop) = __TZ_STACK_SEAL_VALUE;
 201:../../../../..//Drivers/CMSIS/Include/cmsis_gcc.h **** }
 202:../../../../..//Drivers/CMSIS/Include/cmsis_gcc.h **** #endif
 203:../../../../..//Drivers/CMSIS/Include/cmsis_gcc.h **** 
 204:../../../../..//Drivers/CMSIS/Include/cmsis_gcc.h **** 
 205:../../../../..//Drivers/CMSIS/Include/cmsis_gcc.h **** /* ##########################  Core Instruction Access  ######################### */
 206:../../../../..//Drivers/CMSIS/Include/cmsis_gcc.h **** /** \defgroup CMSIS_Core_InstructionInterface CMSIS Core Instruction Interface
 207:../../../../..//Drivers/CMSIS/Include/cmsis_gcc.h ****   Access to dedicated instructions
 208:../../../../..//Drivers/CMSIS/Include/cmsis_gcc.h ****   @{
 209:../../../../..//Drivers/CMSIS/Include/cmsis_gcc.h **** */
 210:../../../../..//Drivers/CMSIS/Include/cmsis_gcc.h **** 
 211:../../../../..//Drivers/CMSIS/Include/cmsis_gcc.h **** /* Define macros for porting to both thumb1 and thumb2.
 212:../../../../..//Drivers/CMSIS/Include/cmsis_gcc.h ****  * For thumb1, use low register (r0-r7), specified by constraint "l"
 213:../../../../..//Drivers/CMSIS/Include/cmsis_gcc.h ****  * Otherwise, use general registers, specified by constraint "r" */
 214:../../../../..//Drivers/CMSIS/Include/cmsis_gcc.h **** #if defined (__thumb__) && !defined (__thumb2__)
 215:../../../../..//Drivers/CMSIS/Include/cmsis_gcc.h **** #define __CMSIS_GCC_OUT_REG(r) "=l" (r)
 216:../../../../..//Drivers/CMSIS/Include/cmsis_gcc.h **** #define __CMSIS_GCC_RW_REG(r) "+l" (r)
 217:../../../../..//Drivers/CMSIS/Include/cmsis_gcc.h **** #define __CMSIS_GCC_USE_REG(r) "l" (r)
 218:../../../../..//Drivers/CMSIS/Include/cmsis_gcc.h **** #else
 219:../../../../..//Drivers/CMSIS/Include/cmsis_gcc.h **** #define __CMSIS_GCC_OUT_REG(r) "=r" (r)
 220:../../../../..//Drivers/CMSIS/Include/cmsis_gcc.h **** #define __CMSIS_GCC_RW_REG(r) "+r" (r)
 221:../../../../..//Drivers/CMSIS/Include/cmsis_gcc.h **** #define __CMSIS_GCC_USE_REG(r) "r" (r)
 222:../../../../..//Drivers/CMSIS/Include/cmsis_gcc.h **** #endif
 223:../../../../..//Drivers/CMSIS/Include/cmsis_gcc.h **** 
 224:../../../../..//Drivers/CMSIS/Include/cmsis_gcc.h **** /**
 225:../../../../..//Drivers/CMSIS/Include/cmsis_gcc.h ****   \brief   No Operation
 226:../../../../..//Drivers/CMSIS/Include/cmsis_gcc.h ****   \details No Operation does nothing. This instruction can be used for code alignment purposes.
 227:../../../../..//Drivers/CMSIS/Include/cmsis_gcc.h ****  */
 228:../../../../..//Drivers/CMSIS/Include/cmsis_gcc.h **** #define __NOP()                             __ASM volatile ("nop")
 229:../../../../..//Drivers/CMSIS/Include/cmsis_gcc.h **** 
 230:../../../../..//Drivers/CMSIS/Include/cmsis_gcc.h **** /**
 231:../../../../..//Drivers/CMSIS/Include/cmsis_gcc.h ****   \brief   Wait For Interrupt
 232:../../../../..//Drivers/CMSIS/Include/cmsis_gcc.h ****   \details Wait For Interrupt is a hint instruction that suspends execution until one of a number o
ARM GAS  /tmp/ccJtBsfS.s 			page 24


 233:../../../../..//Drivers/CMSIS/Include/cmsis_gcc.h ****  */
 234:../../../../..//Drivers/CMSIS/Include/cmsis_gcc.h **** #define __WFI()                             __ASM volatile ("wfi":::"memory")
 235:../../../../..//Drivers/CMSIS/Include/cmsis_gcc.h **** 
 236:../../../../..//Drivers/CMSIS/Include/cmsis_gcc.h **** 
 237:../../../../..//Drivers/CMSIS/Include/cmsis_gcc.h **** /**
 238:../../../../..//Drivers/CMSIS/Include/cmsis_gcc.h ****   \brief   Wait For Event
 239:../../../../..//Drivers/CMSIS/Include/cmsis_gcc.h ****   \details Wait For Event is a hint instruction that permits the processor to enter
 240:../../../../..//Drivers/CMSIS/Include/cmsis_gcc.h ****            a low-power state until one of a number of events occurs.
 241:../../../../..//Drivers/CMSIS/Include/cmsis_gcc.h ****  */
 242:../../../../..//Drivers/CMSIS/Include/cmsis_gcc.h **** #define __WFE()                             __ASM volatile ("wfe":::"memory")
 243:../../../../..//Drivers/CMSIS/Include/cmsis_gcc.h **** 
 244:../../../../..//Drivers/CMSIS/Include/cmsis_gcc.h **** 
 245:../../../../..//Drivers/CMSIS/Include/cmsis_gcc.h **** /**
 246:../../../../..//Drivers/CMSIS/Include/cmsis_gcc.h ****   \brief   Send Event
 247:../../../../..//Drivers/CMSIS/Include/cmsis_gcc.h ****   \details Send Event is a hint instruction. It causes an event to be signaled to the CPU.
 248:../../../../..//Drivers/CMSIS/Include/cmsis_gcc.h ****  */
 249:../../../../..//Drivers/CMSIS/Include/cmsis_gcc.h **** #define __SEV()                             __ASM volatile ("sev")
 250:../../../../..//Drivers/CMSIS/Include/cmsis_gcc.h **** 
 251:../../../../..//Drivers/CMSIS/Include/cmsis_gcc.h **** 
 252:../../../../..//Drivers/CMSIS/Include/cmsis_gcc.h **** /**
 253:../../../../..//Drivers/CMSIS/Include/cmsis_gcc.h ****   \brief   Instruction Synchronization Barrier
 254:../../../../..//Drivers/CMSIS/Include/cmsis_gcc.h ****   \details Instruction Synchronization Barrier flushes the pipeline in the processor,
 255:../../../../..//Drivers/CMSIS/Include/cmsis_gcc.h ****            so that all instructions following the ISB are fetched from cache or memory,
 256:../../../../..//Drivers/CMSIS/Include/cmsis_gcc.h ****            after the instruction has been completed.
 257:../../../../..//Drivers/CMSIS/Include/cmsis_gcc.h ****  */
 258:../../../../..//Drivers/CMSIS/Include/cmsis_gcc.h **** __STATIC_FORCEINLINE void __ISB(void)
 259:../../../../..//Drivers/CMSIS/Include/cmsis_gcc.h **** {
 260:../../../../..//Drivers/CMSIS/Include/cmsis_gcc.h ****   __ASM volatile ("isb 0xF":::"memory");
 261:../../../../..//Drivers/CMSIS/Include/cmsis_gcc.h **** }
 262:../../../../..//Drivers/CMSIS/Include/cmsis_gcc.h **** 
 263:../../../../..//Drivers/CMSIS/Include/cmsis_gcc.h **** 
 264:../../../../..//Drivers/CMSIS/Include/cmsis_gcc.h **** /**
 265:../../../../..//Drivers/CMSIS/Include/cmsis_gcc.h ****   \brief   Data Synchronization Barrier
 266:../../../../..//Drivers/CMSIS/Include/cmsis_gcc.h ****   \details Acts as a special kind of Data Memory Barrier.
 267:../../../../..//Drivers/CMSIS/Include/cmsis_gcc.h ****            It completes when all explicit memory accesses before this instruction complete.
 268:../../../../..//Drivers/CMSIS/Include/cmsis_gcc.h ****  */
 269:../../../../..//Drivers/CMSIS/Include/cmsis_gcc.h **** __STATIC_FORCEINLINE void __DSB(void)
  43              		.loc 3 269 27 view .LVU4
  44              	.LBB15:
 270:../../../../..//Drivers/CMSIS/Include/cmsis_gcc.h **** {
 271:../../../../..//Drivers/CMSIS/Include/cmsis_gcc.h ****   __ASM volatile ("dsb 0xF":::"memory");
  45              		.loc 3 271 3 view .LVU5
  46              		.syntax divided
  47              	@ 271 "../../../../..//Drivers/CMSIS/Include/cmsis_gcc.h" 1
  48 0000 BFF34F8F 		dsb 0xF
  49              	@ 0 "" 2
  50              		.thumb
  51              		.syntax unified
  52              	.LBE15:
  53              	.LBE14:
 990:../../../../..//Drivers/CMSIS/Include/core_cm0plus.h ****                                                                        buffered write are completed
 991:../../../../..//Drivers/CMSIS/Include/core_cm0plus.h ****   SCB->AIRCR  = ((0x5FAUL << SCB_AIRCR_VECTKEY_Pos) |
  54              		.loc 2 991 3 view .LVU6
  55              		.loc 2 991 15 is_stmt 0 view .LVU7
  56 0004 034B     		ldr	r3, .L3
  57 0006 044A     		ldr	r2, .L3+4
  58 0008 DA60     		str	r2, [r3, #12]
ARM GAS  /tmp/ccJtBsfS.s 			page 25


 992:../../../../..//Drivers/CMSIS/Include/core_cm0plus.h ****                  SCB_AIRCR_SYSRESETREQ_Msk);
 993:../../../../..//Drivers/CMSIS/Include/core_cm0plus.h ****   __DSB();                                                          /* Ensure completion of memory 
  59              		.loc 2 993 3 is_stmt 1 view .LVU8
  60              	.LBB16:
  61              	.LBI16:
 269:../../../../..//Drivers/CMSIS/Include/cmsis_gcc.h **** {
  62              		.loc 3 269 27 view .LVU9
  63              	.LBB17:
  64              		.loc 3 271 3 view .LVU10
  65              		.syntax divided
  66              	@ 271 "../../../../..//Drivers/CMSIS/Include/cmsis_gcc.h" 1
  67 000a BFF34F8F 		dsb 0xF
  68              	@ 0 "" 2
  69              		.thumb
  70              		.syntax unified
  71              	.L2:
  72              	.LBE17:
  73              	.LBE16:
 994:../../../../..//Drivers/CMSIS/Include/core_cm0plus.h **** 
 995:../../../../..//Drivers/CMSIS/Include/core_cm0plus.h ****   for(;;)                                                           /* wait until reset */
  74              		.loc 2 995 3 view .LVU11
 996:../../../../..//Drivers/CMSIS/Include/core_cm0plus.h ****   {
 997:../../../../..//Drivers/CMSIS/Include/core_cm0plus.h ****     __NOP();
  75              		.loc 2 997 5 discriminator 1 view .LVU12
  76              		.syntax divided
  77              	@ 997 "../../../../..//Drivers/CMSIS/Include/core_cm0plus.h" 1
  78 000e C046     		nop
  79              	@ 0 "" 2
 995:../../../../..//Drivers/CMSIS/Include/core_cm0plus.h ****   {
  80              		.loc 2 995 3 view .LVU13
  81              		.thumb
  82              		.syntax unified
  83 0010 FDE7     		b	.L2
  84              	.L4:
  85 0012 C046     		.align	2
  86              	.L3:
  87 0014 00ED00E0 		.word	-536810240
  88 0018 0400FA05 		.word	100270084
  89              	.LBE13:
  90              	.LBE12:
  91              		.cfi_endproc
  92              	.LFE180:
  94              		.text
  95              	.Letext0:
  96              		.file 4 "/usr/lib/gcc/arm-none-eabi/13.2.1/include/stdint.h"
ARM GAS  /tmp/ccJtBsfS.s 			page 26


DEFINED SYMBOLS
                            *ABS*:00000000 se_exception.c
     /tmp/ccJtBsfS.s:19     .text.SE_NMI_ExceptionHandler:00000000 $t
     /tmp/ccJtBsfS.s:25     .text.SE_NMI_ExceptionHandler:00000000 SE_NMI_ExceptionHandler
     /tmp/ccJtBsfS.s:87     .text.SE_NMI_ExceptionHandler:00000014 $d
                           .group:00000000 wm4.0.e310b2036dcc8a4d3b16f3fea9ebd0de
                           .group:00000000 wm4.stddef.h.39.0dc9006b34572d4d9cae4c8b422c4971
                           .group:00000000 wm4.stdint.h.29.6d480f4ba0f60596e88234283d42444f
                           .group:00000000 wm4.se_def_core.h.21.4e4ed01aa34801a3fdac798922254e8b
                           .group:00000000 wm4.se_crypto_config.h.23.4877f252b7277cd509a204488365106b
                           .group:00000000 wm4.se_def_metadata.h.53.a6db72eb1c0ccedcf70ef4ddface5795
                           .group:00000000 wm4.app_sfu.h.52.55f63580740e4a8cb8213d7618f37604
                           .group:00000000 wm4.mapping_export.h.21.690e455ff83f2d626567681d657ba5ab
                           .group:00000000 wm4.sfu_fwimg_regions.h.41.fdbfe18d9222adf4f8312b4630fa88a0
                           .group:00000000 wm4.stm32g0xx_hal_conf.h.21.2418b000d87b23231c37db35ad77d0ea
                           .group:00000000 wm4.stm32g0xx.h.37.aadb526b10f0f4555648bb8fa7c96b30
                           .group:00000000 wm4.stm32g071xx.h.36.9469a89bf1e6c2a2fe25d20581d0f58b
                           .group:00000000 wm4.cmsis_version.h.32.0ac195c83bb4537824e6ad1c47474b79
                           .group:00000000 wm4.core_cm0plus.h.66.bb83319bcb10b4c5f12c477f85f2aa51
                           .group:00000000 wm4.cmsis_gcc.h.26.63926f8d3817e3a42e7f7ef2cd15156e
                           .group:00000000 wm4.core_cm0plus.h.127.cfee784d07c850b645554dc8add78e69
                           .group:00000000 wm4.mpu_armv7.h.32.83326921a797fa9d6f70449916b4b839
                           .group:00000000 wm4.stm32g071xx.h.155.9be12c2e48b47e8d66c20ceac374f1ee
                           .group:00000000 wm4.stm32g0xx.h.154.7f8452780a6fe1b4b4d5bfbf416cea0c
                           .group:00000000 wm4.stm32_hal_legacy.h.22.2f8f7f94da7216ffa6187bf113829094
                           .group:00000000 wm4.stm32g0xx_hal_def.h.57.7810ceeb3f277465a11a202f246b14c8
                           .group:00000000 wm4.stm32g0xx_ll_rcc.h.20.b48ad5e6c80881ce9d548f86592ad1d8
                           .group:00000000 wm4.stm32g0xx_hal_rcc.h.43.40a2deb1468b47dcb7de4a6adda92374
                           .group:00000000 wm4.stm32g0xx_hal_rcc_ex.h.20.c2035e135ea57d6c1c2839329f24a562
                           .group:00000000 wm4.stm32g0xx_hal_gpio.h.21.abd5f8c60de2afe2676b3cc6a4b2c068
                           .group:00000000 wm4.stm32g0xx_hal_gpio_ex.h.21.c1a1c19cef6d6a2cf049535a12fe7f6a
                           .group:00000000 wm4.stm32g0xx_hal_crc.h.21.8c2791752a3f5c79fed6a23e2361d260
                           .group:00000000 wm4.stm32g0xx_hal_crc_ex.h.21.13b666a67e761630a3250514972d9a47
                           .group:00000000 wm4.stm32g0xx_hal_flash.h.20.e512dd9a8958277cc7dd512f2312ae8a
                           .group:00000000 wm4.stm32g0xx_hal_flash_ex.h.20.2a1daa1e7e7bd4a16651545fee4a1fbb
                           .group:00000000 wm4.stm32g0xx_hal_flash.h.874.3e4bc5d8948716c644009bcc9a4f3f60
                           .group:00000000 wm4.stm32g0xx_hal_pwr.h.21.7d5b107b2d1b54bfd27bcb92ed3281e0
                           .group:00000000 wm4.stm32g0xx_hal_pwr_ex.h.21.01c718c420189d18e9ec3e46e6e9261f
                           .group:00000000 wm4.stm32g0xx_hal.h.66.28db47a9e4ed9349693c6c0c6101689d
                           .group:00000000 wm4.se_low_level.h.69.817001c691b349e6e02ccaa65ab75b6a

NO UNDEFINED SYMBOLS
