ARM GAS  /tmp/cczLaygH.s 			page 1


   1              		.cpu cortex-m0plus
   2              		.arch armv6s-m
   3              		.fpu softvfp
   4              		.eabi_attribute 20, 1
   5              		.eabi_attribute 21, 1
   6              		.eabi_attribute 23, 3
   7              		.eabi_attribute 24, 1
   8              		.eabi_attribute 25, 1
   9              		.eabi_attribute 26, 1
  10              		.eabi_attribute 30, 4
  11              		.eabi_attribute 34, 0
  12              		.eabi_attribute 18, 4
  13              		.file	"se_low_level.c"
  14              		.text
  15              	.Ltext0:
  16              		.cfi_sections	.debug_frame
  17              		.file 1 "Src/se_low_level.c"
  18              		.section	.text.__NVIC_SystemReset,"ax",%progbits
  19              		.align	1
  20              		.syntax unified
  21              		.code	16
  22              		.thumb_func
  24              	__NVIC_SystemReset:
  25              	.LFB39:
  26              		.file 2 "../../../../..//Drivers/CMSIS/Include/core_cm0plus.h"
   1:../../../../..//Drivers/CMSIS/Include/core_cm0plus.h **** /**************************************************************************//**
   2:../../../../..//Drivers/CMSIS/Include/core_cm0plus.h ****  * @file     core_cm0plus.h
   3:../../../../..//Drivers/CMSIS/Include/core_cm0plus.h ****  * @brief    CMSIS Cortex-M0+ Core Peripheral Access Layer Header File
   4:../../../../..//Drivers/CMSIS/Include/core_cm0plus.h ****  * @version  V5.0.9
   5:../../../../..//Drivers/CMSIS/Include/core_cm0plus.h ****  * @date     21. August 2019
   6:../../../../..//Drivers/CMSIS/Include/core_cm0plus.h ****  ******************************************************************************/
   7:../../../../..//Drivers/CMSIS/Include/core_cm0plus.h **** /*
   8:../../../../..//Drivers/CMSIS/Include/core_cm0plus.h ****  * Copyright (c) 2009-2019 Arm Limited. All rights reserved.
   9:../../../../..//Drivers/CMSIS/Include/core_cm0plus.h ****  *
  10:../../../../..//Drivers/CMSIS/Include/core_cm0plus.h ****  * SPDX-License-Identifier: Apache-2.0
  11:../../../../..//Drivers/CMSIS/Include/core_cm0plus.h ****  *
  12:../../../../..//Drivers/CMSIS/Include/core_cm0plus.h ****  * Licensed under the Apache License, Version 2.0 (the License); you may
  13:../../../../..//Drivers/CMSIS/Include/core_cm0plus.h ****  * not use this file except in compliance with the License.
  14:../../../../..//Drivers/CMSIS/Include/core_cm0plus.h ****  * You may obtain a copy of the License at
  15:../../../../..//Drivers/CMSIS/Include/core_cm0plus.h ****  *
  16:../../../../..//Drivers/CMSIS/Include/core_cm0plus.h ****  * www.apache.org/licenses/LICENSE-2.0
  17:../../../../..//Drivers/CMSIS/Include/core_cm0plus.h ****  *
  18:../../../../..//Drivers/CMSIS/Include/core_cm0plus.h ****  * Unless required by applicable law or agreed to in writing, software
  19:../../../../..//Drivers/CMSIS/Include/core_cm0plus.h ****  * distributed under the License is distributed on an AS IS BASIS, WITHOUT
  20:../../../../..//Drivers/CMSIS/Include/core_cm0plus.h ****  * WARRANTIES OR CONDITIONS OF ANY KIND, either express or implied.
  21:../../../../..//Drivers/CMSIS/Include/core_cm0plus.h ****  * See the License for the specific language governing permissions and
  22:../../../../..//Drivers/CMSIS/Include/core_cm0plus.h ****  * limitations under the License.
  23:../../../../..//Drivers/CMSIS/Include/core_cm0plus.h ****  */
  24:../../../../..//Drivers/CMSIS/Include/core_cm0plus.h **** 
  25:../../../../..//Drivers/CMSIS/Include/core_cm0plus.h **** #if   defined ( __ICCARM__ )
  26:../../../../..//Drivers/CMSIS/Include/core_cm0plus.h ****   #pragma system_include         /* treat file as system include file for MISRA check */
  27:../../../../..//Drivers/CMSIS/Include/core_cm0plus.h **** #elif defined (__clang__)
  28:../../../../..//Drivers/CMSIS/Include/core_cm0plus.h ****   #pragma clang system_header   /* treat file as system include file */
  29:../../../../..//Drivers/CMSIS/Include/core_cm0plus.h **** #endif
  30:../../../../..//Drivers/CMSIS/Include/core_cm0plus.h **** 
  31:../../../../..//Drivers/CMSIS/Include/core_cm0plus.h **** #ifndef __CORE_CM0PLUS_H_GENERIC
  32:../../../../..//Drivers/CMSIS/Include/core_cm0plus.h **** #define __CORE_CM0PLUS_H_GENERIC
ARM GAS  /tmp/cczLaygH.s 			page 2


  33:../../../../..//Drivers/CMSIS/Include/core_cm0plus.h **** 
  34:../../../../..//Drivers/CMSIS/Include/core_cm0plus.h **** #include <stdint.h>
  35:../../../../..//Drivers/CMSIS/Include/core_cm0plus.h **** 
  36:../../../../..//Drivers/CMSIS/Include/core_cm0plus.h **** #ifdef __cplusplus
  37:../../../../..//Drivers/CMSIS/Include/core_cm0plus.h ****  extern "C" {
  38:../../../../..//Drivers/CMSIS/Include/core_cm0plus.h **** #endif
  39:../../../../..//Drivers/CMSIS/Include/core_cm0plus.h **** 
  40:../../../../..//Drivers/CMSIS/Include/core_cm0plus.h **** /**
  41:../../../../..//Drivers/CMSIS/Include/core_cm0plus.h ****   \page CMSIS_MISRA_Exceptions  MISRA-C:2004 Compliance Exceptions
  42:../../../../..//Drivers/CMSIS/Include/core_cm0plus.h ****   CMSIS violates the following MISRA-C:2004 rules:
  43:../../../../..//Drivers/CMSIS/Include/core_cm0plus.h **** 
  44:../../../../..//Drivers/CMSIS/Include/core_cm0plus.h ****    \li Required Rule 8.5, object/function definition in header file.<br>
  45:../../../../..//Drivers/CMSIS/Include/core_cm0plus.h ****      Function definitions in header files are used to allow 'inlining'.
  46:../../../../..//Drivers/CMSIS/Include/core_cm0plus.h **** 
  47:../../../../..//Drivers/CMSIS/Include/core_cm0plus.h ****    \li Required Rule 18.4, declaration of union type or object of union type: '{...}'.<br>
  48:../../../../..//Drivers/CMSIS/Include/core_cm0plus.h ****      Unions are used for effective representation of core registers.
  49:../../../../..//Drivers/CMSIS/Include/core_cm0plus.h **** 
  50:../../../../..//Drivers/CMSIS/Include/core_cm0plus.h ****    \li Advisory Rule 19.7, Function-like macro defined.<br>
  51:../../../../..//Drivers/CMSIS/Include/core_cm0plus.h ****      Function-like macros are used to allow more efficient code.
  52:../../../../..//Drivers/CMSIS/Include/core_cm0plus.h ****  */
  53:../../../../..//Drivers/CMSIS/Include/core_cm0plus.h **** 
  54:../../../../..//Drivers/CMSIS/Include/core_cm0plus.h **** 
  55:../../../../..//Drivers/CMSIS/Include/core_cm0plus.h **** /*******************************************************************************
  56:../../../../..//Drivers/CMSIS/Include/core_cm0plus.h ****  *                 CMSIS definitions
  57:../../../../..//Drivers/CMSIS/Include/core_cm0plus.h ****  ******************************************************************************/
  58:../../../../..//Drivers/CMSIS/Include/core_cm0plus.h **** /**
  59:../../../../..//Drivers/CMSIS/Include/core_cm0plus.h ****   \ingroup Cortex-M0+
  60:../../../../..//Drivers/CMSIS/Include/core_cm0plus.h ****   @{
  61:../../../../..//Drivers/CMSIS/Include/core_cm0plus.h ****  */
  62:../../../../..//Drivers/CMSIS/Include/core_cm0plus.h **** 
  63:../../../../..//Drivers/CMSIS/Include/core_cm0plus.h **** #include "cmsis_version.h"
  64:../../../../..//Drivers/CMSIS/Include/core_cm0plus.h ****  
  65:../../../../..//Drivers/CMSIS/Include/core_cm0plus.h **** /*  CMSIS CM0+ definitions */
  66:../../../../..//Drivers/CMSIS/Include/core_cm0plus.h **** #define __CM0PLUS_CMSIS_VERSION_MAIN (__CM_CMSIS_VERSION_MAIN)                  /*!< \deprecated [3
  67:../../../../..//Drivers/CMSIS/Include/core_cm0plus.h **** #define __CM0PLUS_CMSIS_VERSION_SUB  (__CM_CMSIS_VERSION_SUB)                   /*!< \deprecated [1
  68:../../../../..//Drivers/CMSIS/Include/core_cm0plus.h **** #define __CM0PLUS_CMSIS_VERSION      ((__CM0PLUS_CMSIS_VERSION_MAIN << 16U) | \
  69:../../../../..//Drivers/CMSIS/Include/core_cm0plus.h ****                                        __CM0PLUS_CMSIS_VERSION_SUB           )  /*!< \deprecated CM
  70:../../../../..//Drivers/CMSIS/Include/core_cm0plus.h **** 
  71:../../../../..//Drivers/CMSIS/Include/core_cm0plus.h **** #define __CORTEX_M                   (0U)                                       /*!< Cortex-M Core 
  72:../../../../..//Drivers/CMSIS/Include/core_cm0plus.h **** 
  73:../../../../..//Drivers/CMSIS/Include/core_cm0plus.h **** /** __FPU_USED indicates whether an FPU is used or not.
  74:../../../../..//Drivers/CMSIS/Include/core_cm0plus.h ****     This core does not support an FPU at all
  75:../../../../..//Drivers/CMSIS/Include/core_cm0plus.h **** */
  76:../../../../..//Drivers/CMSIS/Include/core_cm0plus.h **** #define __FPU_USED       0U
  77:../../../../..//Drivers/CMSIS/Include/core_cm0plus.h **** 
  78:../../../../..//Drivers/CMSIS/Include/core_cm0plus.h **** #if defined ( __CC_ARM )
  79:../../../../..//Drivers/CMSIS/Include/core_cm0plus.h ****   #if defined __TARGET_FPU_VFP
  80:../../../../..//Drivers/CMSIS/Include/core_cm0plus.h ****     #error "Compiler generates FPU instructions for a device without an FPU (check __FPU_PRESENT)"
  81:../../../../..//Drivers/CMSIS/Include/core_cm0plus.h ****   #endif
  82:../../../../..//Drivers/CMSIS/Include/core_cm0plus.h **** 
  83:../../../../..//Drivers/CMSIS/Include/core_cm0plus.h **** #elif defined (__ARMCC_VERSION) && (__ARMCC_VERSION >= 6010050)
  84:../../../../..//Drivers/CMSIS/Include/core_cm0plus.h ****   #if defined __ARM_FP
  85:../../../../..//Drivers/CMSIS/Include/core_cm0plus.h ****     #error "Compiler generates FPU instructions for a device without an FPU (check __FPU_PRESENT)"
  86:../../../../..//Drivers/CMSIS/Include/core_cm0plus.h ****   #endif
  87:../../../../..//Drivers/CMSIS/Include/core_cm0plus.h **** 
  88:../../../../..//Drivers/CMSIS/Include/core_cm0plus.h **** #elif defined ( __GNUC__ )
  89:../../../../..//Drivers/CMSIS/Include/core_cm0plus.h ****   #if defined (__VFP_FP__) && !defined(__SOFTFP__)
ARM GAS  /tmp/cczLaygH.s 			page 3


  90:../../../../..//Drivers/CMSIS/Include/core_cm0plus.h ****     #error "Compiler generates FPU instructions for a device without an FPU (check __FPU_PRESENT)"
  91:../../../../..//Drivers/CMSIS/Include/core_cm0plus.h ****   #endif
  92:../../../../..//Drivers/CMSIS/Include/core_cm0plus.h **** 
  93:../../../../..//Drivers/CMSIS/Include/core_cm0plus.h **** #elif defined ( __ICCARM__ )
  94:../../../../..//Drivers/CMSIS/Include/core_cm0plus.h ****   #if defined __ARMVFP__
  95:../../../../..//Drivers/CMSIS/Include/core_cm0plus.h ****     #error "Compiler generates FPU instructions for a device without an FPU (check __FPU_PRESENT)"
  96:../../../../..//Drivers/CMSIS/Include/core_cm0plus.h ****   #endif
  97:../../../../..//Drivers/CMSIS/Include/core_cm0plus.h **** 
  98:../../../../..//Drivers/CMSIS/Include/core_cm0plus.h **** #elif defined ( __TI_ARM__ )
  99:../../../../..//Drivers/CMSIS/Include/core_cm0plus.h ****   #if defined __TI_VFP_SUPPORT__
 100:../../../../..//Drivers/CMSIS/Include/core_cm0plus.h ****     #error "Compiler generates FPU instructions for a device without an FPU (check __FPU_PRESENT)"
 101:../../../../..//Drivers/CMSIS/Include/core_cm0plus.h ****   #endif
 102:../../../../..//Drivers/CMSIS/Include/core_cm0plus.h **** 
 103:../../../../..//Drivers/CMSIS/Include/core_cm0plus.h **** #elif defined ( __TASKING__ )
 104:../../../../..//Drivers/CMSIS/Include/core_cm0plus.h ****   #if defined __FPU_VFP__
 105:../../../../..//Drivers/CMSIS/Include/core_cm0plus.h ****     #error "Compiler generates FPU instructions for a device without an FPU (check __FPU_PRESENT)"
 106:../../../../..//Drivers/CMSIS/Include/core_cm0plus.h ****   #endif
 107:../../../../..//Drivers/CMSIS/Include/core_cm0plus.h **** 
 108:../../../../..//Drivers/CMSIS/Include/core_cm0plus.h **** #elif defined ( __CSMC__ )
 109:../../../../..//Drivers/CMSIS/Include/core_cm0plus.h ****   #if ( __CSMC__ & 0x400U)
 110:../../../../..//Drivers/CMSIS/Include/core_cm0plus.h ****     #error "Compiler generates FPU instructions for a device without an FPU (check __FPU_PRESENT)"
 111:../../../../..//Drivers/CMSIS/Include/core_cm0plus.h ****   #endif
 112:../../../../..//Drivers/CMSIS/Include/core_cm0plus.h **** 
 113:../../../../..//Drivers/CMSIS/Include/core_cm0plus.h **** #endif
 114:../../../../..//Drivers/CMSIS/Include/core_cm0plus.h **** 
 115:../../../../..//Drivers/CMSIS/Include/core_cm0plus.h **** #include "cmsis_compiler.h"               /* CMSIS compiler specific defines */
 116:../../../../..//Drivers/CMSIS/Include/core_cm0plus.h **** 
 117:../../../../..//Drivers/CMSIS/Include/core_cm0plus.h **** 
 118:../../../../..//Drivers/CMSIS/Include/core_cm0plus.h **** #ifdef __cplusplus
 119:../../../../..//Drivers/CMSIS/Include/core_cm0plus.h **** }
 120:../../../../..//Drivers/CMSIS/Include/core_cm0plus.h **** #endif
 121:../../../../..//Drivers/CMSIS/Include/core_cm0plus.h **** 
 122:../../../../..//Drivers/CMSIS/Include/core_cm0plus.h **** #endif /* __CORE_CM0PLUS_H_GENERIC */
 123:../../../../..//Drivers/CMSIS/Include/core_cm0plus.h **** 
 124:../../../../..//Drivers/CMSIS/Include/core_cm0plus.h **** #ifndef __CMSIS_GENERIC
 125:../../../../..//Drivers/CMSIS/Include/core_cm0plus.h **** 
 126:../../../../..//Drivers/CMSIS/Include/core_cm0plus.h **** #ifndef __CORE_CM0PLUS_H_DEPENDANT
 127:../../../../..//Drivers/CMSIS/Include/core_cm0plus.h **** #define __CORE_CM0PLUS_H_DEPENDANT
 128:../../../../..//Drivers/CMSIS/Include/core_cm0plus.h **** 
 129:../../../../..//Drivers/CMSIS/Include/core_cm0plus.h **** #ifdef __cplusplus
 130:../../../../..//Drivers/CMSIS/Include/core_cm0plus.h ****  extern "C" {
 131:../../../../..//Drivers/CMSIS/Include/core_cm0plus.h **** #endif
 132:../../../../..//Drivers/CMSIS/Include/core_cm0plus.h **** 
 133:../../../../..//Drivers/CMSIS/Include/core_cm0plus.h **** /* check device defines and use defaults */
 134:../../../../..//Drivers/CMSIS/Include/core_cm0plus.h **** #if defined __CHECK_DEVICE_DEFINES
 135:../../../../..//Drivers/CMSIS/Include/core_cm0plus.h ****   #ifndef __CM0PLUS_REV
 136:../../../../..//Drivers/CMSIS/Include/core_cm0plus.h ****     #define __CM0PLUS_REV             0x0000U
 137:../../../../..//Drivers/CMSIS/Include/core_cm0plus.h ****     #warning "__CM0PLUS_REV not defined in device header file; using default!"
 138:../../../../..//Drivers/CMSIS/Include/core_cm0plus.h ****   #endif
 139:../../../../..//Drivers/CMSIS/Include/core_cm0plus.h **** 
 140:../../../../..//Drivers/CMSIS/Include/core_cm0plus.h ****   #ifndef __MPU_PRESENT
 141:../../../../..//Drivers/CMSIS/Include/core_cm0plus.h ****     #define __MPU_PRESENT             0U
 142:../../../../..//Drivers/CMSIS/Include/core_cm0plus.h ****     #warning "__MPU_PRESENT not defined in device header file; using default!"
 143:../../../../..//Drivers/CMSIS/Include/core_cm0plus.h ****   #endif
 144:../../../../..//Drivers/CMSIS/Include/core_cm0plus.h **** 
 145:../../../../..//Drivers/CMSIS/Include/core_cm0plus.h ****   #ifndef __VTOR_PRESENT
 146:../../../../..//Drivers/CMSIS/Include/core_cm0plus.h ****     #define __VTOR_PRESENT            0U
ARM GAS  /tmp/cczLaygH.s 			page 4


 147:../../../../..//Drivers/CMSIS/Include/core_cm0plus.h ****     #warning "__VTOR_PRESENT not defined in device header file; using default!"
 148:../../../../..//Drivers/CMSIS/Include/core_cm0plus.h ****   #endif
 149:../../../../..//Drivers/CMSIS/Include/core_cm0plus.h **** 
 150:../../../../..//Drivers/CMSIS/Include/core_cm0plus.h ****   #ifndef __NVIC_PRIO_BITS
 151:../../../../..//Drivers/CMSIS/Include/core_cm0plus.h ****     #define __NVIC_PRIO_BITS          2U
 152:../../../../..//Drivers/CMSIS/Include/core_cm0plus.h ****     #warning "__NVIC_PRIO_BITS not defined in device header file; using default!"
 153:../../../../..//Drivers/CMSIS/Include/core_cm0plus.h ****   #endif
 154:../../../../..//Drivers/CMSIS/Include/core_cm0plus.h **** 
 155:../../../../..//Drivers/CMSIS/Include/core_cm0plus.h ****   #ifndef __Vendor_SysTickConfig
 156:../../../../..//Drivers/CMSIS/Include/core_cm0plus.h ****     #define __Vendor_SysTickConfig    0U
 157:../../../../..//Drivers/CMSIS/Include/core_cm0plus.h ****     #warning "__Vendor_SysTickConfig not defined in device header file; using default!"
 158:../../../../..//Drivers/CMSIS/Include/core_cm0plus.h ****   #endif
 159:../../../../..//Drivers/CMSIS/Include/core_cm0plus.h **** #endif
 160:../../../../..//Drivers/CMSIS/Include/core_cm0plus.h **** 
 161:../../../../..//Drivers/CMSIS/Include/core_cm0plus.h **** /* IO definitions (access restrictions to peripheral registers) */
 162:../../../../..//Drivers/CMSIS/Include/core_cm0plus.h **** /**
 163:../../../../..//Drivers/CMSIS/Include/core_cm0plus.h ****     \defgroup CMSIS_glob_defs CMSIS Global Defines
 164:../../../../..//Drivers/CMSIS/Include/core_cm0plus.h **** 
 165:../../../../..//Drivers/CMSIS/Include/core_cm0plus.h ****     <strong>IO Type Qualifiers</strong> are used
 166:../../../../..//Drivers/CMSIS/Include/core_cm0plus.h ****     \li to specify the access to peripheral variables.
 167:../../../../..//Drivers/CMSIS/Include/core_cm0plus.h ****     \li for automatic generation of peripheral register debug information.
 168:../../../../..//Drivers/CMSIS/Include/core_cm0plus.h **** */
 169:../../../../..//Drivers/CMSIS/Include/core_cm0plus.h **** #ifdef __cplusplus
 170:../../../../..//Drivers/CMSIS/Include/core_cm0plus.h ****   #define   __I     volatile             /*!< Defines 'read only' permissions */
 171:../../../../..//Drivers/CMSIS/Include/core_cm0plus.h **** #else
 172:../../../../..//Drivers/CMSIS/Include/core_cm0plus.h ****   #define   __I     volatile const       /*!< Defines 'read only' permissions */
 173:../../../../..//Drivers/CMSIS/Include/core_cm0plus.h **** #endif
 174:../../../../..//Drivers/CMSIS/Include/core_cm0plus.h **** #define     __O     volatile             /*!< Defines 'write only' permissions */
 175:../../../../..//Drivers/CMSIS/Include/core_cm0plus.h **** #define     __IO    volatile             /*!< Defines 'read / write' permissions */
 176:../../../../..//Drivers/CMSIS/Include/core_cm0plus.h **** 
 177:../../../../..//Drivers/CMSIS/Include/core_cm0plus.h **** /* following defines should be used for structure members */
 178:../../../../..//Drivers/CMSIS/Include/core_cm0plus.h **** #define     __IM     volatile const      /*! Defines 'read only' structure member permissions */
 179:../../../../..//Drivers/CMSIS/Include/core_cm0plus.h **** #define     __OM     volatile            /*! Defines 'write only' structure member permissions */
 180:../../../../..//Drivers/CMSIS/Include/core_cm0plus.h **** #define     __IOM    volatile            /*! Defines 'read / write' structure member permissions */
 181:../../../../..//Drivers/CMSIS/Include/core_cm0plus.h **** 
 182:../../../../..//Drivers/CMSIS/Include/core_cm0plus.h **** /*@} end of group Cortex-M0+ */
 183:../../../../..//Drivers/CMSIS/Include/core_cm0plus.h **** 
 184:../../../../..//Drivers/CMSIS/Include/core_cm0plus.h **** 
 185:../../../../..//Drivers/CMSIS/Include/core_cm0plus.h **** 
 186:../../../../..//Drivers/CMSIS/Include/core_cm0plus.h **** /*******************************************************************************
 187:../../../../..//Drivers/CMSIS/Include/core_cm0plus.h ****  *                 Register Abstraction
 188:../../../../..//Drivers/CMSIS/Include/core_cm0plus.h ****   Core Register contain:
 189:../../../../..//Drivers/CMSIS/Include/core_cm0plus.h ****   - Core Register
 190:../../../../..//Drivers/CMSIS/Include/core_cm0plus.h ****   - Core NVIC Register
 191:../../../../..//Drivers/CMSIS/Include/core_cm0plus.h ****   - Core SCB Register
 192:../../../../..//Drivers/CMSIS/Include/core_cm0plus.h ****   - Core SysTick Register
 193:../../../../..//Drivers/CMSIS/Include/core_cm0plus.h ****   - Core MPU Register
 194:../../../../..//Drivers/CMSIS/Include/core_cm0plus.h ****  ******************************************************************************/
 195:../../../../..//Drivers/CMSIS/Include/core_cm0plus.h **** /**
 196:../../../../..//Drivers/CMSIS/Include/core_cm0plus.h ****   \defgroup CMSIS_core_register Defines and Type Definitions
 197:../../../../..//Drivers/CMSIS/Include/core_cm0plus.h ****   \brief Type definitions and defines for Cortex-M processor based devices.
 198:../../../../..//Drivers/CMSIS/Include/core_cm0plus.h **** */
 199:../../../../..//Drivers/CMSIS/Include/core_cm0plus.h **** 
 200:../../../../..//Drivers/CMSIS/Include/core_cm0plus.h **** /**
 201:../../../../..//Drivers/CMSIS/Include/core_cm0plus.h ****   \ingroup    CMSIS_core_register
 202:../../../../..//Drivers/CMSIS/Include/core_cm0plus.h ****   \defgroup   CMSIS_CORE  Status and Control Registers
 203:../../../../..//Drivers/CMSIS/Include/core_cm0plus.h ****   \brief      Core Register type definitions.
ARM GAS  /tmp/cczLaygH.s 			page 5


 204:../../../../..//Drivers/CMSIS/Include/core_cm0plus.h ****   @{
 205:../../../../..//Drivers/CMSIS/Include/core_cm0plus.h ****  */
 206:../../../../..//Drivers/CMSIS/Include/core_cm0plus.h **** 
 207:../../../../..//Drivers/CMSIS/Include/core_cm0plus.h **** /**
 208:../../../../..//Drivers/CMSIS/Include/core_cm0plus.h ****   \brief  Union type to access the Application Program Status Register (APSR).
 209:../../../../..//Drivers/CMSIS/Include/core_cm0plus.h ****  */
 210:../../../../..//Drivers/CMSIS/Include/core_cm0plus.h **** typedef union
 211:../../../../..//Drivers/CMSIS/Include/core_cm0plus.h **** {
 212:../../../../..//Drivers/CMSIS/Include/core_cm0plus.h ****   struct
 213:../../../../..//Drivers/CMSIS/Include/core_cm0plus.h ****   {
 214:../../../../..//Drivers/CMSIS/Include/core_cm0plus.h ****     uint32_t _reserved0:28;              /*!< bit:  0..27  Reserved */
 215:../../../../..//Drivers/CMSIS/Include/core_cm0plus.h ****     uint32_t V:1;                        /*!< bit:     28  Overflow condition code flag */
 216:../../../../..//Drivers/CMSIS/Include/core_cm0plus.h ****     uint32_t C:1;                        /*!< bit:     29  Carry condition code flag */
 217:../../../../..//Drivers/CMSIS/Include/core_cm0plus.h ****     uint32_t Z:1;                        /*!< bit:     30  Zero condition code flag */
 218:../../../../..//Drivers/CMSIS/Include/core_cm0plus.h ****     uint32_t N:1;                        /*!< bit:     31  Negative condition code flag */
 219:../../../../..//Drivers/CMSIS/Include/core_cm0plus.h ****   } b;                                   /*!< Structure used for bit  access */
 220:../../../../..//Drivers/CMSIS/Include/core_cm0plus.h ****   uint32_t w;                            /*!< Type      used for word access */
 221:../../../../..//Drivers/CMSIS/Include/core_cm0plus.h **** } APSR_Type;
 222:../../../../..//Drivers/CMSIS/Include/core_cm0plus.h **** 
 223:../../../../..//Drivers/CMSIS/Include/core_cm0plus.h **** /* APSR Register Definitions */
 224:../../../../..//Drivers/CMSIS/Include/core_cm0plus.h **** #define APSR_N_Pos                         31U                                            /*!< APSR
 225:../../../../..//Drivers/CMSIS/Include/core_cm0plus.h **** #define APSR_N_Msk                         (1UL << APSR_N_Pos)                            /*!< APSR
 226:../../../../..//Drivers/CMSIS/Include/core_cm0plus.h **** 
 227:../../../../..//Drivers/CMSIS/Include/core_cm0plus.h **** #define APSR_Z_Pos                         30U                                            /*!< APSR
 228:../../../../..//Drivers/CMSIS/Include/core_cm0plus.h **** #define APSR_Z_Msk                         (1UL << APSR_Z_Pos)                            /*!< APSR
 229:../../../../..//Drivers/CMSIS/Include/core_cm0plus.h **** 
 230:../../../../..//Drivers/CMSIS/Include/core_cm0plus.h **** #define APSR_C_Pos                         29U                                            /*!< APSR
 231:../../../../..//Drivers/CMSIS/Include/core_cm0plus.h **** #define APSR_C_Msk                         (1UL << APSR_C_Pos)                            /*!< APSR
 232:../../../../..//Drivers/CMSIS/Include/core_cm0plus.h **** 
 233:../../../../..//Drivers/CMSIS/Include/core_cm0plus.h **** #define APSR_V_Pos                         28U                                            /*!< APSR
 234:../../../../..//Drivers/CMSIS/Include/core_cm0plus.h **** #define APSR_V_Msk                         (1UL << APSR_V_Pos)                            /*!< APSR
 235:../../../../..//Drivers/CMSIS/Include/core_cm0plus.h **** 
 236:../../../../..//Drivers/CMSIS/Include/core_cm0plus.h **** 
 237:../../../../..//Drivers/CMSIS/Include/core_cm0plus.h **** /**
 238:../../../../..//Drivers/CMSIS/Include/core_cm0plus.h ****   \brief  Union type to access the Interrupt Program Status Register (IPSR).
 239:../../../../..//Drivers/CMSIS/Include/core_cm0plus.h ****  */
 240:../../../../..//Drivers/CMSIS/Include/core_cm0plus.h **** typedef union
 241:../../../../..//Drivers/CMSIS/Include/core_cm0plus.h **** {
 242:../../../../..//Drivers/CMSIS/Include/core_cm0plus.h ****   struct
 243:../../../../..//Drivers/CMSIS/Include/core_cm0plus.h ****   {
 244:../../../../..//Drivers/CMSIS/Include/core_cm0plus.h ****     uint32_t ISR:9;                      /*!< bit:  0.. 8  Exception number */
 245:../../../../..//Drivers/CMSIS/Include/core_cm0plus.h ****     uint32_t _reserved0:23;              /*!< bit:  9..31  Reserved */
 246:../../../../..//Drivers/CMSIS/Include/core_cm0plus.h ****   } b;                                   /*!< Structure used for bit  access */
 247:../../../../..//Drivers/CMSIS/Include/core_cm0plus.h ****   uint32_t w;                            /*!< Type      used for word access */
 248:../../../../..//Drivers/CMSIS/Include/core_cm0plus.h **** } IPSR_Type;
 249:../../../../..//Drivers/CMSIS/Include/core_cm0plus.h **** 
 250:../../../../..//Drivers/CMSIS/Include/core_cm0plus.h **** /* IPSR Register Definitions */
 251:../../../../..//Drivers/CMSIS/Include/core_cm0plus.h **** #define IPSR_ISR_Pos                        0U                                            /*!< IPSR
 252:../../../../..//Drivers/CMSIS/Include/core_cm0plus.h **** #define IPSR_ISR_Msk                       (0x1FFUL /*<< IPSR_ISR_Pos*/)                  /*!< IPSR
 253:../../../../..//Drivers/CMSIS/Include/core_cm0plus.h **** 
 254:../../../../..//Drivers/CMSIS/Include/core_cm0plus.h **** 
 255:../../../../..//Drivers/CMSIS/Include/core_cm0plus.h **** /**
 256:../../../../..//Drivers/CMSIS/Include/core_cm0plus.h ****   \brief  Union type to access the Special-Purpose Program Status Registers (xPSR).
 257:../../../../..//Drivers/CMSIS/Include/core_cm0plus.h ****  */
 258:../../../../..//Drivers/CMSIS/Include/core_cm0plus.h **** typedef union
 259:../../../../..//Drivers/CMSIS/Include/core_cm0plus.h **** {
 260:../../../../..//Drivers/CMSIS/Include/core_cm0plus.h ****   struct
ARM GAS  /tmp/cczLaygH.s 			page 6


 261:../../../../..//Drivers/CMSIS/Include/core_cm0plus.h ****   {
 262:../../../../..//Drivers/CMSIS/Include/core_cm0plus.h ****     uint32_t ISR:9;                      /*!< bit:  0.. 8  Exception number */
 263:../../../../..//Drivers/CMSIS/Include/core_cm0plus.h ****     uint32_t _reserved0:15;              /*!< bit:  9..23  Reserved */
 264:../../../../..//Drivers/CMSIS/Include/core_cm0plus.h ****     uint32_t T:1;                        /*!< bit:     24  Thumb bit        (read 0) */
 265:../../../../..//Drivers/CMSIS/Include/core_cm0plus.h ****     uint32_t _reserved1:3;               /*!< bit: 25..27  Reserved */
 266:../../../../..//Drivers/CMSIS/Include/core_cm0plus.h ****     uint32_t V:1;                        /*!< bit:     28  Overflow condition code flag */
 267:../../../../..//Drivers/CMSIS/Include/core_cm0plus.h ****     uint32_t C:1;                        /*!< bit:     29  Carry condition code flag */
 268:../../../../..//Drivers/CMSIS/Include/core_cm0plus.h ****     uint32_t Z:1;                        /*!< bit:     30  Zero condition code flag */
 269:../../../../..//Drivers/CMSIS/Include/core_cm0plus.h ****     uint32_t N:1;                        /*!< bit:     31  Negative condition code flag */
 270:../../../../..//Drivers/CMSIS/Include/core_cm0plus.h ****   } b;                                   /*!< Structure used for bit  access */
 271:../../../../..//Drivers/CMSIS/Include/core_cm0plus.h ****   uint32_t w;                            /*!< Type      used for word access */
 272:../../../../..//Drivers/CMSIS/Include/core_cm0plus.h **** } xPSR_Type;
 273:../../../../..//Drivers/CMSIS/Include/core_cm0plus.h **** 
 274:../../../../..//Drivers/CMSIS/Include/core_cm0plus.h **** /* xPSR Register Definitions */
 275:../../../../..//Drivers/CMSIS/Include/core_cm0plus.h **** #define xPSR_N_Pos                         31U                                            /*!< xPSR
 276:../../../../..//Drivers/CMSIS/Include/core_cm0plus.h **** #define xPSR_N_Msk                         (1UL << xPSR_N_Pos)                            /*!< xPSR
 277:../../../../..//Drivers/CMSIS/Include/core_cm0plus.h **** 
 278:../../../../..//Drivers/CMSIS/Include/core_cm0plus.h **** #define xPSR_Z_Pos                         30U                                            /*!< xPSR
 279:../../../../..//Drivers/CMSIS/Include/core_cm0plus.h **** #define xPSR_Z_Msk                         (1UL << xPSR_Z_Pos)                            /*!< xPSR
 280:../../../../..//Drivers/CMSIS/Include/core_cm0plus.h **** 
 281:../../../../..//Drivers/CMSIS/Include/core_cm0plus.h **** #define xPSR_C_Pos                         29U                                            /*!< xPSR
 282:../../../../..//Drivers/CMSIS/Include/core_cm0plus.h **** #define xPSR_C_Msk                         (1UL << xPSR_C_Pos)                            /*!< xPSR
 283:../../../../..//Drivers/CMSIS/Include/core_cm0plus.h **** 
 284:../../../../..//Drivers/CMSIS/Include/core_cm0plus.h **** #define xPSR_V_Pos                         28U                                            /*!< xPSR
 285:../../../../..//Drivers/CMSIS/Include/core_cm0plus.h **** #define xPSR_V_Msk                         (1UL << xPSR_V_Pos)                            /*!< xPSR
 286:../../../../..//Drivers/CMSIS/Include/core_cm0plus.h **** 
 287:../../../../..//Drivers/CMSIS/Include/core_cm0plus.h **** #define xPSR_T_Pos                         24U                                            /*!< xPSR
 288:../../../../..//Drivers/CMSIS/Include/core_cm0plus.h **** #define xPSR_T_Msk                         (1UL << xPSR_T_Pos)                            /*!< xPSR
 289:../../../../..//Drivers/CMSIS/Include/core_cm0plus.h **** 
 290:../../../../..//Drivers/CMSIS/Include/core_cm0plus.h **** #define xPSR_ISR_Pos                        0U                                            /*!< xPSR
 291:../../../../..//Drivers/CMSIS/Include/core_cm0plus.h **** #define xPSR_ISR_Msk                       (0x1FFUL /*<< xPSR_ISR_Pos*/)                  /*!< xPSR
 292:../../../../..//Drivers/CMSIS/Include/core_cm0plus.h **** 
 293:../../../../..//Drivers/CMSIS/Include/core_cm0plus.h **** 
 294:../../../../..//Drivers/CMSIS/Include/core_cm0plus.h **** /**
 295:../../../../..//Drivers/CMSIS/Include/core_cm0plus.h ****   \brief  Union type to access the Control Registers (CONTROL).
 296:../../../../..//Drivers/CMSIS/Include/core_cm0plus.h ****  */
 297:../../../../..//Drivers/CMSIS/Include/core_cm0plus.h **** typedef union
 298:../../../../..//Drivers/CMSIS/Include/core_cm0plus.h **** {
 299:../../../../..//Drivers/CMSIS/Include/core_cm0plus.h ****   struct
 300:../../../../..//Drivers/CMSIS/Include/core_cm0plus.h ****   {
 301:../../../../..//Drivers/CMSIS/Include/core_cm0plus.h ****     uint32_t nPRIV:1;                    /*!< bit:      0  Execution privilege in Thread mode */
 302:../../../../..//Drivers/CMSIS/Include/core_cm0plus.h ****     uint32_t SPSEL:1;                    /*!< bit:      1  Stack to be used */
 303:../../../../..//Drivers/CMSIS/Include/core_cm0plus.h ****     uint32_t _reserved1:30;              /*!< bit:  2..31  Reserved */
 304:../../../../..//Drivers/CMSIS/Include/core_cm0plus.h ****   } b;                                   /*!< Structure used for bit  access */
 305:../../../../..//Drivers/CMSIS/Include/core_cm0plus.h ****   uint32_t w;                            /*!< Type      used for word access */
 306:../../../../..//Drivers/CMSIS/Include/core_cm0plus.h **** } CONTROL_Type;
 307:../../../../..//Drivers/CMSIS/Include/core_cm0plus.h **** 
 308:../../../../..//Drivers/CMSIS/Include/core_cm0plus.h **** /* CONTROL Register Definitions */
 309:../../../../..//Drivers/CMSIS/Include/core_cm0plus.h **** #define CONTROL_SPSEL_Pos                   1U                                            /*!< CONT
 310:../../../../..//Drivers/CMSIS/Include/core_cm0plus.h **** #define CONTROL_SPSEL_Msk                  (1UL << CONTROL_SPSEL_Pos)                     /*!< CONT
 311:../../../../..//Drivers/CMSIS/Include/core_cm0plus.h **** 
 312:../../../../..//Drivers/CMSIS/Include/core_cm0plus.h **** #define CONTROL_nPRIV_Pos                   0U                                            /*!< CONT
 313:../../../../..//Drivers/CMSIS/Include/core_cm0plus.h **** #define CONTROL_nPRIV_Msk                  (1UL /*<< CONTROL_nPRIV_Pos*/)                 /*!< CONT
 314:../../../../..//Drivers/CMSIS/Include/core_cm0plus.h **** 
 315:../../../../..//Drivers/CMSIS/Include/core_cm0plus.h **** /*@} end of group CMSIS_CORE */
 316:../../../../..//Drivers/CMSIS/Include/core_cm0plus.h **** 
 317:../../../../..//Drivers/CMSIS/Include/core_cm0plus.h **** 
ARM GAS  /tmp/cczLaygH.s 			page 7


 318:../../../../..//Drivers/CMSIS/Include/core_cm0plus.h **** /**
 319:../../../../..//Drivers/CMSIS/Include/core_cm0plus.h ****   \ingroup    CMSIS_core_register
 320:../../../../..//Drivers/CMSIS/Include/core_cm0plus.h ****   \defgroup   CMSIS_NVIC  Nested Vectored Interrupt Controller (NVIC)
 321:../../../../..//Drivers/CMSIS/Include/core_cm0plus.h ****   \brief      Type definitions for the NVIC Registers
 322:../../../../..//Drivers/CMSIS/Include/core_cm0plus.h ****   @{
 323:../../../../..//Drivers/CMSIS/Include/core_cm0plus.h ****  */
 324:../../../../..//Drivers/CMSIS/Include/core_cm0plus.h **** 
 325:../../../../..//Drivers/CMSIS/Include/core_cm0plus.h **** /**
 326:../../../../..//Drivers/CMSIS/Include/core_cm0plus.h ****   \brief  Structure type to access the Nested Vectored Interrupt Controller (NVIC).
 327:../../../../..//Drivers/CMSIS/Include/core_cm0plus.h ****  */
 328:../../../../..//Drivers/CMSIS/Include/core_cm0plus.h **** typedef struct
 329:../../../../..//Drivers/CMSIS/Include/core_cm0plus.h **** {
 330:../../../../..//Drivers/CMSIS/Include/core_cm0plus.h ****   __IOM uint32_t ISER[1U];               /*!< Offset: 0x000 (R/W)  Interrupt Set Enable Register */
 331:../../../../..//Drivers/CMSIS/Include/core_cm0plus.h ****         uint32_t RESERVED0[31U];
 332:../../../../..//Drivers/CMSIS/Include/core_cm0plus.h ****   __IOM uint32_t ICER[1U];               /*!< Offset: 0x080 (R/W)  Interrupt Clear Enable Register 
 333:../../../../..//Drivers/CMSIS/Include/core_cm0plus.h ****         uint32_t RESERVED1[31U];
 334:../../../../..//Drivers/CMSIS/Include/core_cm0plus.h ****   __IOM uint32_t ISPR[1U];               /*!< Offset: 0x100 (R/W)  Interrupt Set Pending Register *
 335:../../../../..//Drivers/CMSIS/Include/core_cm0plus.h ****         uint32_t RESERVED2[31U];
 336:../../../../..//Drivers/CMSIS/Include/core_cm0plus.h ****   __IOM uint32_t ICPR[1U];               /*!< Offset: 0x180 (R/W)  Interrupt Clear Pending Register
 337:../../../../..//Drivers/CMSIS/Include/core_cm0plus.h ****         uint32_t RESERVED3[31U];
 338:../../../../..//Drivers/CMSIS/Include/core_cm0plus.h ****         uint32_t RESERVED4[64U];
 339:../../../../..//Drivers/CMSIS/Include/core_cm0plus.h ****   __IOM uint32_t IP[8U];                 /*!< Offset: 0x300 (R/W)  Interrupt Priority Register */
 340:../../../../..//Drivers/CMSIS/Include/core_cm0plus.h **** }  NVIC_Type;
 341:../../../../..//Drivers/CMSIS/Include/core_cm0plus.h **** 
 342:../../../../..//Drivers/CMSIS/Include/core_cm0plus.h **** /*@} end of group CMSIS_NVIC */
 343:../../../../..//Drivers/CMSIS/Include/core_cm0plus.h **** 
 344:../../../../..//Drivers/CMSIS/Include/core_cm0plus.h **** 
 345:../../../../..//Drivers/CMSIS/Include/core_cm0plus.h **** /**
 346:../../../../..//Drivers/CMSIS/Include/core_cm0plus.h ****   \ingroup  CMSIS_core_register
 347:../../../../..//Drivers/CMSIS/Include/core_cm0plus.h ****   \defgroup CMSIS_SCB     System Control Block (SCB)
 348:../../../../..//Drivers/CMSIS/Include/core_cm0plus.h ****   \brief    Type definitions for the System Control Block Registers
 349:../../../../..//Drivers/CMSIS/Include/core_cm0plus.h ****   @{
 350:../../../../..//Drivers/CMSIS/Include/core_cm0plus.h ****  */
 351:../../../../..//Drivers/CMSIS/Include/core_cm0plus.h **** 
 352:../../../../..//Drivers/CMSIS/Include/core_cm0plus.h **** /**
 353:../../../../..//Drivers/CMSIS/Include/core_cm0plus.h ****   \brief  Structure type to access the System Control Block (SCB).
 354:../../../../..//Drivers/CMSIS/Include/core_cm0plus.h ****  */
 355:../../../../..//Drivers/CMSIS/Include/core_cm0plus.h **** typedef struct
 356:../../../../..//Drivers/CMSIS/Include/core_cm0plus.h **** {
 357:../../../../..//Drivers/CMSIS/Include/core_cm0plus.h ****   __IM  uint32_t CPUID;                  /*!< Offset: 0x000 (R/ )  CPUID Base Register */
 358:../../../../..//Drivers/CMSIS/Include/core_cm0plus.h ****   __IOM uint32_t ICSR;                   /*!< Offset: 0x004 (R/W)  Interrupt Control and State Regi
 359:../../../../..//Drivers/CMSIS/Include/core_cm0plus.h **** #if defined (__VTOR_PRESENT) && (__VTOR_PRESENT == 1U)
 360:../../../../..//Drivers/CMSIS/Include/core_cm0plus.h ****   __IOM uint32_t VTOR;                   /*!< Offset: 0x008 (R/W)  Vector Table Offset Register */
 361:../../../../..//Drivers/CMSIS/Include/core_cm0plus.h **** #else
 362:../../../../..//Drivers/CMSIS/Include/core_cm0plus.h ****         uint32_t RESERVED0;
 363:../../../../..//Drivers/CMSIS/Include/core_cm0plus.h **** #endif
 364:../../../../..//Drivers/CMSIS/Include/core_cm0plus.h ****   __IOM uint32_t AIRCR;                  /*!< Offset: 0x00C (R/W)  Application Interrupt and Reset 
 365:../../../../..//Drivers/CMSIS/Include/core_cm0plus.h ****   __IOM uint32_t SCR;                    /*!< Offset: 0x010 (R/W)  System Control Register */
 366:../../../../..//Drivers/CMSIS/Include/core_cm0plus.h ****   __IOM uint32_t CCR;                    /*!< Offset: 0x014 (R/W)  Configuration Control Register *
 367:../../../../..//Drivers/CMSIS/Include/core_cm0plus.h ****         uint32_t RESERVED1;
 368:../../../../..//Drivers/CMSIS/Include/core_cm0plus.h ****   __IOM uint32_t SHP[2U];                /*!< Offset: 0x01C (R/W)  System Handlers Priority Registe
 369:../../../../..//Drivers/CMSIS/Include/core_cm0plus.h ****   __IOM uint32_t SHCSR;                  /*!< Offset: 0x024 (R/W)  System Handler Control and State
 370:../../../../..//Drivers/CMSIS/Include/core_cm0plus.h **** } SCB_Type;
 371:../../../../..//Drivers/CMSIS/Include/core_cm0plus.h **** 
 372:../../../../..//Drivers/CMSIS/Include/core_cm0plus.h **** /* SCB CPUID Register Definitions */
 373:../../../../..//Drivers/CMSIS/Include/core_cm0plus.h **** #define SCB_CPUID_IMPLEMENTER_Pos          24U                                            /*!< SCB 
 374:../../../../..//Drivers/CMSIS/Include/core_cm0plus.h **** #define SCB_CPUID_IMPLEMENTER_Msk          (0xFFUL << SCB_CPUID_IMPLEMENTER_Pos)          /*!< SCB 
ARM GAS  /tmp/cczLaygH.s 			page 8


 375:../../../../..//Drivers/CMSIS/Include/core_cm0plus.h **** 
 376:../../../../..//Drivers/CMSIS/Include/core_cm0plus.h **** #define SCB_CPUID_VARIANT_Pos              20U                                            /*!< SCB 
 377:../../../../..//Drivers/CMSIS/Include/core_cm0plus.h **** #define SCB_CPUID_VARIANT_Msk              (0xFUL << SCB_CPUID_VARIANT_Pos)               /*!< SCB 
 378:../../../../..//Drivers/CMSIS/Include/core_cm0plus.h **** 
 379:../../../../..//Drivers/CMSIS/Include/core_cm0plus.h **** #define SCB_CPUID_ARCHITECTURE_Pos         16U                                            /*!< SCB 
 380:../../../../..//Drivers/CMSIS/Include/core_cm0plus.h **** #define SCB_CPUID_ARCHITECTURE_Msk         (0xFUL << SCB_CPUID_ARCHITECTURE_Pos)          /*!< SCB 
 381:../../../../..//Drivers/CMSIS/Include/core_cm0plus.h **** 
 382:../../../../..//Drivers/CMSIS/Include/core_cm0plus.h **** #define SCB_CPUID_PARTNO_Pos                4U                                            /*!< SCB 
 383:../../../../..//Drivers/CMSIS/Include/core_cm0plus.h **** #define SCB_CPUID_PARTNO_Msk               (0xFFFUL << SCB_CPUID_PARTNO_Pos)              /*!< SCB 
 384:../../../../..//Drivers/CMSIS/Include/core_cm0plus.h **** 
 385:../../../../..//Drivers/CMSIS/Include/core_cm0plus.h **** #define SCB_CPUID_REVISION_Pos              0U                                            /*!< SCB 
 386:../../../../..//Drivers/CMSIS/Include/core_cm0plus.h **** #define SCB_CPUID_REVISION_Msk             (0xFUL /*<< SCB_CPUID_REVISION_Pos*/)          /*!< SCB 
 387:../../../../..//Drivers/CMSIS/Include/core_cm0plus.h **** 
 388:../../../../..//Drivers/CMSIS/Include/core_cm0plus.h **** /* SCB Interrupt Control State Register Definitions */
 389:../../../../..//Drivers/CMSIS/Include/core_cm0plus.h **** #define SCB_ICSR_NMIPENDSET_Pos            31U                                            /*!< SCB 
 390:../../../../..//Drivers/CMSIS/Include/core_cm0plus.h **** #define SCB_ICSR_NMIPENDSET_Msk            (1UL << SCB_ICSR_NMIPENDSET_Pos)               /*!< SCB 
 391:../../../../..//Drivers/CMSIS/Include/core_cm0plus.h **** 
 392:../../../../..//Drivers/CMSIS/Include/core_cm0plus.h **** #define SCB_ICSR_PENDSVSET_Pos             28U                                            /*!< SCB 
 393:../../../../..//Drivers/CMSIS/Include/core_cm0plus.h **** #define SCB_ICSR_PENDSVSET_Msk             (1UL << SCB_ICSR_PENDSVSET_Pos)                /*!< SCB 
 394:../../../../..//Drivers/CMSIS/Include/core_cm0plus.h **** 
 395:../../../../..//Drivers/CMSIS/Include/core_cm0plus.h **** #define SCB_ICSR_PENDSVCLR_Pos             27U                                            /*!< SCB 
 396:../../../../..//Drivers/CMSIS/Include/core_cm0plus.h **** #define SCB_ICSR_PENDSVCLR_Msk             (1UL << SCB_ICSR_PENDSVCLR_Pos)                /*!< SCB 
 397:../../../../..//Drivers/CMSIS/Include/core_cm0plus.h **** 
 398:../../../../..//Drivers/CMSIS/Include/core_cm0plus.h **** #define SCB_ICSR_PENDSTSET_Pos             26U                                            /*!< SCB 
 399:../../../../..//Drivers/CMSIS/Include/core_cm0plus.h **** #define SCB_ICSR_PENDSTSET_Msk             (1UL << SCB_ICSR_PENDSTSET_Pos)                /*!< SCB 
 400:../../../../..//Drivers/CMSIS/Include/core_cm0plus.h **** 
 401:../../../../..//Drivers/CMSIS/Include/core_cm0plus.h **** #define SCB_ICSR_PENDSTCLR_Pos             25U                                            /*!< SCB 
 402:../../../../..//Drivers/CMSIS/Include/core_cm0plus.h **** #define SCB_ICSR_PENDSTCLR_Msk             (1UL << SCB_ICSR_PENDSTCLR_Pos)                /*!< SCB 
 403:../../../../..//Drivers/CMSIS/Include/core_cm0plus.h **** 
 404:../../../../..//Drivers/CMSIS/Include/core_cm0plus.h **** #define SCB_ICSR_ISRPREEMPT_Pos            23U                                            /*!< SCB 
 405:../../../../..//Drivers/CMSIS/Include/core_cm0plus.h **** #define SCB_ICSR_ISRPREEMPT_Msk            (1UL << SCB_ICSR_ISRPREEMPT_Pos)               /*!< SCB 
 406:../../../../..//Drivers/CMSIS/Include/core_cm0plus.h **** 
 407:../../../../..//Drivers/CMSIS/Include/core_cm0plus.h **** #define SCB_ICSR_ISRPENDING_Pos            22U                                            /*!< SCB 
 408:../../../../..//Drivers/CMSIS/Include/core_cm0plus.h **** #define SCB_ICSR_ISRPENDING_Msk            (1UL << SCB_ICSR_ISRPENDING_Pos)               /*!< SCB 
 409:../../../../..//Drivers/CMSIS/Include/core_cm0plus.h **** 
 410:../../../../..//Drivers/CMSIS/Include/core_cm0plus.h **** #define SCB_ICSR_VECTPENDING_Pos           12U                                            /*!< SCB 
 411:../../../../..//Drivers/CMSIS/Include/core_cm0plus.h **** #define SCB_ICSR_VECTPENDING_Msk           (0x1FFUL << SCB_ICSR_VECTPENDING_Pos)          /*!< SCB 
 412:../../../../..//Drivers/CMSIS/Include/core_cm0plus.h **** 
 413:../../../../..//Drivers/CMSIS/Include/core_cm0plus.h **** #define SCB_ICSR_VECTACTIVE_Pos             0U                                            /*!< SCB 
 414:../../../../..//Drivers/CMSIS/Include/core_cm0plus.h **** #define SCB_ICSR_VECTACTIVE_Msk            (0x1FFUL /*<< SCB_ICSR_VECTACTIVE_Pos*/)       /*!< SCB 
 415:../../../../..//Drivers/CMSIS/Include/core_cm0plus.h **** 
 416:../../../../..//Drivers/CMSIS/Include/core_cm0plus.h **** #if defined (__VTOR_PRESENT) && (__VTOR_PRESENT == 1U)
 417:../../../../..//Drivers/CMSIS/Include/core_cm0plus.h **** /* SCB Interrupt Control State Register Definitions */
 418:../../../../..//Drivers/CMSIS/Include/core_cm0plus.h **** #define SCB_VTOR_TBLOFF_Pos                 8U                                            /*!< SCB 
 419:../../../../..//Drivers/CMSIS/Include/core_cm0plus.h **** #define SCB_VTOR_TBLOFF_Msk                (0xFFFFFFUL << SCB_VTOR_TBLOFF_Pos)            /*!< SCB 
 420:../../../../..//Drivers/CMSIS/Include/core_cm0plus.h **** #endif
 421:../../../../..//Drivers/CMSIS/Include/core_cm0plus.h **** 
 422:../../../../..//Drivers/CMSIS/Include/core_cm0plus.h **** /* SCB Application Interrupt and Reset Control Register Definitions */
 423:../../../../..//Drivers/CMSIS/Include/core_cm0plus.h **** #define SCB_AIRCR_VECTKEY_Pos              16U                                            /*!< SCB 
 424:../../../../..//Drivers/CMSIS/Include/core_cm0plus.h **** #define SCB_AIRCR_VECTKEY_Msk              (0xFFFFUL << SCB_AIRCR_VECTKEY_Pos)            /*!< SCB 
 425:../../../../..//Drivers/CMSIS/Include/core_cm0plus.h **** 
 426:../../../../..//Drivers/CMSIS/Include/core_cm0plus.h **** #define SCB_AIRCR_VECTKEYSTAT_Pos          16U                                            /*!< SCB 
 427:../../../../..//Drivers/CMSIS/Include/core_cm0plus.h **** #define SCB_AIRCR_VECTKEYSTAT_Msk          (0xFFFFUL << SCB_AIRCR_VECTKEYSTAT_Pos)        /*!< SCB 
 428:../../../../..//Drivers/CMSIS/Include/core_cm0plus.h **** 
 429:../../../../..//Drivers/CMSIS/Include/core_cm0plus.h **** #define SCB_AIRCR_ENDIANESS_Pos            15U                                            /*!< SCB 
 430:../../../../..//Drivers/CMSIS/Include/core_cm0plus.h **** #define SCB_AIRCR_ENDIANESS_Msk            (1UL << SCB_AIRCR_ENDIANESS_Pos)               /*!< SCB 
 431:../../../../..//Drivers/CMSIS/Include/core_cm0plus.h **** 
ARM GAS  /tmp/cczLaygH.s 			page 9


 432:../../../../..//Drivers/CMSIS/Include/core_cm0plus.h **** #define SCB_AIRCR_SYSRESETREQ_Pos           2U                                            /*!< SCB 
 433:../../../../..//Drivers/CMSIS/Include/core_cm0plus.h **** #define SCB_AIRCR_SYSRESETREQ_Msk          (1UL << SCB_AIRCR_SYSRESETREQ_Pos)             /*!< SCB 
 434:../../../../..//Drivers/CMSIS/Include/core_cm0plus.h **** 
 435:../../../../..//Drivers/CMSIS/Include/core_cm0plus.h **** #define SCB_AIRCR_VECTCLRACTIVE_Pos         1U                                            /*!< SCB 
 436:../../../../..//Drivers/CMSIS/Include/core_cm0plus.h **** #define SCB_AIRCR_VECTCLRACTIVE_Msk        (1UL << SCB_AIRCR_VECTCLRACTIVE_Pos)           /*!< SCB 
 437:../../../../..//Drivers/CMSIS/Include/core_cm0plus.h **** 
 438:../../../../..//Drivers/CMSIS/Include/core_cm0plus.h **** /* SCB System Control Register Definitions */
 439:../../../../..//Drivers/CMSIS/Include/core_cm0plus.h **** #define SCB_SCR_SEVONPEND_Pos               4U                                            /*!< SCB 
 440:../../../../..//Drivers/CMSIS/Include/core_cm0plus.h **** #define SCB_SCR_SEVONPEND_Msk              (1UL << SCB_SCR_SEVONPEND_Pos)                 /*!< SCB 
 441:../../../../..//Drivers/CMSIS/Include/core_cm0plus.h **** 
 442:../../../../..//Drivers/CMSIS/Include/core_cm0plus.h **** #define SCB_SCR_SLEEPDEEP_Pos               2U                                            /*!< SCB 
 443:../../../../..//Drivers/CMSIS/Include/core_cm0plus.h **** #define SCB_SCR_SLEEPDEEP_Msk              (1UL << SCB_SCR_SLEEPDEEP_Pos)                 /*!< SCB 
 444:../../../../..//Drivers/CMSIS/Include/core_cm0plus.h **** 
 445:../../../../..//Drivers/CMSIS/Include/core_cm0plus.h **** #define SCB_SCR_SLEEPONEXIT_Pos             1U                                            /*!< SCB 
 446:../../../../..//Drivers/CMSIS/Include/core_cm0plus.h **** #define SCB_SCR_SLEEPONEXIT_Msk            (1UL << SCB_SCR_SLEEPONEXIT_Pos)               /*!< SCB 
 447:../../../../..//Drivers/CMSIS/Include/core_cm0plus.h **** 
 448:../../../../..//Drivers/CMSIS/Include/core_cm0plus.h **** /* SCB Configuration Control Register Definitions */
 449:../../../../..//Drivers/CMSIS/Include/core_cm0plus.h **** #define SCB_CCR_STKALIGN_Pos                9U                                            /*!< SCB 
 450:../../../../..//Drivers/CMSIS/Include/core_cm0plus.h **** #define SCB_CCR_STKALIGN_Msk               (1UL << SCB_CCR_STKALIGN_Pos)                  /*!< SCB 
 451:../../../../..//Drivers/CMSIS/Include/core_cm0plus.h **** 
 452:../../../../..//Drivers/CMSIS/Include/core_cm0plus.h **** #define SCB_CCR_UNALIGN_TRP_Pos             3U                                            /*!< SCB 
 453:../../../../..//Drivers/CMSIS/Include/core_cm0plus.h **** #define SCB_CCR_UNALIGN_TRP_Msk            (1UL << SCB_CCR_UNALIGN_TRP_Pos)               /*!< SCB 
 454:../../../../..//Drivers/CMSIS/Include/core_cm0plus.h **** 
 455:../../../../..//Drivers/CMSIS/Include/core_cm0plus.h **** /* SCB System Handler Control and State Register Definitions */
 456:../../../../..//Drivers/CMSIS/Include/core_cm0plus.h **** #define SCB_SHCSR_SVCALLPENDED_Pos         15U                                            /*!< SCB 
 457:../../../../..//Drivers/CMSIS/Include/core_cm0plus.h **** #define SCB_SHCSR_SVCALLPENDED_Msk         (1UL << SCB_SHCSR_SVCALLPENDED_Pos)            /*!< SCB 
 458:../../../../..//Drivers/CMSIS/Include/core_cm0plus.h **** 
 459:../../../../..//Drivers/CMSIS/Include/core_cm0plus.h **** /*@} end of group CMSIS_SCB */
 460:../../../../..//Drivers/CMSIS/Include/core_cm0plus.h **** 
 461:../../../../..//Drivers/CMSIS/Include/core_cm0plus.h **** 
 462:../../../../..//Drivers/CMSIS/Include/core_cm0plus.h **** /**
 463:../../../../..//Drivers/CMSIS/Include/core_cm0plus.h ****   \ingroup  CMSIS_core_register
 464:../../../../..//Drivers/CMSIS/Include/core_cm0plus.h ****   \defgroup CMSIS_SysTick     System Tick Timer (SysTick)
 465:../../../../..//Drivers/CMSIS/Include/core_cm0plus.h ****   \brief    Type definitions for the System Timer Registers.
 466:../../../../..//Drivers/CMSIS/Include/core_cm0plus.h ****   @{
 467:../../../../..//Drivers/CMSIS/Include/core_cm0plus.h ****  */
 468:../../../../..//Drivers/CMSIS/Include/core_cm0plus.h **** 
 469:../../../../..//Drivers/CMSIS/Include/core_cm0plus.h **** /**
 470:../../../../..//Drivers/CMSIS/Include/core_cm0plus.h ****   \brief  Structure type to access the System Timer (SysTick).
 471:../../../../..//Drivers/CMSIS/Include/core_cm0plus.h ****  */
 472:../../../../..//Drivers/CMSIS/Include/core_cm0plus.h **** typedef struct
 473:../../../../..//Drivers/CMSIS/Include/core_cm0plus.h **** {
 474:../../../../..//Drivers/CMSIS/Include/core_cm0plus.h ****   __IOM uint32_t CTRL;                   /*!< Offset: 0x000 (R/W)  SysTick Control and Status Regis
 475:../../../../..//Drivers/CMSIS/Include/core_cm0plus.h ****   __IOM uint32_t LOAD;                   /*!< Offset: 0x004 (R/W)  SysTick Reload Value Register */
 476:../../../../..//Drivers/CMSIS/Include/core_cm0plus.h ****   __IOM uint32_t VAL;                    /*!< Offset: 0x008 (R/W)  SysTick Current Value Register *
 477:../../../../..//Drivers/CMSIS/Include/core_cm0plus.h ****   __IM  uint32_t CALIB;                  /*!< Offset: 0x00C (R/ )  SysTick Calibration Register */
 478:../../../../..//Drivers/CMSIS/Include/core_cm0plus.h **** } SysTick_Type;
 479:../../../../..//Drivers/CMSIS/Include/core_cm0plus.h **** 
 480:../../../../..//Drivers/CMSIS/Include/core_cm0plus.h **** /* SysTick Control / Status Register Definitions */
 481:../../../../..//Drivers/CMSIS/Include/core_cm0plus.h **** #define SysTick_CTRL_COUNTFLAG_Pos         16U                                            /*!< SysT
 482:../../../../..//Drivers/CMSIS/Include/core_cm0plus.h **** #define SysTick_CTRL_COUNTFLAG_Msk         (1UL << SysTick_CTRL_COUNTFLAG_Pos)            /*!< SysT
 483:../../../../..//Drivers/CMSIS/Include/core_cm0plus.h **** 
 484:../../../../..//Drivers/CMSIS/Include/core_cm0plus.h **** #define SysTick_CTRL_CLKSOURCE_Pos          2U                                            /*!< SysT
 485:../../../../..//Drivers/CMSIS/Include/core_cm0plus.h **** #define SysTick_CTRL_CLKSOURCE_Msk         (1UL << SysTick_CTRL_CLKSOURCE_Pos)            /*!< SysT
 486:../../../../..//Drivers/CMSIS/Include/core_cm0plus.h **** 
 487:../../../../..//Drivers/CMSIS/Include/core_cm0plus.h **** #define SysTick_CTRL_TICKINT_Pos            1U                                            /*!< SysT
 488:../../../../..//Drivers/CMSIS/Include/core_cm0plus.h **** #define SysTick_CTRL_TICKINT_Msk           (1UL << SysTick_CTRL_TICKINT_Pos)              /*!< SysT
ARM GAS  /tmp/cczLaygH.s 			page 10


 489:../../../../..//Drivers/CMSIS/Include/core_cm0plus.h **** 
 490:../../../../..//Drivers/CMSIS/Include/core_cm0plus.h **** #define SysTick_CTRL_ENABLE_Pos             0U                                            /*!< SysT
 491:../../../../..//Drivers/CMSIS/Include/core_cm0plus.h **** #define SysTick_CTRL_ENABLE_Msk            (1UL /*<< SysTick_CTRL_ENABLE_Pos*/)           /*!< SysT
 492:../../../../..//Drivers/CMSIS/Include/core_cm0plus.h **** 
 493:../../../../..//Drivers/CMSIS/Include/core_cm0plus.h **** /* SysTick Reload Register Definitions */
 494:../../../../..//Drivers/CMSIS/Include/core_cm0plus.h **** #define SysTick_LOAD_RELOAD_Pos             0U                                            /*!< SysT
 495:../../../../..//Drivers/CMSIS/Include/core_cm0plus.h **** #define SysTick_LOAD_RELOAD_Msk            (0xFFFFFFUL /*<< SysTick_LOAD_RELOAD_Pos*/)    /*!< SysT
 496:../../../../..//Drivers/CMSIS/Include/core_cm0plus.h **** 
 497:../../../../..//Drivers/CMSIS/Include/core_cm0plus.h **** /* SysTick Current Register Definitions */
 498:../../../../..//Drivers/CMSIS/Include/core_cm0plus.h **** #define SysTick_VAL_CURRENT_Pos             0U                                            /*!< SysT
 499:../../../../..//Drivers/CMSIS/Include/core_cm0plus.h **** #define SysTick_VAL_CURRENT_Msk            (0xFFFFFFUL /*<< SysTick_VAL_CURRENT_Pos*/)    /*!< SysT
 500:../../../../..//Drivers/CMSIS/Include/core_cm0plus.h **** 
 501:../../../../..//Drivers/CMSIS/Include/core_cm0plus.h **** /* SysTick Calibration Register Definitions */
 502:../../../../..//Drivers/CMSIS/Include/core_cm0plus.h **** #define SysTick_CALIB_NOREF_Pos            31U                                            /*!< SysT
 503:../../../../..//Drivers/CMSIS/Include/core_cm0plus.h **** #define SysTick_CALIB_NOREF_Msk            (1UL << SysTick_CALIB_NOREF_Pos)               /*!< SysT
 504:../../../../..//Drivers/CMSIS/Include/core_cm0plus.h **** 
 505:../../../../..//Drivers/CMSIS/Include/core_cm0plus.h **** #define SysTick_CALIB_SKEW_Pos             30U                                            /*!< SysT
 506:../../../../..//Drivers/CMSIS/Include/core_cm0plus.h **** #define SysTick_CALIB_SKEW_Msk             (1UL << SysTick_CALIB_SKEW_Pos)                /*!< SysT
 507:../../../../..//Drivers/CMSIS/Include/core_cm0plus.h **** 
 508:../../../../..//Drivers/CMSIS/Include/core_cm0plus.h **** #define SysTick_CALIB_TENMS_Pos             0U                                            /*!< SysT
 509:../../../../..//Drivers/CMSIS/Include/core_cm0plus.h **** #define SysTick_CALIB_TENMS_Msk            (0xFFFFFFUL /*<< SysTick_CALIB_TENMS_Pos*/)    /*!< SysT
 510:../../../../..//Drivers/CMSIS/Include/core_cm0plus.h **** 
 511:../../../../..//Drivers/CMSIS/Include/core_cm0plus.h **** /*@} end of group CMSIS_SysTick */
 512:../../../../..//Drivers/CMSIS/Include/core_cm0plus.h **** 
 513:../../../../..//Drivers/CMSIS/Include/core_cm0plus.h **** #if defined (__MPU_PRESENT) && (__MPU_PRESENT == 1U)
 514:../../../../..//Drivers/CMSIS/Include/core_cm0plus.h **** /**
 515:../../../../..//Drivers/CMSIS/Include/core_cm0plus.h ****   \ingroup  CMSIS_core_register
 516:../../../../..//Drivers/CMSIS/Include/core_cm0plus.h ****   \defgroup CMSIS_MPU     Memory Protection Unit (MPU)
 517:../../../../..//Drivers/CMSIS/Include/core_cm0plus.h ****   \brief    Type definitions for the Memory Protection Unit (MPU)
 518:../../../../..//Drivers/CMSIS/Include/core_cm0plus.h ****   @{
 519:../../../../..//Drivers/CMSIS/Include/core_cm0plus.h ****  */
 520:../../../../..//Drivers/CMSIS/Include/core_cm0plus.h **** 
 521:../../../../..//Drivers/CMSIS/Include/core_cm0plus.h **** /**
 522:../../../../..//Drivers/CMSIS/Include/core_cm0plus.h ****   \brief  Structure type to access the Memory Protection Unit (MPU).
 523:../../../../..//Drivers/CMSIS/Include/core_cm0plus.h ****  */
 524:../../../../..//Drivers/CMSIS/Include/core_cm0plus.h **** typedef struct
 525:../../../../..//Drivers/CMSIS/Include/core_cm0plus.h **** {
 526:../../../../..//Drivers/CMSIS/Include/core_cm0plus.h ****   __IM  uint32_t TYPE;                   /*!< Offset: 0x000 (R/ )  MPU Type Register */
 527:../../../../..//Drivers/CMSIS/Include/core_cm0plus.h ****   __IOM uint32_t CTRL;                   /*!< Offset: 0x004 (R/W)  MPU Control Register */
 528:../../../../..//Drivers/CMSIS/Include/core_cm0plus.h ****   __IOM uint32_t RNR;                    /*!< Offset: 0x008 (R/W)  MPU Region RNRber Register */
 529:../../../../..//Drivers/CMSIS/Include/core_cm0plus.h ****   __IOM uint32_t RBAR;                   /*!< Offset: 0x00C (R/W)  MPU Region Base Address Register
 530:../../../../..//Drivers/CMSIS/Include/core_cm0plus.h ****   __IOM uint32_t RASR;                   /*!< Offset: 0x010 (R/W)  MPU Region Attribute and Size Re
 531:../../../../..//Drivers/CMSIS/Include/core_cm0plus.h **** } MPU_Type;
 532:../../../../..//Drivers/CMSIS/Include/core_cm0plus.h **** 
 533:../../../../..//Drivers/CMSIS/Include/core_cm0plus.h **** #define MPU_TYPE_RALIASES                  1U
 534:../../../../..//Drivers/CMSIS/Include/core_cm0plus.h **** 
 535:../../../../..//Drivers/CMSIS/Include/core_cm0plus.h **** /* MPU Type Register Definitions */
 536:../../../../..//Drivers/CMSIS/Include/core_cm0plus.h **** #define MPU_TYPE_IREGION_Pos               16U                                            /*!< MPU 
 537:../../../../..//Drivers/CMSIS/Include/core_cm0plus.h **** #define MPU_TYPE_IREGION_Msk               (0xFFUL << MPU_TYPE_IREGION_Pos)               /*!< MPU 
 538:../../../../..//Drivers/CMSIS/Include/core_cm0plus.h **** 
 539:../../../../..//Drivers/CMSIS/Include/core_cm0plus.h **** #define MPU_TYPE_DREGION_Pos                8U                                            /*!< MPU 
 540:../../../../..//Drivers/CMSIS/Include/core_cm0plus.h **** #define MPU_TYPE_DREGION_Msk               (0xFFUL << MPU_TYPE_DREGION_Pos)               /*!< MPU 
 541:../../../../..//Drivers/CMSIS/Include/core_cm0plus.h **** 
 542:../../../../..//Drivers/CMSIS/Include/core_cm0plus.h **** #define MPU_TYPE_SEPARATE_Pos               0U                                            /*!< MPU 
 543:../../../../..//Drivers/CMSIS/Include/core_cm0plus.h **** #define MPU_TYPE_SEPARATE_Msk              (1UL /*<< MPU_TYPE_SEPARATE_Pos*/)             /*!< MPU 
 544:../../../../..//Drivers/CMSIS/Include/core_cm0plus.h **** 
 545:../../../../..//Drivers/CMSIS/Include/core_cm0plus.h **** /* MPU Control Register Definitions */
ARM GAS  /tmp/cczLaygH.s 			page 11


 546:../../../../..//Drivers/CMSIS/Include/core_cm0plus.h **** #define MPU_CTRL_PRIVDEFENA_Pos             2U                                            /*!< MPU 
 547:../../../../..//Drivers/CMSIS/Include/core_cm0plus.h **** #define MPU_CTRL_PRIVDEFENA_Msk            (1UL << MPU_CTRL_PRIVDEFENA_Pos)               /*!< MPU 
 548:../../../../..//Drivers/CMSIS/Include/core_cm0plus.h **** 
 549:../../../../..//Drivers/CMSIS/Include/core_cm0plus.h **** #define MPU_CTRL_HFNMIENA_Pos               1U                                            /*!< MPU 
 550:../../../../..//Drivers/CMSIS/Include/core_cm0plus.h **** #define MPU_CTRL_HFNMIENA_Msk              (1UL << MPU_CTRL_HFNMIENA_Pos)                 /*!< MPU 
 551:../../../../..//Drivers/CMSIS/Include/core_cm0plus.h **** 
 552:../../../../..//Drivers/CMSIS/Include/core_cm0plus.h **** #define MPU_CTRL_ENABLE_Pos                 0U                                            /*!< MPU 
 553:../../../../..//Drivers/CMSIS/Include/core_cm0plus.h **** #define MPU_CTRL_ENABLE_Msk                (1UL /*<< MPU_CTRL_ENABLE_Pos*/)               /*!< MPU 
 554:../../../../..//Drivers/CMSIS/Include/core_cm0plus.h **** 
 555:../../../../..//Drivers/CMSIS/Include/core_cm0plus.h **** /* MPU Region Number Register Definitions */
 556:../../../../..//Drivers/CMSIS/Include/core_cm0plus.h **** #define MPU_RNR_REGION_Pos                  0U                                            /*!< MPU 
 557:../../../../..//Drivers/CMSIS/Include/core_cm0plus.h **** #define MPU_RNR_REGION_Msk                 (0xFFUL /*<< MPU_RNR_REGION_Pos*/)             /*!< MPU 
 558:../../../../..//Drivers/CMSIS/Include/core_cm0plus.h **** 
 559:../../../../..//Drivers/CMSIS/Include/core_cm0plus.h **** /* MPU Region Base Address Register Definitions */
 560:../../../../..//Drivers/CMSIS/Include/core_cm0plus.h **** #define MPU_RBAR_ADDR_Pos                   8U                                            /*!< MPU 
 561:../../../../..//Drivers/CMSIS/Include/core_cm0plus.h **** #define MPU_RBAR_ADDR_Msk                  (0xFFFFFFUL << MPU_RBAR_ADDR_Pos)              /*!< MPU 
 562:../../../../..//Drivers/CMSIS/Include/core_cm0plus.h **** 
 563:../../../../..//Drivers/CMSIS/Include/core_cm0plus.h **** #define MPU_RBAR_VALID_Pos                  4U                                            /*!< MPU 
 564:../../../../..//Drivers/CMSIS/Include/core_cm0plus.h **** #define MPU_RBAR_VALID_Msk                 (1UL << MPU_RBAR_VALID_Pos)                    /*!< MPU 
 565:../../../../..//Drivers/CMSIS/Include/core_cm0plus.h **** 
 566:../../../../..//Drivers/CMSIS/Include/core_cm0plus.h **** #define MPU_RBAR_REGION_Pos                 0U                                            /*!< MPU 
 567:../../../../..//Drivers/CMSIS/Include/core_cm0plus.h **** #define MPU_RBAR_REGION_Msk                (0xFUL /*<< MPU_RBAR_REGION_Pos*/)             /*!< MPU 
 568:../../../../..//Drivers/CMSIS/Include/core_cm0plus.h **** 
 569:../../../../..//Drivers/CMSIS/Include/core_cm0plus.h **** /* MPU Region Attribute and Size Register Definitions */
 570:../../../../..//Drivers/CMSIS/Include/core_cm0plus.h **** #define MPU_RASR_ATTRS_Pos                 16U                                            /*!< MPU 
 571:../../../../..//Drivers/CMSIS/Include/core_cm0plus.h **** #define MPU_RASR_ATTRS_Msk                 (0xFFFFUL << MPU_RASR_ATTRS_Pos)               /*!< MPU 
 572:../../../../..//Drivers/CMSIS/Include/core_cm0plus.h **** 
 573:../../../../..//Drivers/CMSIS/Include/core_cm0plus.h **** #define MPU_RASR_XN_Pos                    28U                                            /*!< MPU 
 574:../../../../..//Drivers/CMSIS/Include/core_cm0plus.h **** #define MPU_RASR_XN_Msk                    (1UL << MPU_RASR_XN_Pos)                       /*!< MPU 
 575:../../../../..//Drivers/CMSIS/Include/core_cm0plus.h **** 
 576:../../../../..//Drivers/CMSIS/Include/core_cm0plus.h **** #define MPU_RASR_AP_Pos                    24U                                            /*!< MPU 
 577:../../../../..//Drivers/CMSIS/Include/core_cm0plus.h **** #define MPU_RASR_AP_Msk                    (0x7UL << MPU_RASR_AP_Pos)                     /*!< MPU 
 578:../../../../..//Drivers/CMSIS/Include/core_cm0plus.h **** 
 579:../../../../..//Drivers/CMSIS/Include/core_cm0plus.h **** #define MPU_RASR_TEX_Pos                   19U                                            /*!< MPU 
 580:../../../../..//Drivers/CMSIS/Include/core_cm0plus.h **** #define MPU_RASR_TEX_Msk                   (0x7UL << MPU_RASR_TEX_Pos)                    /*!< MPU 
 581:../../../../..//Drivers/CMSIS/Include/core_cm0plus.h **** 
 582:../../../../..//Drivers/CMSIS/Include/core_cm0plus.h **** #define MPU_RASR_S_Pos                     18U                                            /*!< MPU 
 583:../../../../..//Drivers/CMSIS/Include/core_cm0plus.h **** #define MPU_RASR_S_Msk                     (1UL << MPU_RASR_S_Pos)                        /*!< MPU 
 584:../../../../..//Drivers/CMSIS/Include/core_cm0plus.h **** 
 585:../../../../..//Drivers/CMSIS/Include/core_cm0plus.h **** #define MPU_RASR_C_Pos                     17U                                            /*!< MPU 
 586:../../../../..//Drivers/CMSIS/Include/core_cm0plus.h **** #define MPU_RASR_C_Msk                     (1UL << MPU_RASR_C_Pos)                        /*!< MPU 
 587:../../../../..//Drivers/CMSIS/Include/core_cm0plus.h **** 
 588:../../../../..//Drivers/CMSIS/Include/core_cm0plus.h **** #define MPU_RASR_B_Pos                     16U                                            /*!< MPU 
 589:../../../../..//Drivers/CMSIS/Include/core_cm0plus.h **** #define MPU_RASR_B_Msk                     (1UL << MPU_RASR_B_Pos)                        /*!< MPU 
 590:../../../../..//Drivers/CMSIS/Include/core_cm0plus.h **** 
 591:../../../../..//Drivers/CMSIS/Include/core_cm0plus.h **** #define MPU_RASR_SRD_Pos                    8U                                            /*!< MPU 
 592:../../../../..//Drivers/CMSIS/Include/core_cm0plus.h **** #define MPU_RASR_SRD_Msk                   (0xFFUL << MPU_RASR_SRD_Pos)                   /*!< MPU 
 593:../../../../..//Drivers/CMSIS/Include/core_cm0plus.h **** 
 594:../../../../..//Drivers/CMSIS/Include/core_cm0plus.h **** #define MPU_RASR_SIZE_Pos                   1U                                            /*!< MPU 
 595:../../../../..//Drivers/CMSIS/Include/core_cm0plus.h **** #define MPU_RASR_SIZE_Msk                  (0x1FUL << MPU_RASR_SIZE_Pos)                  /*!< MPU 
 596:../../../../..//Drivers/CMSIS/Include/core_cm0plus.h **** 
 597:../../../../..//Drivers/CMSIS/Include/core_cm0plus.h **** #define MPU_RASR_ENABLE_Pos                 0U                                            /*!< MPU 
 598:../../../../..//Drivers/CMSIS/Include/core_cm0plus.h **** #define MPU_RASR_ENABLE_Msk                (1UL /*<< MPU_RASR_ENABLE_Pos*/)               /*!< MPU 
 599:../../../../..//Drivers/CMSIS/Include/core_cm0plus.h **** 
 600:../../../../..//Drivers/CMSIS/Include/core_cm0plus.h **** /*@} end of group CMSIS_MPU */
 601:../../../../..//Drivers/CMSIS/Include/core_cm0plus.h **** #endif
 602:../../../../..//Drivers/CMSIS/Include/core_cm0plus.h **** 
ARM GAS  /tmp/cczLaygH.s 			page 12


 603:../../../../..//Drivers/CMSIS/Include/core_cm0plus.h **** 
 604:../../../../..//Drivers/CMSIS/Include/core_cm0plus.h **** /**
 605:../../../../..//Drivers/CMSIS/Include/core_cm0plus.h ****   \ingroup  CMSIS_core_register
 606:../../../../..//Drivers/CMSIS/Include/core_cm0plus.h ****   \defgroup CMSIS_CoreDebug       Core Debug Registers (CoreDebug)
 607:../../../../..//Drivers/CMSIS/Include/core_cm0plus.h ****   \brief    Cortex-M0+ Core Debug Registers (DCB registers, SHCSR, and DFSR) are only accessible ov
 608:../../../../..//Drivers/CMSIS/Include/core_cm0plus.h ****             Therefore they are not covered by the Cortex-M0+ header file.
 609:../../../../..//Drivers/CMSIS/Include/core_cm0plus.h ****   @{
 610:../../../../..//Drivers/CMSIS/Include/core_cm0plus.h ****  */
 611:../../../../..//Drivers/CMSIS/Include/core_cm0plus.h **** /*@} end of group CMSIS_CoreDebug */
 612:../../../../..//Drivers/CMSIS/Include/core_cm0plus.h **** 
 613:../../../../..//Drivers/CMSIS/Include/core_cm0plus.h **** 
 614:../../../../..//Drivers/CMSIS/Include/core_cm0plus.h **** /**
 615:../../../../..//Drivers/CMSIS/Include/core_cm0plus.h ****   \ingroup    CMSIS_core_register
 616:../../../../..//Drivers/CMSIS/Include/core_cm0plus.h ****   \defgroup   CMSIS_core_bitfield     Core register bit field macros
 617:../../../../..//Drivers/CMSIS/Include/core_cm0plus.h ****   \brief      Macros for use with bit field definitions (xxx_Pos, xxx_Msk).
 618:../../../../..//Drivers/CMSIS/Include/core_cm0plus.h ****   @{
 619:../../../../..//Drivers/CMSIS/Include/core_cm0plus.h ****  */
 620:../../../../..//Drivers/CMSIS/Include/core_cm0plus.h **** 
 621:../../../../..//Drivers/CMSIS/Include/core_cm0plus.h **** /**
 622:../../../../..//Drivers/CMSIS/Include/core_cm0plus.h ****   \brief   Mask and shift a bit field value for use in a register bit range.
 623:../../../../..//Drivers/CMSIS/Include/core_cm0plus.h ****   \param[in] field  Name of the register bit field.
 624:../../../../..//Drivers/CMSIS/Include/core_cm0plus.h ****   \param[in] value  Value of the bit field. This parameter is interpreted as an uint32_t type.
 625:../../../../..//Drivers/CMSIS/Include/core_cm0plus.h ****   \return           Masked and shifted value.
 626:../../../../..//Drivers/CMSIS/Include/core_cm0plus.h **** */
 627:../../../../..//Drivers/CMSIS/Include/core_cm0plus.h **** #define _VAL2FLD(field, value)    (((uint32_t)(value) << field ## _Pos) & field ## _Msk)
 628:../../../../..//Drivers/CMSIS/Include/core_cm0plus.h **** 
 629:../../../../..//Drivers/CMSIS/Include/core_cm0plus.h **** /**
 630:../../../../..//Drivers/CMSIS/Include/core_cm0plus.h ****   \brief     Mask and shift a register value to extract a bit filed value.
 631:../../../../..//Drivers/CMSIS/Include/core_cm0plus.h ****   \param[in] field  Name of the register bit field.
 632:../../../../..//Drivers/CMSIS/Include/core_cm0plus.h ****   \param[in] value  Value of register. This parameter is interpreted as an uint32_t type.
 633:../../../../..//Drivers/CMSIS/Include/core_cm0plus.h ****   \return           Masked and shifted bit field value.
 634:../../../../..//Drivers/CMSIS/Include/core_cm0plus.h **** */
 635:../../../../..//Drivers/CMSIS/Include/core_cm0plus.h **** #define _FLD2VAL(field, value)    (((uint32_t)(value) & field ## _Msk) >> field ## _Pos)
 636:../../../../..//Drivers/CMSIS/Include/core_cm0plus.h **** 
 637:../../../../..//Drivers/CMSIS/Include/core_cm0plus.h **** /*@} end of group CMSIS_core_bitfield */
 638:../../../../..//Drivers/CMSIS/Include/core_cm0plus.h **** 
 639:../../../../..//Drivers/CMSIS/Include/core_cm0plus.h **** 
 640:../../../../..//Drivers/CMSIS/Include/core_cm0plus.h **** /**
 641:../../../../..//Drivers/CMSIS/Include/core_cm0plus.h ****   \ingroup    CMSIS_core_register
 642:../../../../..//Drivers/CMSIS/Include/core_cm0plus.h ****   \defgroup   CMSIS_core_base     Core Definitions
 643:../../../../..//Drivers/CMSIS/Include/core_cm0plus.h ****   \brief      Definitions for base addresses, unions, and structures.
 644:../../../../..//Drivers/CMSIS/Include/core_cm0plus.h ****   @{
 645:../../../../..//Drivers/CMSIS/Include/core_cm0plus.h ****  */
 646:../../../../..//Drivers/CMSIS/Include/core_cm0plus.h **** 
 647:../../../../..//Drivers/CMSIS/Include/core_cm0plus.h **** /* Memory mapping of Core Hardware */
 648:../../../../..//Drivers/CMSIS/Include/core_cm0plus.h **** #define SCS_BASE            (0xE000E000UL)                            /*!< System Control Space Bas
 649:../../../../..//Drivers/CMSIS/Include/core_cm0plus.h **** #define SysTick_BASE        (SCS_BASE +  0x0010UL)                    /*!< SysTick Base Address */
 650:../../../../..//Drivers/CMSIS/Include/core_cm0plus.h **** #define NVIC_BASE           (SCS_BASE +  0x0100UL)                    /*!< NVIC Base Address */
 651:../../../../..//Drivers/CMSIS/Include/core_cm0plus.h **** #define SCB_BASE            (SCS_BASE +  0x0D00UL)                    /*!< System Control Block Bas
 652:../../../../..//Drivers/CMSIS/Include/core_cm0plus.h **** 
 653:../../../../..//Drivers/CMSIS/Include/core_cm0plus.h **** #define SCB                 ((SCB_Type       *)     SCB_BASE      )   /*!< SCB configuration struct
 654:../../../../..//Drivers/CMSIS/Include/core_cm0plus.h **** #define SysTick             ((SysTick_Type   *)     SysTick_BASE  )   /*!< SysTick configuration st
 655:../../../../..//Drivers/CMSIS/Include/core_cm0plus.h **** #define NVIC                ((NVIC_Type      *)     NVIC_BASE     )   /*!< NVIC configuration struc
 656:../../../../..//Drivers/CMSIS/Include/core_cm0plus.h **** 
 657:../../../../..//Drivers/CMSIS/Include/core_cm0plus.h **** #if defined (__MPU_PRESENT) && (__MPU_PRESENT == 1U)
 658:../../../../..//Drivers/CMSIS/Include/core_cm0plus.h ****   #define MPU_BASE          (SCS_BASE +  0x0D90UL)                    /*!< Memory Protection Unit *
 659:../../../../..//Drivers/CMSIS/Include/core_cm0plus.h ****   #define MPU               ((MPU_Type       *)     MPU_BASE      )   /*!< Memory Protection Unit *
ARM GAS  /tmp/cczLaygH.s 			page 13


 660:../../../../..//Drivers/CMSIS/Include/core_cm0plus.h **** #endif
 661:../../../../..//Drivers/CMSIS/Include/core_cm0plus.h **** 
 662:../../../../..//Drivers/CMSIS/Include/core_cm0plus.h **** /*@} */
 663:../../../../..//Drivers/CMSIS/Include/core_cm0plus.h **** 
 664:../../../../..//Drivers/CMSIS/Include/core_cm0plus.h **** 
 665:../../../../..//Drivers/CMSIS/Include/core_cm0plus.h **** 
 666:../../../../..//Drivers/CMSIS/Include/core_cm0plus.h **** /*******************************************************************************
 667:../../../../..//Drivers/CMSIS/Include/core_cm0plus.h ****  *                Hardware Abstraction Layer
 668:../../../../..//Drivers/CMSIS/Include/core_cm0plus.h ****   Core Function Interface contains:
 669:../../../../..//Drivers/CMSIS/Include/core_cm0plus.h ****   - Core NVIC Functions
 670:../../../../..//Drivers/CMSIS/Include/core_cm0plus.h ****   - Core SysTick Functions
 671:../../../../..//Drivers/CMSIS/Include/core_cm0plus.h ****   - Core Register Access Functions
 672:../../../../..//Drivers/CMSIS/Include/core_cm0plus.h ****  ******************************************************************************/
 673:../../../../..//Drivers/CMSIS/Include/core_cm0plus.h **** /**
 674:../../../../..//Drivers/CMSIS/Include/core_cm0plus.h ****   \defgroup CMSIS_Core_FunctionInterface Functions and Instructions Reference
 675:../../../../..//Drivers/CMSIS/Include/core_cm0plus.h **** */
 676:../../../../..//Drivers/CMSIS/Include/core_cm0plus.h **** 
 677:../../../../..//Drivers/CMSIS/Include/core_cm0plus.h **** 
 678:../../../../..//Drivers/CMSIS/Include/core_cm0plus.h **** 
 679:../../../../..//Drivers/CMSIS/Include/core_cm0plus.h **** /* ##########################   NVIC functions  #################################### */
 680:../../../../..//Drivers/CMSIS/Include/core_cm0plus.h **** /**
 681:../../../../..//Drivers/CMSIS/Include/core_cm0plus.h ****   \ingroup  CMSIS_Core_FunctionInterface
 682:../../../../..//Drivers/CMSIS/Include/core_cm0plus.h ****   \defgroup CMSIS_Core_NVICFunctions NVIC Functions
 683:../../../../..//Drivers/CMSIS/Include/core_cm0plus.h ****   \brief    Functions that manage interrupts and exceptions via the NVIC.
 684:../../../../..//Drivers/CMSIS/Include/core_cm0plus.h ****   @{
 685:../../../../..//Drivers/CMSIS/Include/core_cm0plus.h ****  */
 686:../../../../..//Drivers/CMSIS/Include/core_cm0plus.h **** 
 687:../../../../..//Drivers/CMSIS/Include/core_cm0plus.h **** #ifdef CMSIS_NVIC_VIRTUAL
 688:../../../../..//Drivers/CMSIS/Include/core_cm0plus.h ****   #ifndef CMSIS_NVIC_VIRTUAL_HEADER_FILE
 689:../../../../..//Drivers/CMSIS/Include/core_cm0plus.h ****     #define CMSIS_NVIC_VIRTUAL_HEADER_FILE "cmsis_nvic_virtual.h"
 690:../../../../..//Drivers/CMSIS/Include/core_cm0plus.h ****   #endif
 691:../../../../..//Drivers/CMSIS/Include/core_cm0plus.h ****   #include CMSIS_NVIC_VIRTUAL_HEADER_FILE
 692:../../../../..//Drivers/CMSIS/Include/core_cm0plus.h **** #else
 693:../../../../..//Drivers/CMSIS/Include/core_cm0plus.h ****   #define NVIC_SetPriorityGrouping    __NVIC_SetPriorityGrouping
 694:../../../../..//Drivers/CMSIS/Include/core_cm0plus.h ****   #define NVIC_GetPriorityGrouping    __NVIC_GetPriorityGrouping
 695:../../../../..//Drivers/CMSIS/Include/core_cm0plus.h ****   #define NVIC_EnableIRQ              __NVIC_EnableIRQ
 696:../../../../..//Drivers/CMSIS/Include/core_cm0plus.h ****   #define NVIC_GetEnableIRQ           __NVIC_GetEnableIRQ
 697:../../../../..//Drivers/CMSIS/Include/core_cm0plus.h ****   #define NVIC_DisableIRQ             __NVIC_DisableIRQ
 698:../../../../..//Drivers/CMSIS/Include/core_cm0plus.h ****   #define NVIC_GetPendingIRQ          __NVIC_GetPendingIRQ
 699:../../../../..//Drivers/CMSIS/Include/core_cm0plus.h ****   #define NVIC_SetPendingIRQ          __NVIC_SetPendingIRQ
 700:../../../../..//Drivers/CMSIS/Include/core_cm0plus.h ****   #define NVIC_ClearPendingIRQ        __NVIC_ClearPendingIRQ
 701:../../../../..//Drivers/CMSIS/Include/core_cm0plus.h **** /*#define NVIC_GetActive              __NVIC_GetActive             not available for Cortex-M0+ */
 702:../../../../..//Drivers/CMSIS/Include/core_cm0plus.h ****   #define NVIC_SetPriority            __NVIC_SetPriority
 703:../../../../..//Drivers/CMSIS/Include/core_cm0plus.h ****   #define NVIC_GetPriority            __NVIC_GetPriority
 704:../../../../..//Drivers/CMSIS/Include/core_cm0plus.h ****   #define NVIC_SystemReset            __NVIC_SystemReset
 705:../../../../..//Drivers/CMSIS/Include/core_cm0plus.h **** #endif /* CMSIS_NVIC_VIRTUAL */
 706:../../../../..//Drivers/CMSIS/Include/core_cm0plus.h **** 
 707:../../../../..//Drivers/CMSIS/Include/core_cm0plus.h **** #ifdef CMSIS_VECTAB_VIRTUAL
 708:../../../../..//Drivers/CMSIS/Include/core_cm0plus.h ****   #ifndef CMSIS_VECTAB_VIRTUAL_HEADER_FILE
 709:../../../../..//Drivers/CMSIS/Include/core_cm0plus.h ****     #define CMSIS_VECTAB_VIRTUAL_HEADER_FILE "cmsis_vectab_virtual.h"
 710:../../../../..//Drivers/CMSIS/Include/core_cm0plus.h ****   #endif
 711:../../../../..//Drivers/CMSIS/Include/core_cm0plus.h ****   #include CMSIS_VECTAB_VIRTUAL_HEADER_FILE
 712:../../../../..//Drivers/CMSIS/Include/core_cm0plus.h **** #else
 713:../../../../..//Drivers/CMSIS/Include/core_cm0plus.h ****   #define NVIC_SetVector              __NVIC_SetVector
 714:../../../../..//Drivers/CMSIS/Include/core_cm0plus.h ****   #define NVIC_GetVector              __NVIC_GetVector
 715:../../../../..//Drivers/CMSIS/Include/core_cm0plus.h **** #endif  /* (CMSIS_VECTAB_VIRTUAL) */
 716:../../../../..//Drivers/CMSIS/Include/core_cm0plus.h **** 
ARM GAS  /tmp/cczLaygH.s 			page 14


 717:../../../../..//Drivers/CMSIS/Include/core_cm0plus.h **** #define NVIC_USER_IRQ_OFFSET          16
 718:../../../../..//Drivers/CMSIS/Include/core_cm0plus.h **** 
 719:../../../../..//Drivers/CMSIS/Include/core_cm0plus.h **** 
 720:../../../../..//Drivers/CMSIS/Include/core_cm0plus.h **** /* The following EXC_RETURN values are saved the LR on exception entry */
 721:../../../../..//Drivers/CMSIS/Include/core_cm0plus.h **** #define EXC_RETURN_HANDLER         (0xFFFFFFF1UL)     /* return to Handler mode, uses MSP after ret
 722:../../../../..//Drivers/CMSIS/Include/core_cm0plus.h **** #define EXC_RETURN_THREAD_MSP      (0xFFFFFFF9UL)     /* return to Thread mode, uses MSP after retu
 723:../../../../..//Drivers/CMSIS/Include/core_cm0plus.h **** #define EXC_RETURN_THREAD_PSP      (0xFFFFFFFDUL)     /* return to Thread mode, uses PSP after retu
 724:../../../../..//Drivers/CMSIS/Include/core_cm0plus.h **** 
 725:../../../../..//Drivers/CMSIS/Include/core_cm0plus.h **** 
 726:../../../../..//Drivers/CMSIS/Include/core_cm0plus.h **** /* Interrupt Priorities are WORD accessible only under Armv6-M                  */
 727:../../../../..//Drivers/CMSIS/Include/core_cm0plus.h **** /* The following MACROS handle generation of the register offset and byte masks */
 728:../../../../..//Drivers/CMSIS/Include/core_cm0plus.h **** #define _BIT_SHIFT(IRQn)         (  ((((uint32_t)(int32_t)(IRQn))         )      &  0x03UL) * 8UL)
 729:../../../../..//Drivers/CMSIS/Include/core_cm0plus.h **** #define _SHP_IDX(IRQn)           ( (((((uint32_t)(int32_t)(IRQn)) & 0x0FUL)-8UL) >>    2UL)      )
 730:../../../../..//Drivers/CMSIS/Include/core_cm0plus.h **** #define _IP_IDX(IRQn)            (   (((uint32_t)(int32_t)(IRQn))                >>    2UL)      )
 731:../../../../..//Drivers/CMSIS/Include/core_cm0plus.h **** 
 732:../../../../..//Drivers/CMSIS/Include/core_cm0plus.h **** #define __NVIC_SetPriorityGrouping(X) (void)(X)
 733:../../../../..//Drivers/CMSIS/Include/core_cm0plus.h **** #define __NVIC_GetPriorityGrouping()  (0U)
 734:../../../../..//Drivers/CMSIS/Include/core_cm0plus.h **** 
 735:../../../../..//Drivers/CMSIS/Include/core_cm0plus.h **** /**
 736:../../../../..//Drivers/CMSIS/Include/core_cm0plus.h ****   \brief   Enable Interrupt
 737:../../../../..//Drivers/CMSIS/Include/core_cm0plus.h ****   \details Enables a device specific interrupt in the NVIC interrupt controller.
 738:../../../../..//Drivers/CMSIS/Include/core_cm0plus.h ****   \param [in]      IRQn  Device specific interrupt number.
 739:../../../../..//Drivers/CMSIS/Include/core_cm0plus.h ****   \note    IRQn must not be negative.
 740:../../../../..//Drivers/CMSIS/Include/core_cm0plus.h ****  */
 741:../../../../..//Drivers/CMSIS/Include/core_cm0plus.h **** __STATIC_INLINE void __NVIC_EnableIRQ(IRQn_Type IRQn)
 742:../../../../..//Drivers/CMSIS/Include/core_cm0plus.h **** {
 743:../../../../..//Drivers/CMSIS/Include/core_cm0plus.h ****   if ((int32_t)(IRQn) >= 0)
 744:../../../../..//Drivers/CMSIS/Include/core_cm0plus.h ****   {
 745:../../../../..//Drivers/CMSIS/Include/core_cm0plus.h ****     __COMPILER_BARRIER();
 746:../../../../..//Drivers/CMSIS/Include/core_cm0plus.h ****     NVIC->ISER[0U] = (uint32_t)(1UL << (((uint32_t)IRQn) & 0x1FUL));
 747:../../../../..//Drivers/CMSIS/Include/core_cm0plus.h ****     __COMPILER_BARRIER();
 748:../../../../..//Drivers/CMSIS/Include/core_cm0plus.h ****   }
 749:../../../../..//Drivers/CMSIS/Include/core_cm0plus.h **** }
 750:../../../../..//Drivers/CMSIS/Include/core_cm0plus.h **** 
 751:../../../../..//Drivers/CMSIS/Include/core_cm0plus.h **** 
 752:../../../../..//Drivers/CMSIS/Include/core_cm0plus.h **** /**
 753:../../../../..//Drivers/CMSIS/Include/core_cm0plus.h ****   \brief   Get Interrupt Enable status
 754:../../../../..//Drivers/CMSIS/Include/core_cm0plus.h ****   \details Returns a device specific interrupt enable status from the NVIC interrupt controller.
 755:../../../../..//Drivers/CMSIS/Include/core_cm0plus.h ****   \param [in]      IRQn  Device specific interrupt number.
 756:../../../../..//Drivers/CMSIS/Include/core_cm0plus.h ****   \return             0  Interrupt is not enabled.
 757:../../../../..//Drivers/CMSIS/Include/core_cm0plus.h ****   \return             1  Interrupt is enabled.
 758:../../../../..//Drivers/CMSIS/Include/core_cm0plus.h ****   \note    IRQn must not be negative.
 759:../../../../..//Drivers/CMSIS/Include/core_cm0plus.h ****  */
 760:../../../../..//Drivers/CMSIS/Include/core_cm0plus.h **** __STATIC_INLINE uint32_t __NVIC_GetEnableIRQ(IRQn_Type IRQn)
 761:../../../../..//Drivers/CMSIS/Include/core_cm0plus.h **** {
 762:../../../../..//Drivers/CMSIS/Include/core_cm0plus.h ****   if ((int32_t)(IRQn) >= 0)
 763:../../../../..//Drivers/CMSIS/Include/core_cm0plus.h ****   {
 764:../../../../..//Drivers/CMSIS/Include/core_cm0plus.h ****     return((uint32_t)(((NVIC->ISER[0U] & (1UL << (((uint32_t)IRQn) & 0x1FUL))) != 0UL) ? 1UL : 0UL)
 765:../../../../..//Drivers/CMSIS/Include/core_cm0plus.h ****   }
 766:../../../../..//Drivers/CMSIS/Include/core_cm0plus.h ****   else
 767:../../../../..//Drivers/CMSIS/Include/core_cm0plus.h ****   {
 768:../../../../..//Drivers/CMSIS/Include/core_cm0plus.h ****     return(0U);
 769:../../../../..//Drivers/CMSIS/Include/core_cm0plus.h ****   }
 770:../../../../..//Drivers/CMSIS/Include/core_cm0plus.h **** }
 771:../../../../..//Drivers/CMSIS/Include/core_cm0plus.h **** 
 772:../../../../..//Drivers/CMSIS/Include/core_cm0plus.h **** 
 773:../../../../..//Drivers/CMSIS/Include/core_cm0plus.h **** /**
ARM GAS  /tmp/cczLaygH.s 			page 15


 774:../../../../..//Drivers/CMSIS/Include/core_cm0plus.h ****   \brief   Disable Interrupt
 775:../../../../..//Drivers/CMSIS/Include/core_cm0plus.h ****   \details Disables a device specific interrupt in the NVIC interrupt controller.
 776:../../../../..//Drivers/CMSIS/Include/core_cm0plus.h ****   \param [in]      IRQn  Device specific interrupt number.
 777:../../../../..//Drivers/CMSIS/Include/core_cm0plus.h ****   \note    IRQn must not be negative.
 778:../../../../..//Drivers/CMSIS/Include/core_cm0plus.h ****  */
 779:../../../../..//Drivers/CMSIS/Include/core_cm0plus.h **** __STATIC_INLINE void __NVIC_DisableIRQ(IRQn_Type IRQn)
 780:../../../../..//Drivers/CMSIS/Include/core_cm0plus.h **** {
 781:../../../../..//Drivers/CMSIS/Include/core_cm0plus.h ****   if ((int32_t)(IRQn) >= 0)
 782:../../../../..//Drivers/CMSIS/Include/core_cm0plus.h ****   {
 783:../../../../..//Drivers/CMSIS/Include/core_cm0plus.h ****     NVIC->ICER[0U] = (uint32_t)(1UL << (((uint32_t)IRQn) & 0x1FUL));
 784:../../../../..//Drivers/CMSIS/Include/core_cm0plus.h ****     __DSB();
 785:../../../../..//Drivers/CMSIS/Include/core_cm0plus.h ****     __ISB();
 786:../../../../..//Drivers/CMSIS/Include/core_cm0plus.h ****   }
 787:../../../../..//Drivers/CMSIS/Include/core_cm0plus.h **** }
 788:../../../../..//Drivers/CMSIS/Include/core_cm0plus.h **** 
 789:../../../../..//Drivers/CMSIS/Include/core_cm0plus.h **** 
 790:../../../../..//Drivers/CMSIS/Include/core_cm0plus.h **** /**
 791:../../../../..//Drivers/CMSIS/Include/core_cm0plus.h ****   \brief   Get Pending Interrupt
 792:../../../../..//Drivers/CMSIS/Include/core_cm0plus.h ****   \details Reads the NVIC pending register and returns the pending bit for the specified device spe
 793:../../../../..//Drivers/CMSIS/Include/core_cm0plus.h ****   \param [in]      IRQn  Device specific interrupt number.
 794:../../../../..//Drivers/CMSIS/Include/core_cm0plus.h ****   \return             0  Interrupt status is not pending.
 795:../../../../..//Drivers/CMSIS/Include/core_cm0plus.h ****   \return             1  Interrupt status is pending.
 796:../../../../..//Drivers/CMSIS/Include/core_cm0plus.h ****   \note    IRQn must not be negative.
 797:../../../../..//Drivers/CMSIS/Include/core_cm0plus.h ****  */
 798:../../../../..//Drivers/CMSIS/Include/core_cm0plus.h **** __STATIC_INLINE uint32_t __NVIC_GetPendingIRQ(IRQn_Type IRQn)
 799:../../../../..//Drivers/CMSIS/Include/core_cm0plus.h **** {
 800:../../../../..//Drivers/CMSIS/Include/core_cm0plus.h ****   if ((int32_t)(IRQn) >= 0)
 801:../../../../..//Drivers/CMSIS/Include/core_cm0plus.h ****   {
 802:../../../../..//Drivers/CMSIS/Include/core_cm0plus.h ****     return((uint32_t)(((NVIC->ISPR[0U] & (1UL << (((uint32_t)IRQn) & 0x1FUL))) != 0UL) ? 1UL : 0UL)
 803:../../../../..//Drivers/CMSIS/Include/core_cm0plus.h ****   }
 804:../../../../..//Drivers/CMSIS/Include/core_cm0plus.h ****   else
 805:../../../../..//Drivers/CMSIS/Include/core_cm0plus.h ****   {
 806:../../../../..//Drivers/CMSIS/Include/core_cm0plus.h ****     return(0U);
 807:../../../../..//Drivers/CMSIS/Include/core_cm0plus.h ****   }
 808:../../../../..//Drivers/CMSIS/Include/core_cm0plus.h **** }
 809:../../../../..//Drivers/CMSIS/Include/core_cm0plus.h **** 
 810:../../../../..//Drivers/CMSIS/Include/core_cm0plus.h **** 
 811:../../../../..//Drivers/CMSIS/Include/core_cm0plus.h **** /**
 812:../../../../..//Drivers/CMSIS/Include/core_cm0plus.h ****   \brief   Set Pending Interrupt
 813:../../../../..//Drivers/CMSIS/Include/core_cm0plus.h ****   \details Sets the pending bit of a device specific interrupt in the NVIC pending register.
 814:../../../../..//Drivers/CMSIS/Include/core_cm0plus.h ****   \param [in]      IRQn  Device specific interrupt number.
 815:../../../../..//Drivers/CMSIS/Include/core_cm0plus.h ****   \note    IRQn must not be negative.
 816:../../../../..//Drivers/CMSIS/Include/core_cm0plus.h ****  */
 817:../../../../..//Drivers/CMSIS/Include/core_cm0plus.h **** __STATIC_INLINE void __NVIC_SetPendingIRQ(IRQn_Type IRQn)
 818:../../../../..//Drivers/CMSIS/Include/core_cm0plus.h **** {
 819:../../../../..//Drivers/CMSIS/Include/core_cm0plus.h ****   if ((int32_t)(IRQn) >= 0)
 820:../../../../..//Drivers/CMSIS/Include/core_cm0plus.h ****   {
 821:../../../../..//Drivers/CMSIS/Include/core_cm0plus.h ****     NVIC->ISPR[0U] = (uint32_t)(1UL << (((uint32_t)IRQn) & 0x1FUL));
 822:../../../../..//Drivers/CMSIS/Include/core_cm0plus.h ****   }
 823:../../../../..//Drivers/CMSIS/Include/core_cm0plus.h **** }
 824:../../../../..//Drivers/CMSIS/Include/core_cm0plus.h **** 
 825:../../../../..//Drivers/CMSIS/Include/core_cm0plus.h **** 
 826:../../../../..//Drivers/CMSIS/Include/core_cm0plus.h **** /**
 827:../../../../..//Drivers/CMSIS/Include/core_cm0plus.h ****   \brief   Clear Pending Interrupt
 828:../../../../..//Drivers/CMSIS/Include/core_cm0plus.h ****   \details Clears the pending bit of a device specific interrupt in the NVIC pending register.
 829:../../../../..//Drivers/CMSIS/Include/core_cm0plus.h ****   \param [in]      IRQn  Device specific interrupt number.
 830:../../../../..//Drivers/CMSIS/Include/core_cm0plus.h ****   \note    IRQn must not be negative.
ARM GAS  /tmp/cczLaygH.s 			page 16


 831:../../../../..//Drivers/CMSIS/Include/core_cm0plus.h ****  */
 832:../../../../..//Drivers/CMSIS/Include/core_cm0plus.h **** __STATIC_INLINE void __NVIC_ClearPendingIRQ(IRQn_Type IRQn)
 833:../../../../..//Drivers/CMSIS/Include/core_cm0plus.h **** {
 834:../../../../..//Drivers/CMSIS/Include/core_cm0plus.h ****   if ((int32_t)(IRQn) >= 0)
 835:../../../../..//Drivers/CMSIS/Include/core_cm0plus.h ****   {
 836:../../../../..//Drivers/CMSIS/Include/core_cm0plus.h ****     NVIC->ICPR[0U] = (uint32_t)(1UL << (((uint32_t)IRQn) & 0x1FUL));
 837:../../../../..//Drivers/CMSIS/Include/core_cm0plus.h ****   }
 838:../../../../..//Drivers/CMSIS/Include/core_cm0plus.h **** }
 839:../../../../..//Drivers/CMSIS/Include/core_cm0plus.h **** 
 840:../../../../..//Drivers/CMSIS/Include/core_cm0plus.h **** 
 841:../../../../..//Drivers/CMSIS/Include/core_cm0plus.h **** /**
 842:../../../../..//Drivers/CMSIS/Include/core_cm0plus.h ****   \brief   Set Interrupt Priority
 843:../../../../..//Drivers/CMSIS/Include/core_cm0plus.h ****   \details Sets the priority of a device specific interrupt or a processor exception.
 844:../../../../..//Drivers/CMSIS/Include/core_cm0plus.h ****            The interrupt number can be positive to specify a device specific interrupt,
 845:../../../../..//Drivers/CMSIS/Include/core_cm0plus.h ****            or negative to specify a processor exception.
 846:../../../../..//Drivers/CMSIS/Include/core_cm0plus.h ****   \param [in]      IRQn  Interrupt number.
 847:../../../../..//Drivers/CMSIS/Include/core_cm0plus.h ****   \param [in]  priority  Priority to set.
 848:../../../../..//Drivers/CMSIS/Include/core_cm0plus.h ****   \note    The priority cannot be set for every processor exception.
 849:../../../../..//Drivers/CMSIS/Include/core_cm0plus.h ****  */
 850:../../../../..//Drivers/CMSIS/Include/core_cm0plus.h **** __STATIC_INLINE void __NVIC_SetPriority(IRQn_Type IRQn, uint32_t priority)
 851:../../../../..//Drivers/CMSIS/Include/core_cm0plus.h **** {
 852:../../../../..//Drivers/CMSIS/Include/core_cm0plus.h ****   if ((int32_t)(IRQn) >= 0)
 853:../../../../..//Drivers/CMSIS/Include/core_cm0plus.h ****   {
 854:../../../../..//Drivers/CMSIS/Include/core_cm0plus.h ****     NVIC->IP[_IP_IDX(IRQn)]  = ((uint32_t)(NVIC->IP[_IP_IDX(IRQn)]  & ~(0xFFUL << _BIT_SHIFT(IRQn))
 855:../../../../..//Drivers/CMSIS/Include/core_cm0plus.h ****        (((priority << (8U - __NVIC_PRIO_BITS)) & (uint32_t)0xFFUL) << _BIT_SHIFT(IRQn)));
 856:../../../../..//Drivers/CMSIS/Include/core_cm0plus.h ****   }
 857:../../../../..//Drivers/CMSIS/Include/core_cm0plus.h ****   else
 858:../../../../..//Drivers/CMSIS/Include/core_cm0plus.h ****   {
 859:../../../../..//Drivers/CMSIS/Include/core_cm0plus.h ****     SCB->SHP[_SHP_IDX(IRQn)] = ((uint32_t)(SCB->SHP[_SHP_IDX(IRQn)] & ~(0xFFUL << _BIT_SHIFT(IRQn))
 860:../../../../..//Drivers/CMSIS/Include/core_cm0plus.h ****        (((priority << (8U - __NVIC_PRIO_BITS)) & (uint32_t)0xFFUL) << _BIT_SHIFT(IRQn)));
 861:../../../../..//Drivers/CMSIS/Include/core_cm0plus.h ****   }
 862:../../../../..//Drivers/CMSIS/Include/core_cm0plus.h **** }
 863:../../../../..//Drivers/CMSIS/Include/core_cm0plus.h **** 
 864:../../../../..//Drivers/CMSIS/Include/core_cm0plus.h **** 
 865:../../../../..//Drivers/CMSIS/Include/core_cm0plus.h **** /**
 866:../../../../..//Drivers/CMSIS/Include/core_cm0plus.h ****   \brief   Get Interrupt Priority
 867:../../../../..//Drivers/CMSIS/Include/core_cm0plus.h ****   \details Reads the priority of a device specific interrupt or a processor exception.
 868:../../../../..//Drivers/CMSIS/Include/core_cm0plus.h ****            The interrupt number can be positive to specify a device specific interrupt,
 869:../../../../..//Drivers/CMSIS/Include/core_cm0plus.h ****            or negative to specify a processor exception.
 870:../../../../..//Drivers/CMSIS/Include/core_cm0plus.h ****   \param [in]   IRQn  Interrupt number.
 871:../../../../..//Drivers/CMSIS/Include/core_cm0plus.h ****   \return             Interrupt Priority.
 872:../../../../..//Drivers/CMSIS/Include/core_cm0plus.h ****                       Value is aligned automatically to the implemented priority bits of the microc
 873:../../../../..//Drivers/CMSIS/Include/core_cm0plus.h ****  */
 874:../../../../..//Drivers/CMSIS/Include/core_cm0plus.h **** __STATIC_INLINE uint32_t __NVIC_GetPriority(IRQn_Type IRQn)
 875:../../../../..//Drivers/CMSIS/Include/core_cm0plus.h **** {
 876:../../../../..//Drivers/CMSIS/Include/core_cm0plus.h **** 
 877:../../../../..//Drivers/CMSIS/Include/core_cm0plus.h ****   if ((int32_t)(IRQn) >= 0)
 878:../../../../..//Drivers/CMSIS/Include/core_cm0plus.h ****   {
 879:../../../../..//Drivers/CMSIS/Include/core_cm0plus.h ****     return((uint32_t)(((NVIC->IP[ _IP_IDX(IRQn)] >> _BIT_SHIFT(IRQn) ) & (uint32_t)0xFFUL) >> (8U -
 880:../../../../..//Drivers/CMSIS/Include/core_cm0plus.h ****   }
 881:../../../../..//Drivers/CMSIS/Include/core_cm0plus.h ****   else
 882:../../../../..//Drivers/CMSIS/Include/core_cm0plus.h ****   {
 883:../../../../..//Drivers/CMSIS/Include/core_cm0plus.h ****     return((uint32_t)(((SCB->SHP[_SHP_IDX(IRQn)] >> _BIT_SHIFT(IRQn) ) & (uint32_t)0xFFUL) >> (8U -
 884:../../../../..//Drivers/CMSIS/Include/core_cm0plus.h ****   }
 885:../../../../..//Drivers/CMSIS/Include/core_cm0plus.h **** }
 886:../../../../..//Drivers/CMSIS/Include/core_cm0plus.h **** 
 887:../../../../..//Drivers/CMSIS/Include/core_cm0plus.h **** 
ARM GAS  /tmp/cczLaygH.s 			page 17


 888:../../../../..//Drivers/CMSIS/Include/core_cm0plus.h **** /**
 889:../../../../..//Drivers/CMSIS/Include/core_cm0plus.h ****   \brief   Encode Priority
 890:../../../../..//Drivers/CMSIS/Include/core_cm0plus.h ****   \details Encodes the priority for an interrupt with the given priority group,
 891:../../../../..//Drivers/CMSIS/Include/core_cm0plus.h ****            preemptive priority value, and subpriority value.
 892:../../../../..//Drivers/CMSIS/Include/core_cm0plus.h ****            In case of a conflict between priority grouping and available
 893:../../../../..//Drivers/CMSIS/Include/core_cm0plus.h ****            priority bits (__NVIC_PRIO_BITS), the smallest possible priority group is set.
 894:../../../../..//Drivers/CMSIS/Include/core_cm0plus.h ****   \param [in]     PriorityGroup  Used priority group.
 895:../../../../..//Drivers/CMSIS/Include/core_cm0plus.h ****   \param [in]   PreemptPriority  Preemptive priority value (starting from 0).
 896:../../../../..//Drivers/CMSIS/Include/core_cm0plus.h ****   \param [in]       SubPriority  Subpriority value (starting from 0).
 897:../../../../..//Drivers/CMSIS/Include/core_cm0plus.h ****   \return                        Encoded priority. Value can be used in the function \ref NVIC_SetP
 898:../../../../..//Drivers/CMSIS/Include/core_cm0plus.h ****  */
 899:../../../../..//Drivers/CMSIS/Include/core_cm0plus.h **** __STATIC_INLINE uint32_t NVIC_EncodePriority (uint32_t PriorityGroup, uint32_t PreemptPriority, uin
 900:../../../../..//Drivers/CMSIS/Include/core_cm0plus.h **** {
 901:../../../../..//Drivers/CMSIS/Include/core_cm0plus.h ****   uint32_t PriorityGroupTmp = (PriorityGroup & (uint32_t)0x07UL);   /* only values 0..7 are used   
 902:../../../../..//Drivers/CMSIS/Include/core_cm0plus.h ****   uint32_t PreemptPriorityBits;
 903:../../../../..//Drivers/CMSIS/Include/core_cm0plus.h ****   uint32_t SubPriorityBits;
 904:../../../../..//Drivers/CMSIS/Include/core_cm0plus.h **** 
 905:../../../../..//Drivers/CMSIS/Include/core_cm0plus.h ****   PreemptPriorityBits = ((7UL - PriorityGroupTmp) > (uint32_t)(__NVIC_PRIO_BITS)) ? (uint32_t)(__NV
 906:../../../../..//Drivers/CMSIS/Include/core_cm0plus.h ****   SubPriorityBits     = ((PriorityGroupTmp + (uint32_t)(__NVIC_PRIO_BITS)) < (uint32_t)7UL) ? (uint
 907:../../../../..//Drivers/CMSIS/Include/core_cm0plus.h **** 
 908:../../../../..//Drivers/CMSIS/Include/core_cm0plus.h ****   return (
 909:../../../../..//Drivers/CMSIS/Include/core_cm0plus.h ****            ((PreemptPriority & (uint32_t)((1UL << (PreemptPriorityBits)) - 1UL)) << SubPriorityBits
 910:../../../../..//Drivers/CMSIS/Include/core_cm0plus.h ****            ((SubPriority     & (uint32_t)((1UL << (SubPriorityBits    )) - 1UL)))
 911:../../../../..//Drivers/CMSIS/Include/core_cm0plus.h ****          );
 912:../../../../..//Drivers/CMSIS/Include/core_cm0plus.h **** }
 913:../../../../..//Drivers/CMSIS/Include/core_cm0plus.h **** 
 914:../../../../..//Drivers/CMSIS/Include/core_cm0plus.h **** 
 915:../../../../..//Drivers/CMSIS/Include/core_cm0plus.h **** /**
 916:../../../../..//Drivers/CMSIS/Include/core_cm0plus.h ****   \brief   Decode Priority
 917:../../../../..//Drivers/CMSIS/Include/core_cm0plus.h ****   \details Decodes an interrupt priority value with a given priority group to
 918:../../../../..//Drivers/CMSIS/Include/core_cm0plus.h ****            preemptive priority value and subpriority value.
 919:../../../../..//Drivers/CMSIS/Include/core_cm0plus.h ****            In case of a conflict between priority grouping and available
 920:../../../../..//Drivers/CMSIS/Include/core_cm0plus.h ****            priority bits (__NVIC_PRIO_BITS) the smallest possible priority group is set.
 921:../../../../..//Drivers/CMSIS/Include/core_cm0plus.h ****   \param [in]         Priority   Priority value, which can be retrieved with the function \ref NVIC
 922:../../../../..//Drivers/CMSIS/Include/core_cm0plus.h ****   \param [in]     PriorityGroup  Used priority group.
 923:../../../../..//Drivers/CMSIS/Include/core_cm0plus.h ****   \param [out] pPreemptPriority  Preemptive priority value (starting from 0).
 924:../../../../..//Drivers/CMSIS/Include/core_cm0plus.h ****   \param [out]     pSubPriority  Subpriority value (starting from 0).
 925:../../../../..//Drivers/CMSIS/Include/core_cm0plus.h ****  */
 926:../../../../..//Drivers/CMSIS/Include/core_cm0plus.h **** __STATIC_INLINE void NVIC_DecodePriority (uint32_t Priority, uint32_t PriorityGroup, uint32_t* cons
 927:../../../../..//Drivers/CMSIS/Include/core_cm0plus.h **** {
 928:../../../../..//Drivers/CMSIS/Include/core_cm0plus.h ****   uint32_t PriorityGroupTmp = (PriorityGroup & (uint32_t)0x07UL);   /* only values 0..7 are used   
 929:../../../../..//Drivers/CMSIS/Include/core_cm0plus.h ****   uint32_t PreemptPriorityBits;
 930:../../../../..//Drivers/CMSIS/Include/core_cm0plus.h ****   uint32_t SubPriorityBits;
 931:../../../../..//Drivers/CMSIS/Include/core_cm0plus.h **** 
 932:../../../../..//Drivers/CMSIS/Include/core_cm0plus.h ****   PreemptPriorityBits = ((7UL - PriorityGroupTmp) > (uint32_t)(__NVIC_PRIO_BITS)) ? (uint32_t)(__NV
 933:../../../../..//Drivers/CMSIS/Include/core_cm0plus.h ****   SubPriorityBits     = ((PriorityGroupTmp + (uint32_t)(__NVIC_PRIO_BITS)) < (uint32_t)7UL) ? (uint
 934:../../../../..//Drivers/CMSIS/Include/core_cm0plus.h **** 
 935:../../../../..//Drivers/CMSIS/Include/core_cm0plus.h ****   *pPreemptPriority = (Priority >> SubPriorityBits) & (uint32_t)((1UL << (PreemptPriorityBits)) - 1
 936:../../../../..//Drivers/CMSIS/Include/core_cm0plus.h ****   *pSubPriority     = (Priority                   ) & (uint32_t)((1UL << (SubPriorityBits    )) - 1
 937:../../../../..//Drivers/CMSIS/Include/core_cm0plus.h **** }
 938:../../../../..//Drivers/CMSIS/Include/core_cm0plus.h **** 
 939:../../../../..//Drivers/CMSIS/Include/core_cm0plus.h **** 
 940:../../../../..//Drivers/CMSIS/Include/core_cm0plus.h **** /**
 941:../../../../..//Drivers/CMSIS/Include/core_cm0plus.h ****   \brief   Set Interrupt Vector
 942:../../../../..//Drivers/CMSIS/Include/core_cm0plus.h ****   \details Sets an interrupt vector in SRAM based interrupt vector table.
 943:../../../../..//Drivers/CMSIS/Include/core_cm0plus.h ****            The interrupt number can be positive to specify a device specific interrupt,
 944:../../../../..//Drivers/CMSIS/Include/core_cm0plus.h ****            or negative to specify a processor exception.
ARM GAS  /tmp/cczLaygH.s 			page 18


 945:../../../../..//Drivers/CMSIS/Include/core_cm0plus.h ****            VTOR must been relocated to SRAM before.
 946:../../../../..//Drivers/CMSIS/Include/core_cm0plus.h ****            If VTOR is not present address 0 must be mapped to SRAM.
 947:../../../../..//Drivers/CMSIS/Include/core_cm0plus.h ****   \param [in]   IRQn      Interrupt number
 948:../../../../..//Drivers/CMSIS/Include/core_cm0plus.h ****   \param [in]   vector    Address of interrupt handler function
 949:../../../../..//Drivers/CMSIS/Include/core_cm0plus.h ****  */
 950:../../../../..//Drivers/CMSIS/Include/core_cm0plus.h **** __STATIC_INLINE void __NVIC_SetVector(IRQn_Type IRQn, uint32_t vector)
 951:../../../../..//Drivers/CMSIS/Include/core_cm0plus.h **** {
 952:../../../../..//Drivers/CMSIS/Include/core_cm0plus.h **** #if defined (__VTOR_PRESENT) && (__VTOR_PRESENT == 1U)
 953:../../../../..//Drivers/CMSIS/Include/core_cm0plus.h ****   uint32_t *vectors = (uint32_t *)SCB->VTOR;
 954:../../../../..//Drivers/CMSIS/Include/core_cm0plus.h ****   vectors[(int32_t)IRQn + NVIC_USER_IRQ_OFFSET] = vector;
 955:../../../../..//Drivers/CMSIS/Include/core_cm0plus.h **** #else
 956:../../../../..//Drivers/CMSIS/Include/core_cm0plus.h ****   uint32_t *vectors = (uint32_t *)(NVIC_USER_IRQ_OFFSET << 2);      /* point to 1st user interrupt 
 957:../../../../..//Drivers/CMSIS/Include/core_cm0plus.h ****   *(vectors + (int32_t)IRQn) = vector;                              /* use pointer arithmetic to ac
 958:../../../../..//Drivers/CMSIS/Include/core_cm0plus.h **** #endif
 959:../../../../..//Drivers/CMSIS/Include/core_cm0plus.h ****   /* ARM Application Note 321 states that the M0+ does not require the architectural barrier */
 960:../../../../..//Drivers/CMSIS/Include/core_cm0plus.h **** }
 961:../../../../..//Drivers/CMSIS/Include/core_cm0plus.h **** 
 962:../../../../..//Drivers/CMSIS/Include/core_cm0plus.h **** 
 963:../../../../..//Drivers/CMSIS/Include/core_cm0plus.h **** /**
 964:../../../../..//Drivers/CMSIS/Include/core_cm0plus.h ****   \brief   Get Interrupt Vector
 965:../../../../..//Drivers/CMSIS/Include/core_cm0plus.h ****   \details Reads an interrupt vector from interrupt vector table.
 966:../../../../..//Drivers/CMSIS/Include/core_cm0plus.h ****            The interrupt number can be positive to specify a device specific interrupt,
 967:../../../../..//Drivers/CMSIS/Include/core_cm0plus.h ****            or negative to specify a processor exception.
 968:../../../../..//Drivers/CMSIS/Include/core_cm0plus.h ****   \param [in]   IRQn      Interrupt number.
 969:../../../../..//Drivers/CMSIS/Include/core_cm0plus.h ****   \return                 Address of interrupt handler function
 970:../../../../..//Drivers/CMSIS/Include/core_cm0plus.h ****  */
 971:../../../../..//Drivers/CMSIS/Include/core_cm0plus.h **** __STATIC_INLINE uint32_t __NVIC_GetVector(IRQn_Type IRQn)
 972:../../../../..//Drivers/CMSIS/Include/core_cm0plus.h **** {
 973:../../../../..//Drivers/CMSIS/Include/core_cm0plus.h **** #if defined (__VTOR_PRESENT) && (__VTOR_PRESENT == 1U)
 974:../../../../..//Drivers/CMSIS/Include/core_cm0plus.h ****   uint32_t *vectors = (uint32_t *)SCB->VTOR;
 975:../../../../..//Drivers/CMSIS/Include/core_cm0plus.h ****   return vectors[(int32_t)IRQn + NVIC_USER_IRQ_OFFSET];
 976:../../../../..//Drivers/CMSIS/Include/core_cm0plus.h **** #else
 977:../../../../..//Drivers/CMSIS/Include/core_cm0plus.h ****   uint32_t *vectors = (uint32_t *)(NVIC_USER_IRQ_OFFSET << 2);      /* point to 1st user interrupt 
 978:../../../../..//Drivers/CMSIS/Include/core_cm0plus.h ****   return *(vectors + (int32_t)IRQn);                                /* use pointer arithmetic to ac
 979:../../../../..//Drivers/CMSIS/Include/core_cm0plus.h **** #endif
 980:../../../../..//Drivers/CMSIS/Include/core_cm0plus.h **** }
 981:../../../../..//Drivers/CMSIS/Include/core_cm0plus.h **** 
 982:../../../../..//Drivers/CMSIS/Include/core_cm0plus.h **** 
 983:../../../../..//Drivers/CMSIS/Include/core_cm0plus.h **** /**
 984:../../../../..//Drivers/CMSIS/Include/core_cm0plus.h ****   \brief   System Reset
 985:../../../../..//Drivers/CMSIS/Include/core_cm0plus.h ****   \details Initiates a system reset request to reset the MCU.
 986:../../../../..//Drivers/CMSIS/Include/core_cm0plus.h ****  */
 987:../../../../..//Drivers/CMSIS/Include/core_cm0plus.h **** __NO_RETURN __STATIC_INLINE void __NVIC_SystemReset(void)
 988:../../../../..//Drivers/CMSIS/Include/core_cm0plus.h **** {
  27              		.loc 2 988 1 view -0
  28              		.cfi_startproc
  29              		@ Volatile: function does not return.
  30              		@ args = 0, pretend = 0, frame = 0
  31              		@ frame_needed = 0, uses_anonymous_args = 0
  32              		@ link register save eliminated.
 989:../../../../..//Drivers/CMSIS/Include/core_cm0plus.h ****   __DSB();                                                          /* Ensure all outstanding memor
  33              		.loc 2 989 3 view .LVU1
  34              	.LBB16:
  35              	.LBI16:
  36              		.file 3 "../../../../..//Drivers/CMSIS/Include/cmsis_gcc.h"
   1:../../../../..//Drivers/CMSIS/Include/cmsis_gcc.h **** /**************************************************************************//**
   2:../../../../..//Drivers/CMSIS/Include/cmsis_gcc.h ****  * @file     cmsis_gcc.h
ARM GAS  /tmp/cczLaygH.s 			page 19


   3:../../../../..//Drivers/CMSIS/Include/cmsis_gcc.h ****  * @brief    CMSIS compiler GCC header file
   4:../../../../..//Drivers/CMSIS/Include/cmsis_gcc.h ****  * @version  V5.4.1
   5:../../../../..//Drivers/CMSIS/Include/cmsis_gcc.h ****  * @date     27. May 2021
   6:../../../../..//Drivers/CMSIS/Include/cmsis_gcc.h ****  ******************************************************************************/
   7:../../../../..//Drivers/CMSIS/Include/cmsis_gcc.h **** /*
   8:../../../../..//Drivers/CMSIS/Include/cmsis_gcc.h ****  * Copyright (c) 2009-2021 Arm Limited. All rights reserved.
   9:../../../../..//Drivers/CMSIS/Include/cmsis_gcc.h ****  *
  10:../../../../..//Drivers/CMSIS/Include/cmsis_gcc.h ****  * SPDX-License-Identifier: Apache-2.0
  11:../../../../..//Drivers/CMSIS/Include/cmsis_gcc.h ****  *
  12:../../../../..//Drivers/CMSIS/Include/cmsis_gcc.h ****  * Licensed under the Apache License, Version 2.0 (the License); you may
  13:../../../../..//Drivers/CMSIS/Include/cmsis_gcc.h ****  * not use this file except in compliance with the License.
  14:../../../../..//Drivers/CMSIS/Include/cmsis_gcc.h ****  * You may obtain a copy of the License at
  15:../../../../..//Drivers/CMSIS/Include/cmsis_gcc.h ****  *
  16:../../../../..//Drivers/CMSIS/Include/cmsis_gcc.h ****  * www.apache.org/licenses/LICENSE-2.0
  17:../../../../..//Drivers/CMSIS/Include/cmsis_gcc.h ****  *
  18:../../../../..//Drivers/CMSIS/Include/cmsis_gcc.h ****  * Unless required by applicable law or agreed to in writing, software
  19:../../../../..//Drivers/CMSIS/Include/cmsis_gcc.h ****  * distributed under the License is distributed on an AS IS BASIS, WITHOUT
  20:../../../../..//Drivers/CMSIS/Include/cmsis_gcc.h ****  * WARRANTIES OR CONDITIONS OF ANY KIND, either express or implied.
  21:../../../../..//Drivers/CMSIS/Include/cmsis_gcc.h ****  * See the License for the specific language governing permissions and
  22:../../../../..//Drivers/CMSIS/Include/cmsis_gcc.h ****  * limitations under the License.
  23:../../../../..//Drivers/CMSIS/Include/cmsis_gcc.h ****  */
  24:../../../../..//Drivers/CMSIS/Include/cmsis_gcc.h **** 
  25:../../../../..//Drivers/CMSIS/Include/cmsis_gcc.h **** #ifndef __CMSIS_GCC_H
  26:../../../../..//Drivers/CMSIS/Include/cmsis_gcc.h **** #define __CMSIS_GCC_H
  27:../../../../..//Drivers/CMSIS/Include/cmsis_gcc.h **** 
  28:../../../../..//Drivers/CMSIS/Include/cmsis_gcc.h **** /* ignore some GCC warnings */
  29:../../../../..//Drivers/CMSIS/Include/cmsis_gcc.h **** #pragma GCC diagnostic push
  30:../../../../..//Drivers/CMSIS/Include/cmsis_gcc.h **** #pragma GCC diagnostic ignored "-Wsign-conversion"
  31:../../../../..//Drivers/CMSIS/Include/cmsis_gcc.h **** #pragma GCC diagnostic ignored "-Wconversion"
  32:../../../../..//Drivers/CMSIS/Include/cmsis_gcc.h **** #pragma GCC diagnostic ignored "-Wunused-parameter"
  33:../../../../..//Drivers/CMSIS/Include/cmsis_gcc.h **** 
  34:../../../../..//Drivers/CMSIS/Include/cmsis_gcc.h **** /* Fallback for __has_builtin */
  35:../../../../..//Drivers/CMSIS/Include/cmsis_gcc.h **** #ifndef __has_builtin
  36:../../../../..//Drivers/CMSIS/Include/cmsis_gcc.h ****   #define __has_builtin(x) (0)
  37:../../../../..//Drivers/CMSIS/Include/cmsis_gcc.h **** #endif
  38:../../../../..//Drivers/CMSIS/Include/cmsis_gcc.h **** 
  39:../../../../..//Drivers/CMSIS/Include/cmsis_gcc.h **** /* CMSIS compiler specific defines */
  40:../../../../..//Drivers/CMSIS/Include/cmsis_gcc.h **** #ifndef   __ASM
  41:../../../../..//Drivers/CMSIS/Include/cmsis_gcc.h ****   #define __ASM                                  __asm
  42:../../../../..//Drivers/CMSIS/Include/cmsis_gcc.h **** #endif
  43:../../../../..//Drivers/CMSIS/Include/cmsis_gcc.h **** #ifndef   __INLINE
  44:../../../../..//Drivers/CMSIS/Include/cmsis_gcc.h ****   #define __INLINE                               inline
  45:../../../../..//Drivers/CMSIS/Include/cmsis_gcc.h **** #endif
  46:../../../../..//Drivers/CMSIS/Include/cmsis_gcc.h **** #ifndef   __STATIC_INLINE
  47:../../../../..//Drivers/CMSIS/Include/cmsis_gcc.h ****   #define __STATIC_INLINE                        static inline
  48:../../../../..//Drivers/CMSIS/Include/cmsis_gcc.h **** #endif
  49:../../../../..//Drivers/CMSIS/Include/cmsis_gcc.h **** #ifndef   __STATIC_FORCEINLINE
  50:../../../../..//Drivers/CMSIS/Include/cmsis_gcc.h ****   #define __STATIC_FORCEINLINE                   __attribute__((always_inline)) static inline
  51:../../../../..//Drivers/CMSIS/Include/cmsis_gcc.h **** #endif
  52:../../../../..//Drivers/CMSIS/Include/cmsis_gcc.h **** #ifndef   __NO_RETURN
  53:../../../../..//Drivers/CMSIS/Include/cmsis_gcc.h ****   #define __NO_RETURN                            __attribute__((__noreturn__))
  54:../../../../..//Drivers/CMSIS/Include/cmsis_gcc.h **** #endif
  55:../../../../..//Drivers/CMSIS/Include/cmsis_gcc.h **** #ifndef   __USED
  56:../../../../..//Drivers/CMSIS/Include/cmsis_gcc.h ****   #define __USED                                 __attribute__((used))
  57:../../../../..//Drivers/CMSIS/Include/cmsis_gcc.h **** #endif
  58:../../../../..//Drivers/CMSIS/Include/cmsis_gcc.h **** #ifndef   __WEAK
  59:../../../../..//Drivers/CMSIS/Include/cmsis_gcc.h ****   #define __WEAK                                 __attribute__((weak))
ARM GAS  /tmp/cczLaygH.s 			page 20


  60:../../../../..//Drivers/CMSIS/Include/cmsis_gcc.h **** #endif
  61:../../../../..//Drivers/CMSIS/Include/cmsis_gcc.h **** #ifndef   __PACKED
  62:../../../../..//Drivers/CMSIS/Include/cmsis_gcc.h ****   #define __PACKED                               __attribute__((packed, aligned(1)))
  63:../../../../..//Drivers/CMSIS/Include/cmsis_gcc.h **** #endif
  64:../../../../..//Drivers/CMSIS/Include/cmsis_gcc.h **** #ifndef   __PACKED_STRUCT
  65:../../../../..//Drivers/CMSIS/Include/cmsis_gcc.h ****   #define __PACKED_STRUCT                        struct __attribute__((packed, aligned(1)))
  66:../../../../..//Drivers/CMSIS/Include/cmsis_gcc.h **** #endif
  67:../../../../..//Drivers/CMSIS/Include/cmsis_gcc.h **** #ifndef   __PACKED_UNION
  68:../../../../..//Drivers/CMSIS/Include/cmsis_gcc.h ****   #define __PACKED_UNION                         union __attribute__((packed, aligned(1)))
  69:../../../../..//Drivers/CMSIS/Include/cmsis_gcc.h **** #endif
  70:../../../../..//Drivers/CMSIS/Include/cmsis_gcc.h **** #ifndef   __UNALIGNED_UINT32        /* deprecated */
  71:../../../../..//Drivers/CMSIS/Include/cmsis_gcc.h ****   #pragma GCC diagnostic push
  72:../../../../..//Drivers/CMSIS/Include/cmsis_gcc.h ****   #pragma GCC diagnostic ignored "-Wpacked"
  73:../../../../..//Drivers/CMSIS/Include/cmsis_gcc.h ****   #pragma GCC diagnostic ignored "-Wattributes"
  74:../../../../..//Drivers/CMSIS/Include/cmsis_gcc.h ****   struct __attribute__((packed)) T_UINT32 { uint32_t v; };
  75:../../../../..//Drivers/CMSIS/Include/cmsis_gcc.h ****   #pragma GCC diagnostic pop
  76:../../../../..//Drivers/CMSIS/Include/cmsis_gcc.h ****   #define __UNALIGNED_UINT32(x)                  (((struct T_UINT32 *)(x))->v)
  77:../../../../..//Drivers/CMSIS/Include/cmsis_gcc.h **** #endif
  78:../../../../..//Drivers/CMSIS/Include/cmsis_gcc.h **** #ifndef   __UNALIGNED_UINT16_WRITE
  79:../../../../..//Drivers/CMSIS/Include/cmsis_gcc.h ****   #pragma GCC diagnostic push
  80:../../../../..//Drivers/CMSIS/Include/cmsis_gcc.h ****   #pragma GCC diagnostic ignored "-Wpacked"
  81:../../../../..//Drivers/CMSIS/Include/cmsis_gcc.h ****   #pragma GCC diagnostic ignored "-Wattributes"
  82:../../../../..//Drivers/CMSIS/Include/cmsis_gcc.h ****   __PACKED_STRUCT T_UINT16_WRITE { uint16_t v; };
  83:../../../../..//Drivers/CMSIS/Include/cmsis_gcc.h ****   #pragma GCC diagnostic pop
  84:../../../../..//Drivers/CMSIS/Include/cmsis_gcc.h ****   #define __UNALIGNED_UINT16_WRITE(addr, val)    (void)((((struct T_UINT16_WRITE *)(void *)(addr))-
  85:../../../../..//Drivers/CMSIS/Include/cmsis_gcc.h **** #endif
  86:../../../../..//Drivers/CMSIS/Include/cmsis_gcc.h **** #ifndef   __UNALIGNED_UINT16_READ
  87:../../../../..//Drivers/CMSIS/Include/cmsis_gcc.h ****   #pragma GCC diagnostic push
  88:../../../../..//Drivers/CMSIS/Include/cmsis_gcc.h ****   #pragma GCC diagnostic ignored "-Wpacked"
  89:../../../../..//Drivers/CMSIS/Include/cmsis_gcc.h ****   #pragma GCC diagnostic ignored "-Wattributes"
  90:../../../../..//Drivers/CMSIS/Include/cmsis_gcc.h ****   __PACKED_STRUCT T_UINT16_READ { uint16_t v; };
  91:../../../../..//Drivers/CMSIS/Include/cmsis_gcc.h ****   #pragma GCC diagnostic pop
  92:../../../../..//Drivers/CMSIS/Include/cmsis_gcc.h ****   #define __UNALIGNED_UINT16_READ(addr)          (((const struct T_UINT16_READ *)(const void *)(add
  93:../../../../..//Drivers/CMSIS/Include/cmsis_gcc.h **** #endif
  94:../../../../..//Drivers/CMSIS/Include/cmsis_gcc.h **** #ifndef   __UNALIGNED_UINT32_WRITE
  95:../../../../..//Drivers/CMSIS/Include/cmsis_gcc.h ****   #pragma GCC diagnostic push
  96:../../../../..//Drivers/CMSIS/Include/cmsis_gcc.h ****   #pragma GCC diagnostic ignored "-Wpacked"
  97:../../../../..//Drivers/CMSIS/Include/cmsis_gcc.h ****   #pragma GCC diagnostic ignored "-Wattributes"
  98:../../../../..//Drivers/CMSIS/Include/cmsis_gcc.h ****   __PACKED_STRUCT T_UINT32_WRITE { uint32_t v; };
  99:../../../../..//Drivers/CMSIS/Include/cmsis_gcc.h ****   #pragma GCC diagnostic pop
 100:../../../../..//Drivers/CMSIS/Include/cmsis_gcc.h ****   #define __UNALIGNED_UINT32_WRITE(addr, val)    (void)((((struct T_UINT32_WRITE *)(void *)(addr))-
 101:../../../../..//Drivers/CMSIS/Include/cmsis_gcc.h **** #endif
 102:../../../../..//Drivers/CMSIS/Include/cmsis_gcc.h **** #ifndef   __UNALIGNED_UINT32_READ
 103:../../../../..//Drivers/CMSIS/Include/cmsis_gcc.h ****   #pragma GCC diagnostic push
 104:../../../../..//Drivers/CMSIS/Include/cmsis_gcc.h ****   #pragma GCC diagnostic ignored "-Wpacked"
 105:../../../../..//Drivers/CMSIS/Include/cmsis_gcc.h ****   #pragma GCC diagnostic ignored "-Wattributes"
 106:../../../../..//Drivers/CMSIS/Include/cmsis_gcc.h ****   __PACKED_STRUCT T_UINT32_READ { uint32_t v; };
 107:../../../../..//Drivers/CMSIS/Include/cmsis_gcc.h ****   #pragma GCC diagnostic pop
 108:../../../../..//Drivers/CMSIS/Include/cmsis_gcc.h ****   #define __UNALIGNED_UINT32_READ(addr)          (((const struct T_UINT32_READ *)(const void *)(add
 109:../../../../..//Drivers/CMSIS/Include/cmsis_gcc.h **** #endif
 110:../../../../..//Drivers/CMSIS/Include/cmsis_gcc.h **** #ifndef   __ALIGNED
 111:../../../../..//Drivers/CMSIS/Include/cmsis_gcc.h ****   #define __ALIGNED(x)                           __attribute__((aligned(x)))
 112:../../../../..//Drivers/CMSIS/Include/cmsis_gcc.h **** #endif
 113:../../../../..//Drivers/CMSIS/Include/cmsis_gcc.h **** #ifndef   __RESTRICT
 114:../../../../..//Drivers/CMSIS/Include/cmsis_gcc.h ****   #define __RESTRICT                             __restrict
 115:../../../../..//Drivers/CMSIS/Include/cmsis_gcc.h **** #endif
 116:../../../../..//Drivers/CMSIS/Include/cmsis_gcc.h **** #ifndef   __COMPILER_BARRIER
ARM GAS  /tmp/cczLaygH.s 			page 21


 117:../../../../..//Drivers/CMSIS/Include/cmsis_gcc.h ****   #define __COMPILER_BARRIER()                   __ASM volatile("":::"memory")
 118:../../../../..//Drivers/CMSIS/Include/cmsis_gcc.h **** #endif
 119:../../../../..//Drivers/CMSIS/Include/cmsis_gcc.h **** 
 120:../../../../..//Drivers/CMSIS/Include/cmsis_gcc.h **** /* #########################  Startup and Lowlevel Init  ######################## */
 121:../../../../..//Drivers/CMSIS/Include/cmsis_gcc.h **** 
 122:../../../../..//Drivers/CMSIS/Include/cmsis_gcc.h **** #ifndef __PROGRAM_START
 123:../../../../..//Drivers/CMSIS/Include/cmsis_gcc.h **** 
 124:../../../../..//Drivers/CMSIS/Include/cmsis_gcc.h **** /**
 125:../../../../..//Drivers/CMSIS/Include/cmsis_gcc.h ****   \brief   Initializes data and bss sections
 126:../../../../..//Drivers/CMSIS/Include/cmsis_gcc.h ****   \details This default implementations initialized all data and additional bss
 127:../../../../..//Drivers/CMSIS/Include/cmsis_gcc.h ****            sections relying on .copy.table and .zero.table specified properly
 128:../../../../..//Drivers/CMSIS/Include/cmsis_gcc.h ****            in the used linker script.
 129:../../../../..//Drivers/CMSIS/Include/cmsis_gcc.h **** 
 130:../../../../..//Drivers/CMSIS/Include/cmsis_gcc.h ****  */
 131:../../../../..//Drivers/CMSIS/Include/cmsis_gcc.h **** __STATIC_FORCEINLINE __NO_RETURN void __cmsis_start(void)
 132:../../../../..//Drivers/CMSIS/Include/cmsis_gcc.h **** {
 133:../../../../..//Drivers/CMSIS/Include/cmsis_gcc.h ****   extern void _start(void) __NO_RETURN;
 134:../../../../..//Drivers/CMSIS/Include/cmsis_gcc.h **** 
 135:../../../../..//Drivers/CMSIS/Include/cmsis_gcc.h ****   typedef struct {
 136:../../../../..//Drivers/CMSIS/Include/cmsis_gcc.h ****     uint32_t const* src;
 137:../../../../..//Drivers/CMSIS/Include/cmsis_gcc.h ****     uint32_t* dest;
 138:../../../../..//Drivers/CMSIS/Include/cmsis_gcc.h ****     uint32_t  wlen;
 139:../../../../..//Drivers/CMSIS/Include/cmsis_gcc.h ****   } __copy_table_t;
 140:../../../../..//Drivers/CMSIS/Include/cmsis_gcc.h **** 
 141:../../../../..//Drivers/CMSIS/Include/cmsis_gcc.h ****   typedef struct {
 142:../../../../..//Drivers/CMSIS/Include/cmsis_gcc.h ****     uint32_t* dest;
 143:../../../../..//Drivers/CMSIS/Include/cmsis_gcc.h ****     uint32_t  wlen;
 144:../../../../..//Drivers/CMSIS/Include/cmsis_gcc.h ****   } __zero_table_t;
 145:../../../../..//Drivers/CMSIS/Include/cmsis_gcc.h **** 
 146:../../../../..//Drivers/CMSIS/Include/cmsis_gcc.h ****   extern const __copy_table_t __copy_table_start__;
 147:../../../../..//Drivers/CMSIS/Include/cmsis_gcc.h ****   extern const __copy_table_t __copy_table_end__;
 148:../../../../..//Drivers/CMSIS/Include/cmsis_gcc.h ****   extern const __zero_table_t __zero_table_start__;
 149:../../../../..//Drivers/CMSIS/Include/cmsis_gcc.h ****   extern const __zero_table_t __zero_table_end__;
 150:../../../../..//Drivers/CMSIS/Include/cmsis_gcc.h **** 
 151:../../../../..//Drivers/CMSIS/Include/cmsis_gcc.h ****   for (__copy_table_t const* pTable = &__copy_table_start__; pTable < &__copy_table_end__; ++pTable
 152:../../../../..//Drivers/CMSIS/Include/cmsis_gcc.h ****     for(uint32_t i=0u; i<pTable->wlen; ++i) {
 153:../../../../..//Drivers/CMSIS/Include/cmsis_gcc.h ****       pTable->dest[i] = pTable->src[i];
 154:../../../../..//Drivers/CMSIS/Include/cmsis_gcc.h ****     }
 155:../../../../..//Drivers/CMSIS/Include/cmsis_gcc.h ****   }
 156:../../../../..//Drivers/CMSIS/Include/cmsis_gcc.h **** 
 157:../../../../..//Drivers/CMSIS/Include/cmsis_gcc.h ****   for (__zero_table_t const* pTable = &__zero_table_start__; pTable < &__zero_table_end__; ++pTable
 158:../../../../..//Drivers/CMSIS/Include/cmsis_gcc.h ****     for(uint32_t i=0u; i<pTable->wlen; ++i) {
 159:../../../../..//Drivers/CMSIS/Include/cmsis_gcc.h ****       pTable->dest[i] = 0u;
 160:../../../../..//Drivers/CMSIS/Include/cmsis_gcc.h ****     }
 161:../../../../..//Drivers/CMSIS/Include/cmsis_gcc.h ****   }
 162:../../../../..//Drivers/CMSIS/Include/cmsis_gcc.h **** 
 163:../../../../..//Drivers/CMSIS/Include/cmsis_gcc.h ****   _start();
 164:../../../../..//Drivers/CMSIS/Include/cmsis_gcc.h **** }
 165:../../../../..//Drivers/CMSIS/Include/cmsis_gcc.h **** 
 166:../../../../..//Drivers/CMSIS/Include/cmsis_gcc.h **** #define __PROGRAM_START           __cmsis_start
 167:../../../../..//Drivers/CMSIS/Include/cmsis_gcc.h **** #endif
 168:../../../../..//Drivers/CMSIS/Include/cmsis_gcc.h **** 
 169:../../../../..//Drivers/CMSIS/Include/cmsis_gcc.h **** #ifndef __INITIAL_SP
 170:../../../../..//Drivers/CMSIS/Include/cmsis_gcc.h **** #define __INITIAL_SP              __StackTop
 171:../../../../..//Drivers/CMSIS/Include/cmsis_gcc.h **** #endif
 172:../../../../..//Drivers/CMSIS/Include/cmsis_gcc.h **** 
 173:../../../../..//Drivers/CMSIS/Include/cmsis_gcc.h **** #ifndef __STACK_LIMIT
ARM GAS  /tmp/cczLaygH.s 			page 22


 174:../../../../..//Drivers/CMSIS/Include/cmsis_gcc.h **** #define __STACK_LIMIT             __StackLimit
 175:../../../../..//Drivers/CMSIS/Include/cmsis_gcc.h **** #endif
 176:../../../../..//Drivers/CMSIS/Include/cmsis_gcc.h **** 
 177:../../../../..//Drivers/CMSIS/Include/cmsis_gcc.h **** #ifndef __VECTOR_TABLE
 178:../../../../..//Drivers/CMSIS/Include/cmsis_gcc.h **** #define __VECTOR_TABLE            __Vectors
 179:../../../../..//Drivers/CMSIS/Include/cmsis_gcc.h **** #endif
 180:../../../../..//Drivers/CMSIS/Include/cmsis_gcc.h **** 
 181:../../../../..//Drivers/CMSIS/Include/cmsis_gcc.h **** #ifndef __VECTOR_TABLE_ATTRIBUTE
 182:../../../../..//Drivers/CMSIS/Include/cmsis_gcc.h **** #define __VECTOR_TABLE_ATTRIBUTE  __attribute__((used, section(".vectors")))
 183:../../../../..//Drivers/CMSIS/Include/cmsis_gcc.h **** #endif
 184:../../../../..//Drivers/CMSIS/Include/cmsis_gcc.h **** 
 185:../../../../..//Drivers/CMSIS/Include/cmsis_gcc.h **** #if defined (__ARM_FEATURE_CMSE) && (__ARM_FEATURE_CMSE == 3U)
 186:../../../../..//Drivers/CMSIS/Include/cmsis_gcc.h **** #ifndef __STACK_SEAL
 187:../../../../..//Drivers/CMSIS/Include/cmsis_gcc.h **** #define __STACK_SEAL              __StackSeal
 188:../../../../..//Drivers/CMSIS/Include/cmsis_gcc.h **** #endif
 189:../../../../..//Drivers/CMSIS/Include/cmsis_gcc.h **** 
 190:../../../../..//Drivers/CMSIS/Include/cmsis_gcc.h **** #ifndef __TZ_STACK_SEAL_SIZE
 191:../../../../..//Drivers/CMSIS/Include/cmsis_gcc.h **** #define __TZ_STACK_SEAL_SIZE      8U
 192:../../../../..//Drivers/CMSIS/Include/cmsis_gcc.h **** #endif
 193:../../../../..//Drivers/CMSIS/Include/cmsis_gcc.h **** 
 194:../../../../..//Drivers/CMSIS/Include/cmsis_gcc.h **** #ifndef __TZ_STACK_SEAL_VALUE
 195:../../../../..//Drivers/CMSIS/Include/cmsis_gcc.h **** #define __TZ_STACK_SEAL_VALUE     0xFEF5EDA5FEF5EDA5ULL
 196:../../../../..//Drivers/CMSIS/Include/cmsis_gcc.h **** #endif
 197:../../../../..//Drivers/CMSIS/Include/cmsis_gcc.h **** 
 198:../../../../..//Drivers/CMSIS/Include/cmsis_gcc.h **** 
 199:../../../../..//Drivers/CMSIS/Include/cmsis_gcc.h **** __STATIC_FORCEINLINE void __TZ_set_STACKSEAL_S (uint32_t* stackTop) {
 200:../../../../..//Drivers/CMSIS/Include/cmsis_gcc.h ****   *((uint64_t *)stackTop) = __TZ_STACK_SEAL_VALUE;
 201:../../../../..//Drivers/CMSIS/Include/cmsis_gcc.h **** }
 202:../../../../..//Drivers/CMSIS/Include/cmsis_gcc.h **** #endif
 203:../../../../..//Drivers/CMSIS/Include/cmsis_gcc.h **** 
 204:../../../../..//Drivers/CMSIS/Include/cmsis_gcc.h **** 
 205:../../../../..//Drivers/CMSIS/Include/cmsis_gcc.h **** /* ##########################  Core Instruction Access  ######################### */
 206:../../../../..//Drivers/CMSIS/Include/cmsis_gcc.h **** /** \defgroup CMSIS_Core_InstructionInterface CMSIS Core Instruction Interface
 207:../../../../..//Drivers/CMSIS/Include/cmsis_gcc.h ****   Access to dedicated instructions
 208:../../../../..//Drivers/CMSIS/Include/cmsis_gcc.h ****   @{
 209:../../../../..//Drivers/CMSIS/Include/cmsis_gcc.h **** */
 210:../../../../..//Drivers/CMSIS/Include/cmsis_gcc.h **** 
 211:../../../../..//Drivers/CMSIS/Include/cmsis_gcc.h **** /* Define macros for porting to both thumb1 and thumb2.
 212:../../../../..//Drivers/CMSIS/Include/cmsis_gcc.h ****  * For thumb1, use low register (r0-r7), specified by constraint "l"
 213:../../../../..//Drivers/CMSIS/Include/cmsis_gcc.h ****  * Otherwise, use general registers, specified by constraint "r" */
 214:../../../../..//Drivers/CMSIS/Include/cmsis_gcc.h **** #if defined (__thumb__) && !defined (__thumb2__)
 215:../../../../..//Drivers/CMSIS/Include/cmsis_gcc.h **** #define __CMSIS_GCC_OUT_REG(r) "=l" (r)
 216:../../../../..//Drivers/CMSIS/Include/cmsis_gcc.h **** #define __CMSIS_GCC_RW_REG(r) "+l" (r)
 217:../../../../..//Drivers/CMSIS/Include/cmsis_gcc.h **** #define __CMSIS_GCC_USE_REG(r) "l" (r)
 218:../../../../..//Drivers/CMSIS/Include/cmsis_gcc.h **** #else
 219:../../../../..//Drivers/CMSIS/Include/cmsis_gcc.h **** #define __CMSIS_GCC_OUT_REG(r) "=r" (r)
 220:../../../../..//Drivers/CMSIS/Include/cmsis_gcc.h **** #define __CMSIS_GCC_RW_REG(r) "+r" (r)
 221:../../../../..//Drivers/CMSIS/Include/cmsis_gcc.h **** #define __CMSIS_GCC_USE_REG(r) "r" (r)
 222:../../../../..//Drivers/CMSIS/Include/cmsis_gcc.h **** #endif
 223:../../../../..//Drivers/CMSIS/Include/cmsis_gcc.h **** 
 224:../../../../..//Drivers/CMSIS/Include/cmsis_gcc.h **** /**
 225:../../../../..//Drivers/CMSIS/Include/cmsis_gcc.h ****   \brief   No Operation
 226:../../../../..//Drivers/CMSIS/Include/cmsis_gcc.h ****   \details No Operation does nothing. This instruction can be used for code alignment purposes.
 227:../../../../..//Drivers/CMSIS/Include/cmsis_gcc.h ****  */
 228:../../../../..//Drivers/CMSIS/Include/cmsis_gcc.h **** #define __NOP()                             __ASM volatile ("nop")
 229:../../../../..//Drivers/CMSIS/Include/cmsis_gcc.h **** 
 230:../../../../..//Drivers/CMSIS/Include/cmsis_gcc.h **** /**
ARM GAS  /tmp/cczLaygH.s 			page 23


 231:../../../../..//Drivers/CMSIS/Include/cmsis_gcc.h ****   \brief   Wait For Interrupt
 232:../../../../..//Drivers/CMSIS/Include/cmsis_gcc.h ****   \details Wait For Interrupt is a hint instruction that suspends execution until one of a number o
 233:../../../../..//Drivers/CMSIS/Include/cmsis_gcc.h ****  */
 234:../../../../..//Drivers/CMSIS/Include/cmsis_gcc.h **** #define __WFI()                             __ASM volatile ("wfi":::"memory")
 235:../../../../..//Drivers/CMSIS/Include/cmsis_gcc.h **** 
 236:../../../../..//Drivers/CMSIS/Include/cmsis_gcc.h **** 
 237:../../../../..//Drivers/CMSIS/Include/cmsis_gcc.h **** /**
 238:../../../../..//Drivers/CMSIS/Include/cmsis_gcc.h ****   \brief   Wait For Event
 239:../../../../..//Drivers/CMSIS/Include/cmsis_gcc.h ****   \details Wait For Event is a hint instruction that permits the processor to enter
 240:../../../../..//Drivers/CMSIS/Include/cmsis_gcc.h ****            a low-power state until one of a number of events occurs.
 241:../../../../..//Drivers/CMSIS/Include/cmsis_gcc.h ****  */
 242:../../../../..//Drivers/CMSIS/Include/cmsis_gcc.h **** #define __WFE()                             __ASM volatile ("wfe":::"memory")
 243:../../../../..//Drivers/CMSIS/Include/cmsis_gcc.h **** 
 244:../../../../..//Drivers/CMSIS/Include/cmsis_gcc.h **** 
 245:../../../../..//Drivers/CMSIS/Include/cmsis_gcc.h **** /**
 246:../../../../..//Drivers/CMSIS/Include/cmsis_gcc.h ****   \brief   Send Event
 247:../../../../..//Drivers/CMSIS/Include/cmsis_gcc.h ****   \details Send Event is a hint instruction. It causes an event to be signaled to the CPU.
 248:../../../../..//Drivers/CMSIS/Include/cmsis_gcc.h ****  */
 249:../../../../..//Drivers/CMSIS/Include/cmsis_gcc.h **** #define __SEV()                             __ASM volatile ("sev")
 250:../../../../..//Drivers/CMSIS/Include/cmsis_gcc.h **** 
 251:../../../../..//Drivers/CMSIS/Include/cmsis_gcc.h **** 
 252:../../../../..//Drivers/CMSIS/Include/cmsis_gcc.h **** /**
 253:../../../../..//Drivers/CMSIS/Include/cmsis_gcc.h ****   \brief   Instruction Synchronization Barrier
 254:../../../../..//Drivers/CMSIS/Include/cmsis_gcc.h ****   \details Instruction Synchronization Barrier flushes the pipeline in the processor,
 255:../../../../..//Drivers/CMSIS/Include/cmsis_gcc.h ****            so that all instructions following the ISB are fetched from cache or memory,
 256:../../../../..//Drivers/CMSIS/Include/cmsis_gcc.h ****            after the instruction has been completed.
 257:../../../../..//Drivers/CMSIS/Include/cmsis_gcc.h ****  */
 258:../../../../..//Drivers/CMSIS/Include/cmsis_gcc.h **** __STATIC_FORCEINLINE void __ISB(void)
 259:../../../../..//Drivers/CMSIS/Include/cmsis_gcc.h **** {
 260:../../../../..//Drivers/CMSIS/Include/cmsis_gcc.h ****   __ASM volatile ("isb 0xF":::"memory");
 261:../../../../..//Drivers/CMSIS/Include/cmsis_gcc.h **** }
 262:../../../../..//Drivers/CMSIS/Include/cmsis_gcc.h **** 
 263:../../../../..//Drivers/CMSIS/Include/cmsis_gcc.h **** 
 264:../../../../..//Drivers/CMSIS/Include/cmsis_gcc.h **** /**
 265:../../../../..//Drivers/CMSIS/Include/cmsis_gcc.h ****   \brief   Data Synchronization Barrier
 266:../../../../..//Drivers/CMSIS/Include/cmsis_gcc.h ****   \details Acts as a special kind of Data Memory Barrier.
 267:../../../../..//Drivers/CMSIS/Include/cmsis_gcc.h ****            It completes when all explicit memory accesses before this instruction complete.
 268:../../../../..//Drivers/CMSIS/Include/cmsis_gcc.h ****  */
 269:../../../../..//Drivers/CMSIS/Include/cmsis_gcc.h **** __STATIC_FORCEINLINE void __DSB(void)
  37              		.loc 3 269 27 view .LVU2
  38              	.LBB17:
 270:../../../../..//Drivers/CMSIS/Include/cmsis_gcc.h **** {
 271:../../../../..//Drivers/CMSIS/Include/cmsis_gcc.h ****   __ASM volatile ("dsb 0xF":::"memory");
  39              		.loc 3 271 3 view .LVU3
  40              		.syntax divided
  41              	@ 271 "../../../../..//Drivers/CMSIS/Include/cmsis_gcc.h" 1
  42 0000 BFF34F8F 		dsb 0xF
  43              	@ 0 "" 2
  44              		.thumb
  45              		.syntax unified
  46              	.LBE17:
  47              	.LBE16:
 990:../../../../..//Drivers/CMSIS/Include/core_cm0plus.h ****                                                                        buffered write are completed
 991:../../../../..//Drivers/CMSIS/Include/core_cm0plus.h ****   SCB->AIRCR  = ((0x5FAUL << SCB_AIRCR_VECTKEY_Pos) |
  48              		.loc 2 991 3 view .LVU4
  49              		.loc 2 991 15 is_stmt 0 view .LVU5
  50 0004 034B     		ldr	r3, .L3
ARM GAS  /tmp/cczLaygH.s 			page 24


  51 0006 044A     		ldr	r2, .L3+4
  52 0008 DA60     		str	r2, [r3, #12]
 992:../../../../..//Drivers/CMSIS/Include/core_cm0plus.h ****                  SCB_AIRCR_SYSRESETREQ_Msk);
 993:../../../../..//Drivers/CMSIS/Include/core_cm0plus.h ****   __DSB();                                                          /* Ensure completion of memory 
  53              		.loc 2 993 3 is_stmt 1 view .LVU6
  54              	.LBB18:
  55              	.LBI18:
 269:../../../../..//Drivers/CMSIS/Include/cmsis_gcc.h **** {
  56              		.loc 3 269 27 view .LVU7
  57              	.LBB19:
  58              		.loc 3 271 3 view .LVU8
  59              		.syntax divided
  60              	@ 271 "../../../../..//Drivers/CMSIS/Include/cmsis_gcc.h" 1
  61 000a BFF34F8F 		dsb 0xF
  62              	@ 0 "" 2
  63              		.thumb
  64              		.syntax unified
  65              	.L2:
  66              	.LBE19:
  67              	.LBE18:
 994:../../../../..//Drivers/CMSIS/Include/core_cm0plus.h **** 
 995:../../../../..//Drivers/CMSIS/Include/core_cm0plus.h ****   for(;;)                                                           /* wait until reset */
  68              		.loc 2 995 3 view .LVU9
 996:../../../../..//Drivers/CMSIS/Include/core_cm0plus.h ****   {
 997:../../../../..//Drivers/CMSIS/Include/core_cm0plus.h ****     __NOP();
  69              		.loc 2 997 5 discriminator 1 view .LVU10
  70              		.syntax divided
  71              	@ 997 "../../../../..//Drivers/CMSIS/Include/core_cm0plus.h" 1
  72 000e C046     		nop
  73              	@ 0 "" 2
 995:../../../../..//Drivers/CMSIS/Include/core_cm0plus.h ****   {
  74              		.loc 2 995 3 view .LVU11
  75              		.thumb
  76              		.syntax unified
  77 0010 FDE7     		b	.L2
  78              	.L4:
  79 0012 C046     		.align	2
  80              	.L3:
  81 0014 00ED00E0 		.word	-536810240
  82 0018 0400FA05 		.word	100270084
  83              		.cfi_endproc
  84              	.LFE39:
  86              		.section	.text.SE_LL_CRC_Config,"ax",%progbits
  87              		.align	1
  88              		.global	SE_LL_CRC_Config
  89              		.syntax unified
  90              		.code	16
  91              		.thumb_func
  93              	SE_LL_CRC_Config:
  94              	.LFB180:
   1:Src/se_low_level.c **** /**
   2:Src/se_low_level.c ****   ******************************************************************************
   3:Src/se_low_level.c ****   * @file    se_low_level.c
   4:Src/se_low_level.c ****   * @author  MCD Application Team
   5:Src/se_low_level.c ****   * @brief   Secure Engine Interface module.
   6:Src/se_low_level.c ****   *          This file provides set of firmware functions to manage SE low level
   7:Src/se_low_level.c ****   *          interface functionalities.
ARM GAS  /tmp/cczLaygH.s 			page 25


   8:Src/se_low_level.c ****   ******************************************************************************
   9:Src/se_low_level.c ****   * @attention
  10:Src/se_low_level.c ****   *
  11:Src/se_low_level.c ****   * Copyright (c) 2017 STMicroelectronics.
  12:Src/se_low_level.c ****   * All rights reserved.
  13:Src/se_low_level.c ****   *
  14:Src/se_low_level.c ****   * This software is licensed under terms that can be found in the LICENSE file in
  15:Src/se_low_level.c ****   * the root directory of this software component.
  16:Src/se_low_level.c ****   * If no LICENSE file comes with this software, it is provided AS-IS.
  17:Src/se_low_level.c ****   *
  18:Src/se_low_level.c ****   ******************************************************************************
  19:Src/se_low_level.c ****   */
  20:Src/se_low_level.c **** 
  21:Src/se_low_level.c **** #define SE_LOW_LEVEL_C
  22:Src/se_low_level.c **** 
  23:Src/se_low_level.c **** /* Includes ------------------------------------------------------------------*/
  24:Src/se_low_level.c **** #include "se_low_level.h"
  25:Src/se_low_level.c **** #if defined(__CC_ARM) || defined(__ARMCC_VERSION)
  26:Src/se_low_level.c **** #include "mapping_sbsfu.h"
  27:Src/se_low_level.c **** #endif /* __CC_ARM */
  28:Src/se_low_level.c **** #include "se_exception.h"
  29:Src/se_low_level.c **** #include "string.h"
  30:Src/se_low_level.c **** 
  31:Src/se_low_level.c **** /** @addtogroup SE Secure Engine
  32:Src/se_low_level.c ****   * @{
  33:Src/se_low_level.c ****   */
  34:Src/se_low_level.c **** /** @defgroup  SE_HARDWARE SE Hardware Interface
  35:Src/se_low_level.c ****   * @{
  36:Src/se_low_level.c ****   */
  37:Src/se_low_level.c **** 
  38:Src/se_low_level.c **** /** @defgroup SE_HARDWARE_Private_Variables Private Variables
  39:Src/se_low_level.c ****   * @{
  40:Src/se_low_level.c ****   */
  41:Src/se_low_level.c **** static CRC_HandleTypeDef    CrcHandle;                  /*!< SE Crc Handle*/
  42:Src/se_low_level.c **** 
  43:Src/se_low_level.c **** static __IO uint32_t SE_DoubleECC_Error_Counter = 0U;
  44:Src/se_low_level.c **** 
  45:Src/se_low_level.c **** /**
  46:Src/se_low_level.c ****   * @}
  47:Src/se_low_level.c ****   */
  48:Src/se_low_level.c **** 
  49:Src/se_low_level.c **** /** @defgroup SE_HARDWARE_Private_Functions Private Functions
  50:Src/se_low_level.c ****   * @{
  51:Src/se_low_level.c ****   */
  52:Src/se_low_level.c **** 
  53:Src/se_low_level.c **** static uint32_t SE_LL_GetPage(uint32_t Address);
  54:Src/se_low_level.c **** /**
  55:Src/se_low_level.c ****   * @}
  56:Src/se_low_level.c ****   */
  57:Src/se_low_level.c **** 
  58:Src/se_low_level.c **** /** @defgroup SE_HARDWARE_Exported_Variables Exported Variables
  59:Src/se_low_level.c ****   * @{
  60:Src/se_low_level.c ****   */
  61:Src/se_low_level.c **** 
  62:Src/se_low_level.c **** /**
  63:Src/se_low_level.c ****   * @}
  64:Src/se_low_level.c ****   */
ARM GAS  /tmp/cczLaygH.s 			page 26


  65:Src/se_low_level.c **** 
  66:Src/se_low_level.c **** /** @defgroup SE_HARDWARE_Exported_Functions Exported Functions
  67:Src/se_low_level.c ****   * @{
  68:Src/se_low_level.c ****   */
  69:Src/se_low_level.c **** 
  70:Src/se_low_level.c **** /** @defgroup SE_HARDWARE_Exported_CRC_Functions CRC Exported Functions
  71:Src/se_low_level.c ****   * @{
  72:Src/se_low_level.c ****   */
  73:Src/se_low_level.c **** 
  74:Src/se_low_level.c **** /**
  75:Src/se_low_level.c ****   * @brief  Set CRC configuration and call HAL CRC initialization function.
  76:Src/se_low_level.c ****   * @param  None.
  77:Src/se_low_level.c ****   * @retval SE_ErrorStatus SE_SUCCESS if successful, SE_ERROR otherwise
  78:Src/se_low_level.c ****   */
  79:Src/se_low_level.c **** SE_ErrorStatus SE_LL_CRC_Config(void)
  80:Src/se_low_level.c **** {
  95              		.loc 1 80 1 view -0
  96              		.cfi_startproc
  97              		@ args = 0, pretend = 0, frame = 0
  98              		@ frame_needed = 0, uses_anonymous_args = 0
  81:Src/se_low_level.c ****   SE_ErrorStatus e_ret_status = SE_ERROR;
  99              		.loc 1 81 3 view .LVU13
 100              	.LVL0:
  82:Src/se_low_level.c **** 
  83:Src/se_low_level.c ****   CrcHandle.Instance = CRC;
 101              		.loc 1 83 3 view .LVU14
  84:Src/se_low_level.c ****   /* The input data are not inverted */
  85:Src/se_low_level.c ****   CrcHandle.Init.InputDataInversionMode = CRC_INPUTDATA_INVERSION_NONE;
 102              		.loc 1 85 3 view .LVU15
 103              		.loc 1 85 41 is_stmt 0 view .LVU16
 104 0000 0023     		movs	r3, #0
 105 0002 0948     		ldr	r0, .L8
  83:Src/se_low_level.c ****   /* The input data are not inverted */
 106              		.loc 1 83 22 view .LVU17
 107 0004 094A     		ldr	r2, .L8+4
  80:Src/se_low_level.c ****   SE_ErrorStatus e_ret_status = SE_ERROR;
 108              		.loc 1 80 1 view .LVU18
 109 0006 10B5     		push	{r4, lr}
 110              	.LCFI0:
 111              		.cfi_def_cfa_offset 8
 112              		.cfi_offset 4, -8
 113              		.cfi_offset 14, -4
 114              		.loc 1 85 41 view .LVU19
 115 0008 4361     		str	r3, [r0, #20]
  86:Src/se_low_level.c **** 
  87:Src/se_low_level.c ****   /* The output data are not inverted */
  88:Src/se_low_level.c ****   CrcHandle.Init.OutputDataInversionMode = CRC_OUTPUTDATA_INVERSION_DISABLE;
 116              		.loc 1 88 3 is_stmt 1 view .LVU20
 117              		.loc 1 88 42 is_stmt 0 view .LVU21
 118 000a 8361     		str	r3, [r0, #24]
  89:Src/se_low_level.c **** 
  90:Src/se_low_level.c ****   /* The Default polynomial is used */
  91:Src/se_low_level.c ****   CrcHandle.Init.DefaultPolynomialUse = DEFAULT_POLYNOMIAL_ENABLE;
 119              		.loc 1 91 3 is_stmt 1 view .LVU22
  92:Src/se_low_level.c ****   /* The default init value is used */
  93:Src/se_low_level.c ****   CrcHandle.Init.DefaultInitValueUse = DEFAULT_INIT_VALUE_ENABLE;
 120              		.loc 1 93 3 view .LVU23
ARM GAS  /tmp/cczLaygH.s 			page 27


  91:Src/se_low_level.c ****   /* The default init value is used */
 121              		.loc 1 91 39 is_stmt 0 view .LVU24
 122 000c 8380     		strh	r3, [r0, #4]
  94:Src/se_low_level.c ****   /* The input data are 32-bit long words */
  95:Src/se_low_level.c ****   CrcHandle.InputDataFormat = CRC_INPUTDATA_FORMAT_WORDS;
 123              		.loc 1 95 3 is_stmt 1 view .LVU25
 124              		.loc 1 95 29 is_stmt 0 view .LVU26
 125 000e 0333     		adds	r3, r3, #3
 126 0010 0362     		str	r3, [r0, #32]
  96:Src/se_low_level.c ****   /* CRC Init*/
  97:Src/se_low_level.c ****   if (HAL_CRC_Init(&CrcHandle) == HAL_OK)
 127              		.loc 1 97 3 is_stmt 1 view .LVU27
  83:Src/se_low_level.c ****   /* The input data are not inverted */
 128              		.loc 1 83 22 is_stmt 0 view .LVU28
 129 0012 0260     		str	r2, [r0]
 130              		.loc 1 97 7 view .LVU29
 131 0014 FFF7FEFF 		bl	HAL_CRC_Init
 132              	.LVL1:
  98:Src/se_low_level.c ****   {
  99:Src/se_low_level.c ****     e_ret_status = SE_SUCCESS;
 100:Src/se_low_level.c ****   }
 101:Src/se_low_level.c **** 
 102:Src/se_low_level.c ****   return e_ret_status;
 103:Src/se_low_level.c **** }
 133              		.loc 1 103 1 view .LVU30
 134              		@ sp needed
  81:Src/se_low_level.c **** 
 135              		.loc 1 81 18 view .LVU31
 136 0018 4342     		rsbs	r3, r0, #0
 137 001a 5841     		adcs	r0, r0, r3
 138 001c 044B     		ldr	r3, .L8+8
 139 001e 4042     		rsbs	r0, r0, #0
 140 0020 1840     		ands	r0, r3
 141 0022 044B     		ldr	r3, .L8+12
 142 0024 C018     		adds	r0, r0, r3
 143              		.loc 1 103 1 view .LVU32
 144 0026 10BD     		pop	{r4, pc}
 145              	.L9:
 146              		.align	2
 147              	.L8:
 148 0028 00000000 		.word	CrcHandle
 149 002c 00300240 		.word	1073885184
 150 0030 76A91000 		.word	1091958
 151 0034 99870100 		.word	100249
 152              		.cfi_endproc
 153              	.LFE180:
 155              		.section	.text.SE_LL_CRC_Init,"ax",%progbits
 156              		.align	1
 157              		.global	SE_LL_CRC_Init
 158              		.syntax unified
 159              		.code	16
 160              		.thumb_func
 162              	SE_LL_CRC_Init:
 163              	.LFB181:
 104:Src/se_low_level.c **** 
 105:Src/se_low_level.c **** /**
 106:Src/se_low_level.c ****   * @brief  Wrapper to HAL CRC initialization function.
ARM GAS  /tmp/cczLaygH.s 			page 28


 107:Src/se_low_level.c ****   * @param  None
 108:Src/se_low_level.c ****   * @retval SE_ErrorStatus SE_SUCCESS if successful, SE_ERROR otherwise.
 109:Src/se_low_level.c ****   */
 110:Src/se_low_level.c **** SE_ErrorStatus SE_LL_CRC_Init(void)
 111:Src/se_low_level.c **** {
 164              		.loc 1 111 1 is_stmt 1 view -0
 165              		.cfi_startproc
 166              		@ args = 0, pretend = 0, frame = 8
 167              		@ frame_needed = 0, uses_anonymous_args = 0
 112:Src/se_low_level.c ****   /* CRC Peripheral clock enable */
 113:Src/se_low_level.c ****   __HAL_RCC_CRC_CLK_ENABLE();
 168              		.loc 1 113 3 view .LVU34
 169              	.LBB20:
 170              		.loc 1 113 3 view .LVU35
 171              		.loc 1 113 3 view .LVU36
 172              	.LBE20:
 111:Src/se_low_level.c ****   /* CRC Peripheral clock enable */
 173              		.loc 1 111 1 is_stmt 0 view .LVU37
 174 0000 07B5     		push	{r0, r1, r2, lr}
 175              	.LCFI1:
 176              		.cfi_def_cfa_offset 16
 177              		.cfi_offset 0, -16
 178              		.cfi_offset 1, -12
 179              		.cfi_offset 2, -8
 180              		.cfi_offset 14, -4
 181              	.LBB21:
 182              		.loc 1 113 3 view .LVU38
 183 0002 8021     		movs	r1, #128
 184              	.LBE21:
 114:Src/se_low_level.c **** 
 115:Src/se_low_level.c ****   return SE_LL_CRC_Config();
 116:Src/se_low_level.c **** }
 185              		.loc 1 116 1 view .LVU39
 186              		@ sp needed
 187              	.LBB22:
 113:Src/se_low_level.c **** 
 188              		.loc 1 113 3 view .LVU40
 189 0004 054B     		ldr	r3, .L11
 190 0006 4901     		lsls	r1, r1, #5
 191 0008 9A6B     		ldr	r2, [r3, #56]
 192 000a 0A43     		orrs	r2, r1
 193 000c 9A63     		str	r2, [r3, #56]
 113:Src/se_low_level.c **** 
 194              		.loc 1 113 3 is_stmt 1 view .LVU41
 195 000e 9B6B     		ldr	r3, [r3, #56]
 196 0010 0B40     		ands	r3, r1
 197 0012 0193     		str	r3, [sp, #4]
 113:Src/se_low_level.c **** 
 198              		.loc 1 113 3 view .LVU42
 199 0014 019B     		ldr	r3, [sp, #4]
 200              	.LBE22:
 113:Src/se_low_level.c **** 
 201              		.loc 1 113 3 view .LVU43
 115:Src/se_low_level.c **** }
 202              		.loc 1 115 3 view .LVU44
 115:Src/se_low_level.c **** }
 203              		.loc 1 115 10 is_stmt 0 view .LVU45
ARM GAS  /tmp/cczLaygH.s 			page 29


 204 0016 FFF7FEFF 		bl	SE_LL_CRC_Config
 205              	.LVL2:
 206              		.loc 1 116 1 view .LVU46
 207 001a 0EBD     		pop	{r1, r2, r3, pc}
 208              	.L12:
 209              		.align	2
 210              	.L11:
 211 001c 00100240 		.word	1073876992
 212              		.cfi_endproc
 213              	.LFE181:
 215              		.section	.text.SE_LL_CRC_DeInit,"ax",%progbits
 216              		.align	1
 217              		.global	SE_LL_CRC_DeInit
 218              		.syntax unified
 219              		.code	16
 220              		.thumb_func
 222              	SE_LL_CRC_DeInit:
 223              	.LFB182:
 117:Src/se_low_level.c **** 
 118:Src/se_low_level.c **** /**
 119:Src/se_low_level.c ****   * @brief  Wrapper to HAL CRC de-initialization function.
 120:Src/se_low_level.c ****   * @param  None
 121:Src/se_low_level.c ****   * @retval SE_ErrorStatus SE_SUCCESS if successful, SE_ERROR otherwise.
 122:Src/se_low_level.c ****   */
 123:Src/se_low_level.c **** SE_ErrorStatus SE_LL_CRC_DeInit(void)
 124:Src/se_low_level.c **** {
 224              		.loc 1 124 1 is_stmt 1 view -0
 225              		.cfi_startproc
 226              		@ args = 0, pretend = 0, frame = 0
 227              		@ frame_needed = 0, uses_anonymous_args = 0
 125:Src/se_low_level.c ****   SE_ErrorStatus e_ret_status = SE_ERROR;
 228              		.loc 1 125 3 view .LVU48
 229              	.LVL3:
 126:Src/se_low_level.c **** 
 127:Src/se_low_level.c ****   if (HAL_CRC_DeInit(&CrcHandle) == HAL_OK)
 230              		.loc 1 127 3 view .LVU49
 124:Src/se_low_level.c ****   SE_ErrorStatus e_ret_status = SE_ERROR;
 231              		.loc 1 124 1 is_stmt 0 view .LVU50
 232 0000 10B5     		push	{r4, lr}
 233              	.LCFI2:
 234              		.cfi_def_cfa_offset 8
 235              		.cfi_offset 4, -8
 236              		.cfi_offset 14, -4
 237              		.loc 1 127 7 view .LVU51
 238 0002 0548     		ldr	r0, .L16
 239 0004 FFF7FEFF 		bl	HAL_CRC_DeInit
 240              	.LVL4:
 128:Src/se_low_level.c ****   {
 129:Src/se_low_level.c ****     /* Initialization OK */
 130:Src/se_low_level.c ****     e_ret_status = SE_SUCCESS;
 131:Src/se_low_level.c ****   }
 132:Src/se_low_level.c **** 
 133:Src/se_low_level.c ****   return e_ret_status;
 134:Src/se_low_level.c **** }
 241              		.loc 1 134 1 view .LVU52
 242              		@ sp needed
 125:Src/se_low_level.c **** 
ARM GAS  /tmp/cczLaygH.s 			page 30


 243              		.loc 1 125 18 view .LVU53
 244 0008 4342     		rsbs	r3, r0, #0
 245 000a 5841     		adcs	r0, r0, r3
 246 000c 034B     		ldr	r3, .L16+4
 247 000e 4042     		rsbs	r0, r0, #0
 248 0010 1840     		ands	r0, r3
 249 0012 034B     		ldr	r3, .L16+8
 250 0014 C018     		adds	r0, r0, r3
 251              		.loc 1 134 1 view .LVU54
 252 0016 10BD     		pop	{r4, pc}
 253              	.L17:
 254              		.align	2
 255              	.L16:
 256 0018 00000000 		.word	CrcHandle
 257 001c 76A91000 		.word	1091958
 258 0020 99870100 		.word	100249
 259              		.cfi_endproc
 260              	.LFE182:
 262              		.section	.text.SE_LL_CRC_Calculate,"ax",%progbits
 263              		.align	1
 264              		.global	SE_LL_CRC_Calculate
 265              		.syntax unified
 266              		.code	16
 267              		.thumb_func
 269              	SE_LL_CRC_Calculate:
 270              	.LVL5:
 271              	.LFB183:
 135:Src/se_low_level.c **** 
 136:Src/se_low_level.c **** /**
 137:Src/se_low_level.c ****   * @brief  Wrapper to HAL CRC Calculate function.
 138:Src/se_low_level.c ****   * @param  pBuffer: pointer to data buffer.
 139:Src/se_low_level.c ****   * @param  uBufferLength: buffer length in 32-bits word.
 140:Src/se_low_level.c ****   * @retval uint32_t CRC (returned value LSBs for CRC shorter than 32 bits)
 141:Src/se_low_level.c ****   */
 142:Src/se_low_level.c **** uint32_t SE_LL_CRC_Calculate(uint32_t pBuffer[], uint32_t uBufferLength)
 143:Src/se_low_level.c **** {
 272              		.loc 1 143 1 is_stmt 1 view -0
 273              		.cfi_startproc
 274              		@ args = 0, pretend = 0, frame = 0
 275              		@ frame_needed = 0, uses_anonymous_args = 0
 144:Src/se_low_level.c ****   return HAL_CRC_Calculate(&CrcHandle, pBuffer, uBufferLength);
 276              		.loc 1 144 3 view .LVU56
 143:Src/se_low_level.c ****   return HAL_CRC_Calculate(&CrcHandle, pBuffer, uBufferLength);
 277              		.loc 1 143 1 is_stmt 0 view .LVU57
 278 0000 10B5     		push	{r4, lr}
 279              	.LCFI3:
 280              		.cfi_def_cfa_offset 8
 281              		.cfi_offset 4, -8
 282              		.cfi_offset 14, -4
 283              		.loc 1 144 10 view .LVU58
 284 0002 034B     		ldr	r3, .L19
 143:Src/se_low_level.c ****   return HAL_CRC_Calculate(&CrcHandle, pBuffer, uBufferLength);
 285              		.loc 1 143 1 view .LVU59
 286 0004 0A00     		movs	r2, r1
 145:Src/se_low_level.c **** }
 287              		.loc 1 145 1 view .LVU60
 288              		@ sp needed
ARM GAS  /tmp/cczLaygH.s 			page 31


 144:Src/se_low_level.c ****   return HAL_CRC_Calculate(&CrcHandle, pBuffer, uBufferLength);
 289              		.loc 1 144 10 view .LVU61
 290 0006 0100     		movs	r1, r0
 291              	.LVL6:
 144:Src/se_low_level.c ****   return HAL_CRC_Calculate(&CrcHandle, pBuffer, uBufferLength);
 292              		.loc 1 144 10 view .LVU62
 293 0008 1800     		movs	r0, r3
 294              	.LVL7:
 144:Src/se_low_level.c ****   return HAL_CRC_Calculate(&CrcHandle, pBuffer, uBufferLength);
 295              		.loc 1 144 10 view .LVU63
 296 000a FFF7FEFF 		bl	HAL_CRC_Calculate
 297              	.LVL8:
 298              		.loc 1 145 1 view .LVU64
 299 000e 10BD     		pop	{r4, pc}
 300              	.L20:
 301              		.align	2
 302              	.L19:
 303 0010 00000000 		.word	CrcHandle
 304              		.cfi_endproc
 305              	.LFE183:
 307              		.section	.text.SE_LL_FLASH_Erase,"ax",%progbits
 308              		.align	1
 309              		.global	SE_LL_FLASH_Erase
 310              		.syntax unified
 311              		.code	16
 312              		.thumb_func
 314              	SE_LL_FLASH_Erase:
 315              	.LVL9:
 316              	.LFB184:
 146:Src/se_low_level.c **** 
 147:Src/se_low_level.c **** /**
 148:Src/se_low_level.c ****   * @}
 149:Src/se_low_level.c ****   */
 150:Src/se_low_level.c **** 
 151:Src/se_low_level.c **** /** @defgroup SE_HARDWARE_Exported_FLASH_Functions FLASH Exported Functions
 152:Src/se_low_level.c ****   * @{
 153:Src/se_low_level.c ****   */
 154:Src/se_low_level.c **** 
 155:Src/se_low_level.c **** /**
 156:Src/se_low_level.c ****   * @brief  This function does an erase of nb pages in user flash area
 157:Src/se_low_level.c ****   * @param  pStart: pointer to  user flash area
 158:Src/se_low_level.c ****   * @param  Length: number of bytes.
 159:Src/se_low_level.c ****   * @retval SE_ErrorStatus SE_SUCCESS if successful, SE_ERROR otherwise.
 160:Src/se_low_level.c ****   */
 161:Src/se_low_level.c **** SE_ErrorStatus SE_LL_FLASH_Erase(uint8_t *pStart, uint32_t Length)
 162:Src/se_low_level.c **** {
 317              		.loc 1 162 1 is_stmt 1 view -0
 318              		.cfi_startproc
 319              		@ args = 0, pretend = 0, frame = 24
 320              		@ frame_needed = 0, uses_anonymous_args = 0
 163:Src/se_low_level.c ****   uint32_t page_error = 0U;
 321              		.loc 1 163 3 view .LVU66
 322              		.loc 1 163 12 is_stmt 0 view .LVU67
 323 0000 0023     		movs	r3, #0
 162:Src/se_low_level.c ****   uint32_t page_error = 0U;
 324              		.loc 1 162 1 view .LVU68
 325 0002 30B5     		push	{r4, r5, lr}
ARM GAS  /tmp/cczLaygH.s 			page 32


 326              	.LCFI4:
 327              		.cfi_def_cfa_offset 12
 328              		.cfi_offset 4, -12
 329              		.cfi_offset 5, -8
 330              		.cfi_offset 14, -4
 331 0004 87B0     		sub	sp, sp, #28
 332              	.LCFI5:
 333              		.cfi_def_cfa_offset 40
 162:Src/se_low_level.c ****   uint32_t page_error = 0U;
 334              		.loc 1 162 1 view .LVU69
 335 0006 0500     		movs	r5, r0
 336 0008 0C00     		movs	r4, r1
 337              		.loc 1 163 12 view .LVU70
 338 000a 0193     		str	r3, [sp, #4]
 164:Src/se_low_level.c ****   uint32_t start = (uint32_t)pStart;
 339              		.loc 1 164 3 is_stmt 1 view .LVU71
 340              	.LVL10:
 165:Src/se_low_level.c ****   FLASH_EraseInitTypeDef p_erase_init;
 341              		.loc 1 165 3 view .LVU72
 166:Src/se_low_level.c ****   SE_ErrorStatus e_ret_status = SE_SUCCESS;
 342              		.loc 1 166 3 view .LVU73
 167:Src/se_low_level.c **** 
 168:Src/se_low_level.c ****   /* Unlock the Flash to enable the flash control register access *************/
 169:Src/se_low_level.c ****   if (HAL_FLASH_Unlock() == HAL_OK)
 343              		.loc 1 169 3 view .LVU74
 344              		.loc 1 169 7 is_stmt 0 view .LVU75
 345 000c FFF7FEFF 		bl	HAL_FLASH_Unlock
 346              	.LVL11:
 347              		.loc 1 169 6 discriminator 1 view .LVU76
 348 0010 0028     		cmp	r0, #0
 349 0012 1DD1     		bne	.L24
 170:Src/se_low_level.c ****   {
 171:Src/se_low_level.c ****     /* Fill EraseInit structure*/
 172:Src/se_low_level.c ****     p_erase_init.TypeErase     = FLASH_TYPEERASE_PAGES;
 350              		.loc 1 172 5 is_stmt 1 view .LVU77
 351              		.loc 1 172 32 is_stmt 0 view .LVU78
 352 0014 0223     		movs	r3, #2
 353 0016 0293     		str	r3, [sp, #8]
 173:Src/se_low_level.c ****     p_erase_init.Page          = SE_LL_GetPage(start);
 354              		.loc 1 173 5 is_stmt 1 view .LVU79
 355              	.LVL12:
 356              	.LBB23:
 357              	.LBI23:
 174:Src/se_low_level.c ****     p_erase_init.NbPages       = SE_LL_GetPage(start + Length - 1U) - p_erase_init.Page + 1U;
 175:Src/se_low_level.c ****     if (HAL_FLASHEx_Erase(&p_erase_init, &page_error) != HAL_OK)
 176:Src/se_low_level.c ****     {
 177:Src/se_low_level.c ****       e_ret_status = SE_ERROR;
 178:Src/se_low_level.c ****     }
 179:Src/se_low_level.c **** 
 180:Src/se_low_level.c ****     /* Lock the Flash to disable the flash control register access (recommended
 181:Src/se_low_level.c ****     to protect the FLASH memory against possible unwanted operation) *********/
 182:Src/se_low_level.c ****     (void)HAL_FLASH_Lock();
 183:Src/se_low_level.c ****   }
 184:Src/se_low_level.c ****   else
 185:Src/se_low_level.c ****   {
 186:Src/se_low_level.c ****     e_ret_status = SE_ERROR;
 187:Src/se_low_level.c ****   }
ARM GAS  /tmp/cczLaygH.s 			page 33


 188:Src/se_low_level.c **** 
 189:Src/se_low_level.c ****   return e_ret_status;
 190:Src/se_low_level.c **** }
 191:Src/se_low_level.c **** 
 192:Src/se_low_level.c **** /**
 193:Src/se_low_level.c ****   * @brief  Write in Flash  protected area
 194:Src/se_low_level.c ****   * @param  pDestination pointer to destination area in Flash
 195:Src/se_low_level.c ****   * @param  pSource pointer to input buffer
 196:Src/se_low_level.c ****   * @param  Length number of bytes to be written
 197:Src/se_low_level.c ****   * @retval SE_SUCCESS if successful, otherwise SE_ERROR
 198:Src/se_low_level.c ****   */
 199:Src/se_low_level.c **** 
 200:Src/se_low_level.c **** SE_ErrorStatus SE_LL_FLASH_Write(uint8_t *pDestination, const uint8_t *pSource, uint32_t Length)
 201:Src/se_low_level.c **** {
 202:Src/se_low_level.c ****   SE_ErrorStatus ret = SE_SUCCESS;
 203:Src/se_low_level.c ****   uint32_t i;
 204:Src/se_low_level.c ****   uint32_t verified = 0U;
 205:Src/se_low_level.c ****   uint32_t destination = (uint32_t)pDestination;
 206:Src/se_low_level.c ****   uint32_t source = (uint32_t)pSource;
 207:Src/se_low_level.c **** 
 208:Src/se_low_level.c ****   if (Length == 0U)
 209:Src/se_low_level.c ****   {
 210:Src/se_low_level.c ****     return SE_ERROR;
 211:Src/se_low_level.c ****   }
 212:Src/se_low_level.c **** 
 213:Src/se_low_level.c ****   /* Area should be inside 1 of the firmware image headers */
 214:Src/se_low_level.c ****   for (i = 0U; i < SFU_NB_MAX_ACTIVE_IMAGE; i++)
 215:Src/se_low_level.c ****   {
 216:Src/se_low_level.c ****     if ((destination >= SlotHeaderAdd[SLOT_ACTIVE_1 + i]) &&
 217:Src/se_low_level.c ****         ((destination + Length) <= (SlotHeaderAdd[SLOT_ACTIVE_1 + i] + SFU_IMG_IMAGE_OFFSET)))
 218:Src/se_low_level.c ****     {
 219:Src/se_low_level.c ****       verified = 1U;
 220:Src/se_low_level.c ****     }
 221:Src/se_low_level.c ****   }
 222:Src/se_low_level.c ****   if (verified == 0U)
 223:Src/se_low_level.c ****   {
 224:Src/se_low_level.c ****     return SE_ERROR;
 225:Src/se_low_level.c ****   }
 226:Src/se_low_level.c **** 
 227:Src/se_low_level.c ****   /* Unlock the Flash to enable the flash control register access *************/
 228:Src/se_low_level.c ****   if (HAL_FLASH_Unlock() == HAL_OK)
 229:Src/se_low_level.c ****   {
 230:Src/se_low_level.c ****     for (i = 0U; i < Length; i += 8U)
 231:Src/se_low_level.c ****     {
 232:Src/se_low_level.c ****       if (HAL_FLASH_Program(FLASH_TYPEPROGRAM_DOUBLEWORD, (destination + i), *(uint64_t *)(source +
 233:Src/se_low_level.c ****       {
 234:Src/se_low_level.c ****         ret = SE_ERROR;
 235:Src/se_low_level.c ****         break;
 236:Src/se_low_level.c ****       }
 237:Src/se_low_level.c ****     }
 238:Src/se_low_level.c **** 
 239:Src/se_low_level.c ****     /* Lock the Flash to disable the flash control register access (recommended
 240:Src/se_low_level.c ****     to protect the FLASH memory against possible unwanted operation) */
 241:Src/se_low_level.c ****     (void)HAL_FLASH_Lock();
 242:Src/se_low_level.c ****   }
 243:Src/se_low_level.c ****   else
 244:Src/se_low_level.c ****   {
ARM GAS  /tmp/cczLaygH.s 			page 34


 245:Src/se_low_level.c ****     ret = SE_ERROR;
 246:Src/se_low_level.c ****   }
 247:Src/se_low_level.c ****   return ret;
 248:Src/se_low_level.c **** }
 249:Src/se_low_level.c **** 
 250:Src/se_low_level.c **** /**
 251:Src/se_low_level.c ****   * @brief  Read in Flash protected area
 252:Src/se_low_level.c ****   * @param  pDestination: Start address for target location
 253:Src/se_low_level.c ****   * @param  pSource: pointer on buffer with data to read
 254:Src/se_low_level.c ****   * @param  Length: Length in bytes of data buffer
 255:Src/se_low_level.c ****   * @retval SFU_ErrorStatus SFU_SUCCESS if successful, SFU_ERROR otherwise.
 256:Src/se_low_level.c ****   */
 257:Src/se_low_level.c **** SE_ErrorStatus SE_LL_FLASH_Read(uint8_t *pDestination, const uint8_t *pSource, uint32_t Length)
 258:Src/se_low_level.c **** {
 259:Src/se_low_level.c ****   uint32_t source = (uint32_t)pSource;
 260:Src/se_low_level.c ****   SE_ErrorStatus e_ret_status = SE_ERROR;
 261:Src/se_low_level.c ****   uint32_t i;
 262:Src/se_low_level.c ****   uint32_t verified = 0U;
 263:Src/se_low_level.c **** 
 264:Src/se_low_level.c ****   /* Area should be inside 1 of the firmware image headers
 265:Src/se_low_level.c ****      or inside 1 of the download areas */
 266:Src/se_low_level.c ****   for (i = 0U; i < SFU_NB_MAX_ACTIVE_IMAGE; i++)
 267:Src/se_low_level.c ****   {
 268:Src/se_low_level.c ****     if ((source >= SlotHeaderAdd[SLOT_ACTIVE_1 + i]) &&
 269:Src/se_low_level.c ****         ((source + Length) <= (SlotHeaderAdd[SLOT_ACTIVE_1 + i] + SFU_IMG_IMAGE_OFFSET)))
 270:Src/se_low_level.c ****     {
 271:Src/se_low_level.c ****       verified = 1U;
 272:Src/se_low_level.c ****     }
 273:Src/se_low_level.c ****   }
 274:Src/se_low_level.c **** 
 275:Src/se_low_level.c **** 
 276:Src/se_low_level.c ****   if (verified == 0U)
 277:Src/se_low_level.c ****   {
 278:Src/se_low_level.c ****     return SE_ERROR;
 279:Src/se_low_level.c ****   }
 280:Src/se_low_level.c **** 
 281:Src/se_low_level.c ****   SE_DoubleECC_Error_Counter = 0U;
 282:Src/se_low_level.c ****   /* Do not use memcpy from lib : ECC error should be checked at each loop */
 283:Src/se_low_level.c ****   for (i = 0; (i < Length) && (SE_DoubleECC_Error_Counter == 0U); i++, pDestination++, pSource++)
 284:Src/se_low_level.c ****   {
 285:Src/se_low_level.c ****     *pDestination = *pSource;
 286:Src/se_low_level.c ****   }
 287:Src/se_low_level.c ****   if (SE_DoubleECC_Error_Counter == 0U)
 288:Src/se_low_level.c ****   {
 289:Src/se_low_level.c ****     e_ret_status = SE_SUCCESS;
 290:Src/se_low_level.c ****   }
 291:Src/se_low_level.c ****   SE_DoubleECC_Error_Counter = 0U;
 292:Src/se_low_level.c ****   return e_ret_status;
 293:Src/se_low_level.c **** }
 294:Src/se_low_level.c **** 
 295:Src/se_low_level.c **** /**
 296:Src/se_low_level.c ****   * @}
 297:Src/se_low_level.c ****   */
 298:Src/se_low_level.c **** 
 299:Src/se_low_level.c **** /** @defgroup SE_HARDWARE_Exported_FLASH_EXT_Functions External FLASH Exported Functions
 300:Src/se_low_level.c ****   * @{
 301:Src/se_low_level.c ****   */
ARM GAS  /tmp/cczLaygH.s 			page 35


 302:Src/se_low_level.c **** 
 303:Src/se_low_level.c **** /**
 304:Src/se_low_level.c ****   * @brief Initialisation of external flash On The Fly DECryption (OTFDEC)
 305:Src/se_low_level.c ****   * @param pxSE_Metadata: Firmware metadata.
 306:Src/se_low_level.c ****   * @retval SE_ErrorStatus SE_SUCCESS if successful, SE_ERROR otherwise.
 307:Src/se_low_level.c ****   */
 308:Src/se_low_level.c **** SE_ErrorStatus SE_LL_FLASH_EXT_Decrypt_Init(SE_FwRawHeaderTypeDef *pxSE_Metadata)
 309:Src/se_low_level.c **** {
 310:Src/se_low_level.c ****   /* Prevent unused argument(s) compilation warning */
 311:Src/se_low_level.c ****   UNUSED(pxSE_Metadata);
 312:Src/se_low_level.c ****   return SE_SUCCESS;
 313:Src/se_low_level.c **** }
 314:Src/se_low_level.c **** 
 315:Src/se_low_level.c **** /**
 316:Src/se_low_level.c ****   * @}
 317:Src/se_low_level.c ****   */
 318:Src/se_low_level.c **** 
 319:Src/se_low_level.c **** /**
 320:Src/se_low_level.c ****   * @brief Check if an array is inside the RAM of the product
 321:Src/se_low_level.c ****   * @param Addr : address  of array
 322:Src/se_low_level.c ****   * @param Length : length of array in byte
 323:Src/se_low_level.c ****   */
 324:Src/se_low_level.c **** SE_ErrorStatus SE_LL_Buffer_in_ram(void *pBuff, uint32_t Length)
 325:Src/se_low_level.c **** {
 326:Src/se_low_level.c ****   SE_ErrorStatus e_ret_status;
 327:Src/se_low_level.c ****   uint32_t addr_start = (uint32_t)pBuff;
 328:Src/se_low_level.c ****   uint32_t addr_end = addr_start + Length - 1U;
 329:Src/se_low_level.c **** 
 330:Src/se_low_level.c ****   /* Check if length is positive with no overflow */
 331:Src/se_low_level.c ****   if ((Length != 0U) && (!((0xFFFFFFFFUL - addr_start) < Length))
 332:Src/se_low_level.c ****       && ((addr_end  <= SB_REGION_RAM_END) && (addr_start >= (SE_REGION_RAM_END + 1U))))
 333:Src/se_low_level.c ****   {
 334:Src/se_low_level.c ****     e_ret_status = SE_SUCCESS;
 335:Src/se_low_level.c ****   }
 336:Src/se_low_level.c ****   else
 337:Src/se_low_level.c ****   {
 338:Src/se_low_level.c ****     e_ret_status = SE_ERROR;
 339:Src/se_low_level.c **** 
 340:Src/se_low_level.c ****     /* Could be an attack ==> Reset */
 341:Src/se_low_level.c ****     NVIC_SystemReset();
 342:Src/se_low_level.c ****   }
 343:Src/se_low_level.c ****   return e_ret_status;
 344:Src/se_low_level.c **** }
 345:Src/se_low_level.c **** 
 346:Src/se_low_level.c **** /**
 347:Src/se_low_level.c ****   * @brief function checking if a buffer is in sbsfu ram.
 348:Src/se_low_level.c ****   * @param pBuff: address of buffer
 349:Src/se_low_level.c ****   * @param Length: length of buffer in bytes
 350:Src/se_low_level.c ****   * @retval SE_ErrorStatus SE_SUCCESS if successful, SE_ERROR otherwise.
 351:Src/se_low_level.c ****   */
 352:Src/se_low_level.c **** SE_ErrorStatus SE_LL_Buffer_in_SBSFU_ram(const void *pBuff, uint32_t Length)
 353:Src/se_low_level.c **** {
 354:Src/se_low_level.c ****   SE_ErrorStatus e_ret_status;
 355:Src/se_low_level.c ****   uint32_t addr_start = (uint32_t)pBuff;
 356:Src/se_low_level.c ****   uint32_t addr_end = addr_start + Length - 1U;
 357:Src/se_low_level.c **** 
 358:Src/se_low_level.c ****   /* Check if length is positive with no overflow */
ARM GAS  /tmp/cczLaygH.s 			page 36


 359:Src/se_low_level.c ****   if ((Length != 0U) && (!((0xFFFFFFFFUL - addr_start) < Length))
 360:Src/se_low_level.c ****       && ((addr_end  <= SB_REGION_RAM_END) && (addr_start >= SB_REGION_RAM_START)))
 361:Src/se_low_level.c ****   {
 362:Src/se_low_level.c ****     e_ret_status = SE_SUCCESS;
 363:Src/se_low_level.c ****   }
 364:Src/se_low_level.c ****   else
 365:Src/se_low_level.c ****   {
 366:Src/se_low_level.c ****     e_ret_status = SE_ERROR;
 367:Src/se_low_level.c **** 
 368:Src/se_low_level.c ****     /* Could be an attack ==> Reset */
 369:Src/se_low_level.c ****     NVIC_SystemReset();
 370:Src/se_low_level.c ****   }
 371:Src/se_low_level.c ****   return e_ret_status;
 372:Src/se_low_level.c **** }
 373:Src/se_low_level.c **** 
 374:Src/se_low_level.c **** /**
 375:Src/se_low_level.c ****   * @brief function checking if a buffer is PARTLY in se ram.
 376:Src/se_low_level.c ****   * @param pBuff: address of buffer
 377:Src/se_low_level.c ****   * @param Length: length of buffer in bytes
 378:Src/se_low_level.c ****   * @retval SE_ErrorStatus SE_SUCCESS for buffer in NOT se ram, SE_ERROR otherwise.
 379:Src/se_low_level.c ****   */
 380:Src/se_low_level.c **** SE_ErrorStatus SE_LL_Buffer_part_of_SE_ram(const void *pBuff, uint32_t Length)
 381:Src/se_low_level.c **** {
 382:Src/se_low_level.c ****   SE_ErrorStatus e_ret_status;
 383:Src/se_low_level.c ****   uint32_t addr_start = (uint32_t)pBuff;
 384:Src/se_low_level.c ****   uint32_t addr_end = addr_start + Length - 1U;
 385:Src/se_low_level.c **** 
 386:Src/se_low_level.c ****   /* Check if length is positive with no overflow */
 387:Src/se_low_level.c ****   if (((Length != 0U) && (!(((addr_start < SE_REGION_RAM_START) && (addr_end < SE_REGION_RAM_START)
 388:Src/se_low_level.c ****                             ((addr_start > SE_REGION_RAM_END) && (addr_end > SE_REGION_RAM_END)))))
 389:Src/se_low_level.c ****       || ((0xFFFFFFFFUL - addr_start) < Length))
 390:Src/se_low_level.c ****   {
 391:Src/se_low_level.c ****     e_ret_status = SE_SUCCESS;
 392:Src/se_low_level.c **** 
 393:Src/se_low_level.c ****     /* Could be an attack ==> Reset */
 394:Src/se_low_level.c ****     NVIC_SystemReset();
 395:Src/se_low_level.c ****   }
 396:Src/se_low_level.c ****   else
 397:Src/se_low_level.c ****   {
 398:Src/se_low_level.c ****     e_ret_status = SE_ERROR;
 399:Src/se_low_level.c ****   }
 400:Src/se_low_level.c ****   return e_ret_status;
 401:Src/se_low_level.c **** }
 402:Src/se_low_level.c **** 
 403:Src/se_low_level.c **** /**
 404:Src/se_low_level.c ****   * @brief function checking if a buffer is PARTLY in se rom.
 405:Src/se_low_level.c ****   * @param pBuff: address of buffer
 406:Src/se_low_level.c ****   * @param Length: length of buffer in bytes
 407:Src/se_low_level.c ****   * @retval SE_ErrorStatus SE_SUCCESS for buffer in NOT se rom, SE_ERROR otherwise.
 408:Src/se_low_level.c ****   */
 409:Src/se_low_level.c **** SE_ErrorStatus SE_LL_Buffer_part_of_SE_rom(const void *pBuff, uint32_t Length)
 410:Src/se_low_level.c **** {
 411:Src/se_low_level.c ****   SE_ErrorStatus e_ret_status;
 412:Src/se_low_level.c ****   uint32_t addr_start = (uint32_t)pBuff;
 413:Src/se_low_level.c ****   uint32_t addr_end = addr_start + Length - 1U;
 414:Src/se_low_level.c **** 
 415:Src/se_low_level.c ****   /* Check if length is positive with no overflow */
ARM GAS  /tmp/cczLaygH.s 			page 37


 416:Src/se_low_level.c ****   if (((Length != 0U) && (!(((addr_start < SE_CODE_REGION_ROM_START) && (addr_end < SE_CODE_REGION_
 417:Src/se_low_level.c ****                             || ((addr_start > SE_CODE_REGION_ROM_END) && (addr_end > SE_CODE_REGION
 418:Src/se_low_level.c ****                            )))
 419:Src/se_low_level.c ****       || ((0xFFFFFFFFUL - addr_start) < Length))
 420:Src/se_low_level.c ****   {
 421:Src/se_low_level.c ****     e_ret_status = SE_SUCCESS;
 422:Src/se_low_level.c **** 
 423:Src/se_low_level.c ****     /* Could be an attack ==> Reset */
 424:Src/se_low_level.c ****     NVIC_SystemReset();
 425:Src/se_low_level.c ****   }
 426:Src/se_low_level.c ****   else
 427:Src/se_low_level.c ****   {
 428:Src/se_low_level.c ****     e_ret_status = SE_ERROR;
 429:Src/se_low_level.c ****   }
 430:Src/se_low_level.c ****   return e_ret_status;
 431:Src/se_low_level.c **** }
 432:Src/se_low_level.c **** 
 433:Src/se_low_level.c **** /**
 434:Src/se_low_level.c ****   * @}
 435:Src/se_low_level.c ****   */
 436:Src/se_low_level.c **** 
 437:Src/se_low_level.c **** /** @addtogroup SE_BUFFER_CHECK_Exported_IRQ_Functions
 438:Src/se_low_level.c ****   * @{
 439:Src/se_low_level.c ****   */
 440:Src/se_low_level.c **** 
 441:Src/se_low_level.c **** /**
 442:Src/se_low_level.c ****   * @brief function to disable all IRQ, previously enabled ones are stored in parameter
 443:Src/se_low_level.c ****   * @param pIrqState: IRQ state buffer
 444:Src/se_low_level.c ****   * @param IrqStateNb: Number of IRQ state that can be stored
 445:Src/se_low_level.c ****   * @retval SE_ErrorStatus SE_SUCCESS when complete successfully, SE_ERROR otherwise.
 446:Src/se_low_level.c ****   */
 447:Src/se_low_level.c **** SE_ErrorStatus SE_LL_Save_Disable_Irq(uint32_t *pIrqState, uint32_t IrqStateNb)
 448:Src/se_low_level.c **** {
 449:Src/se_low_level.c ****   SE_ErrorStatus e_ret_status = SE_ERROR;
 450:Src/se_low_level.c **** 
 451:Src/se_low_level.c ****   /* No running services for this product */
 452:Src/se_low_level.c ****   return e_ret_status;
 453:Src/se_low_level.c **** }
 454:Src/se_low_level.c **** 
 455:Src/se_low_level.c **** /**
 456:Src/se_low_level.c ****   * @brief function checking if a buffer is PARTLY in se rom.
 457:Src/se_low_level.c ****   * @param pBuff: address of buffer
 458:Src/se_low_level.c ****   * @param Length: length of buffer in bytes
 459:Src/se_low_level.c ****   * @retval SE_ErrorStatus SE_SUCCESS for buffer in NOT se rom, SE_ERROR otherwise.
 460:Src/se_low_level.c ****   */
 461:Src/se_low_level.c **** SE_ErrorStatus SE_LL_Restore_Enable_Irq(uint32_t *pIrqState, uint32_t IrqStateNb)
 462:Src/se_low_level.c **** {
 463:Src/se_low_level.c ****   SE_ErrorStatus e_ret_status = SE_ERROR;
 464:Src/se_low_level.c **** 
 465:Src/se_low_level.c ****   /* No running services for this product */
 466:Src/se_low_level.c ****   return e_ret_status;
 467:Src/se_low_level.c **** }
 468:Src/se_low_level.c **** 
 469:Src/se_low_level.c **** /**
 470:Src/se_low_level.c ****   * @}
 471:Src/se_low_level.c ****   */
 472:Src/se_low_level.c **** 
ARM GAS  /tmp/cczLaygH.s 			page 38


 473:Src/se_low_level.c **** /**
 474:Src/se_low_level.c ****   * @}
 475:Src/se_low_level.c ****   */
 476:Src/se_low_level.c **** 
 477:Src/se_low_level.c **** /** @addtogroup SE_HARDWARE_Private_Functions
 478:Src/se_low_level.c ****   * @{
 479:Src/se_low_level.c ****   */
 480:Src/se_low_level.c **** 
 481:Src/se_low_level.c **** /**
 482:Src/se_low_level.c ****   * @brief  Gets the page of a given address
 483:Src/se_low_level.c ****   * @param  Addr: Address of the FLASH Memory
 484:Src/se_low_level.c ****   * @retval The page of a given address
 485:Src/se_low_level.c ****   */
 486:Src/se_low_level.c **** uint32_t SE_LL_GetPage(uint32_t Address)
 358              		.loc 1 486 10 view .LVU80
 359              	.LBB24:
 487:Src/se_low_level.c **** {
 488:Src/se_low_level.c ****   uint32_t page;
 360              		.loc 1 488 3 view .LVU81
 489:Src/se_low_level.c **** 
 490:Src/se_low_level.c ****   page = (Address - FLASH_BASE) / FLASH_PAGE_SIZE;
 361              		.loc 1 490 3 view .LVU82
 362              		.loc 1 490 19 is_stmt 0 view .LVU83
 363 0018 F823     		movs	r3, #248
 364              	.LBE24:
 365              	.LBE23:
 366              	.LBB28:
 367              	.LBB29:
 368 001a 0E4A     		ldr	r2, .L26
 369              	.LBE29:
 370              	.LBE28:
 371              	.LBB33:
 372              	.LBB25:
 373 001c 1B06     		lsls	r3, r3, #24
 374              	.LBE25:
 375              	.LBE33:
 376              	.LBB34:
 377              	.LBB30:
 378 001e A418     		adds	r4, r4, r2
 379              	.LVL13:
 380              		.loc 1 490 19 view .LVU84
 381 0020 6419     		adds	r4, r4, r5
 382              	.LVL14:
 383              		.loc 1 490 19 view .LVU85
 384              	.LBE30:
 385              	.LBE34:
 386              	.LBB35:
 387              	.LBB26:
 388 0022 EB18     		adds	r3, r5, r3
 389              	.LBE26:
 390              	.LBE35:
 391              	.LBB36:
 392              	.LBB31:
 393              		.loc 1 490 8 view .LVU86
 394 0024 E40A     		lsrs	r4, r4, #11
 395              	.LBE31:
 396              	.LBE36:
ARM GAS  /tmp/cczLaygH.s 			page 39


 397              	.LBB37:
 398              	.LBB27:
 399 0026 DB0A     		lsrs	r3, r3, #11
 400              	.LVL15:
 491:Src/se_low_level.c **** 
 492:Src/se_low_level.c ****   return page;
 401              		.loc 1 492 3 is_stmt 1 view .LVU87
 402              		.loc 1 492 3 is_stmt 0 view .LVU88
 403              	.LBE27:
 404              	.LBE37:
 174:Src/se_low_level.c ****     if (HAL_FLASHEx_Erase(&p_erase_init, &page_error) != HAL_OK)
 405              		.loc 1 174 89 discriminator 1 view .LVU89
 406 0028 0134     		adds	r4, r4, #1
 407 002a E41A     		subs	r4, r4, r3
 175:Src/se_low_level.c ****     {
 408              		.loc 1 175 9 view .LVU90
 409 002c 01A9     		add	r1, sp, #4
 410 002e 02A8     		add	r0, sp, #8
 173:Src/se_low_level.c ****     p_erase_init.NbPages       = SE_LL_GetPage(start + Length - 1U) - p_erase_init.Page + 1U;
 411              		.loc 1 173 32 discriminator 1 view .LVU91
 412 0030 0493     		str	r3, [sp, #16]
 174:Src/se_low_level.c ****     if (HAL_FLASHEx_Erase(&p_erase_init, &page_error) != HAL_OK)
 413              		.loc 1 174 5 is_stmt 1 view .LVU92
 414              	.LVL16:
 415              	.LBB38:
 416              	.LBI28:
 486:Src/se_low_level.c **** {
 417              		.loc 1 486 10 view .LVU93
 418              	.LBB32:
 488:Src/se_low_level.c **** 
 419              		.loc 1 488 3 view .LVU94
 490:Src/se_low_level.c **** 
 420              		.loc 1 490 3 view .LVU95
 421              		.loc 1 492 3 view .LVU96
 422              		.loc 1 492 3 is_stmt 0 view .LVU97
 423              	.LBE32:
 424              	.LBE38:
 174:Src/se_low_level.c ****     if (HAL_FLASHEx_Erase(&p_erase_init, &page_error) != HAL_OK)
 425              		.loc 1 174 32 discriminator 1 view .LVU98
 426 0032 0594     		str	r4, [sp, #20]
 175:Src/se_low_level.c ****     {
 427              		.loc 1 175 5 is_stmt 1 view .LVU99
 175:Src/se_low_level.c ****     {
 428              		.loc 1 175 9 is_stmt 0 view .LVU100
 429 0034 FFF7FEFF 		bl	HAL_FLASHEx_Erase
 430              	.LVL17:
 166:Src/se_low_level.c **** 
 431              		.loc 1 166 18 view .LVU101
 432 0038 431E     		subs	r3, r0, #1
 433 003a 9841     		sbcs	r0, r0, r3
 434 003c 064B     		ldr	r3, .L26+4
 435 003e 4442     		rsbs	r4, r0, #0
 436 0040 1C40     		ands	r4, r3
 437 0042 064B     		ldr	r3, .L26+8
 438 0044 E418     		adds	r4, r4, r3
 439              	.LVL18:
 182:Src/se_low_level.c ****   }
ARM GAS  /tmp/cczLaygH.s 			page 40


 440              		.loc 1 182 5 is_stmt 1 view .LVU102
 182:Src/se_low_level.c ****   }
 441              		.loc 1 182 11 is_stmt 0 view .LVU103
 442 0046 FFF7FEFF 		bl	HAL_FLASH_Lock
 443              	.LVL19:
 444              	.L21:
 190:Src/se_low_level.c **** 
 445              		.loc 1 190 1 view .LVU104
 446 004a 2000     		movs	r0, r4
 447 004c 07B0     		add	sp, sp, #28
 448              		@ sp needed
 449              	.LVL20:
 190:Src/se_low_level.c **** 
 450              		.loc 1 190 1 view .LVU105
 451 004e 30BD     		pop	{r4, r5, pc}
 452              	.LVL21:
 453              	.L24:
 186:Src/se_low_level.c ****   }
 454              		.loc 1 186 18 view .LVU106
 455 0050 034C     		ldr	r4, .L26+12
 456              	.LVL22:
 189:Src/se_low_level.c **** }
 457              		.loc 1 189 3 is_stmt 1 view .LVU107
 189:Src/se_low_level.c **** }
 458              		.loc 1 189 10 is_stmt 0 view .LVU108
 459 0052 FAE7     		b	.L21
 460              	.L27:
 461              		.align	2
 462              	.L26:
 463 0054 FFFFFFF7 		.word	-134217729
 464 0058 8A56EFFF 		.word	-1091958
 465 005c 0F311200 		.word	1192207
 466 0060 99870100 		.word	100249
 467              		.cfi_endproc
 468              	.LFE184:
 470              		.section	.text.SE_LL_FLASH_Write,"ax",%progbits
 471              		.align	1
 472              		.global	SE_LL_FLASH_Write
 473              		.syntax unified
 474              		.code	16
 475              		.thumb_func
 477              	SE_LL_FLASH_Write:
 478              	.LVL23:
 479              	.LFB185:
 201:Src/se_low_level.c ****   SE_ErrorStatus ret = SE_SUCCESS;
 480              		.loc 1 201 1 is_stmt 1 view -0
 481              		.cfi_startproc
 482              		@ args = 0, pretend = 0, frame = 0
 483              		@ frame_needed = 0, uses_anonymous_args = 0
 202:Src/se_low_level.c ****   uint32_t i;
 484              		.loc 1 202 3 view .LVU110
 203:Src/se_low_level.c ****   uint32_t verified = 0U;
 485              		.loc 1 203 3 view .LVU111
 204:Src/se_low_level.c ****   uint32_t destination = (uint32_t)pDestination;
 486              		.loc 1 204 3 view .LVU112
 205:Src/se_low_level.c ****   uint32_t source = (uint32_t)pSource;
 487              		.loc 1 205 3 view .LVU113
ARM GAS  /tmp/cczLaygH.s 			page 41


 206:Src/se_low_level.c **** 
 488              		.loc 1 206 3 view .LVU114
 201:Src/se_low_level.c ****   SE_ErrorStatus ret = SE_SUCCESS;
 489              		.loc 1 201 1 is_stmt 0 view .LVU115
 490 0000 F8B5     		push	{r3, r4, r5, r6, r7, lr}
 491              	.LCFI6:
 492              		.cfi_def_cfa_offset 24
 493              		.cfi_offset 3, -24
 494              		.cfi_offset 4, -20
 495              		.cfi_offset 5, -16
 496              		.cfi_offset 6, -12
 497              		.cfi_offset 7, -8
 498              		.cfi_offset 14, -4
 201:Src/se_low_level.c ****   SE_ErrorStatus ret = SE_SUCCESS;
 499              		.loc 1 201 1 view .LVU116
 500 0002 0600     		movs	r6, r0
 501 0004 0F00     		movs	r7, r1
 502              	.LVL24:
 208:Src/se_low_level.c ****   {
 503              		.loc 1 208 3 is_stmt 1 view .LVU117
 201:Src/se_low_level.c ****   SE_ErrorStatus ret = SE_SUCCESS;
 504              		.loc 1 201 1 is_stmt 0 view .LVU118
 505 0006 151E     		subs	r5, r2, #0
 208:Src/se_low_level.c ****   {
 506              		.loc 1 208 6 view .LVU119
 507 0008 02D1     		bne	.L29
 508              	.LVL25:
 509              	.L34:
 210:Src/se_low_level.c ****   }
 510              		.loc 1 210 12 view .LVU120
 511 000a 104C     		ldr	r4, .L40
 512              	.LVL26:
 513              	.L28:
 248:Src/se_low_level.c **** 
 514              		.loc 1 248 1 view .LVU121
 515 000c 2000     		movs	r0, r4
 516              		@ sp needed
 517              	.LVL27:
 518              	.LVL28:
 519              	.LVL29:
 248:Src/se_low_level.c **** 
 520              		.loc 1 248 1 view .LVU122
 521 000e F8BD     		pop	{r3, r4, r5, r6, r7, pc}
 522              	.LVL30:
 523              	.L29:
 216:Src/se_low_level.c ****         ((destination + Length) <= (SlotHeaderAdd[SLOT_ACTIVE_1 + i] + SFU_IMG_IMAGE_OFFSET)))
 524              		.loc 1 216 38 view .LVU123
 525 0010 0F4B     		ldr	r3, .L40+4
 217:Src/se_low_level.c ****     {
 526              		.loc 1 217 23 view .LVU124
 527 0012 8118     		adds	r1, r0, r2
 528              	.LVL31:
 217:Src/se_low_level.c ****     {
 529              		.loc 1 217 70 view .LVU125
 530 0014 0F4A     		ldr	r2, .L40+8
 531              	.LVL32:
 214:Src/se_low_level.c ****   {
ARM GAS  /tmp/cczLaygH.s 			page 42


 532              		.loc 1 214 18 is_stmt 1 discriminator 1 view .LVU126
 216:Src/se_low_level.c ****         ((destination + Length) <= (SlotHeaderAdd[SLOT_ACTIVE_1 + i] + SFU_IMG_IMAGE_OFFSET)))
 533              		.loc 1 216 5 view .LVU127
 216:Src/se_low_level.c ****         ((destination + Length) <= (SlotHeaderAdd[SLOT_ACTIVE_1 + i] + SFU_IMG_IMAGE_OFFSET)))
 534              		.loc 1 216 8 is_stmt 0 view .LVU128
 535 0016 8342     		cmp	r3, r0
 536 0018 F7D8     		bhi	.L34
 216:Src/se_low_level.c ****         ((destination + Length) <= (SlotHeaderAdd[SLOT_ACTIVE_1 + i] + SFU_IMG_IMAGE_OFFSET)))
 537              		.loc 1 216 59 discriminator 1 view .LVU129
 538 001a 9142     		cmp	r1, r2
 539 001c F5D8     		bhi	.L34
 228:Src/se_low_level.c ****   {
 540              		.loc 1 228 3 is_stmt 1 view .LVU130
 228:Src/se_low_level.c ****   {
 541              		.loc 1 228 7 is_stmt 0 view .LVU131
 542 001e FFF7FEFF 		bl	HAL_FLASH_Unlock
 543              	.LVL33:
 228:Src/se_low_level.c ****   {
 544              		.loc 1 228 7 view .LVU132
 545 0022 041E     		subs	r4, r0, #0
 228:Src/se_low_level.c ****   {
 546              		.loc 1 228 6 discriminator 1 view .LVU133
 547 0024 F1D1     		bne	.L34
 548              	.LVL34:
 549              	.L36:
 232:Src/se_low_level.c ****       {
 550              		.loc 1 232 7 is_stmt 1 view .LVU134
 232:Src/se_low_level.c ****       {
 551              		.loc 1 232 11 is_stmt 0 view .LVU135
 552 0026 3B19     		adds	r3, r7, r4
 553 0028 0120     		movs	r0, #1
 554 002a 1A68     		ldr	r2, [r3]
 555 002c 5B68     		ldr	r3, [r3, #4]
 556 002e 3119     		adds	r1, r6, r4
 557 0030 FFF7FEFF 		bl	HAL_FLASH_Program
 558              	.LVL35:
 232:Src/se_low_level.c ****       {
 559              		.loc 1 232 10 discriminator 1 view .LVU136
 560 0034 0028     		cmp	r0, #0
 561 0036 06D1     		bne	.L37
 230:Src/se_low_level.c ****     {
 562              		.loc 1 230 32 is_stmt 1 discriminator 2 view .LVU137
 563 0038 0834     		adds	r4, r4, #8
 564              	.LVL36:
 230:Src/se_low_level.c ****     {
 565              		.loc 1 230 20 discriminator 1 view .LVU138
 566 003a A542     		cmp	r5, r4
 567 003c F3D8     		bhi	.L36
 202:Src/se_low_level.c ****   uint32_t i;
 568              		.loc 1 202 18 is_stmt 0 view .LVU139
 569 003e 064C     		ldr	r4, .L40+12
 570              	.LVL37:
 571              	.L35:
 241:Src/se_low_level.c ****   }
 572              		.loc 1 241 5 is_stmt 1 view .LVU140
 241:Src/se_low_level.c ****   }
 573              		.loc 1 241 11 is_stmt 0 view .LVU141
ARM GAS  /tmp/cczLaygH.s 			page 43


 574 0040 FFF7FEFF 		bl	HAL_FLASH_Lock
 575              	.LVL38:
 241:Src/se_low_level.c ****   }
 576              		.loc 1 241 11 view .LVU142
 577 0044 E2E7     		b	.L28
 578              	.LVL39:
 579              	.L37:
 234:Src/se_low_level.c ****         break;
 580              		.loc 1 234 13 view .LVU143
 581 0046 014C     		ldr	r4, .L40
 582              	.LVL40:
 234:Src/se_low_level.c ****         break;
 583              		.loc 1 234 13 view .LVU144
 584 0048 FAE7     		b	.L35
 585              	.L41:
 586 004a C046     		.align	2
 587              	.L40:
 588 004c 99870100 		.word	100249
 589 0050 00000000 		.word	__ICFEDIT_SLOT_Active_1_header__
 590 0054 00080000 		.word	__ICFEDIT_SLOT_Active_1_header__+2048
 591 0058 0F311200 		.word	1192207
 592              		.cfi_endproc
 593              	.LFE185:
 595              		.section	.text.SE_LL_FLASH_Read,"ax",%progbits
 596              		.align	1
 597              		.global	SE_LL_FLASH_Read
 598              		.syntax unified
 599              		.code	16
 600              		.thumb_func
 602              	SE_LL_FLASH_Read:
 603              	.LVL41:
 604              	.LFB186:
 258:Src/se_low_level.c ****   uint32_t source = (uint32_t)pSource;
 605              		.loc 1 258 1 is_stmt 1 view -0
 606              		.cfi_startproc
 607              		@ args = 0, pretend = 0, frame = 0
 608              		@ frame_needed = 0, uses_anonymous_args = 0
 259:Src/se_low_level.c ****   SE_ErrorStatus e_ret_status = SE_ERROR;
 609              		.loc 1 259 3 view .LVU146
 260:Src/se_low_level.c ****   uint32_t i;
 610              		.loc 1 260 3 view .LVU147
 261:Src/se_low_level.c ****   uint32_t verified = 0U;
 611              		.loc 1 261 3 view .LVU148
 262:Src/se_low_level.c **** 
 612              		.loc 1 262 3 view .LVU149
 266:Src/se_low_level.c ****   {
 613              		.loc 1 266 3 view .LVU150
 268:Src/se_low_level.c ****         ((source + Length) <= (SlotHeaderAdd[SLOT_ACTIVE_1 + i] + SFU_IMG_IMAGE_OFFSET)))
 614              		.loc 1 268 33 is_stmt 0 view .LVU151
 615 0000 104B     		ldr	r3, .L55
 258:Src/se_low_level.c ****   uint32_t source = (uint32_t)pSource;
 616              		.loc 1 258 1 view .LVU152
 617 0002 30B5     		push	{r4, r5, lr}
 618              	.LCFI7:
 619              		.cfi_def_cfa_offset 12
 620              		.cfi_offset 4, -12
 621              		.cfi_offset 5, -8
ARM GAS  /tmp/cczLaygH.s 			page 44


 622              		.cfi_offset 14, -4
 269:Src/se_low_level.c ****     {
 623              		.loc 1 269 65 view .LVU153
 624 0004 104C     		ldr	r4, .L55+4
 266:Src/se_low_level.c ****   {
 625              		.loc 1 266 18 is_stmt 1 discriminator 1 view .LVU154
 268:Src/se_low_level.c ****         ((source + Length) <= (SlotHeaderAdd[SLOT_ACTIVE_1 + i] + SFU_IMG_IMAGE_OFFSET)))
 626              		.loc 1 268 5 view .LVU155
 269:Src/se_low_level.c ****     {
 627              		.loc 1 269 18 is_stmt 0 view .LVU156
 628 0006 8D18     		adds	r5, r1, r2
 268:Src/se_low_level.c ****         ((source + Length) <= (SlotHeaderAdd[SLOT_ACTIVE_1 + i] + SFU_IMG_IMAGE_OFFSET)))
 629              		.loc 1 268 8 view .LVU157
 630 0008 8B42     		cmp	r3, r1
 631 000a 18D8     		bhi	.L53
 268:Src/se_low_level.c ****         ((source + Length) <= (SlotHeaderAdd[SLOT_ACTIVE_1 + i] + SFU_IMG_IMAGE_OFFSET)))
 632              		.loc 1 268 54 discriminator 1 view .LVU158
 633 000c A542     		cmp	r5, r4
 634 000e 16D8     		bhi	.L53
 281:Src/se_low_level.c ****   /* Do not use memcpy from lib : ECC error should be checked at each loop */
 635              		.loc 1 281 3 is_stmt 1 view .LVU159
 281:Src/se_low_level.c ****   /* Do not use memcpy from lib : ECC error should be checked at each loop */
 636              		.loc 1 281 30 is_stmt 0 view .LVU160
 637 0010 0023     		movs	r3, #0
 638 0012 0E4C     		ldr	r4, .L55+8
 639 0014 2360     		str	r3, [r4]
 283:Src/se_low_level.c ****   {
 640              		.loc 1 283 3 is_stmt 1 view .LVU161
 641              	.LVL42:
 642              	.L47:
 283:Src/se_low_level.c ****   {
 643              		.loc 1 283 28 discriminator 1 view .LVU162
 644 0016 9342     		cmp	r3, r2
 645 0018 0AD1     		bne	.L48
 646              	.L52:
 287:Src/se_low_level.c ****   {
 647              		.loc 1 287 3 view .LVU163
 287:Src/se_low_level.c ****   {
 648              		.loc 1 287 34 is_stmt 0 view .LVU164
 649 001a 2068     		ldr	r0, [r4]
 650              	.LVL43:
 260:Src/se_low_level.c ****   uint32_t i;
 651              		.loc 1 260 18 view .LVU165
 652 001c 4342     		rsbs	r3, r0, #0
 653 001e 5841     		adcs	r0, r0, r3
 654              	.LVL44:
 260:Src/se_low_level.c ****   uint32_t i;
 655              		.loc 1 260 18 view .LVU166
 656 0020 0B4B     		ldr	r3, .L55+12
 657 0022 4042     		rsbs	r0, r0, #0
 658 0024 1840     		ands	r0, r3
 659 0026 0B4B     		ldr	r3, .L55+16
 660 0028 C018     		adds	r0, r0, r3
 661              	.LVL45:
 291:Src/se_low_level.c ****   return e_ret_status;
 662              		.loc 1 291 3 is_stmt 1 view .LVU167
 291:Src/se_low_level.c ****   return e_ret_status;
ARM GAS  /tmp/cczLaygH.s 			page 45


 663              		.loc 1 291 30 is_stmt 0 view .LVU168
 664 002a 0023     		movs	r3, #0
 665 002c 2360     		str	r3, [r4]
 292:Src/se_low_level.c **** }
 666              		.loc 1 292 3 is_stmt 1 view .LVU169
 667              	.LVL46:
 668              	.L42:
 293:Src/se_low_level.c **** 
 669              		.loc 1 293 1 is_stmt 0 view .LVU170
 670              		@ sp needed
 671 002e 30BD     		pop	{r4, r5, pc}
 672              	.LVL47:
 673              	.L48:
 283:Src/se_low_level.c ****   {
 674              		.loc 1 283 59 discriminator 3 view .LVU171
 675 0030 2568     		ldr	r5, [r4]
 283:Src/se_low_level.c ****   {
 676              		.loc 1 283 28 discriminator 3 view .LVU172
 677 0032 002D     		cmp	r5, #0
 678 0034 F1D1     		bne	.L52
 285:Src/se_low_level.c ****   }
 679              		.loc 1 285 5 is_stmt 1 view .LVU173
 285:Src/se_low_level.c ****   }
 680              		.loc 1 285 21 is_stmt 0 view .LVU174
 681 0036 CD5C     		ldrb	r5, [r1, r3]
 285:Src/se_low_level.c ****   }
 682              		.loc 1 285 19 view .LVU175
 683 0038 C554     		strb	r5, [r0, r3]
 283:Src/se_low_level.c ****   {
 684              		.loc 1 283 86 is_stmt 1 discriminator 4 view .LVU176
 283:Src/se_low_level.c ****   {
 685              		.loc 1 283 68 is_stmt 0 discriminator 4 view .LVU177
 686 003a 0133     		adds	r3, r3, #1
 687              	.LVL48:
 283:Src/se_low_level.c ****   {
 688              		.loc 1 283 68 discriminator 4 view .LVU178
 689 003c EBE7     		b	.L47
 690              	.LVL49:
 691              	.L53:
 278:Src/se_low_level.c ****   }
 692              		.loc 1 278 12 view .LVU179
 693 003e 0548     		ldr	r0, .L55+16
 694              	.LVL50:
 278:Src/se_low_level.c ****   }
 695              		.loc 1 278 12 view .LVU180
 696 0040 F5E7     		b	.L42
 697              	.L56:
 698 0042 C046     		.align	2
 699              	.L55:
 700 0044 00000000 		.word	__ICFEDIT_SLOT_Active_1_header__
 701 0048 00080000 		.word	__ICFEDIT_SLOT_Active_1_header__+2048
 702 004c 00000000 		.word	SE_DoubleECC_Error_Counter
 703 0050 76A91000 		.word	1091958
 704 0054 99870100 		.word	100249
 705              		.cfi_endproc
 706              	.LFE186:
 708              		.section	.text.SE_LL_FLASH_EXT_Decrypt_Init,"ax",%progbits
ARM GAS  /tmp/cczLaygH.s 			page 46


 709              		.align	1
 710              		.global	SE_LL_FLASH_EXT_Decrypt_Init
 711              		.syntax unified
 712              		.code	16
 713              		.thumb_func
 715              	SE_LL_FLASH_EXT_Decrypt_Init:
 716              	.LVL51:
 717              	.LFB187:
 309:Src/se_low_level.c ****   /* Prevent unused argument(s) compilation warning */
 718              		.loc 1 309 1 is_stmt 1 view -0
 719              		.cfi_startproc
 720              		@ args = 0, pretend = 0, frame = 0
 721              		@ frame_needed = 0, uses_anonymous_args = 0
 722              		@ link register save eliminated.
 311:Src/se_low_level.c ****   return SE_SUCCESS;
 723              		.loc 1 311 3 view .LVU182
 312:Src/se_low_level.c **** }
 724              		.loc 1 312 3 view .LVU183
 313:Src/se_low_level.c **** 
 725              		.loc 1 313 1 is_stmt 0 view .LVU184
 726 0000 0048     		ldr	r0, .L58
 727              	.LVL52:
 313:Src/se_low_level.c **** 
 728              		.loc 1 313 1 view .LVU185
 729              		@ sp needed
 730 0002 7047     		bx	lr
 731              	.L59:
 732              		.align	2
 733              	.L58:
 734 0004 0F311200 		.word	1192207
 735              		.cfi_endproc
 736              	.LFE187:
 738              		.section	.text.SE_LL_Buffer_in_ram,"ax",%progbits
 739              		.align	1
 740              		.global	SE_LL_Buffer_in_ram
 741              		.syntax unified
 742              		.code	16
 743              		.thumb_func
 745              	SE_LL_Buffer_in_ram:
 746              	.LVL53:
 747              	.LFB188:
 325:Src/se_low_level.c ****   SE_ErrorStatus e_ret_status;
 748              		.loc 1 325 1 is_stmt 1 view -0
 749              		.cfi_startproc
 750              		@ args = 0, pretend = 0, frame = 0
 751              		@ frame_needed = 0, uses_anonymous_args = 0
 326:Src/se_low_level.c ****   uint32_t addr_start = (uint32_t)pBuff;
 752              		.loc 1 326 3 view .LVU187
 327:Src/se_low_level.c ****   uint32_t addr_end = addr_start + Length - 1U;
 753              		.loc 1 327 3 view .LVU188
 328:Src/se_low_level.c **** 
 754              		.loc 1 328 3 view .LVU189
 328:Src/se_low_level.c **** 
 755              		.loc 1 328 12 is_stmt 0 view .LVU190
 756 0000 4B1E     		subs	r3, r1, #1
 325:Src/se_low_level.c ****   SE_ErrorStatus e_ret_status;
 757              		.loc 1 325 1 view .LVU191
ARM GAS  /tmp/cczLaygH.s 			page 47


 758 0002 10B5     		push	{r4, lr}
 759              	.LCFI8:
 760              		.cfi_def_cfa_offset 8
 761              		.cfi_offset 4, -8
 762              		.cfi_offset 14, -4
 328:Src/se_low_level.c **** 
 763              		.loc 1 328 12 view .LVU192
 764 0004 1B18     		adds	r3, r3, r0
 765              	.LVL54:
 331:Src/se_low_level.c ****       && ((addr_end  <= SB_REGION_RAM_END) && (addr_start >= (SE_REGION_RAM_END + 1U))))
 766              		.loc 1 331 3 is_stmt 1 view .LVU193
 331:Src/se_low_level.c ****       && ((addr_end  <= SB_REGION_RAM_END) && (addr_start >= (SE_REGION_RAM_END + 1U))))
 767              		.loc 1 331 6 is_stmt 0 view .LVU194
 768 0006 0029     		cmp	r1, #0
 769 0008 08D0     		beq	.L61
 331:Src/se_low_level.c ****       && ((addr_end  <= SB_REGION_RAM_END) && (addr_start >= (SE_REGION_RAM_END + 1U))))
 770              		.loc 1 331 42 discriminator 1 view .LVU195
 771 000a C243     		mvns	r2, r0
 331:Src/se_low_level.c ****       && ((addr_end  <= SB_REGION_RAM_END) && (addr_start >= (SE_REGION_RAM_END + 1U))))
 772              		.loc 1 331 22 discriminator 1 view .LVU196
 773 000c 8A42     		cmp	r2, r1
 774 000e 05D3     		bcc	.L61
 332:Src/se_low_level.c ****   {
 775              		.loc 1 332 7 view .LVU197
 776 0010 044A     		ldr	r2, .L66
 777 0012 9342     		cmp	r3, r2
 778 0014 02D8     		bhi	.L61
 332:Src/se_low_level.c ****   {
 779              		.loc 1 332 81 discriminator 1 view .LVU198
 780 0016 044B     		ldr	r3, .L66+4
 781              	.LVL55:
 332:Src/se_low_level.c ****   {
 782              		.loc 1 332 44 discriminator 1 view .LVU199
 783 0018 8342     		cmp	r3, r0
 784 001a 01D9     		bls	.L65
 785              	.L61:
 338:Src/se_low_level.c **** 
 786              		.loc 1 338 5 is_stmt 1 view .LVU200
 787              	.LVL56:
 341:Src/se_low_level.c ****   }
 788              		.loc 1 341 5 view .LVU201
 789 001c FFF7FEFF 		bl	__NVIC_SystemReset
 790              	.LVL57:
 791              	.L65:
 344:Src/se_low_level.c **** 
 792              		.loc 1 344 1 is_stmt 0 view .LVU202
 793 0020 0248     		ldr	r0, .L66+8
 794              	.LVL58:
 344:Src/se_low_level.c **** 
 795              		.loc 1 344 1 view .LVU203
 796              		@ sp needed
 797 0022 10BD     		pop	{r4, pc}
 798              	.L67:
 799              		.align	2
 800              	.L66:
 801 0024 00000000 		.word	__ICFEDIT_SB_region_RAM_end__
 802 0028 01000000 		.word	__ICFEDIT_SE_region_RAM_end__+1
ARM GAS  /tmp/cczLaygH.s 			page 48


 803 002c 0F311200 		.word	1192207
 804              		.cfi_endproc
 805              	.LFE188:
 807              		.section	.text.SE_LL_Buffer_in_SBSFU_ram,"ax",%progbits
 808              		.align	1
 809              		.global	SE_LL_Buffer_in_SBSFU_ram
 810              		.syntax unified
 811              		.code	16
 812              		.thumb_func
 814              	SE_LL_Buffer_in_SBSFU_ram:
 815              	.LVL59:
 816              	.LFB189:
 353:Src/se_low_level.c ****   SE_ErrorStatus e_ret_status;
 817              		.loc 1 353 1 is_stmt 1 view -0
 818              		.cfi_startproc
 819              		@ args = 0, pretend = 0, frame = 0
 820              		@ frame_needed = 0, uses_anonymous_args = 0
 354:Src/se_low_level.c ****   uint32_t addr_start = (uint32_t)pBuff;
 821              		.loc 1 354 3 view .LVU205
 355:Src/se_low_level.c ****   uint32_t addr_end = addr_start + Length - 1U;
 822              		.loc 1 355 3 view .LVU206
 356:Src/se_low_level.c **** 
 823              		.loc 1 356 3 view .LVU207
 356:Src/se_low_level.c **** 
 824              		.loc 1 356 12 is_stmt 0 view .LVU208
 825 0000 4B1E     		subs	r3, r1, #1
 353:Src/se_low_level.c ****   SE_ErrorStatus e_ret_status;
 826              		.loc 1 353 1 view .LVU209
 827 0002 10B5     		push	{r4, lr}
 828              	.LCFI9:
 829              		.cfi_def_cfa_offset 8
 830              		.cfi_offset 4, -8
 831              		.cfi_offset 14, -4
 356:Src/se_low_level.c **** 
 832              		.loc 1 356 12 view .LVU210
 833 0004 1B18     		adds	r3, r3, r0
 834              	.LVL60:
 359:Src/se_low_level.c ****       && ((addr_end  <= SB_REGION_RAM_END) && (addr_start >= SB_REGION_RAM_START)))
 835              		.loc 1 359 3 is_stmt 1 view .LVU211
 359:Src/se_low_level.c ****       && ((addr_end  <= SB_REGION_RAM_END) && (addr_start >= SB_REGION_RAM_START)))
 836              		.loc 1 359 6 is_stmt 0 view .LVU212
 837 0006 0029     		cmp	r1, #0
 838 0008 08D0     		beq	.L69
 359:Src/se_low_level.c ****       && ((addr_end  <= SB_REGION_RAM_END) && (addr_start >= SB_REGION_RAM_START)))
 839              		.loc 1 359 42 discriminator 1 view .LVU213
 840 000a C243     		mvns	r2, r0
 359:Src/se_low_level.c ****       && ((addr_end  <= SB_REGION_RAM_END) && (addr_start >= SB_REGION_RAM_START)))
 841              		.loc 1 359 22 discriminator 1 view .LVU214
 842 000c 8A42     		cmp	r2, r1
 843 000e 05D3     		bcc	.L69
 360:Src/se_low_level.c ****   {
 844              		.loc 1 360 7 view .LVU215
 845 0010 044A     		ldr	r2, .L74
 846 0012 9342     		cmp	r3, r2
 847 0014 02D8     		bhi	.L69
 360:Src/se_low_level.c ****   {
 848              		.loc 1 360 44 discriminator 1 view .LVU216
ARM GAS  /tmp/cczLaygH.s 			page 49


 849 0016 044B     		ldr	r3, .L74+4
 850              	.LVL61:
 360:Src/se_low_level.c ****   {
 851              		.loc 1 360 44 discriminator 1 view .LVU217
 852 0018 9842     		cmp	r0, r3
 853 001a 01D2     		bcs	.L73
 854              	.L69:
 366:Src/se_low_level.c **** 
 855              		.loc 1 366 5 is_stmt 1 view .LVU218
 856              	.LVL62:
 369:Src/se_low_level.c ****   }
 857              		.loc 1 369 5 view .LVU219
 858 001c FFF7FEFF 		bl	__NVIC_SystemReset
 859              	.LVL63:
 860              	.L73:
 372:Src/se_low_level.c **** 
 861              		.loc 1 372 1 is_stmt 0 view .LVU220
 862 0020 0248     		ldr	r0, .L74+8
 863              	.LVL64:
 372:Src/se_low_level.c **** 
 864              		.loc 1 372 1 view .LVU221
 865              		@ sp needed
 866 0022 10BD     		pop	{r4, pc}
 867              	.L75:
 868              		.align	2
 869              	.L74:
 870 0024 00000000 		.word	__ICFEDIT_SB_region_RAM_end__
 871 0028 00000000 		.word	__ICFEDIT_SB_region_RAM_start__
 872 002c 0F311200 		.word	1192207
 873              		.cfi_endproc
 874              	.LFE189:
 876              		.section	.text.SE_LL_Buffer_part_of_SE_ram,"ax",%progbits
 877              		.align	1
 878              		.global	SE_LL_Buffer_part_of_SE_ram
 879              		.syntax unified
 880              		.code	16
 881              		.thumb_func
 883              	SE_LL_Buffer_part_of_SE_ram:
 884              	.LVL65:
 885              	.LFB190:
 381:Src/se_low_level.c ****   SE_ErrorStatus e_ret_status;
 886              		.loc 1 381 1 is_stmt 1 view -0
 887              		.cfi_startproc
 888              		@ args = 0, pretend = 0, frame = 0
 889              		@ frame_needed = 0, uses_anonymous_args = 0
 382:Src/se_low_level.c ****   uint32_t addr_start = (uint32_t)pBuff;
 890              		.loc 1 382 3 view .LVU223
 383:Src/se_low_level.c ****   uint32_t addr_end = addr_start + Length - 1U;
 891              		.loc 1 383 3 view .LVU224
 384:Src/se_low_level.c **** 
 892              		.loc 1 384 3 view .LVU225
 387:Src/se_low_level.c ****                             ((addr_start > SE_REGION_RAM_END) && (addr_end > SE_REGION_RAM_END)))))
 893              		.loc 1 387 3 view .LVU226
 381:Src/se_low_level.c ****   SE_ErrorStatus e_ret_status;
 894              		.loc 1 381 1 is_stmt 0 view .LVU227
 895 0000 10B5     		push	{r4, lr}
 896              	.LCFI10:
ARM GAS  /tmp/cczLaygH.s 			page 50


 897              		.cfi_def_cfa_offset 8
 898              		.cfi_offset 4, -8
 899              		.cfi_offset 14, -4
 387:Src/se_low_level.c ****                             ((addr_start > SE_REGION_RAM_END) && (addr_end > SE_REGION_RAM_END)))))
 900              		.loc 1 387 6 view .LVU228
 901 0002 0029     		cmp	r1, #0
 902 0004 10D0     		beq	.L77
 387:Src/se_low_level.c ****                             ((addr_start > SE_REGION_RAM_END) && (addr_end > SE_REGION_RAM_END)))))
 903              		.loc 1 387 42 discriminator 1 view .LVU229
 904 0006 094A     		ldr	r2, .L84
 384:Src/se_low_level.c **** 
 905              		.loc 1 384 12 view .LVU230
 906 0008 4B1E     		subs	r3, r1, #1
 907              	.LVL66:
 384:Src/se_low_level.c **** 
 908              		.loc 1 384 12 view .LVU231
 909 000a C318     		adds	r3, r0, r3
 910              	.LVL67:
 387:Src/se_low_level.c ****                             ((addr_start > SE_REGION_RAM_END) && (addr_end > SE_REGION_RAM_END)))))
 911              		.loc 1 387 23 discriminator 1 view .LVU232
 912 000c 8242     		cmp	r2, r0
 913 000e 01D9     		bls	.L78
 387:Src/se_low_level.c ****                             ((addr_start > SE_REGION_RAM_END) && (addr_end > SE_REGION_RAM_END)))))
 914              		.loc 1 387 65 discriminator 3 view .LVU233
 915 0010 9A42     		cmp	r2, r3
 916 0012 04D8     		bhi	.L79
 917              	.L78:
 388:Src/se_low_level.c ****       || ((0xFFFFFFFFUL - addr_start) < Length))
 918              		.loc 1 388 42 view .LVU234
 919 0014 064A     		ldr	r2, .L84+4
 387:Src/se_low_level.c ****                             ((addr_start > SE_REGION_RAM_END) && (addr_end > SE_REGION_RAM_END)))))
 920              		.loc 1 387 27 discriminator 4 view .LVU235
 921 0016 8242     		cmp	r2, r0
 922 0018 04D2     		bcs	.L80
 388:Src/se_low_level.c ****       || ((0xFFFFFFFFUL - addr_start) < Length))
 923              		.loc 1 388 63 view .LVU236
 924 001a 9A42     		cmp	r2, r3
 925 001c 02D2     		bcs	.L80
 926              	.L79:
 389:Src/se_low_level.c ****   {
 927              		.loc 1 389 25 view .LVU237
 928 001e C043     		mvns	r0, r0
 929              	.LVL68:
 389:Src/se_low_level.c ****   {
 930              		.loc 1 389 7 view .LVU238
 931 0020 8842     		cmp	r0, r1
 932 0022 01D2     		bcs	.L77
 933              	.LVL69:
 934              	.L80:
 391:Src/se_low_level.c **** 
 935              		.loc 1 391 5 is_stmt 1 view .LVU239
 394:Src/se_low_level.c ****   }
 936              		.loc 1 394 5 view .LVU240
 937 0024 FFF7FEFF 		bl	__NVIC_SystemReset
 938              	.LVL70:
 939              	.L77:
 398:Src/se_low_level.c ****   }
ARM GAS  /tmp/cczLaygH.s 			page 51


 940              		.loc 1 398 5 view .LVU241
 400:Src/se_low_level.c **** }
 941              		.loc 1 400 3 view .LVU242
 401:Src/se_low_level.c **** 
 942              		.loc 1 401 1 is_stmt 0 view .LVU243
 943 0028 0248     		ldr	r0, .L84+8
 944              		@ sp needed
 945 002a 10BD     		pop	{r4, pc}
 946              	.L85:
 947              		.align	2
 948              	.L84:
 949 002c 00000000 		.word	__ICFEDIT_SE_region_RAM_start__
 950 0030 00000000 		.word	__ICFEDIT_SE_region_RAM_end__
 951 0034 99870100 		.word	100249
 952              		.cfi_endproc
 953              	.LFE190:
 955              		.section	.text.SE_LL_Buffer_part_of_SE_rom,"ax",%progbits
 956              		.align	1
 957              		.global	SE_LL_Buffer_part_of_SE_rom
 958              		.syntax unified
 959              		.code	16
 960              		.thumb_func
 962              	SE_LL_Buffer_part_of_SE_rom:
 963              	.LVL71:
 964              	.LFB191:
 410:Src/se_low_level.c ****   SE_ErrorStatus e_ret_status;
 965              		.loc 1 410 1 is_stmt 1 view -0
 966              		.cfi_startproc
 967              		@ args = 0, pretend = 0, frame = 0
 968              		@ frame_needed = 0, uses_anonymous_args = 0
 411:Src/se_low_level.c ****   uint32_t addr_start = (uint32_t)pBuff;
 969              		.loc 1 411 3 view .LVU245
 412:Src/se_low_level.c ****   uint32_t addr_end = addr_start + Length - 1U;
 970              		.loc 1 412 3 view .LVU246
 413:Src/se_low_level.c **** 
 971              		.loc 1 413 3 view .LVU247
 416:Src/se_low_level.c ****                             || ((addr_start > SE_CODE_REGION_ROM_END) && (addr_end > SE_CODE_REGION
 972              		.loc 1 416 3 view .LVU248
 410:Src/se_low_level.c ****   SE_ErrorStatus e_ret_status;
 973              		.loc 1 410 1 is_stmt 0 view .LVU249
 974 0000 10B5     		push	{r4, lr}
 975              	.LCFI11:
 976              		.cfi_def_cfa_offset 8
 977              		.cfi_offset 4, -8
 978              		.cfi_offset 14, -4
 416:Src/se_low_level.c ****                             || ((addr_start > SE_CODE_REGION_ROM_END) && (addr_end > SE_CODE_REGION
 979              		.loc 1 416 6 view .LVU250
 980 0002 0029     		cmp	r1, #0
 981 0004 10D0     		beq	.L87
 416:Src/se_low_level.c ****                             || ((addr_start > SE_CODE_REGION_ROM_END) && (addr_end > SE_CODE_REGION
 982              		.loc 1 416 42 discriminator 1 view .LVU251
 983 0006 094A     		ldr	r2, .L94
 413:Src/se_low_level.c **** 
 984              		.loc 1 413 12 view .LVU252
 985 0008 4B1E     		subs	r3, r1, #1
 986              	.LVL72:
 413:Src/se_low_level.c **** 
ARM GAS  /tmp/cczLaygH.s 			page 52


 987              		.loc 1 413 12 view .LVU253
 988 000a C318     		adds	r3, r0, r3
 989              	.LVL73:
 416:Src/se_low_level.c ****                             || ((addr_start > SE_CODE_REGION_ROM_END) && (addr_end > SE_CODE_REGION
 990              		.loc 1 416 23 discriminator 1 view .LVU254
 991 000c 8242     		cmp	r2, r0
 992 000e 01D9     		bls	.L88
 416:Src/se_low_level.c ****                             || ((addr_start > SE_CODE_REGION_ROM_END) && (addr_end > SE_CODE_REGION
 993              		.loc 1 416 70 discriminator 3 view .LVU255
 994 0010 9A42     		cmp	r2, r3
 995 0012 04D8     		bhi	.L89
 996              	.L88:
 417:Src/se_low_level.c ****                            )))
 997              		.loc 1 417 45 view .LVU256
 998 0014 064A     		ldr	r2, .L94+4
 416:Src/se_low_level.c ****                             || ((addr_start > SE_CODE_REGION_ROM_END) && (addr_end > SE_CODE_REGION
 999              		.loc 1 416 27 discriminator 4 view .LVU257
 1000 0016 8242     		cmp	r2, r0
 1001 0018 04D2     		bcs	.L90
 417:Src/se_low_level.c ****                            )))
 1002              		.loc 1 417 71 view .LVU258
 1003 001a 9A42     		cmp	r2, r3
 1004 001c 02D2     		bcs	.L90
 1005              	.L89:
 419:Src/se_low_level.c ****   {
 1006              		.loc 1 419 25 view .LVU259
 1007 001e C043     		mvns	r0, r0
 1008              	.LVL74:
 419:Src/se_low_level.c ****   {
 1009              		.loc 1 419 7 view .LVU260
 1010 0020 8842     		cmp	r0, r1
 1011 0022 01D2     		bcs	.L87
 1012              	.LVL75:
 1013              	.L90:
 421:Src/se_low_level.c **** 
 1014              		.loc 1 421 5 is_stmt 1 view .LVU261
 424:Src/se_low_level.c ****   }
 1015              		.loc 1 424 5 view .LVU262
 1016 0024 FFF7FEFF 		bl	__NVIC_SystemReset
 1017              	.LVL76:
 1018              	.L87:
 428:Src/se_low_level.c ****   }
 1019              		.loc 1 428 5 view .LVU263
 430:Src/se_low_level.c **** }
 1020              		.loc 1 430 3 view .LVU264
 431:Src/se_low_level.c **** 
 1021              		.loc 1 431 1 is_stmt 0 view .LVU265
 1022 0028 0248     		ldr	r0, .L94+8
 1023              		@ sp needed
 1024 002a 10BD     		pop	{r4, pc}
 1025              	.L95:
 1026              		.align	2
 1027              	.L94:
 1028 002c 00000000 		.word	__ICFEDIT_SE_Code_region_ROM_start__
 1029 0030 00000000 		.word	__ICFEDIT_SE_Code_region_ROM_end__
 1030 0034 99870100 		.word	100249
 1031              		.cfi_endproc
ARM GAS  /tmp/cczLaygH.s 			page 53


 1032              	.LFE191:
 1034              		.section	.text.SE_LL_Save_Disable_Irq,"ax",%progbits
 1035              		.align	1
 1036              		.global	SE_LL_Save_Disable_Irq
 1037              		.syntax unified
 1038              		.code	16
 1039              		.thumb_func
 1041              	SE_LL_Save_Disable_Irq:
 1042              	.LVL77:
 1043              	.LFB192:
 448:Src/se_low_level.c ****   SE_ErrorStatus e_ret_status = SE_ERROR;
 1044              		.loc 1 448 1 is_stmt 1 view -0
 1045              		.cfi_startproc
 1046              		@ args = 0, pretend = 0, frame = 0
 1047              		@ frame_needed = 0, uses_anonymous_args = 0
 1048              		@ link register save eliminated.
 449:Src/se_low_level.c **** 
 1049              		.loc 1 449 3 view .LVU267
 452:Src/se_low_level.c **** }
 1050              		.loc 1 452 3 view .LVU268
 453:Src/se_low_level.c **** 
 1051              		.loc 1 453 1 is_stmt 0 view .LVU269
 1052 0000 0048     		ldr	r0, .L97
 1053              	.LVL78:
 453:Src/se_low_level.c **** 
 1054              		.loc 1 453 1 view .LVU270
 1055              		@ sp needed
 1056 0002 7047     		bx	lr
 1057              	.L98:
 1058              		.align	2
 1059              	.L97:
 1060 0004 99870100 		.word	100249
 1061              		.cfi_endproc
 1062              	.LFE192:
 1064              		.section	.text.SE_LL_Restore_Enable_Irq,"ax",%progbits
 1065              		.align	1
 1066              		.global	SE_LL_Restore_Enable_Irq
 1067              		.syntax unified
 1068              		.code	16
 1069              		.thumb_func
 1071              	SE_LL_Restore_Enable_Irq:
 1072              	.LFB201:
 1073              		.cfi_startproc
 461:Src/se_low_level.c **** {
 1074              		.loc 1 461 16 is_stmt 1 view -0
 1075              		@ args = 0, pretend = 0, frame = 0
 1076              		@ frame_needed = 0, uses_anonymous_args = 0
 1077              		@ link register save eliminated.
 1078 0000 0048     		ldr	r0, .L100
 1079              		@ sp needed
 1080 0002 7047     		bx	lr
 1081              	.L101:
 1082              		.align	2
 1083              	.L100:
 1084 0004 99870100 		.word	100249
 1085              		.cfi_endproc
 1086              	.LFE201:
ARM GAS  /tmp/cczLaygH.s 			page 54


 1088              		.section	.text.NMI_Handler,"ax",%progbits
 1089              		.align	1
 1090              		.global	NMI_Handler
 1091              		.syntax unified
 1092              		.code	16
 1093              		.thumb_func
 1095              	NMI_Handler:
 1096              	.LFB196:
 493:Src/se_low_level.c **** }
 494:Src/se_low_level.c **** 
 495:Src/se_low_level.c **** 
 496:Src/se_low_level.c **** /**
 497:Src/se_low_level.c ****   * @brief  Get Link Register value (LR)
 498:Src/se_low_level.c ****   * @param  None.
 499:Src/se_low_level.c ****   * @retval LR Register value
 500:Src/se_low_level.c ****   */
 501:Src/se_low_level.c **** __attribute__((always_inline)) __STATIC_INLINE uint32_t get_LR(void)
 502:Src/se_low_level.c **** {
 503:Src/se_low_level.c ****   register uint32_t result;
 504:Src/se_low_level.c **** 
 505:Src/se_low_level.c **** #if defined ( __ICCARM__ ) || defined ( __GNUC__ ) || defined (__ARMCC_VERSION)
 506:Src/se_low_level.c ****   __ASM volatile("MOV %0, LR" : "=r"(result));
 507:Src/se_low_level.c **** #elif defined ( __CC_ARM )
 508:Src/se_low_level.c ****   __ASM volatile("MOV result, __return_address()");
 509:Src/se_low_level.c **** #endif /* ( __ICCARM__ ) || ( __GNUC__ ) */
 510:Src/se_low_level.c **** 
 511:Src/se_low_level.c ****   return result;
 512:Src/se_low_level.c **** }
 513:Src/se_low_level.c **** 
 514:Src/se_low_level.c **** /*
 515:Src/se_low_level.c ****    As this handler code relies on stack pointer position to manipulate the PC return value, it is i
 516:Src/se_low_level.c ****    not to use extra registers (on top of scratch registers), because it would change the stack poin
 517:Src/se_low_level.c ****    position. Then compiler optimizations are customized to ensure that.
 518:Src/se_low_level.c **** */
 519:Src/se_low_level.c **** #if defined(__ICCARM__)
 520:Src/se_low_level.c **** #pragma optimize=none
 521:Src/se_low_level.c **** #elif defined(__CC_ARM)
 522:Src/se_low_level.c **** #pragma O0
 523:Src/se_low_level.c **** #elif defined(__ARMCC_VERSION)
 524:Src/se_low_level.c **** __attribute__((optnone))
 525:Src/se_low_level.c **** #elif defined ( __GNUC__ )
 526:Src/se_low_level.c **** __attribute__((optimize("O1")))
 527:Src/se_low_level.c **** #endif /* __ICCARM__ */
 528:Src/se_low_level.c **** 
 529:Src/se_low_level.c **** /**
 530:Src/se_low_level.c ****   * @brief  NMI Handler present for handling Double ECC NMI interrupt
 531:Src/se_low_level.c ****   * @param  None.
 532:Src/se_low_level.c ****   * @retval None.
 533:Src/se_low_level.c ****   */
 534:Src/se_low_level.c **** void NMI_Handler(void)
 535:Src/se_low_level.c **** {
 1097              		.loc 1 535 1 view -0
 1098              		.cfi_startproc
 1099              		@ args = 0, pretend = 0, frame = 0
 1100              		@ frame_needed = 0, uses_anonymous_args = 0
 1101 0000 10B5     		push	{r4, lr}
 1102              	.LCFI12:
ARM GAS  /tmp/cczLaygH.s 			page 55


 1103              		.cfi_def_cfa_offset 8
 1104              		.cfi_offset 4, -8
 1105              		.cfi_offset 14, -4
 536:Src/se_low_level.c ****   uint32_t *p_sp;
 1106              		.loc 1 536 3 view .LVU273
 537:Src/se_low_level.c ****   uint32_t lr;
 1107              		.loc 1 537 3 view .LVU274
 538:Src/se_low_level.c ****   uint16_t opcode_msb;
 1108              		.loc 1 538 3 view .LVU275
 539:Src/se_low_level.c **** 
 540:Src/se_low_level.c ****   if (__HAL_FLASH_GET_FLAG(FLASH_FLAG_ECCD))
 1109              		.loc 1 540 3 view .LVU276
 1110              		.loc 1 540 7 is_stmt 0 view .LVU277
 1111 0002 1A4B     		ldr	r3, .L111
 1112 0004 9B69     		ldr	r3, [r3, #24]
 1113              		.loc 1 540 6 view .LVU278
 1114 0006 002B     		cmp	r3, #0
 1115 0008 2CDA     		bge	.L103
 541:Src/se_low_level.c ****   {
 542:Src/se_low_level.c ****     __HAL_FLASH_CLEAR_FLAG(FLASH_FLAG_ECCD);
 1116              		.loc 1 542 5 is_stmt 1 view .LVU279
 1117              		.loc 1 542 5 view .LVU280
 1118              		.loc 1 542 5 discriminator 2 view .LVU281
 1119              		.loc 1 542 5 discriminator 4 view .LVU282
 1120 000a 184B     		ldr	r3, .L111
 1121 000c 8022     		movs	r2, #128
 1122 000e 1206     		lsls	r2, r2, #24
 1123 0010 9A61     		str	r2, [r3, #24]
 1124              		.loc 1 542 5 discriminator 6 view .LVU283
 543:Src/se_low_level.c **** 
 544:Src/se_low_level.c ****     /* Memorize error to ignore the read value */
 545:Src/se_low_level.c ****     SE_DoubleECC_Error_Counter++;
 1125              		.loc 1 545 5 view .LVU284
 1126              		.loc 1 545 31 is_stmt 0 view .LVU285
 1127 0012 174A     		ldr	r2, .L111+4
 1128 0014 1368     		ldr	r3, [r2]
 1129 0016 0133     		adds	r3, r3, #1
 1130 0018 1360     		str	r3, [r2]
 546:Src/se_low_level.c **** 
 547:Src/se_low_level.c ****     lr = get_LR();
 1131              		.loc 1 547 5 is_stmt 1 view .LVU286
 1132              	.LBB39:
 1133              	.LBI39:
 501:Src/se_low_level.c **** {
 1134              		.loc 1 501 57 view .LVU287
 1135              	.LBB40:
 503:Src/se_low_level.c **** 
 1136              		.loc 1 503 3 view .LVU288
 506:Src/se_low_level.c **** #elif defined ( __CC_ARM )
 1137              		.loc 1 506 3 view .LVU289
 1138              		.syntax divided
 1139              	@ 506 "Src/se_low_level.c" 1
 1140 001a 7246     		MOV r2, LR
 1141              	@ 0 "" 2
 1142              	.LVL79:
 511:Src/se_low_level.c **** }
 1143              		.loc 1 511 3 view .LVU290
ARM GAS  /tmp/cczLaygH.s 			page 56


 511:Src/se_low_level.c **** }
 1144              		.loc 1 511 3 is_stmt 0 view .LVU291
 1145              		.thumb
 1146              		.syntax unified
 1147              	.LBE40:
 1148              	.LBE39:
 548:Src/se_low_level.c **** 
 549:Src/se_low_level.c ****     /* Check EXC_RETURN value in LR to know which SP was used prior entering exception */
 550:Src/se_low_level.c ****     if (((lr) & (0xFU)) == 0xDU)
 1149              		.loc 1 550 5 is_stmt 1 view .LVU292
 1150              		.loc 1 550 15 is_stmt 0 view .LVU293
 1151 001c 0F23     		movs	r3, #15
 1152 001e 1340     		ands	r3, r2
 1153              		.loc 1 550 8 view .LVU294
 1154 0020 0D2B     		cmp	r3, #13
 1155 0022 15D0     		beq	.L110
 551:Src/se_low_level.c ****     {
 552:Src/se_low_level.c ****       /* interrupted code was using Process Stack Pointer */
 553:Src/se_low_level.c ****       p_sp = (uint32_t *)__get_PSP();
 554:Src/se_low_level.c ****     }
 555:Src/se_low_level.c ****     else
 556:Src/se_low_level.c ****     {
 557:Src/se_low_level.c ****       /* interrupted code was using Main Stack Pointer */
 558:Src/se_low_level.c ****       p_sp = (uint32_t *)__get_MSP();
 1156              		.loc 1 558 7 is_stmt 1 view .LVU295
 1157              	.LBB41:
 1158              	.LBI41:
 272:../../../../..//Drivers/CMSIS/Include/cmsis_gcc.h **** }
 273:../../../../..//Drivers/CMSIS/Include/cmsis_gcc.h **** 
 274:../../../../..//Drivers/CMSIS/Include/cmsis_gcc.h **** 
 275:../../../../..//Drivers/CMSIS/Include/cmsis_gcc.h **** /**
 276:../../../../..//Drivers/CMSIS/Include/cmsis_gcc.h ****   \brief   Data Memory Barrier
 277:../../../../..//Drivers/CMSIS/Include/cmsis_gcc.h ****   \details Ensures the apparent order of the explicit memory operations before
 278:../../../../..//Drivers/CMSIS/Include/cmsis_gcc.h ****            and after the instruction, without ensuring their completion.
 279:../../../../..//Drivers/CMSIS/Include/cmsis_gcc.h ****  */
 280:../../../../..//Drivers/CMSIS/Include/cmsis_gcc.h **** __STATIC_FORCEINLINE void __DMB(void)
 281:../../../../..//Drivers/CMSIS/Include/cmsis_gcc.h **** {
 282:../../../../..//Drivers/CMSIS/Include/cmsis_gcc.h ****   __ASM volatile ("dmb 0xF":::"memory");
 283:../../../../..//Drivers/CMSIS/Include/cmsis_gcc.h **** }
 284:../../../../..//Drivers/CMSIS/Include/cmsis_gcc.h **** 
 285:../../../../..//Drivers/CMSIS/Include/cmsis_gcc.h **** 
 286:../../../../..//Drivers/CMSIS/Include/cmsis_gcc.h **** /**
 287:../../../../..//Drivers/CMSIS/Include/cmsis_gcc.h ****   \brief   Reverse byte order (32 bit)
 288:../../../../..//Drivers/CMSIS/Include/cmsis_gcc.h ****   \details Reverses the byte order in unsigned integer value. For example, 0x12345678 becomes 0x785
 289:../../../../..//Drivers/CMSIS/Include/cmsis_gcc.h ****   \param [in]    value  Value to reverse
 290:../../../../..//Drivers/CMSIS/Include/cmsis_gcc.h ****   \return               Reversed value
 291:../../../../..//Drivers/CMSIS/Include/cmsis_gcc.h ****  */
 292:../../../../..//Drivers/CMSIS/Include/cmsis_gcc.h **** __STATIC_FORCEINLINE uint32_t __REV(uint32_t value)
 293:../../../../..//Drivers/CMSIS/Include/cmsis_gcc.h **** {
 294:../../../../..//Drivers/CMSIS/Include/cmsis_gcc.h **** #if (__GNUC__ > 4) || (__GNUC__ == 4 && __GNUC_MINOR__ >= 5)
 295:../../../../..//Drivers/CMSIS/Include/cmsis_gcc.h ****   return __builtin_bswap32(value);
 296:../../../../..//Drivers/CMSIS/Include/cmsis_gcc.h **** #else
 297:../../../../..//Drivers/CMSIS/Include/cmsis_gcc.h ****   uint32_t result;
 298:../../../../..//Drivers/CMSIS/Include/cmsis_gcc.h **** 
 299:../../../../..//Drivers/CMSIS/Include/cmsis_gcc.h ****   __ASM ("rev %0, %1" : __CMSIS_GCC_OUT_REG (result) : __CMSIS_GCC_USE_REG (value) );
 300:../../../../..//Drivers/CMSIS/Include/cmsis_gcc.h ****   return result;
 301:../../../../..//Drivers/CMSIS/Include/cmsis_gcc.h **** #endif
ARM GAS  /tmp/cczLaygH.s 			page 57


 302:../../../../..//Drivers/CMSIS/Include/cmsis_gcc.h **** }
 303:../../../../..//Drivers/CMSIS/Include/cmsis_gcc.h **** 
 304:../../../../..//Drivers/CMSIS/Include/cmsis_gcc.h **** 
 305:../../../../..//Drivers/CMSIS/Include/cmsis_gcc.h **** /**
 306:../../../../..//Drivers/CMSIS/Include/cmsis_gcc.h ****   \brief   Reverse byte order (16 bit)
 307:../../../../..//Drivers/CMSIS/Include/cmsis_gcc.h ****   \details Reverses the byte order within each halfword of a word. For example, 0x12345678 becomes 
 308:../../../../..//Drivers/CMSIS/Include/cmsis_gcc.h ****   \param [in]    value  Value to reverse
 309:../../../../..//Drivers/CMSIS/Include/cmsis_gcc.h ****   \return               Reversed value
 310:../../../../..//Drivers/CMSIS/Include/cmsis_gcc.h ****  */
 311:../../../../..//Drivers/CMSIS/Include/cmsis_gcc.h **** __STATIC_FORCEINLINE uint32_t __REV16(uint32_t value)
 312:../../../../..//Drivers/CMSIS/Include/cmsis_gcc.h **** {
 313:../../../../..//Drivers/CMSIS/Include/cmsis_gcc.h ****   uint32_t result;
 314:../../../../..//Drivers/CMSIS/Include/cmsis_gcc.h **** 
 315:../../../../..//Drivers/CMSIS/Include/cmsis_gcc.h ****   __ASM ("rev16 %0, %1" : __CMSIS_GCC_OUT_REG (result) : __CMSIS_GCC_USE_REG (value) );
 316:../../../../..//Drivers/CMSIS/Include/cmsis_gcc.h ****   return result;
 317:../../../../..//Drivers/CMSIS/Include/cmsis_gcc.h **** }
 318:../../../../..//Drivers/CMSIS/Include/cmsis_gcc.h **** 
 319:../../../../..//Drivers/CMSIS/Include/cmsis_gcc.h **** 
 320:../../../../..//Drivers/CMSIS/Include/cmsis_gcc.h **** /**
 321:../../../../..//Drivers/CMSIS/Include/cmsis_gcc.h ****   \brief   Reverse byte order (16 bit)
 322:../../../../..//Drivers/CMSIS/Include/cmsis_gcc.h ****   \details Reverses the byte order in a 16-bit value and returns the signed 16-bit result. For exam
 323:../../../../..//Drivers/CMSIS/Include/cmsis_gcc.h ****   \param [in]    value  Value to reverse
 324:../../../../..//Drivers/CMSIS/Include/cmsis_gcc.h ****   \return               Reversed value
 325:../../../../..//Drivers/CMSIS/Include/cmsis_gcc.h ****  */
 326:../../../../..//Drivers/CMSIS/Include/cmsis_gcc.h **** __STATIC_FORCEINLINE int16_t __REVSH(int16_t value)
 327:../../../../..//Drivers/CMSIS/Include/cmsis_gcc.h **** {
 328:../../../../..//Drivers/CMSIS/Include/cmsis_gcc.h **** #if (__GNUC__ > 4) || (__GNUC__ == 4 && __GNUC_MINOR__ >= 8)
 329:../../../../..//Drivers/CMSIS/Include/cmsis_gcc.h ****   return (int16_t)__builtin_bswap16(value);
 330:../../../../..//Drivers/CMSIS/Include/cmsis_gcc.h **** #else
 331:../../../../..//Drivers/CMSIS/Include/cmsis_gcc.h ****   int16_t result;
 332:../../../../..//Drivers/CMSIS/Include/cmsis_gcc.h **** 
 333:../../../../..//Drivers/CMSIS/Include/cmsis_gcc.h ****   __ASM ("revsh %0, %1" : __CMSIS_GCC_OUT_REG (result) : __CMSIS_GCC_USE_REG (value) );
 334:../../../../..//Drivers/CMSIS/Include/cmsis_gcc.h ****   return result;
 335:../../../../..//Drivers/CMSIS/Include/cmsis_gcc.h **** #endif
 336:../../../../..//Drivers/CMSIS/Include/cmsis_gcc.h **** }
 337:../../../../..//Drivers/CMSIS/Include/cmsis_gcc.h **** 
 338:../../../../..//Drivers/CMSIS/Include/cmsis_gcc.h **** 
 339:../../../../..//Drivers/CMSIS/Include/cmsis_gcc.h **** /**
 340:../../../../..//Drivers/CMSIS/Include/cmsis_gcc.h ****   \brief   Rotate Right in unsigned value (32 bit)
 341:../../../../..//Drivers/CMSIS/Include/cmsis_gcc.h ****   \details Rotate Right (immediate) provides the value of the contents of a register rotated by a v
 342:../../../../..//Drivers/CMSIS/Include/cmsis_gcc.h ****   \param [in]    op1  Value to rotate
 343:../../../../..//Drivers/CMSIS/Include/cmsis_gcc.h ****   \param [in]    op2  Number of Bits to rotate
 344:../../../../..//Drivers/CMSIS/Include/cmsis_gcc.h ****   \return               Rotated value
 345:../../../../..//Drivers/CMSIS/Include/cmsis_gcc.h ****  */
 346:../../../../..//Drivers/CMSIS/Include/cmsis_gcc.h **** __STATIC_FORCEINLINE uint32_t __ROR(uint32_t op1, uint32_t op2)
 347:../../../../..//Drivers/CMSIS/Include/cmsis_gcc.h **** {
 348:../../../../..//Drivers/CMSIS/Include/cmsis_gcc.h ****   op2 %= 32U;
 349:../../../../..//Drivers/CMSIS/Include/cmsis_gcc.h ****   if (op2 == 0U)
 350:../../../../..//Drivers/CMSIS/Include/cmsis_gcc.h ****   {
 351:../../../../..//Drivers/CMSIS/Include/cmsis_gcc.h ****     return op1;
 352:../../../../..//Drivers/CMSIS/Include/cmsis_gcc.h ****   }
 353:../../../../..//Drivers/CMSIS/Include/cmsis_gcc.h ****   return (op1 >> op2) | (op1 << (32U - op2));
 354:../../../../..//Drivers/CMSIS/Include/cmsis_gcc.h **** }
 355:../../../../..//Drivers/CMSIS/Include/cmsis_gcc.h **** 
 356:../../../../..//Drivers/CMSIS/Include/cmsis_gcc.h **** 
 357:../../../../..//Drivers/CMSIS/Include/cmsis_gcc.h **** /**
 358:../../../../..//Drivers/CMSIS/Include/cmsis_gcc.h ****   \brief   Breakpoint
ARM GAS  /tmp/cczLaygH.s 			page 58


 359:../../../../..//Drivers/CMSIS/Include/cmsis_gcc.h ****   \details Causes the processor to enter Debug state.
 360:../../../../..//Drivers/CMSIS/Include/cmsis_gcc.h ****            Debug tools can use this to investigate system state when the instruction at a particula
 361:../../../../..//Drivers/CMSIS/Include/cmsis_gcc.h ****   \param [in]    value  is ignored by the processor.
 362:../../../../..//Drivers/CMSIS/Include/cmsis_gcc.h ****                  If required, a debugger can use it to store additional information about the break
 363:../../../../..//Drivers/CMSIS/Include/cmsis_gcc.h ****  */
 364:../../../../..//Drivers/CMSIS/Include/cmsis_gcc.h **** #define __BKPT(value)                       __ASM volatile ("bkpt "#value)
 365:../../../../..//Drivers/CMSIS/Include/cmsis_gcc.h **** 
 366:../../../../..//Drivers/CMSIS/Include/cmsis_gcc.h **** 
 367:../../../../..//Drivers/CMSIS/Include/cmsis_gcc.h **** /**
 368:../../../../..//Drivers/CMSIS/Include/cmsis_gcc.h ****   \brief   Reverse bit order of value
 369:../../../../..//Drivers/CMSIS/Include/cmsis_gcc.h ****   \details Reverses the bit order of the given value.
 370:../../../../..//Drivers/CMSIS/Include/cmsis_gcc.h ****   \param [in]    value  Value to reverse
 371:../../../../..//Drivers/CMSIS/Include/cmsis_gcc.h ****   \return               Reversed value
 372:../../../../..//Drivers/CMSIS/Include/cmsis_gcc.h ****  */
 373:../../../../..//Drivers/CMSIS/Include/cmsis_gcc.h **** __STATIC_FORCEINLINE uint32_t __RBIT(uint32_t value)
 374:../../../../..//Drivers/CMSIS/Include/cmsis_gcc.h **** {
 375:../../../../..//Drivers/CMSIS/Include/cmsis_gcc.h ****   uint32_t result;
 376:../../../../..//Drivers/CMSIS/Include/cmsis_gcc.h **** 
 377:../../../../..//Drivers/CMSIS/Include/cmsis_gcc.h **** #if ((defined (__ARM_ARCH_7M__      ) && (__ARM_ARCH_7M__      == 1)) || \
 378:../../../../..//Drivers/CMSIS/Include/cmsis_gcc.h ****      (defined (__ARM_ARCH_7EM__     ) && (__ARM_ARCH_7EM__     == 1)) || \
 379:../../../../..//Drivers/CMSIS/Include/cmsis_gcc.h ****      (defined (__ARM_ARCH_8M_MAIN__ ) && (__ARM_ARCH_8M_MAIN__ == 1))    )
 380:../../../../..//Drivers/CMSIS/Include/cmsis_gcc.h ****    __ASM ("rbit %0, %1" : "=r" (result) : "r" (value) );
 381:../../../../..//Drivers/CMSIS/Include/cmsis_gcc.h **** #else
 382:../../../../..//Drivers/CMSIS/Include/cmsis_gcc.h ****   uint32_t s = (4U /*sizeof(v)*/ * 8U) - 1U; /* extra shift needed at end */
 383:../../../../..//Drivers/CMSIS/Include/cmsis_gcc.h **** 
 384:../../../../..//Drivers/CMSIS/Include/cmsis_gcc.h ****   result = value;                      /* r will be reversed bits of v; first get LSB of v */
 385:../../../../..//Drivers/CMSIS/Include/cmsis_gcc.h ****   for (value >>= 1U; value != 0U; value >>= 1U)
 386:../../../../..//Drivers/CMSIS/Include/cmsis_gcc.h ****   {
 387:../../../../..//Drivers/CMSIS/Include/cmsis_gcc.h ****     result <<= 1U;
 388:../../../../..//Drivers/CMSIS/Include/cmsis_gcc.h ****     result |= value & 1U;
 389:../../../../..//Drivers/CMSIS/Include/cmsis_gcc.h ****     s--;
 390:../../../../..//Drivers/CMSIS/Include/cmsis_gcc.h ****   }
 391:../../../../..//Drivers/CMSIS/Include/cmsis_gcc.h ****   result <<= s;                        /* shift when v's highest bits are zero */
 392:../../../../..//Drivers/CMSIS/Include/cmsis_gcc.h **** #endif
 393:../../../../..//Drivers/CMSIS/Include/cmsis_gcc.h ****   return result;
 394:../../../../..//Drivers/CMSIS/Include/cmsis_gcc.h **** }
 395:../../../../..//Drivers/CMSIS/Include/cmsis_gcc.h **** 
 396:../../../../..//Drivers/CMSIS/Include/cmsis_gcc.h **** 
 397:../../../../..//Drivers/CMSIS/Include/cmsis_gcc.h **** /**
 398:../../../../..//Drivers/CMSIS/Include/cmsis_gcc.h ****   \brief   Count leading zeros
 399:../../../../..//Drivers/CMSIS/Include/cmsis_gcc.h ****   \details Counts the number of leading zeros of a data value.
 400:../../../../..//Drivers/CMSIS/Include/cmsis_gcc.h ****   \param [in]  value  Value to count the leading zeros
 401:../../../../..//Drivers/CMSIS/Include/cmsis_gcc.h ****   \return             number of leading zeros in value
 402:../../../../..//Drivers/CMSIS/Include/cmsis_gcc.h ****  */
 403:../../../../..//Drivers/CMSIS/Include/cmsis_gcc.h **** __STATIC_FORCEINLINE uint8_t __CLZ(uint32_t value)
 404:../../../../..//Drivers/CMSIS/Include/cmsis_gcc.h **** {
 405:../../../../..//Drivers/CMSIS/Include/cmsis_gcc.h ****   /* Even though __builtin_clz produces a CLZ instruction on ARM, formally
 406:../../../../..//Drivers/CMSIS/Include/cmsis_gcc.h ****      __builtin_clz(0) is undefined behaviour, so handle this case specially.
 407:../../../../..//Drivers/CMSIS/Include/cmsis_gcc.h ****      This guarantees ARM-compatible results if happening to compile on a non-ARM
 408:../../../../..//Drivers/CMSIS/Include/cmsis_gcc.h ****      target, and ensures the compiler doesn't decide to activate any
 409:../../../../..//Drivers/CMSIS/Include/cmsis_gcc.h ****      optimisations using the logic "value was passed to __builtin_clz, so it
 410:../../../../..//Drivers/CMSIS/Include/cmsis_gcc.h ****      is non-zero".
 411:../../../../..//Drivers/CMSIS/Include/cmsis_gcc.h ****      ARM GCC 7.3 and possibly earlier will optimise this test away, leaving a
 412:../../../../..//Drivers/CMSIS/Include/cmsis_gcc.h ****      single CLZ instruction.
 413:../../../../..//Drivers/CMSIS/Include/cmsis_gcc.h ****    */
 414:../../../../..//Drivers/CMSIS/Include/cmsis_gcc.h ****   if (value == 0U)
 415:../../../../..//Drivers/CMSIS/Include/cmsis_gcc.h ****   {
ARM GAS  /tmp/cczLaygH.s 			page 59


 416:../../../../..//Drivers/CMSIS/Include/cmsis_gcc.h ****     return 32U;
 417:../../../../..//Drivers/CMSIS/Include/cmsis_gcc.h ****   }
 418:../../../../..//Drivers/CMSIS/Include/cmsis_gcc.h ****   return __builtin_clz(value);
 419:../../../../..//Drivers/CMSIS/Include/cmsis_gcc.h **** }
 420:../../../../..//Drivers/CMSIS/Include/cmsis_gcc.h **** 
 421:../../../../..//Drivers/CMSIS/Include/cmsis_gcc.h **** 
 422:../../../../..//Drivers/CMSIS/Include/cmsis_gcc.h **** #if ((defined (__ARM_ARCH_7M__      ) && (__ARM_ARCH_7M__      == 1)) || \
 423:../../../../..//Drivers/CMSIS/Include/cmsis_gcc.h ****      (defined (__ARM_ARCH_7EM__     ) && (__ARM_ARCH_7EM__     == 1)) || \
 424:../../../../..//Drivers/CMSIS/Include/cmsis_gcc.h ****      (defined (__ARM_ARCH_8M_MAIN__ ) && (__ARM_ARCH_8M_MAIN__ == 1)) || \
 425:../../../../..//Drivers/CMSIS/Include/cmsis_gcc.h ****      (defined (__ARM_ARCH_8M_BASE__ ) && (__ARM_ARCH_8M_BASE__ == 1))    )
 426:../../../../..//Drivers/CMSIS/Include/cmsis_gcc.h **** /**
 427:../../../../..//Drivers/CMSIS/Include/cmsis_gcc.h ****   \brief   LDR Exclusive (8 bit)
 428:../../../../..//Drivers/CMSIS/Include/cmsis_gcc.h ****   \details Executes a exclusive LDR instruction for 8 bit value.
 429:../../../../..//Drivers/CMSIS/Include/cmsis_gcc.h ****   \param [in]    ptr  Pointer to data
 430:../../../../..//Drivers/CMSIS/Include/cmsis_gcc.h ****   \return             value of type uint8_t at (*ptr)
 431:../../../../..//Drivers/CMSIS/Include/cmsis_gcc.h ****  */
 432:../../../../..//Drivers/CMSIS/Include/cmsis_gcc.h **** __STATIC_FORCEINLINE uint8_t __LDREXB(volatile uint8_t *addr)
 433:../../../../..//Drivers/CMSIS/Include/cmsis_gcc.h **** {
 434:../../../../..//Drivers/CMSIS/Include/cmsis_gcc.h ****     uint32_t result;
 435:../../../../..//Drivers/CMSIS/Include/cmsis_gcc.h **** 
 436:../../../../..//Drivers/CMSIS/Include/cmsis_gcc.h **** #if (__GNUC__ > 4) || (__GNUC__ == 4 && __GNUC_MINOR__ >= 8)
 437:../../../../..//Drivers/CMSIS/Include/cmsis_gcc.h ****    __ASM volatile ("ldrexb %0, %1" : "=r" (result) : "Q" (*addr) );
 438:../../../../..//Drivers/CMSIS/Include/cmsis_gcc.h **** #else
 439:../../../../..//Drivers/CMSIS/Include/cmsis_gcc.h ****     /* Prior to GCC 4.8, "Q" will be expanded to [rx, #0] which is not
 440:../../../../..//Drivers/CMSIS/Include/cmsis_gcc.h ****        accepted by assembler. So has to use following less efficient pattern.
 441:../../../../..//Drivers/CMSIS/Include/cmsis_gcc.h ****     */
 442:../../../../..//Drivers/CMSIS/Include/cmsis_gcc.h ****    __ASM volatile ("ldrexb %0, [%1]" : "=r" (result) : "r" (addr) : "memory" );
 443:../../../../..//Drivers/CMSIS/Include/cmsis_gcc.h **** #endif
 444:../../../../..//Drivers/CMSIS/Include/cmsis_gcc.h ****    return ((uint8_t) result);    /* Add explicit type cast here */
 445:../../../../..//Drivers/CMSIS/Include/cmsis_gcc.h **** }
 446:../../../../..//Drivers/CMSIS/Include/cmsis_gcc.h **** 
 447:../../../../..//Drivers/CMSIS/Include/cmsis_gcc.h **** 
 448:../../../../..//Drivers/CMSIS/Include/cmsis_gcc.h **** /**
 449:../../../../..//Drivers/CMSIS/Include/cmsis_gcc.h ****   \brief   LDR Exclusive (16 bit)
 450:../../../../..//Drivers/CMSIS/Include/cmsis_gcc.h ****   \details Executes a exclusive LDR instruction for 16 bit values.
 451:../../../../..//Drivers/CMSIS/Include/cmsis_gcc.h ****   \param [in]    ptr  Pointer to data
 452:../../../../..//Drivers/CMSIS/Include/cmsis_gcc.h ****   \return        value of type uint16_t at (*ptr)
 453:../../../../..//Drivers/CMSIS/Include/cmsis_gcc.h ****  */
 454:../../../../..//Drivers/CMSIS/Include/cmsis_gcc.h **** __STATIC_FORCEINLINE uint16_t __LDREXH(volatile uint16_t *addr)
 455:../../../../..//Drivers/CMSIS/Include/cmsis_gcc.h **** {
 456:../../../../..//Drivers/CMSIS/Include/cmsis_gcc.h ****     uint32_t result;
 457:../../../../..//Drivers/CMSIS/Include/cmsis_gcc.h **** 
 458:../../../../..//Drivers/CMSIS/Include/cmsis_gcc.h **** #if (__GNUC__ > 4) || (__GNUC__ == 4 && __GNUC_MINOR__ >= 8)
 459:../../../../..//Drivers/CMSIS/Include/cmsis_gcc.h ****    __ASM volatile ("ldrexh %0, %1" : "=r" (result) : "Q" (*addr) );
 460:../../../../..//Drivers/CMSIS/Include/cmsis_gcc.h **** #else
 461:../../../../..//Drivers/CMSIS/Include/cmsis_gcc.h ****     /* Prior to GCC 4.8, "Q" will be expanded to [rx, #0] which is not
 462:../../../../..//Drivers/CMSIS/Include/cmsis_gcc.h ****        accepted by assembler. So has to use following less efficient pattern.
 463:../../../../..//Drivers/CMSIS/Include/cmsis_gcc.h ****     */
 464:../../../../..//Drivers/CMSIS/Include/cmsis_gcc.h ****    __ASM volatile ("ldrexh %0, [%1]" : "=r" (result) : "r" (addr) : "memory" );
 465:../../../../..//Drivers/CMSIS/Include/cmsis_gcc.h **** #endif
 466:../../../../..//Drivers/CMSIS/Include/cmsis_gcc.h ****    return ((uint16_t) result);    /* Add explicit type cast here */
 467:../../../../..//Drivers/CMSIS/Include/cmsis_gcc.h **** }
 468:../../../../..//Drivers/CMSIS/Include/cmsis_gcc.h **** 
 469:../../../../..//Drivers/CMSIS/Include/cmsis_gcc.h **** 
 470:../../../../..//Drivers/CMSIS/Include/cmsis_gcc.h **** /**
 471:../../../../..//Drivers/CMSIS/Include/cmsis_gcc.h ****   \brief   LDR Exclusive (32 bit)
 472:../../../../..//Drivers/CMSIS/Include/cmsis_gcc.h ****   \details Executes a exclusive LDR instruction for 32 bit values.
ARM GAS  /tmp/cczLaygH.s 			page 60


 473:../../../../..//Drivers/CMSIS/Include/cmsis_gcc.h ****   \param [in]    ptr  Pointer to data
 474:../../../../..//Drivers/CMSIS/Include/cmsis_gcc.h ****   \return        value of type uint32_t at (*ptr)
 475:../../../../..//Drivers/CMSIS/Include/cmsis_gcc.h ****  */
 476:../../../../..//Drivers/CMSIS/Include/cmsis_gcc.h **** __STATIC_FORCEINLINE uint32_t __LDREXW(volatile uint32_t *addr)
 477:../../../../..//Drivers/CMSIS/Include/cmsis_gcc.h **** {
 478:../../../../..//Drivers/CMSIS/Include/cmsis_gcc.h ****     uint32_t result;
 479:../../../../..//Drivers/CMSIS/Include/cmsis_gcc.h **** 
 480:../../../../..//Drivers/CMSIS/Include/cmsis_gcc.h ****    __ASM volatile ("ldrex %0, %1" : "=r" (result) : "Q" (*addr) );
 481:../../../../..//Drivers/CMSIS/Include/cmsis_gcc.h ****    return(result);
 482:../../../../..//Drivers/CMSIS/Include/cmsis_gcc.h **** }
 483:../../../../..//Drivers/CMSIS/Include/cmsis_gcc.h **** 
 484:../../../../..//Drivers/CMSIS/Include/cmsis_gcc.h **** 
 485:../../../../..//Drivers/CMSIS/Include/cmsis_gcc.h **** /**
 486:../../../../..//Drivers/CMSIS/Include/cmsis_gcc.h ****   \brief   STR Exclusive (8 bit)
 487:../../../../..//Drivers/CMSIS/Include/cmsis_gcc.h ****   \details Executes a exclusive STR instruction for 8 bit values.
 488:../../../../..//Drivers/CMSIS/Include/cmsis_gcc.h ****   \param [in]  value  Value to store
 489:../../../../..//Drivers/CMSIS/Include/cmsis_gcc.h ****   \param [in]    ptr  Pointer to location
 490:../../../../..//Drivers/CMSIS/Include/cmsis_gcc.h ****   \return          0  Function succeeded
 491:../../../../..//Drivers/CMSIS/Include/cmsis_gcc.h ****   \return          1  Function failed
 492:../../../../..//Drivers/CMSIS/Include/cmsis_gcc.h ****  */
 493:../../../../..//Drivers/CMSIS/Include/cmsis_gcc.h **** __STATIC_FORCEINLINE uint32_t __STREXB(uint8_t value, volatile uint8_t *addr)
 494:../../../../..//Drivers/CMSIS/Include/cmsis_gcc.h **** {
 495:../../../../..//Drivers/CMSIS/Include/cmsis_gcc.h ****    uint32_t result;
 496:../../../../..//Drivers/CMSIS/Include/cmsis_gcc.h **** 
 497:../../../../..//Drivers/CMSIS/Include/cmsis_gcc.h ****    __ASM volatile ("strexb %0, %2, %1" : "=&r" (result), "=Q" (*addr) : "r" ((uint32_t)value) );
 498:../../../../..//Drivers/CMSIS/Include/cmsis_gcc.h ****    return(result);
 499:../../../../..//Drivers/CMSIS/Include/cmsis_gcc.h **** }
 500:../../../../..//Drivers/CMSIS/Include/cmsis_gcc.h **** 
 501:../../../../..//Drivers/CMSIS/Include/cmsis_gcc.h **** 
 502:../../../../..//Drivers/CMSIS/Include/cmsis_gcc.h **** /**
 503:../../../../..//Drivers/CMSIS/Include/cmsis_gcc.h ****   \brief   STR Exclusive (16 bit)
 504:../../../../..//Drivers/CMSIS/Include/cmsis_gcc.h ****   \details Executes a exclusive STR instruction for 16 bit values.
 505:../../../../..//Drivers/CMSIS/Include/cmsis_gcc.h ****   \param [in]  value  Value to store
 506:../../../../..//Drivers/CMSIS/Include/cmsis_gcc.h ****   \param [in]    ptr  Pointer to location
 507:../../../../..//Drivers/CMSIS/Include/cmsis_gcc.h ****   \return          0  Function succeeded
 508:../../../../..//Drivers/CMSIS/Include/cmsis_gcc.h ****   \return          1  Function failed
 509:../../../../..//Drivers/CMSIS/Include/cmsis_gcc.h ****  */
 510:../../../../..//Drivers/CMSIS/Include/cmsis_gcc.h **** __STATIC_FORCEINLINE uint32_t __STREXH(uint16_t value, volatile uint16_t *addr)
 511:../../../../..//Drivers/CMSIS/Include/cmsis_gcc.h **** {
 512:../../../../..//Drivers/CMSIS/Include/cmsis_gcc.h ****    uint32_t result;
 513:../../../../..//Drivers/CMSIS/Include/cmsis_gcc.h **** 
 514:../../../../..//Drivers/CMSIS/Include/cmsis_gcc.h ****    __ASM volatile ("strexh %0, %2, %1" : "=&r" (result), "=Q" (*addr) : "r" ((uint32_t)value) );
 515:../../../../..//Drivers/CMSIS/Include/cmsis_gcc.h ****    return(result);
 516:../../../../..//Drivers/CMSIS/Include/cmsis_gcc.h **** }
 517:../../../../..//Drivers/CMSIS/Include/cmsis_gcc.h **** 
 518:../../../../..//Drivers/CMSIS/Include/cmsis_gcc.h **** 
 519:../../../../..//Drivers/CMSIS/Include/cmsis_gcc.h **** /**
 520:../../../../..//Drivers/CMSIS/Include/cmsis_gcc.h ****   \brief   STR Exclusive (32 bit)
 521:../../../../..//Drivers/CMSIS/Include/cmsis_gcc.h ****   \details Executes a exclusive STR instruction for 32 bit values.
 522:../../../../..//Drivers/CMSIS/Include/cmsis_gcc.h ****   \param [in]  value  Value to store
 523:../../../../..//Drivers/CMSIS/Include/cmsis_gcc.h ****   \param [in]    ptr  Pointer to location
 524:../../../../..//Drivers/CMSIS/Include/cmsis_gcc.h ****   \return          0  Function succeeded
 525:../../../../..//Drivers/CMSIS/Include/cmsis_gcc.h ****   \return          1  Function failed
 526:../../../../..//Drivers/CMSIS/Include/cmsis_gcc.h ****  */
 527:../../../../..//Drivers/CMSIS/Include/cmsis_gcc.h **** __STATIC_FORCEINLINE uint32_t __STREXW(uint32_t value, volatile uint32_t *addr)
 528:../../../../..//Drivers/CMSIS/Include/cmsis_gcc.h **** {
 529:../../../../..//Drivers/CMSIS/Include/cmsis_gcc.h ****    uint32_t result;
ARM GAS  /tmp/cczLaygH.s 			page 61


 530:../../../../..//Drivers/CMSIS/Include/cmsis_gcc.h **** 
 531:../../../../..//Drivers/CMSIS/Include/cmsis_gcc.h ****    __ASM volatile ("strex %0, %2, %1" : "=&r" (result), "=Q" (*addr) : "r" (value) );
 532:../../../../..//Drivers/CMSIS/Include/cmsis_gcc.h ****    return(result);
 533:../../../../..//Drivers/CMSIS/Include/cmsis_gcc.h **** }
 534:../../../../..//Drivers/CMSIS/Include/cmsis_gcc.h **** 
 535:../../../../..//Drivers/CMSIS/Include/cmsis_gcc.h **** 
 536:../../../../..//Drivers/CMSIS/Include/cmsis_gcc.h **** /**
 537:../../../../..//Drivers/CMSIS/Include/cmsis_gcc.h ****   \brief   Remove the exclusive lock
 538:../../../../..//Drivers/CMSIS/Include/cmsis_gcc.h ****   \details Removes the exclusive lock which is created by LDREX.
 539:../../../../..//Drivers/CMSIS/Include/cmsis_gcc.h ****  */
 540:../../../../..//Drivers/CMSIS/Include/cmsis_gcc.h **** __STATIC_FORCEINLINE void __CLREX(void)
 541:../../../../..//Drivers/CMSIS/Include/cmsis_gcc.h **** {
 542:../../../../..//Drivers/CMSIS/Include/cmsis_gcc.h ****   __ASM volatile ("clrex" ::: "memory");
 543:../../../../..//Drivers/CMSIS/Include/cmsis_gcc.h **** }
 544:../../../../..//Drivers/CMSIS/Include/cmsis_gcc.h **** 
 545:../../../../..//Drivers/CMSIS/Include/cmsis_gcc.h **** #endif /* ((defined (__ARM_ARCH_7M__      ) && (__ARM_ARCH_7M__      == 1)) || \
 546:../../../../..//Drivers/CMSIS/Include/cmsis_gcc.h ****            (defined (__ARM_ARCH_7EM__     ) && (__ARM_ARCH_7EM__     == 1)) || \
 547:../../../../..//Drivers/CMSIS/Include/cmsis_gcc.h ****            (defined (__ARM_ARCH_8M_MAIN__ ) && (__ARM_ARCH_8M_MAIN__ == 1)) || \
 548:../../../../..//Drivers/CMSIS/Include/cmsis_gcc.h ****            (defined (__ARM_ARCH_8M_BASE__ ) && (__ARM_ARCH_8M_BASE__ == 1))    ) */
 549:../../../../..//Drivers/CMSIS/Include/cmsis_gcc.h **** 
 550:../../../../..//Drivers/CMSIS/Include/cmsis_gcc.h **** 
 551:../../../../..//Drivers/CMSIS/Include/cmsis_gcc.h **** #if ((defined (__ARM_ARCH_7M__      ) && (__ARM_ARCH_7M__      == 1)) || \
 552:../../../../..//Drivers/CMSIS/Include/cmsis_gcc.h ****      (defined (__ARM_ARCH_7EM__     ) && (__ARM_ARCH_7EM__     == 1)) || \
 553:../../../../..//Drivers/CMSIS/Include/cmsis_gcc.h ****      (defined (__ARM_ARCH_8M_MAIN__ ) && (__ARM_ARCH_8M_MAIN__ == 1))    )
 554:../../../../..//Drivers/CMSIS/Include/cmsis_gcc.h **** /**
 555:../../../../..//Drivers/CMSIS/Include/cmsis_gcc.h ****   \brief   Signed Saturate
 556:../../../../..//Drivers/CMSIS/Include/cmsis_gcc.h ****   \details Saturates a signed value.
 557:../../../../..//Drivers/CMSIS/Include/cmsis_gcc.h ****   \param [in]  ARG1  Value to be saturated
 558:../../../../..//Drivers/CMSIS/Include/cmsis_gcc.h ****   \param [in]  ARG2  Bit position to saturate to (1..32)
 559:../../../../..//Drivers/CMSIS/Include/cmsis_gcc.h ****   \return             Saturated value
 560:../../../../..//Drivers/CMSIS/Include/cmsis_gcc.h ****  */
 561:../../../../..//Drivers/CMSIS/Include/cmsis_gcc.h **** #define __SSAT(ARG1, ARG2) \
 562:../../../../..//Drivers/CMSIS/Include/cmsis_gcc.h **** __extension__ \
 563:../../../../..//Drivers/CMSIS/Include/cmsis_gcc.h **** ({                          \
 564:../../../../..//Drivers/CMSIS/Include/cmsis_gcc.h ****   int32_t __RES, __ARG1 = (ARG1); \
 565:../../../../..//Drivers/CMSIS/Include/cmsis_gcc.h ****   __ASM volatile ("ssat %0, %1, %2" : "=r" (__RES) :  "I" (ARG2), "r" (__ARG1) : "cc" ); \
 566:../../../../..//Drivers/CMSIS/Include/cmsis_gcc.h ****   __RES; \
 567:../../../../..//Drivers/CMSIS/Include/cmsis_gcc.h ****  })
 568:../../../../..//Drivers/CMSIS/Include/cmsis_gcc.h **** 
 569:../../../../..//Drivers/CMSIS/Include/cmsis_gcc.h **** 
 570:../../../../..//Drivers/CMSIS/Include/cmsis_gcc.h **** /**
 571:../../../../..//Drivers/CMSIS/Include/cmsis_gcc.h ****   \brief   Unsigned Saturate
 572:../../../../..//Drivers/CMSIS/Include/cmsis_gcc.h ****   \details Saturates an unsigned value.
 573:../../../../..//Drivers/CMSIS/Include/cmsis_gcc.h ****   \param [in]  ARG1  Value to be saturated
 574:../../../../..//Drivers/CMSIS/Include/cmsis_gcc.h ****   \param [in]  ARG2  Bit position to saturate to (0..31)
 575:../../../../..//Drivers/CMSIS/Include/cmsis_gcc.h ****   \return             Saturated value
 576:../../../../..//Drivers/CMSIS/Include/cmsis_gcc.h ****  */
 577:../../../../..//Drivers/CMSIS/Include/cmsis_gcc.h **** #define __USAT(ARG1, ARG2) \
 578:../../../../..//Drivers/CMSIS/Include/cmsis_gcc.h **** __extension__ \
 579:../../../../..//Drivers/CMSIS/Include/cmsis_gcc.h **** ({                          \
 580:../../../../..//Drivers/CMSIS/Include/cmsis_gcc.h ****   uint32_t __RES, __ARG1 = (ARG1); \
 581:../../../../..//Drivers/CMSIS/Include/cmsis_gcc.h ****   __ASM volatile ("usat %0, %1, %2" : "=r" (__RES) :  "I" (ARG2), "r" (__ARG1) : "cc" ); \
 582:../../../../..//Drivers/CMSIS/Include/cmsis_gcc.h ****   __RES; \
 583:../../../../..//Drivers/CMSIS/Include/cmsis_gcc.h ****  })
 584:../../../../..//Drivers/CMSIS/Include/cmsis_gcc.h **** 
 585:../../../../..//Drivers/CMSIS/Include/cmsis_gcc.h **** 
 586:../../../../..//Drivers/CMSIS/Include/cmsis_gcc.h **** /**
ARM GAS  /tmp/cczLaygH.s 			page 62


 587:../../../../..//Drivers/CMSIS/Include/cmsis_gcc.h ****   \brief   Rotate Right with Extend (32 bit)
 588:../../../../..//Drivers/CMSIS/Include/cmsis_gcc.h ****   \details Moves each bit of a bitstring right by one bit.
 589:../../../../..//Drivers/CMSIS/Include/cmsis_gcc.h ****            The carry input is shifted in at the left end of the bitstring.
 590:../../../../..//Drivers/CMSIS/Include/cmsis_gcc.h ****   \param [in]    value  Value to rotate
 591:../../../../..//Drivers/CMSIS/Include/cmsis_gcc.h ****   \return               Rotated value
 592:../../../../..//Drivers/CMSIS/Include/cmsis_gcc.h ****  */
 593:../../../../..//Drivers/CMSIS/Include/cmsis_gcc.h **** __STATIC_FORCEINLINE uint32_t __RRX(uint32_t value)
 594:../../../../..//Drivers/CMSIS/Include/cmsis_gcc.h **** {
 595:../../../../..//Drivers/CMSIS/Include/cmsis_gcc.h ****   uint32_t result;
 596:../../../../..//Drivers/CMSIS/Include/cmsis_gcc.h **** 
 597:../../../../..//Drivers/CMSIS/Include/cmsis_gcc.h ****   __ASM volatile ("rrx %0, %1" : __CMSIS_GCC_OUT_REG (result) : __CMSIS_GCC_USE_REG (value) );
 598:../../../../..//Drivers/CMSIS/Include/cmsis_gcc.h ****   return(result);
 599:../../../../..//Drivers/CMSIS/Include/cmsis_gcc.h **** }
 600:../../../../..//Drivers/CMSIS/Include/cmsis_gcc.h **** 
 601:../../../../..//Drivers/CMSIS/Include/cmsis_gcc.h **** 
 602:../../../../..//Drivers/CMSIS/Include/cmsis_gcc.h **** /**
 603:../../../../..//Drivers/CMSIS/Include/cmsis_gcc.h ****   \brief   LDRT Unprivileged (8 bit)
 604:../../../../..//Drivers/CMSIS/Include/cmsis_gcc.h ****   \details Executes a Unprivileged LDRT instruction for 8 bit value.
 605:../../../../..//Drivers/CMSIS/Include/cmsis_gcc.h ****   \param [in]    ptr  Pointer to data
 606:../../../../..//Drivers/CMSIS/Include/cmsis_gcc.h ****   \return             value of type uint8_t at (*ptr)
 607:../../../../..//Drivers/CMSIS/Include/cmsis_gcc.h ****  */
 608:../../../../..//Drivers/CMSIS/Include/cmsis_gcc.h **** __STATIC_FORCEINLINE uint8_t __LDRBT(volatile uint8_t *ptr)
 609:../../../../..//Drivers/CMSIS/Include/cmsis_gcc.h **** {
 610:../../../../..//Drivers/CMSIS/Include/cmsis_gcc.h ****     uint32_t result;
 611:../../../../..//Drivers/CMSIS/Include/cmsis_gcc.h **** 
 612:../../../../..//Drivers/CMSIS/Include/cmsis_gcc.h **** #if (__GNUC__ > 4) || (__GNUC__ == 4 && __GNUC_MINOR__ >= 8)
 613:../../../../..//Drivers/CMSIS/Include/cmsis_gcc.h ****    __ASM volatile ("ldrbt %0, %1" : "=r" (result) : "Q" (*ptr) );
 614:../../../../..//Drivers/CMSIS/Include/cmsis_gcc.h **** #else
 615:../../../../..//Drivers/CMSIS/Include/cmsis_gcc.h ****     /* Prior to GCC 4.8, "Q" will be expanded to [rx, #0] which is not
 616:../../../../..//Drivers/CMSIS/Include/cmsis_gcc.h ****        accepted by assembler. So has to use following less efficient pattern.
 617:../../../../..//Drivers/CMSIS/Include/cmsis_gcc.h ****     */
 618:../../../../..//Drivers/CMSIS/Include/cmsis_gcc.h ****    __ASM volatile ("ldrbt %0, [%1]" : "=r" (result) : "r" (ptr) : "memory" );
 619:../../../../..//Drivers/CMSIS/Include/cmsis_gcc.h **** #endif
 620:../../../../..//Drivers/CMSIS/Include/cmsis_gcc.h ****    return ((uint8_t) result);    /* Add explicit type cast here */
 621:../../../../..//Drivers/CMSIS/Include/cmsis_gcc.h **** }
 622:../../../../..//Drivers/CMSIS/Include/cmsis_gcc.h **** 
 623:../../../../..//Drivers/CMSIS/Include/cmsis_gcc.h **** 
 624:../../../../..//Drivers/CMSIS/Include/cmsis_gcc.h **** /**
 625:../../../../..//Drivers/CMSIS/Include/cmsis_gcc.h ****   \brief   LDRT Unprivileged (16 bit)
 626:../../../../..//Drivers/CMSIS/Include/cmsis_gcc.h ****   \details Executes a Unprivileged LDRT instruction for 16 bit values.
 627:../../../../..//Drivers/CMSIS/Include/cmsis_gcc.h ****   \param [in]    ptr  Pointer to data
 628:../../../../..//Drivers/CMSIS/Include/cmsis_gcc.h ****   \return        value of type uint16_t at (*ptr)
 629:../../../../..//Drivers/CMSIS/Include/cmsis_gcc.h ****  */
 630:../../../../..//Drivers/CMSIS/Include/cmsis_gcc.h **** __STATIC_FORCEINLINE uint16_t __LDRHT(volatile uint16_t *ptr)
 631:../../../../..//Drivers/CMSIS/Include/cmsis_gcc.h **** {
 632:../../../../..//Drivers/CMSIS/Include/cmsis_gcc.h ****     uint32_t result;
 633:../../../../..//Drivers/CMSIS/Include/cmsis_gcc.h **** 
 634:../../../../..//Drivers/CMSIS/Include/cmsis_gcc.h **** #if (__GNUC__ > 4) || (__GNUC__ == 4 && __GNUC_MINOR__ >= 8)
 635:../../../../..//Drivers/CMSIS/Include/cmsis_gcc.h ****    __ASM volatile ("ldrht %0, %1" : "=r" (result) : "Q" (*ptr) );
 636:../../../../..//Drivers/CMSIS/Include/cmsis_gcc.h **** #else
 637:../../../../..//Drivers/CMSIS/Include/cmsis_gcc.h ****     /* Prior to GCC 4.8, "Q" will be expanded to [rx, #0] which is not
 638:../../../../..//Drivers/CMSIS/Include/cmsis_gcc.h ****        accepted by assembler. So has to use following less efficient pattern.
 639:../../../../..//Drivers/CMSIS/Include/cmsis_gcc.h ****     */
 640:../../../../..//Drivers/CMSIS/Include/cmsis_gcc.h ****    __ASM volatile ("ldrht %0, [%1]" : "=r" (result) : "r" (ptr) : "memory" );
 641:../../../../..//Drivers/CMSIS/Include/cmsis_gcc.h **** #endif
 642:../../../../..//Drivers/CMSIS/Include/cmsis_gcc.h ****    return ((uint16_t) result);    /* Add explicit type cast here */
 643:../../../../..//Drivers/CMSIS/Include/cmsis_gcc.h **** }
ARM GAS  /tmp/cczLaygH.s 			page 63


 644:../../../../..//Drivers/CMSIS/Include/cmsis_gcc.h **** 
 645:../../../../..//Drivers/CMSIS/Include/cmsis_gcc.h **** 
 646:../../../../..//Drivers/CMSIS/Include/cmsis_gcc.h **** /**
 647:../../../../..//Drivers/CMSIS/Include/cmsis_gcc.h ****   \brief   LDRT Unprivileged (32 bit)
 648:../../../../..//Drivers/CMSIS/Include/cmsis_gcc.h ****   \details Executes a Unprivileged LDRT instruction for 32 bit values.
 649:../../../../..//Drivers/CMSIS/Include/cmsis_gcc.h ****   \param [in]    ptr  Pointer to data
 650:../../../../..//Drivers/CMSIS/Include/cmsis_gcc.h ****   \return        value of type uint32_t at (*ptr)
 651:../../../../..//Drivers/CMSIS/Include/cmsis_gcc.h ****  */
 652:../../../../..//Drivers/CMSIS/Include/cmsis_gcc.h **** __STATIC_FORCEINLINE uint32_t __LDRT(volatile uint32_t *ptr)
 653:../../../../..//Drivers/CMSIS/Include/cmsis_gcc.h **** {
 654:../../../../..//Drivers/CMSIS/Include/cmsis_gcc.h ****     uint32_t result;
 655:../../../../..//Drivers/CMSIS/Include/cmsis_gcc.h **** 
 656:../../../../..//Drivers/CMSIS/Include/cmsis_gcc.h ****    __ASM volatile ("ldrt %0, %1" : "=r" (result) : "Q" (*ptr) );
 657:../../../../..//Drivers/CMSIS/Include/cmsis_gcc.h ****    return(result);
 658:../../../../..//Drivers/CMSIS/Include/cmsis_gcc.h **** }
 659:../../../../..//Drivers/CMSIS/Include/cmsis_gcc.h **** 
 660:../../../../..//Drivers/CMSIS/Include/cmsis_gcc.h **** 
 661:../../../../..//Drivers/CMSIS/Include/cmsis_gcc.h **** /**
 662:../../../../..//Drivers/CMSIS/Include/cmsis_gcc.h ****   \brief   STRT Unprivileged (8 bit)
 663:../../../../..//Drivers/CMSIS/Include/cmsis_gcc.h ****   \details Executes a Unprivileged STRT instruction for 8 bit values.
 664:../../../../..//Drivers/CMSIS/Include/cmsis_gcc.h ****   \param [in]  value  Value to store
 665:../../../../..//Drivers/CMSIS/Include/cmsis_gcc.h ****   \param [in]    ptr  Pointer to location
 666:../../../../..//Drivers/CMSIS/Include/cmsis_gcc.h ****  */
 667:../../../../..//Drivers/CMSIS/Include/cmsis_gcc.h **** __STATIC_FORCEINLINE void __STRBT(uint8_t value, volatile uint8_t *ptr)
 668:../../../../..//Drivers/CMSIS/Include/cmsis_gcc.h **** {
 669:../../../../..//Drivers/CMSIS/Include/cmsis_gcc.h ****    __ASM volatile ("strbt %1, %0" : "=Q" (*ptr) : "r" ((uint32_t)value) );
 670:../../../../..//Drivers/CMSIS/Include/cmsis_gcc.h **** }
 671:../../../../..//Drivers/CMSIS/Include/cmsis_gcc.h **** 
 672:../../../../..//Drivers/CMSIS/Include/cmsis_gcc.h **** 
 673:../../../../..//Drivers/CMSIS/Include/cmsis_gcc.h **** /**
 674:../../../../..//Drivers/CMSIS/Include/cmsis_gcc.h ****   \brief   STRT Unprivileged (16 bit)
 675:../../../../..//Drivers/CMSIS/Include/cmsis_gcc.h ****   \details Executes a Unprivileged STRT instruction for 16 bit values.
 676:../../../../..//Drivers/CMSIS/Include/cmsis_gcc.h ****   \param [in]  value  Value to store
 677:../../../../..//Drivers/CMSIS/Include/cmsis_gcc.h ****   \param [in]    ptr  Pointer to location
 678:../../../../..//Drivers/CMSIS/Include/cmsis_gcc.h ****  */
 679:../../../../..//Drivers/CMSIS/Include/cmsis_gcc.h **** __STATIC_FORCEINLINE void __STRHT(uint16_t value, volatile uint16_t *ptr)
 680:../../../../..//Drivers/CMSIS/Include/cmsis_gcc.h **** {
 681:../../../../..//Drivers/CMSIS/Include/cmsis_gcc.h ****    __ASM volatile ("strht %1, %0" : "=Q" (*ptr) : "r" ((uint32_t)value) );
 682:../../../../..//Drivers/CMSIS/Include/cmsis_gcc.h **** }
 683:../../../../..//Drivers/CMSIS/Include/cmsis_gcc.h **** 
 684:../../../../..//Drivers/CMSIS/Include/cmsis_gcc.h **** 
 685:../../../../..//Drivers/CMSIS/Include/cmsis_gcc.h **** /**
 686:../../../../..//Drivers/CMSIS/Include/cmsis_gcc.h ****   \brief   STRT Unprivileged (32 bit)
 687:../../../../..//Drivers/CMSIS/Include/cmsis_gcc.h ****   \details Executes a Unprivileged STRT instruction for 32 bit values.
 688:../../../../..//Drivers/CMSIS/Include/cmsis_gcc.h ****   \param [in]  value  Value to store
 689:../../../../..//Drivers/CMSIS/Include/cmsis_gcc.h ****   \param [in]    ptr  Pointer to location
 690:../../../../..//Drivers/CMSIS/Include/cmsis_gcc.h ****  */
 691:../../../../..//Drivers/CMSIS/Include/cmsis_gcc.h **** __STATIC_FORCEINLINE void __STRT(uint32_t value, volatile uint32_t *ptr)
 692:../../../../..//Drivers/CMSIS/Include/cmsis_gcc.h **** {
 693:../../../../..//Drivers/CMSIS/Include/cmsis_gcc.h ****    __ASM volatile ("strt %1, %0" : "=Q" (*ptr) : "r" (value) );
 694:../../../../..//Drivers/CMSIS/Include/cmsis_gcc.h **** }
 695:../../../../..//Drivers/CMSIS/Include/cmsis_gcc.h **** 
 696:../../../../..//Drivers/CMSIS/Include/cmsis_gcc.h **** #else  /* ((defined (__ARM_ARCH_7M__      ) && (__ARM_ARCH_7M__      == 1)) || \
 697:../../../../..//Drivers/CMSIS/Include/cmsis_gcc.h ****            (defined (__ARM_ARCH_7EM__     ) && (__ARM_ARCH_7EM__     == 1)) || \
 698:../../../../..//Drivers/CMSIS/Include/cmsis_gcc.h ****            (defined (__ARM_ARCH_8M_MAIN__ ) && (__ARM_ARCH_8M_MAIN__ == 1))    ) */
 699:../../../../..//Drivers/CMSIS/Include/cmsis_gcc.h **** 
 700:../../../../..//Drivers/CMSIS/Include/cmsis_gcc.h **** /**
ARM GAS  /tmp/cczLaygH.s 			page 64


 701:../../../../..//Drivers/CMSIS/Include/cmsis_gcc.h ****   \brief   Signed Saturate
 702:../../../../..//Drivers/CMSIS/Include/cmsis_gcc.h ****   \details Saturates a signed value.
 703:../../../../..//Drivers/CMSIS/Include/cmsis_gcc.h ****   \param [in]  value  Value to be saturated
 704:../../../../..//Drivers/CMSIS/Include/cmsis_gcc.h ****   \param [in]    sat  Bit position to saturate to (1..32)
 705:../../../../..//Drivers/CMSIS/Include/cmsis_gcc.h ****   \return             Saturated value
 706:../../../../..//Drivers/CMSIS/Include/cmsis_gcc.h ****  */
 707:../../../../..//Drivers/CMSIS/Include/cmsis_gcc.h **** __STATIC_FORCEINLINE int32_t __SSAT(int32_t val, uint32_t sat)
 708:../../../../..//Drivers/CMSIS/Include/cmsis_gcc.h **** {
 709:../../../../..//Drivers/CMSIS/Include/cmsis_gcc.h ****   if ((sat >= 1U) && (sat <= 32U))
 710:../../../../..//Drivers/CMSIS/Include/cmsis_gcc.h ****   {
 711:../../../../..//Drivers/CMSIS/Include/cmsis_gcc.h ****     const int32_t max = (int32_t)((1U << (sat - 1U)) - 1U);
 712:../../../../..//Drivers/CMSIS/Include/cmsis_gcc.h ****     const int32_t min = -1 - max ;
 713:../../../../..//Drivers/CMSIS/Include/cmsis_gcc.h ****     if (val > max)
 714:../../../../..//Drivers/CMSIS/Include/cmsis_gcc.h ****     {
 715:../../../../..//Drivers/CMSIS/Include/cmsis_gcc.h ****       return max;
 716:../../../../..//Drivers/CMSIS/Include/cmsis_gcc.h ****     }
 717:../../../../..//Drivers/CMSIS/Include/cmsis_gcc.h ****     else if (val < min)
 718:../../../../..//Drivers/CMSIS/Include/cmsis_gcc.h ****     {
 719:../../../../..//Drivers/CMSIS/Include/cmsis_gcc.h ****       return min;
 720:../../../../..//Drivers/CMSIS/Include/cmsis_gcc.h ****     }
 721:../../../../..//Drivers/CMSIS/Include/cmsis_gcc.h ****   }
 722:../../../../..//Drivers/CMSIS/Include/cmsis_gcc.h ****   return val;
 723:../../../../..//Drivers/CMSIS/Include/cmsis_gcc.h **** }
 724:../../../../..//Drivers/CMSIS/Include/cmsis_gcc.h **** 
 725:../../../../..//Drivers/CMSIS/Include/cmsis_gcc.h **** /**
 726:../../../../..//Drivers/CMSIS/Include/cmsis_gcc.h ****   \brief   Unsigned Saturate
 727:../../../../..//Drivers/CMSIS/Include/cmsis_gcc.h ****   \details Saturates an unsigned value.
 728:../../../../..//Drivers/CMSIS/Include/cmsis_gcc.h ****   \param [in]  value  Value to be saturated
 729:../../../../..//Drivers/CMSIS/Include/cmsis_gcc.h ****   \param [in]    sat  Bit position to saturate to (0..31)
 730:../../../../..//Drivers/CMSIS/Include/cmsis_gcc.h ****   \return             Saturated value
 731:../../../../..//Drivers/CMSIS/Include/cmsis_gcc.h ****  */
 732:../../../../..//Drivers/CMSIS/Include/cmsis_gcc.h **** __STATIC_FORCEINLINE uint32_t __USAT(int32_t val, uint32_t sat)
 733:../../../../..//Drivers/CMSIS/Include/cmsis_gcc.h **** {
 734:../../../../..//Drivers/CMSIS/Include/cmsis_gcc.h ****   if (sat <= 31U)
 735:../../../../..//Drivers/CMSIS/Include/cmsis_gcc.h ****   {
 736:../../../../..//Drivers/CMSIS/Include/cmsis_gcc.h ****     const uint32_t max = ((1U << sat) - 1U);
 737:../../../../..//Drivers/CMSIS/Include/cmsis_gcc.h ****     if (val > (int32_t)max)
 738:../../../../..//Drivers/CMSIS/Include/cmsis_gcc.h ****     {
 739:../../../../..//Drivers/CMSIS/Include/cmsis_gcc.h ****       return max;
 740:../../../../..//Drivers/CMSIS/Include/cmsis_gcc.h ****     }
 741:../../../../..//Drivers/CMSIS/Include/cmsis_gcc.h ****     else if (val < 0)
 742:../../../../..//Drivers/CMSIS/Include/cmsis_gcc.h ****     {
 743:../../../../..//Drivers/CMSIS/Include/cmsis_gcc.h ****       return 0U;
 744:../../../../..//Drivers/CMSIS/Include/cmsis_gcc.h ****     }
 745:../../../../..//Drivers/CMSIS/Include/cmsis_gcc.h ****   }
 746:../../../../..//Drivers/CMSIS/Include/cmsis_gcc.h ****   return (uint32_t)val;
 747:../../../../..//Drivers/CMSIS/Include/cmsis_gcc.h **** }
 748:../../../../..//Drivers/CMSIS/Include/cmsis_gcc.h **** 
 749:../../../../..//Drivers/CMSIS/Include/cmsis_gcc.h **** #endif /* ((defined (__ARM_ARCH_7M__      ) && (__ARM_ARCH_7M__      == 1)) || \
 750:../../../../..//Drivers/CMSIS/Include/cmsis_gcc.h ****            (defined (__ARM_ARCH_7EM__     ) && (__ARM_ARCH_7EM__     == 1)) || \
 751:../../../../..//Drivers/CMSIS/Include/cmsis_gcc.h ****            (defined (__ARM_ARCH_8M_MAIN__ ) && (__ARM_ARCH_8M_MAIN__ == 1))    ) */
 752:../../../../..//Drivers/CMSIS/Include/cmsis_gcc.h **** 
 753:../../../../..//Drivers/CMSIS/Include/cmsis_gcc.h **** 
 754:../../../../..//Drivers/CMSIS/Include/cmsis_gcc.h **** #if ((defined (__ARM_ARCH_8M_MAIN__ ) && (__ARM_ARCH_8M_MAIN__ == 1)) || \
 755:../../../../..//Drivers/CMSIS/Include/cmsis_gcc.h ****      (defined (__ARM_ARCH_8M_BASE__ ) && (__ARM_ARCH_8M_BASE__ == 1))    )
 756:../../../../..//Drivers/CMSIS/Include/cmsis_gcc.h **** /**
 757:../../../../..//Drivers/CMSIS/Include/cmsis_gcc.h ****   \brief   Load-Acquire (8 bit)
ARM GAS  /tmp/cczLaygH.s 			page 65


 758:../../../../..//Drivers/CMSIS/Include/cmsis_gcc.h ****   \details Executes a LDAB instruction for 8 bit value.
 759:../../../../..//Drivers/CMSIS/Include/cmsis_gcc.h ****   \param [in]    ptr  Pointer to data
 760:../../../../..//Drivers/CMSIS/Include/cmsis_gcc.h ****   \return             value of type uint8_t at (*ptr)
 761:../../../../..//Drivers/CMSIS/Include/cmsis_gcc.h ****  */
 762:../../../../..//Drivers/CMSIS/Include/cmsis_gcc.h **** __STATIC_FORCEINLINE uint8_t __LDAB(volatile uint8_t *ptr)
 763:../../../../..//Drivers/CMSIS/Include/cmsis_gcc.h **** {
 764:../../../../..//Drivers/CMSIS/Include/cmsis_gcc.h ****     uint32_t result;
 765:../../../../..//Drivers/CMSIS/Include/cmsis_gcc.h **** 
 766:../../../../..//Drivers/CMSIS/Include/cmsis_gcc.h ****    __ASM volatile ("ldab %0, %1" : "=r" (result) : "Q" (*ptr) : "memory" );
 767:../../../../..//Drivers/CMSIS/Include/cmsis_gcc.h ****    return ((uint8_t) result);
 768:../../../../..//Drivers/CMSIS/Include/cmsis_gcc.h **** }
 769:../../../../..//Drivers/CMSIS/Include/cmsis_gcc.h **** 
 770:../../../../..//Drivers/CMSIS/Include/cmsis_gcc.h **** 
 771:../../../../..//Drivers/CMSIS/Include/cmsis_gcc.h **** /**
 772:../../../../..//Drivers/CMSIS/Include/cmsis_gcc.h ****   \brief   Load-Acquire (16 bit)
 773:../../../../..//Drivers/CMSIS/Include/cmsis_gcc.h ****   \details Executes a LDAH instruction for 16 bit values.
 774:../../../../..//Drivers/CMSIS/Include/cmsis_gcc.h ****   \param [in]    ptr  Pointer to data
 775:../../../../..//Drivers/CMSIS/Include/cmsis_gcc.h ****   \return        value of type uint16_t at (*ptr)
 776:../../../../..//Drivers/CMSIS/Include/cmsis_gcc.h ****  */
 777:../../../../..//Drivers/CMSIS/Include/cmsis_gcc.h **** __STATIC_FORCEINLINE uint16_t __LDAH(volatile uint16_t *ptr)
 778:../../../../..//Drivers/CMSIS/Include/cmsis_gcc.h **** {
 779:../../../../..//Drivers/CMSIS/Include/cmsis_gcc.h ****     uint32_t result;
 780:../../../../..//Drivers/CMSIS/Include/cmsis_gcc.h **** 
 781:../../../../..//Drivers/CMSIS/Include/cmsis_gcc.h ****    __ASM volatile ("ldah %0, %1" : "=r" (result) : "Q" (*ptr) : "memory" );
 782:../../../../..//Drivers/CMSIS/Include/cmsis_gcc.h ****    return ((uint16_t) result);
 783:../../../../..//Drivers/CMSIS/Include/cmsis_gcc.h **** }
 784:../../../../..//Drivers/CMSIS/Include/cmsis_gcc.h **** 
 785:../../../../..//Drivers/CMSIS/Include/cmsis_gcc.h **** 
 786:../../../../..//Drivers/CMSIS/Include/cmsis_gcc.h **** /**
 787:../../../../..//Drivers/CMSIS/Include/cmsis_gcc.h ****   \brief   Load-Acquire (32 bit)
 788:../../../../..//Drivers/CMSIS/Include/cmsis_gcc.h ****   \details Executes a LDA instruction for 32 bit values.
 789:../../../../..//Drivers/CMSIS/Include/cmsis_gcc.h ****   \param [in]    ptr  Pointer to data
 790:../../../../..//Drivers/CMSIS/Include/cmsis_gcc.h ****   \return        value of type uint32_t at (*ptr)
 791:../../../../..//Drivers/CMSIS/Include/cmsis_gcc.h ****  */
 792:../../../../..//Drivers/CMSIS/Include/cmsis_gcc.h **** __STATIC_FORCEINLINE uint32_t __LDA(volatile uint32_t *ptr)
 793:../../../../..//Drivers/CMSIS/Include/cmsis_gcc.h **** {
 794:../../../../..//Drivers/CMSIS/Include/cmsis_gcc.h ****     uint32_t result;
 795:../../../../..//Drivers/CMSIS/Include/cmsis_gcc.h **** 
 796:../../../../..//Drivers/CMSIS/Include/cmsis_gcc.h ****    __ASM volatile ("lda %0, %1" : "=r" (result) : "Q" (*ptr) : "memory" );
 797:../../../../..//Drivers/CMSIS/Include/cmsis_gcc.h ****    return(result);
 798:../../../../..//Drivers/CMSIS/Include/cmsis_gcc.h **** }
 799:../../../../..//Drivers/CMSIS/Include/cmsis_gcc.h **** 
 800:../../../../..//Drivers/CMSIS/Include/cmsis_gcc.h **** 
 801:../../../../..//Drivers/CMSIS/Include/cmsis_gcc.h **** /**
 802:../../../../..//Drivers/CMSIS/Include/cmsis_gcc.h ****   \brief   Store-Release (8 bit)
 803:../../../../..//Drivers/CMSIS/Include/cmsis_gcc.h ****   \details Executes a STLB instruction for 8 bit values.
 804:../../../../..//Drivers/CMSIS/Include/cmsis_gcc.h ****   \param [in]  value  Value to store
 805:../../../../..//Drivers/CMSIS/Include/cmsis_gcc.h ****   \param [in]    ptr  Pointer to location
 806:../../../../..//Drivers/CMSIS/Include/cmsis_gcc.h ****  */
 807:../../../../..//Drivers/CMSIS/Include/cmsis_gcc.h **** __STATIC_FORCEINLINE void __STLB(uint8_t value, volatile uint8_t *ptr)
 808:../../../../..//Drivers/CMSIS/Include/cmsis_gcc.h **** {
 809:../../../../..//Drivers/CMSIS/Include/cmsis_gcc.h ****    __ASM volatile ("stlb %1, %0" : "=Q" (*ptr) : "r" ((uint32_t)value) : "memory" );
 810:../../../../..//Drivers/CMSIS/Include/cmsis_gcc.h **** }
 811:../../../../..//Drivers/CMSIS/Include/cmsis_gcc.h **** 
 812:../../../../..//Drivers/CMSIS/Include/cmsis_gcc.h **** 
 813:../../../../..//Drivers/CMSIS/Include/cmsis_gcc.h **** /**
 814:../../../../..//Drivers/CMSIS/Include/cmsis_gcc.h ****   \brief   Store-Release (16 bit)
ARM GAS  /tmp/cczLaygH.s 			page 66


 815:../../../../..//Drivers/CMSIS/Include/cmsis_gcc.h ****   \details Executes a STLH instruction for 16 bit values.
 816:../../../../..//Drivers/CMSIS/Include/cmsis_gcc.h ****   \param [in]  value  Value to store
 817:../../../../..//Drivers/CMSIS/Include/cmsis_gcc.h ****   \param [in]    ptr  Pointer to location
 818:../../../../..//Drivers/CMSIS/Include/cmsis_gcc.h ****  */
 819:../../../../..//Drivers/CMSIS/Include/cmsis_gcc.h **** __STATIC_FORCEINLINE void __STLH(uint16_t value, volatile uint16_t *ptr)
 820:../../../../..//Drivers/CMSIS/Include/cmsis_gcc.h **** {
 821:../../../../..//Drivers/CMSIS/Include/cmsis_gcc.h ****    __ASM volatile ("stlh %1, %0" : "=Q" (*ptr) : "r" ((uint32_t)value) : "memory" );
 822:../../../../..//Drivers/CMSIS/Include/cmsis_gcc.h **** }
 823:../../../../..//Drivers/CMSIS/Include/cmsis_gcc.h **** 
 824:../../../../..//Drivers/CMSIS/Include/cmsis_gcc.h **** 
 825:../../../../..//Drivers/CMSIS/Include/cmsis_gcc.h **** /**
 826:../../../../..//Drivers/CMSIS/Include/cmsis_gcc.h ****   \brief   Store-Release (32 bit)
 827:../../../../..//Drivers/CMSIS/Include/cmsis_gcc.h ****   \details Executes a STL instruction for 32 bit values.
 828:../../../../..//Drivers/CMSIS/Include/cmsis_gcc.h ****   \param [in]  value  Value to store
 829:../../../../..//Drivers/CMSIS/Include/cmsis_gcc.h ****   \param [in]    ptr  Pointer to location
 830:../../../../..//Drivers/CMSIS/Include/cmsis_gcc.h ****  */
 831:../../../../..//Drivers/CMSIS/Include/cmsis_gcc.h **** __STATIC_FORCEINLINE void __STL(uint32_t value, volatile uint32_t *ptr)
 832:../../../../..//Drivers/CMSIS/Include/cmsis_gcc.h **** {
 833:../../../../..//Drivers/CMSIS/Include/cmsis_gcc.h ****    __ASM volatile ("stl %1, %0" : "=Q" (*ptr) : "r" ((uint32_t)value) : "memory" );
 834:../../../../..//Drivers/CMSIS/Include/cmsis_gcc.h **** }
 835:../../../../..//Drivers/CMSIS/Include/cmsis_gcc.h **** 
 836:../../../../..//Drivers/CMSIS/Include/cmsis_gcc.h **** 
 837:../../../../..//Drivers/CMSIS/Include/cmsis_gcc.h **** /**
 838:../../../../..//Drivers/CMSIS/Include/cmsis_gcc.h ****   \brief   Load-Acquire Exclusive (8 bit)
 839:../../../../..//Drivers/CMSIS/Include/cmsis_gcc.h ****   \details Executes a LDAB exclusive instruction for 8 bit value.
 840:../../../../..//Drivers/CMSIS/Include/cmsis_gcc.h ****   \param [in]    ptr  Pointer to data
 841:../../../../..//Drivers/CMSIS/Include/cmsis_gcc.h ****   \return             value of type uint8_t at (*ptr)
 842:../../../../..//Drivers/CMSIS/Include/cmsis_gcc.h ****  */
 843:../../../../..//Drivers/CMSIS/Include/cmsis_gcc.h **** __STATIC_FORCEINLINE uint8_t __LDAEXB(volatile uint8_t *ptr)
 844:../../../../..//Drivers/CMSIS/Include/cmsis_gcc.h **** {
 845:../../../../..//Drivers/CMSIS/Include/cmsis_gcc.h ****     uint32_t result;
 846:../../../../..//Drivers/CMSIS/Include/cmsis_gcc.h **** 
 847:../../../../..//Drivers/CMSIS/Include/cmsis_gcc.h ****    __ASM volatile ("ldaexb %0, %1" : "=r" (result) : "Q" (*ptr) : "memory" );
 848:../../../../..//Drivers/CMSIS/Include/cmsis_gcc.h ****    return ((uint8_t) result);
 849:../../../../..//Drivers/CMSIS/Include/cmsis_gcc.h **** }
 850:../../../../..//Drivers/CMSIS/Include/cmsis_gcc.h **** 
 851:../../../../..//Drivers/CMSIS/Include/cmsis_gcc.h **** 
 852:../../../../..//Drivers/CMSIS/Include/cmsis_gcc.h **** /**
 853:../../../../..//Drivers/CMSIS/Include/cmsis_gcc.h ****   \brief   Load-Acquire Exclusive (16 bit)
 854:../../../../..//Drivers/CMSIS/Include/cmsis_gcc.h ****   \details Executes a LDAH exclusive instruction for 16 bit values.
 855:../../../../..//Drivers/CMSIS/Include/cmsis_gcc.h ****   \param [in]    ptr  Pointer to data
 856:../../../../..//Drivers/CMSIS/Include/cmsis_gcc.h ****   \return        value of type uint16_t at (*ptr)
 857:../../../../..//Drivers/CMSIS/Include/cmsis_gcc.h ****  */
 858:../../../../..//Drivers/CMSIS/Include/cmsis_gcc.h **** __STATIC_FORCEINLINE uint16_t __LDAEXH(volatile uint16_t *ptr)
 859:../../../../..//Drivers/CMSIS/Include/cmsis_gcc.h **** {
 860:../../../../..//Drivers/CMSIS/Include/cmsis_gcc.h ****     uint32_t result;
 861:../../../../..//Drivers/CMSIS/Include/cmsis_gcc.h **** 
 862:../../../../..//Drivers/CMSIS/Include/cmsis_gcc.h ****    __ASM volatile ("ldaexh %0, %1" : "=r" (result) : "Q" (*ptr) : "memory" );
 863:../../../../..//Drivers/CMSIS/Include/cmsis_gcc.h ****    return ((uint16_t) result);
 864:../../../../..//Drivers/CMSIS/Include/cmsis_gcc.h **** }
 865:../../../../..//Drivers/CMSIS/Include/cmsis_gcc.h **** 
 866:../../../../..//Drivers/CMSIS/Include/cmsis_gcc.h **** 
 867:../../../../..//Drivers/CMSIS/Include/cmsis_gcc.h **** /**
 868:../../../../..//Drivers/CMSIS/Include/cmsis_gcc.h ****   \brief   Load-Acquire Exclusive (32 bit)
 869:../../../../..//Drivers/CMSIS/Include/cmsis_gcc.h ****   \details Executes a LDA exclusive instruction for 32 bit values.
 870:../../../../..//Drivers/CMSIS/Include/cmsis_gcc.h ****   \param [in]    ptr  Pointer to data
 871:../../../../..//Drivers/CMSIS/Include/cmsis_gcc.h ****   \return        value of type uint32_t at (*ptr)
ARM GAS  /tmp/cczLaygH.s 			page 67


 872:../../../../..//Drivers/CMSIS/Include/cmsis_gcc.h ****  */
 873:../../../../..//Drivers/CMSIS/Include/cmsis_gcc.h **** __STATIC_FORCEINLINE uint32_t __LDAEX(volatile uint32_t *ptr)
 874:../../../../..//Drivers/CMSIS/Include/cmsis_gcc.h **** {
 875:../../../../..//Drivers/CMSIS/Include/cmsis_gcc.h ****     uint32_t result;
 876:../../../../..//Drivers/CMSIS/Include/cmsis_gcc.h **** 
 877:../../../../..//Drivers/CMSIS/Include/cmsis_gcc.h ****    __ASM volatile ("ldaex %0, %1" : "=r" (result) : "Q" (*ptr) : "memory" );
 878:../../../../..//Drivers/CMSIS/Include/cmsis_gcc.h ****    return(result);
 879:../../../../..//Drivers/CMSIS/Include/cmsis_gcc.h **** }
 880:../../../../..//Drivers/CMSIS/Include/cmsis_gcc.h **** 
 881:../../../../..//Drivers/CMSIS/Include/cmsis_gcc.h **** 
 882:../../../../..//Drivers/CMSIS/Include/cmsis_gcc.h **** /**
 883:../../../../..//Drivers/CMSIS/Include/cmsis_gcc.h ****   \brief   Store-Release Exclusive (8 bit)
 884:../../../../..//Drivers/CMSIS/Include/cmsis_gcc.h ****   \details Executes a STLB exclusive instruction for 8 bit values.
 885:../../../../..//Drivers/CMSIS/Include/cmsis_gcc.h ****   \param [in]  value  Value to store
 886:../../../../..//Drivers/CMSIS/Include/cmsis_gcc.h ****   \param [in]    ptr  Pointer to location
 887:../../../../..//Drivers/CMSIS/Include/cmsis_gcc.h ****   \return          0  Function succeeded
 888:../../../../..//Drivers/CMSIS/Include/cmsis_gcc.h ****   \return          1  Function failed
 889:../../../../..//Drivers/CMSIS/Include/cmsis_gcc.h ****  */
 890:../../../../..//Drivers/CMSIS/Include/cmsis_gcc.h **** __STATIC_FORCEINLINE uint32_t __STLEXB(uint8_t value, volatile uint8_t *ptr)
 891:../../../../..//Drivers/CMSIS/Include/cmsis_gcc.h **** {
 892:../../../../..//Drivers/CMSIS/Include/cmsis_gcc.h ****    uint32_t result;
 893:../../../../..//Drivers/CMSIS/Include/cmsis_gcc.h **** 
 894:../../../../..//Drivers/CMSIS/Include/cmsis_gcc.h ****    __ASM volatile ("stlexb %0, %2, %1" : "=&r" (result), "=Q" (*ptr) : "r" ((uint32_t)value) : "mem
 895:../../../../..//Drivers/CMSIS/Include/cmsis_gcc.h ****    return(result);
 896:../../../../..//Drivers/CMSIS/Include/cmsis_gcc.h **** }
 897:../../../../..//Drivers/CMSIS/Include/cmsis_gcc.h **** 
 898:../../../../..//Drivers/CMSIS/Include/cmsis_gcc.h **** 
 899:../../../../..//Drivers/CMSIS/Include/cmsis_gcc.h **** /**
 900:../../../../..//Drivers/CMSIS/Include/cmsis_gcc.h ****   \brief   Store-Release Exclusive (16 bit)
 901:../../../../..//Drivers/CMSIS/Include/cmsis_gcc.h ****   \details Executes a STLH exclusive instruction for 16 bit values.
 902:../../../../..//Drivers/CMSIS/Include/cmsis_gcc.h ****   \param [in]  value  Value to store
 903:../../../../..//Drivers/CMSIS/Include/cmsis_gcc.h ****   \param [in]    ptr  Pointer to location
 904:../../../../..//Drivers/CMSIS/Include/cmsis_gcc.h ****   \return          0  Function succeeded
 905:../../../../..//Drivers/CMSIS/Include/cmsis_gcc.h ****   \return          1  Function failed
 906:../../../../..//Drivers/CMSIS/Include/cmsis_gcc.h ****  */
 907:../../../../..//Drivers/CMSIS/Include/cmsis_gcc.h **** __STATIC_FORCEINLINE uint32_t __STLEXH(uint16_t value, volatile uint16_t *ptr)
 908:../../../../..//Drivers/CMSIS/Include/cmsis_gcc.h **** {
 909:../../../../..//Drivers/CMSIS/Include/cmsis_gcc.h ****    uint32_t result;
 910:../../../../..//Drivers/CMSIS/Include/cmsis_gcc.h **** 
 911:../../../../..//Drivers/CMSIS/Include/cmsis_gcc.h ****    __ASM volatile ("stlexh %0, %2, %1" : "=&r" (result), "=Q" (*ptr) : "r" ((uint32_t)value) : "mem
 912:../../../../..//Drivers/CMSIS/Include/cmsis_gcc.h ****    return(result);
 913:../../../../..//Drivers/CMSIS/Include/cmsis_gcc.h **** }
 914:../../../../..//Drivers/CMSIS/Include/cmsis_gcc.h **** 
 915:../../../../..//Drivers/CMSIS/Include/cmsis_gcc.h **** 
 916:../../../../..//Drivers/CMSIS/Include/cmsis_gcc.h **** /**
 917:../../../../..//Drivers/CMSIS/Include/cmsis_gcc.h ****   \brief   Store-Release Exclusive (32 bit)
 918:../../../../..//Drivers/CMSIS/Include/cmsis_gcc.h ****   \details Executes a STL exclusive instruction for 32 bit values.
 919:../../../../..//Drivers/CMSIS/Include/cmsis_gcc.h ****   \param [in]  value  Value to store
 920:../../../../..//Drivers/CMSIS/Include/cmsis_gcc.h ****   \param [in]    ptr  Pointer to location
 921:../../../../..//Drivers/CMSIS/Include/cmsis_gcc.h ****   \return          0  Function succeeded
 922:../../../../..//Drivers/CMSIS/Include/cmsis_gcc.h ****   \return          1  Function failed
 923:../../../../..//Drivers/CMSIS/Include/cmsis_gcc.h ****  */
 924:../../../../..//Drivers/CMSIS/Include/cmsis_gcc.h **** __STATIC_FORCEINLINE uint32_t __STLEX(uint32_t value, volatile uint32_t *ptr)
 925:../../../../..//Drivers/CMSIS/Include/cmsis_gcc.h **** {
 926:../../../../..//Drivers/CMSIS/Include/cmsis_gcc.h ****    uint32_t result;
 927:../../../../..//Drivers/CMSIS/Include/cmsis_gcc.h **** 
 928:../../../../..//Drivers/CMSIS/Include/cmsis_gcc.h ****    __ASM volatile ("stlex %0, %2, %1" : "=&r" (result), "=Q" (*ptr) : "r" ((uint32_t)value) : "memo
ARM GAS  /tmp/cczLaygH.s 			page 68


 929:../../../../..//Drivers/CMSIS/Include/cmsis_gcc.h ****    return(result);
 930:../../../../..//Drivers/CMSIS/Include/cmsis_gcc.h **** }
 931:../../../../..//Drivers/CMSIS/Include/cmsis_gcc.h **** 
 932:../../../../..//Drivers/CMSIS/Include/cmsis_gcc.h **** #endif /* ((defined (__ARM_ARCH_8M_MAIN__ ) && (__ARM_ARCH_8M_MAIN__ == 1)) || \
 933:../../../../..//Drivers/CMSIS/Include/cmsis_gcc.h ****            (defined (__ARM_ARCH_8M_BASE__ ) && (__ARM_ARCH_8M_BASE__ == 1))    ) */
 934:../../../../..//Drivers/CMSIS/Include/cmsis_gcc.h **** 
 935:../../../../..//Drivers/CMSIS/Include/cmsis_gcc.h **** /*@}*/ /* end of group CMSIS_Core_InstructionInterface */
 936:../../../../..//Drivers/CMSIS/Include/cmsis_gcc.h **** 
 937:../../../../..//Drivers/CMSIS/Include/cmsis_gcc.h **** 
 938:../../../../..//Drivers/CMSIS/Include/cmsis_gcc.h **** /* ###########################  Core Function Access  ########################### */
 939:../../../../..//Drivers/CMSIS/Include/cmsis_gcc.h **** /** \ingroup  CMSIS_Core_FunctionInterface
 940:../../../../..//Drivers/CMSIS/Include/cmsis_gcc.h ****     \defgroup CMSIS_Core_RegAccFunctions CMSIS Core Register Access Functions
 941:../../../../..//Drivers/CMSIS/Include/cmsis_gcc.h ****   @{
 942:../../../../..//Drivers/CMSIS/Include/cmsis_gcc.h ****  */
 943:../../../../..//Drivers/CMSIS/Include/cmsis_gcc.h **** 
 944:../../../../..//Drivers/CMSIS/Include/cmsis_gcc.h **** /**
 945:../../../../..//Drivers/CMSIS/Include/cmsis_gcc.h ****   \brief   Enable IRQ Interrupts
 946:../../../../..//Drivers/CMSIS/Include/cmsis_gcc.h ****   \details Enables IRQ interrupts by clearing special-purpose register PRIMASK.
 947:../../../../..//Drivers/CMSIS/Include/cmsis_gcc.h ****            Can only be executed in Privileged modes.
 948:../../../../..//Drivers/CMSIS/Include/cmsis_gcc.h ****  */
 949:../../../../..//Drivers/CMSIS/Include/cmsis_gcc.h **** __STATIC_FORCEINLINE void __enable_irq(void)
 950:../../../../..//Drivers/CMSIS/Include/cmsis_gcc.h **** {
 951:../../../../..//Drivers/CMSIS/Include/cmsis_gcc.h ****   __ASM volatile ("cpsie i" : : : "memory");
 952:../../../../..//Drivers/CMSIS/Include/cmsis_gcc.h **** }
 953:../../../../..//Drivers/CMSIS/Include/cmsis_gcc.h **** 
 954:../../../../..//Drivers/CMSIS/Include/cmsis_gcc.h **** 
 955:../../../../..//Drivers/CMSIS/Include/cmsis_gcc.h **** /**
 956:../../../../..//Drivers/CMSIS/Include/cmsis_gcc.h ****   \brief   Disable IRQ Interrupts
 957:../../../../..//Drivers/CMSIS/Include/cmsis_gcc.h ****   \details Disables IRQ interrupts by setting special-purpose register PRIMASK.
 958:../../../../..//Drivers/CMSIS/Include/cmsis_gcc.h ****            Can only be executed in Privileged modes.
 959:../../../../..//Drivers/CMSIS/Include/cmsis_gcc.h ****  */
 960:../../../../..//Drivers/CMSIS/Include/cmsis_gcc.h **** __STATIC_FORCEINLINE void __disable_irq(void)
 961:../../../../..//Drivers/CMSIS/Include/cmsis_gcc.h **** {
 962:../../../../..//Drivers/CMSIS/Include/cmsis_gcc.h ****   __ASM volatile ("cpsid i" : : : "memory");
 963:../../../../..//Drivers/CMSIS/Include/cmsis_gcc.h **** }
 964:../../../../..//Drivers/CMSIS/Include/cmsis_gcc.h **** 
 965:../../../../..//Drivers/CMSIS/Include/cmsis_gcc.h **** 
 966:../../../../..//Drivers/CMSIS/Include/cmsis_gcc.h **** /**
 967:../../../../..//Drivers/CMSIS/Include/cmsis_gcc.h ****   \brief   Get Control Register
 968:../../../../..//Drivers/CMSIS/Include/cmsis_gcc.h ****   \details Returns the content of the Control Register.
 969:../../../../..//Drivers/CMSIS/Include/cmsis_gcc.h ****   \return               Control Register value
 970:../../../../..//Drivers/CMSIS/Include/cmsis_gcc.h ****  */
 971:../../../../..//Drivers/CMSIS/Include/cmsis_gcc.h **** __STATIC_FORCEINLINE uint32_t __get_CONTROL(void)
 972:../../../../..//Drivers/CMSIS/Include/cmsis_gcc.h **** {
 973:../../../../..//Drivers/CMSIS/Include/cmsis_gcc.h ****   uint32_t result;
 974:../../../../..//Drivers/CMSIS/Include/cmsis_gcc.h **** 
 975:../../../../..//Drivers/CMSIS/Include/cmsis_gcc.h ****   __ASM volatile ("MRS %0, control" : "=r" (result) );
 976:../../../../..//Drivers/CMSIS/Include/cmsis_gcc.h ****   return(result);
 977:../../../../..//Drivers/CMSIS/Include/cmsis_gcc.h **** }
 978:../../../../..//Drivers/CMSIS/Include/cmsis_gcc.h **** 
 979:../../../../..//Drivers/CMSIS/Include/cmsis_gcc.h **** 
 980:../../../../..//Drivers/CMSIS/Include/cmsis_gcc.h **** #if (defined (__ARM_FEATURE_CMSE ) && (__ARM_FEATURE_CMSE == 3))
 981:../../../../..//Drivers/CMSIS/Include/cmsis_gcc.h **** /**
 982:../../../../..//Drivers/CMSIS/Include/cmsis_gcc.h ****   \brief   Get Control Register (non-secure)
 983:../../../../..//Drivers/CMSIS/Include/cmsis_gcc.h ****   \details Returns the content of the non-secure Control Register when in secure mode.
 984:../../../../..//Drivers/CMSIS/Include/cmsis_gcc.h ****   \return               non-secure Control Register value
 985:../../../../..//Drivers/CMSIS/Include/cmsis_gcc.h ****  */
ARM GAS  /tmp/cczLaygH.s 			page 69


 986:../../../../..//Drivers/CMSIS/Include/cmsis_gcc.h **** __STATIC_FORCEINLINE uint32_t __TZ_get_CONTROL_NS(void)
 987:../../../../..//Drivers/CMSIS/Include/cmsis_gcc.h **** {
 988:../../../../..//Drivers/CMSIS/Include/cmsis_gcc.h ****   uint32_t result;
 989:../../../../..//Drivers/CMSIS/Include/cmsis_gcc.h **** 
 990:../../../../..//Drivers/CMSIS/Include/cmsis_gcc.h ****   __ASM volatile ("MRS %0, control_ns" : "=r" (result) );
 991:../../../../..//Drivers/CMSIS/Include/cmsis_gcc.h ****   return(result);
 992:../../../../..//Drivers/CMSIS/Include/cmsis_gcc.h **** }
 993:../../../../..//Drivers/CMSIS/Include/cmsis_gcc.h **** #endif
 994:../../../../..//Drivers/CMSIS/Include/cmsis_gcc.h **** 
 995:../../../../..//Drivers/CMSIS/Include/cmsis_gcc.h **** 
 996:../../../../..//Drivers/CMSIS/Include/cmsis_gcc.h **** /**
 997:../../../../..//Drivers/CMSIS/Include/cmsis_gcc.h ****   \brief   Set Control Register
 998:../../../../..//Drivers/CMSIS/Include/cmsis_gcc.h ****   \details Writes the given value to the Control Register.
 999:../../../../..//Drivers/CMSIS/Include/cmsis_gcc.h ****   \param [in]    control  Control Register value to set
1000:../../../../..//Drivers/CMSIS/Include/cmsis_gcc.h ****  */
1001:../../../../..//Drivers/CMSIS/Include/cmsis_gcc.h **** __STATIC_FORCEINLINE void __set_CONTROL(uint32_t control)
1002:../../../../..//Drivers/CMSIS/Include/cmsis_gcc.h **** {
1003:../../../../..//Drivers/CMSIS/Include/cmsis_gcc.h ****   __ASM volatile ("MSR control, %0" : : "r" (control) : "memory");
1004:../../../../..//Drivers/CMSIS/Include/cmsis_gcc.h ****   __ISB();
1005:../../../../..//Drivers/CMSIS/Include/cmsis_gcc.h **** }
1006:../../../../..//Drivers/CMSIS/Include/cmsis_gcc.h **** 
1007:../../../../..//Drivers/CMSIS/Include/cmsis_gcc.h **** 
1008:../../../../..//Drivers/CMSIS/Include/cmsis_gcc.h **** #if (defined (__ARM_FEATURE_CMSE ) && (__ARM_FEATURE_CMSE == 3))
1009:../../../../..//Drivers/CMSIS/Include/cmsis_gcc.h **** /**
1010:../../../../..//Drivers/CMSIS/Include/cmsis_gcc.h ****   \brief   Set Control Register (non-secure)
1011:../../../../..//Drivers/CMSIS/Include/cmsis_gcc.h ****   \details Writes the given value to the non-secure Control Register when in secure state.
1012:../../../../..//Drivers/CMSIS/Include/cmsis_gcc.h ****   \param [in]    control  Control Register value to set
1013:../../../../..//Drivers/CMSIS/Include/cmsis_gcc.h ****  */
1014:../../../../..//Drivers/CMSIS/Include/cmsis_gcc.h **** __STATIC_FORCEINLINE void __TZ_set_CONTROL_NS(uint32_t control)
1015:../../../../..//Drivers/CMSIS/Include/cmsis_gcc.h **** {
1016:../../../../..//Drivers/CMSIS/Include/cmsis_gcc.h ****   __ASM volatile ("MSR control_ns, %0" : : "r" (control) : "memory");
1017:../../../../..//Drivers/CMSIS/Include/cmsis_gcc.h ****   __ISB();
1018:../../../../..//Drivers/CMSIS/Include/cmsis_gcc.h **** }
1019:../../../../..//Drivers/CMSIS/Include/cmsis_gcc.h **** #endif
1020:../../../../..//Drivers/CMSIS/Include/cmsis_gcc.h **** 
1021:../../../../..//Drivers/CMSIS/Include/cmsis_gcc.h **** 
1022:../../../../..//Drivers/CMSIS/Include/cmsis_gcc.h **** /**
1023:../../../../..//Drivers/CMSIS/Include/cmsis_gcc.h ****   \brief   Get IPSR Register
1024:../../../../..//Drivers/CMSIS/Include/cmsis_gcc.h ****   \details Returns the content of the IPSR Register.
1025:../../../../..//Drivers/CMSIS/Include/cmsis_gcc.h ****   \return               IPSR Register value
1026:../../../../..//Drivers/CMSIS/Include/cmsis_gcc.h ****  */
1027:../../../../..//Drivers/CMSIS/Include/cmsis_gcc.h **** __STATIC_FORCEINLINE uint32_t __get_IPSR(void)
1028:../../../../..//Drivers/CMSIS/Include/cmsis_gcc.h **** {
1029:../../../../..//Drivers/CMSIS/Include/cmsis_gcc.h ****   uint32_t result;
1030:../../../../..//Drivers/CMSIS/Include/cmsis_gcc.h **** 
1031:../../../../..//Drivers/CMSIS/Include/cmsis_gcc.h ****   __ASM volatile ("MRS %0, ipsr" : "=r" (result) );
1032:../../../../..//Drivers/CMSIS/Include/cmsis_gcc.h ****   return(result);
1033:../../../../..//Drivers/CMSIS/Include/cmsis_gcc.h **** }
1034:../../../../..//Drivers/CMSIS/Include/cmsis_gcc.h **** 
1035:../../../../..//Drivers/CMSIS/Include/cmsis_gcc.h **** 
1036:../../../../..//Drivers/CMSIS/Include/cmsis_gcc.h **** /**
1037:../../../../..//Drivers/CMSIS/Include/cmsis_gcc.h ****   \brief   Get APSR Register
1038:../../../../..//Drivers/CMSIS/Include/cmsis_gcc.h ****   \details Returns the content of the APSR Register.
1039:../../../../..//Drivers/CMSIS/Include/cmsis_gcc.h ****   \return               APSR Register value
1040:../../../../..//Drivers/CMSIS/Include/cmsis_gcc.h ****  */
1041:../../../../..//Drivers/CMSIS/Include/cmsis_gcc.h **** __STATIC_FORCEINLINE uint32_t __get_APSR(void)
1042:../../../../..//Drivers/CMSIS/Include/cmsis_gcc.h **** {
ARM GAS  /tmp/cczLaygH.s 			page 70


1043:../../../../..//Drivers/CMSIS/Include/cmsis_gcc.h ****   uint32_t result;
1044:../../../../..//Drivers/CMSIS/Include/cmsis_gcc.h **** 
1045:../../../../..//Drivers/CMSIS/Include/cmsis_gcc.h ****   __ASM volatile ("MRS %0, apsr" : "=r" (result) );
1046:../../../../..//Drivers/CMSIS/Include/cmsis_gcc.h ****   return(result);
1047:../../../../..//Drivers/CMSIS/Include/cmsis_gcc.h **** }
1048:../../../../..//Drivers/CMSIS/Include/cmsis_gcc.h **** 
1049:../../../../..//Drivers/CMSIS/Include/cmsis_gcc.h **** 
1050:../../../../..//Drivers/CMSIS/Include/cmsis_gcc.h **** /**
1051:../../../../..//Drivers/CMSIS/Include/cmsis_gcc.h ****   \brief   Get xPSR Register
1052:../../../../..//Drivers/CMSIS/Include/cmsis_gcc.h ****   \details Returns the content of the xPSR Register.
1053:../../../../..//Drivers/CMSIS/Include/cmsis_gcc.h ****   \return               xPSR Register value
1054:../../../../..//Drivers/CMSIS/Include/cmsis_gcc.h ****  */
1055:../../../../..//Drivers/CMSIS/Include/cmsis_gcc.h **** __STATIC_FORCEINLINE uint32_t __get_xPSR(void)
1056:../../../../..//Drivers/CMSIS/Include/cmsis_gcc.h **** {
1057:../../../../..//Drivers/CMSIS/Include/cmsis_gcc.h ****   uint32_t result;
1058:../../../../..//Drivers/CMSIS/Include/cmsis_gcc.h **** 
1059:../../../../..//Drivers/CMSIS/Include/cmsis_gcc.h ****   __ASM volatile ("MRS %0, xpsr" : "=r" (result) );
1060:../../../../..//Drivers/CMSIS/Include/cmsis_gcc.h ****   return(result);
1061:../../../../..//Drivers/CMSIS/Include/cmsis_gcc.h **** }
1062:../../../../..//Drivers/CMSIS/Include/cmsis_gcc.h **** 
1063:../../../../..//Drivers/CMSIS/Include/cmsis_gcc.h **** 
1064:../../../../..//Drivers/CMSIS/Include/cmsis_gcc.h **** /**
1065:../../../../..//Drivers/CMSIS/Include/cmsis_gcc.h ****   \brief   Get Process Stack Pointer
1066:../../../../..//Drivers/CMSIS/Include/cmsis_gcc.h ****   \details Returns the current value of the Process Stack Pointer (PSP).
1067:../../../../..//Drivers/CMSIS/Include/cmsis_gcc.h ****   \return               PSP Register value
1068:../../../../..//Drivers/CMSIS/Include/cmsis_gcc.h ****  */
1069:../../../../..//Drivers/CMSIS/Include/cmsis_gcc.h **** __STATIC_FORCEINLINE uint32_t __get_PSP(void)
1070:../../../../..//Drivers/CMSIS/Include/cmsis_gcc.h **** {
1071:../../../../..//Drivers/CMSIS/Include/cmsis_gcc.h ****   uint32_t result;
1072:../../../../..//Drivers/CMSIS/Include/cmsis_gcc.h **** 
1073:../../../../..//Drivers/CMSIS/Include/cmsis_gcc.h ****   __ASM volatile ("MRS %0, psp"  : "=r" (result) );
1074:../../../../..//Drivers/CMSIS/Include/cmsis_gcc.h ****   return(result);
1075:../../../../..//Drivers/CMSIS/Include/cmsis_gcc.h **** }
1076:../../../../..//Drivers/CMSIS/Include/cmsis_gcc.h **** 
1077:../../../../..//Drivers/CMSIS/Include/cmsis_gcc.h **** 
1078:../../../../..//Drivers/CMSIS/Include/cmsis_gcc.h **** #if (defined (__ARM_FEATURE_CMSE ) && (__ARM_FEATURE_CMSE == 3))
1079:../../../../..//Drivers/CMSIS/Include/cmsis_gcc.h **** /**
1080:../../../../..//Drivers/CMSIS/Include/cmsis_gcc.h ****   \brief   Get Process Stack Pointer (non-secure)
1081:../../../../..//Drivers/CMSIS/Include/cmsis_gcc.h ****   \details Returns the current value of the non-secure Process Stack Pointer (PSP) when in secure s
1082:../../../../..//Drivers/CMSIS/Include/cmsis_gcc.h ****   \return               PSP Register value
1083:../../../../..//Drivers/CMSIS/Include/cmsis_gcc.h ****  */
1084:../../../../..//Drivers/CMSIS/Include/cmsis_gcc.h **** __STATIC_FORCEINLINE uint32_t __TZ_get_PSP_NS(void)
1085:../../../../..//Drivers/CMSIS/Include/cmsis_gcc.h **** {
1086:../../../../..//Drivers/CMSIS/Include/cmsis_gcc.h ****   uint32_t result;
1087:../../../../..//Drivers/CMSIS/Include/cmsis_gcc.h **** 
1088:../../../../..//Drivers/CMSIS/Include/cmsis_gcc.h ****   __ASM volatile ("MRS %0, psp_ns"  : "=r" (result) );
1089:../../../../..//Drivers/CMSIS/Include/cmsis_gcc.h ****   return(result);
1090:../../../../..//Drivers/CMSIS/Include/cmsis_gcc.h **** }
1091:../../../../..//Drivers/CMSIS/Include/cmsis_gcc.h **** #endif
1092:../../../../..//Drivers/CMSIS/Include/cmsis_gcc.h **** 
1093:../../../../..//Drivers/CMSIS/Include/cmsis_gcc.h **** 
1094:../../../../..//Drivers/CMSIS/Include/cmsis_gcc.h **** /**
1095:../../../../..//Drivers/CMSIS/Include/cmsis_gcc.h ****   \brief   Set Process Stack Pointer
1096:../../../../..//Drivers/CMSIS/Include/cmsis_gcc.h ****   \details Assigns the given value to the Process Stack Pointer (PSP).
1097:../../../../..//Drivers/CMSIS/Include/cmsis_gcc.h ****   \param [in]    topOfProcStack  Process Stack Pointer value to set
1098:../../../../..//Drivers/CMSIS/Include/cmsis_gcc.h ****  */
1099:../../../../..//Drivers/CMSIS/Include/cmsis_gcc.h **** __STATIC_FORCEINLINE void __set_PSP(uint32_t topOfProcStack)
ARM GAS  /tmp/cczLaygH.s 			page 71


1100:../../../../..//Drivers/CMSIS/Include/cmsis_gcc.h **** {
1101:../../../../..//Drivers/CMSIS/Include/cmsis_gcc.h ****   __ASM volatile ("MSR psp, %0" : : "r" (topOfProcStack) : );
1102:../../../../..//Drivers/CMSIS/Include/cmsis_gcc.h **** }
1103:../../../../..//Drivers/CMSIS/Include/cmsis_gcc.h **** 
1104:../../../../..//Drivers/CMSIS/Include/cmsis_gcc.h **** 
1105:../../../../..//Drivers/CMSIS/Include/cmsis_gcc.h **** #if (defined (__ARM_FEATURE_CMSE ) && (__ARM_FEATURE_CMSE == 3))
1106:../../../../..//Drivers/CMSIS/Include/cmsis_gcc.h **** /**
1107:../../../../..//Drivers/CMSIS/Include/cmsis_gcc.h ****   \brief   Set Process Stack Pointer (non-secure)
1108:../../../../..//Drivers/CMSIS/Include/cmsis_gcc.h ****   \details Assigns the given value to the non-secure Process Stack Pointer (PSP) when in secure sta
1109:../../../../..//Drivers/CMSIS/Include/cmsis_gcc.h ****   \param [in]    topOfProcStack  Process Stack Pointer value to set
1110:../../../../..//Drivers/CMSIS/Include/cmsis_gcc.h ****  */
1111:../../../../..//Drivers/CMSIS/Include/cmsis_gcc.h **** __STATIC_FORCEINLINE void __TZ_set_PSP_NS(uint32_t topOfProcStack)
1112:../../../../..//Drivers/CMSIS/Include/cmsis_gcc.h **** {
1113:../../../../..//Drivers/CMSIS/Include/cmsis_gcc.h ****   __ASM volatile ("MSR psp_ns, %0" : : "r" (topOfProcStack) : );
1114:../../../../..//Drivers/CMSIS/Include/cmsis_gcc.h **** }
1115:../../../../..//Drivers/CMSIS/Include/cmsis_gcc.h **** #endif
1116:../../../../..//Drivers/CMSIS/Include/cmsis_gcc.h **** 
1117:../../../../..//Drivers/CMSIS/Include/cmsis_gcc.h **** 
1118:../../../../..//Drivers/CMSIS/Include/cmsis_gcc.h **** /**
1119:../../../../..//Drivers/CMSIS/Include/cmsis_gcc.h ****   \brief   Get Main Stack Pointer
1120:../../../../..//Drivers/CMSIS/Include/cmsis_gcc.h ****   \details Returns the current value of the Main Stack Pointer (MSP).
1121:../../../../..//Drivers/CMSIS/Include/cmsis_gcc.h ****   \return               MSP Register value
1122:../../../../..//Drivers/CMSIS/Include/cmsis_gcc.h ****  */
1123:../../../../..//Drivers/CMSIS/Include/cmsis_gcc.h **** __STATIC_FORCEINLINE uint32_t __get_MSP(void)
 1159              		.loc 3 1123 31 view .LVU296
 1160              	.LBB42:
1124:../../../../..//Drivers/CMSIS/Include/cmsis_gcc.h **** {
1125:../../../../..//Drivers/CMSIS/Include/cmsis_gcc.h ****   uint32_t result;
 1161              		.loc 3 1125 3 view .LVU297
1126:../../../../..//Drivers/CMSIS/Include/cmsis_gcc.h **** 
1127:../../../../..//Drivers/CMSIS/Include/cmsis_gcc.h ****   __ASM volatile ("MRS %0, msp" : "=r" (result) );
 1162              		.loc 3 1127 3 view .LVU298
 1163              		.syntax divided
 1164              	@ 1127 "../../../../..//Drivers/CMSIS/Include/cmsis_gcc.h" 1
 1165 0024 EFF30883 		MRS r3, msp
 1166              	@ 0 "" 2
 1167              	.LVL80:
1128:../../../../..//Drivers/CMSIS/Include/cmsis_gcc.h ****   return(result);
 1168              		.loc 3 1128 3 view .LVU299
 1169              		.thumb
 1170              		.syntax unified
 1171              	.L105:
 1172              		.loc 3 1128 3 is_stmt 0 view .LVU300
 1173              	.LBE42:
 1174              	.LBE41:
 559:Src/se_low_level.c ****     }
 560:Src/se_low_level.c **** 
 561:Src/se_low_level.c ****     /* Test caller mode T bit from CPSR in stack */
 562:Src/se_low_level.c ****     if ((*(p_sp + 7U) & (1U << xPSR_T_Pos)) != 0U)
 1175              		.loc 1 562 5 is_stmt 1 view .LVU301
 1176              		.loc 1 562 23 is_stmt 0 view .LVU302
 1177 0028 DA69     		ldr	r2, [r3, #28]
 1178              	.LVL81:
 1179              		.loc 1 562 8 view .LVU303
 1180 002a D201     		lsls	r2, r2, #7
 1181 002c 16D5     		bpl	.L106
 563:Src/se_low_level.c ****     {
ARM GAS  /tmp/cczLaygH.s 			page 72


 564:Src/se_low_level.c ****       /* Thumb  mode.
 565:Src/se_low_level.c ****          Test PC in stack.
 566:Src/se_low_level.c ****          If bits [15:11] of the halfword being decoded take any of the following values,
 567:Src/se_low_level.c ****          the halfword is the first halfword of a 32-bit instruction: 0b11101, 0b11110, 0b11111.
 568:Src/se_low_level.c ****          Otherwise, the halfword is a 16-bit instruction.
 569:Src/se_low_level.c ****       */
 570:Src/se_low_level.c ****       opcode_msb = (*(uint16_t *)(*(p_sp + 6) & 0xFFFFFFFEU) & 0xF800U);
 1182              		.loc 1 570 7 is_stmt 1 view .LVU304
 1183              		.loc 1 570 35 is_stmt 0 view .LVU305
 1184 002e 9A69     		ldr	r2, [r3, #24]
 1185              		.loc 1 570 47 view .LVU306
 1186 0030 0121     		movs	r1, #1
 1187 0032 1000     		movs	r0, r2
 1188 0034 8843     		bics	r0, r1
 1189              		.loc 1 570 21 view .LVU307
 1190 0036 0088     		ldrh	r0, [r0]
 1191              	.LVL82:
 571:Src/se_low_level.c ****       if ((opcode_msb == 0xE800U) || (opcode_msb == 0xF000U) || (opcode_msb == 0xF800U))
 1192              		.loc 1 571 7 is_stmt 1 view .LVU308
 1193              		.loc 1 571 10 is_stmt 0 view .LVU309
 1194 0038 0E49     		ldr	r1, .L111+8
 1195 003a 0140     		ands	r1, r0
 1196 003c E824     		movs	r4, #232
 1197 003e 2402     		lsls	r4, r4, #8
 1198 0040 A142     		cmp	r1, r4
 1199 0042 08D0     		beq	.L107
 570:Src/se_low_level.c ****       if ((opcode_msb == 0xE800U) || (opcode_msb == 0xF000U) || (opcode_msb == 0xF800U))
 1200              		.loc 1 570 18 view .LVU310
 1201 0044 C00A     		lsrs	r0, r0, #11
 1202              	.LVL83:
 1203              		.loc 1 571 35 discriminator 1 view .LVU311
 1204 0046 1E28     		cmp	r0, #30
 1205 0048 05D0     		beq	.L107
 572:Src/se_low_level.c ****       {
 573:Src/se_low_level.c ****         /* execute next instruction PC +4  */
 574:Src/se_low_level.c ****         *(p_sp + 6U) += 4U;
 575:Src/se_low_level.c ****       }
 576:Src/se_low_level.c ****       else
 577:Src/se_low_level.c ****       {
 578:Src/se_low_level.c ****         /* execute next instruction PC +2  */
 579:Src/se_low_level.c ****         *(p_sp + 6U) += 2U;
 1206              		.loc 1 579 9 is_stmt 1 view .LVU312
 1207              		.loc 1 579 22 is_stmt 0 view .LVU313
 1208 004a 0232     		adds	r2, r2, #2
 1209              	.LVL84:
 1210              		.loc 1 579 22 view .LVU314
 1211 004c 9A61     		str	r2, [r3, #24]
 1212              	.LVL85:
 1213              		.loc 1 579 22 view .LVU315
 1214 004e 0BE0     		b	.L102
 1215              	.LVL86:
 1216              	.L110:
 553:Src/se_low_level.c ****     }
 1217              		.loc 1 553 7 is_stmt 1 view .LVU316
 1218              	.LBB43:
 1219              	.LBI43:
1069:../../../../..//Drivers/CMSIS/Include/cmsis_gcc.h **** {
ARM GAS  /tmp/cczLaygH.s 			page 73


 1220              		.loc 3 1069 31 view .LVU317
 1221              	.LBB44:
1071:../../../../..//Drivers/CMSIS/Include/cmsis_gcc.h **** 
 1222              		.loc 3 1071 3 view .LVU318
1073:../../../../..//Drivers/CMSIS/Include/cmsis_gcc.h ****   return(result);
 1223              		.loc 3 1073 3 view .LVU319
 1224              		.syntax divided
 1225              	@ 1073 "../../../../..//Drivers/CMSIS/Include/cmsis_gcc.h" 1
 1226 0050 EFF30983 		MRS r3, psp
 1227              	@ 0 "" 2
 1228              	.LVL87:
1074:../../../../..//Drivers/CMSIS/Include/cmsis_gcc.h **** }
 1229              		.loc 3 1074 3 view .LVU320
1074:../../../../..//Drivers/CMSIS/Include/cmsis_gcc.h **** }
 1230              		.loc 3 1074 3 is_stmt 0 view .LVU321
 1231              		.thumb
 1232              		.syntax unified
 1233              	.LBE44:
 1234              	.LBE43:
 1235 0054 E8E7     		b	.L105
 1236              	.LVL88:
 1237              	.L107:
 574:Src/se_low_level.c ****       }
 1238              		.loc 1 574 9 is_stmt 1 view .LVU322
 574:Src/se_low_level.c ****       }
 1239              		.loc 1 574 22 is_stmt 0 view .LVU323
 1240 0056 0432     		adds	r2, r2, #4
 1241              	.LVL89:
 574:Src/se_low_level.c ****       }
 1242              		.loc 1 574 22 view .LVU324
 1243 0058 9A61     		str	r2, [r3, #24]
 1244              	.LVL90:
 574:Src/se_low_level.c ****       }
 1245              		.loc 1 574 22 view .LVU325
 1246 005a 05E0     		b	.L102
 1247              	.LVL91:
 1248              	.L106:
 580:Src/se_low_level.c ****       }
 581:Src/se_low_level.c ****     }
 582:Src/se_low_level.c ****     else
 583:Src/se_low_level.c ****     {
 584:Src/se_low_level.c ****       /* ARM mode execute next instruction PC +4 */
 585:Src/se_low_level.c ****       *(p_sp + 6U) += 4U;
 1249              		.loc 1 585 7 is_stmt 1 view .LVU326
 1250              		.loc 1 585 20 is_stmt 0 view .LVU327
 1251 005c 9A69     		ldr	r2, [r3, #24]
 1252 005e 0432     		adds	r2, r2, #4
 1253 0060 9A61     		str	r2, [r3, #24]
 1254 0062 01E0     		b	.L102
 1255              	.LVL92:
 1256              	.L103:
 586:Src/se_low_level.c ****     }
 587:Src/se_low_level.c ****   }
 588:Src/se_low_level.c ****   else
 589:Src/se_low_level.c ****   {
 590:Src/se_low_level.c ****     /* This exception occurs for another reason than flash double ECC errors */
 591:Src/se_low_level.c ****     SE_NMI_ExceptionHandler();
ARM GAS  /tmp/cczLaygH.s 			page 74


 1257              		.loc 1 591 5 is_stmt 1 view .LVU328
 1258 0064 FFF7FEFF 		bl	SE_NMI_ExceptionHandler
 1259              	.LVL93:
 1260              	.L102:
 592:Src/se_low_level.c ****   }
 593:Src/se_low_level.c **** }
 1261              		.loc 1 593 1 is_stmt 0 view .LVU329
 1262              		@ sp needed
 1263 0068 10BD     		pop	{r4, pc}
 1264              	.L112:
 1265 006a C046     		.align	2
 1266              	.L111:
 1267 006c 00200240 		.word	1073881088
 1268 0070 00000000 		.word	SE_DoubleECC_Error_Counter
 1269 0074 00E8FFFF 		.word	-6144
 1270              		.cfi_endproc
 1271              	.LFE196:
 1273              		.section	.text.HardFault_Handler,"ax",%progbits
 1274              		.align	1
 1275              		.global	HardFault_Handler
 1276              		.syntax unified
 1277              		.code	16
 1278              		.thumb_func
 1280              	HardFault_Handler:
 1281              	.LFB197:
 594:Src/se_low_level.c **** 
 595:Src/se_low_level.c **** /**
 596:Src/se_low_level.c ****   * @brief  Hard Fault Handler present for handling Double ECC Bus Fault interrupt
 597:Src/se_low_level.c ****   * @param  None.
 598:Src/se_low_level.c ****   * @retvat void
 599:Src/se_low_level.c ****   */
 600:Src/se_low_level.c **** void HardFault_Handler(void)
 601:Src/se_low_level.c **** {
 1282              		.loc 1 601 1 is_stmt 1 view -0
 1283              		.cfi_startproc
 1284              		@ args = 0, pretend = 0, frame = 0
 1285              		@ frame_needed = 0, uses_anonymous_args = 0
 602:Src/se_low_level.c ****   SE_NMI_ExceptionHandler();
 1286              		.loc 1 602 3 view .LVU331
 601:Src/se_low_level.c ****   SE_NMI_ExceptionHandler();
 1287              		.loc 1 601 1 is_stmt 0 view .LVU332
 1288 0000 10B5     		push	{r4, lr}
 1289              	.LCFI13:
 1290              		.cfi_def_cfa_offset 8
 1291              		.cfi_offset 4, -8
 1292              		.cfi_offset 14, -4
 1293              		.loc 1 602 3 view .LVU333
 1294 0002 FFF7FEFF 		bl	SE_NMI_ExceptionHandler
 1295              	.LVL94:
 603:Src/se_low_level.c **** }
 1296              		.loc 1 603 1 view .LVU334
 1297              		@ sp needed
 1298 0006 10BD     		pop	{r4, pc}
 1299              		.cfi_endproc
 1300              	.LFE197:
 1302              		.section	.text.SE_LL_CORE_Cleanup,"ax",%progbits
 1303              		.align	1
ARM GAS  /tmp/cczLaygH.s 			page 75


 1304              		.global	SE_LL_CORE_Cleanup
 1305              		.syntax unified
 1306              		.code	16
 1307              		.thumb_func
 1309              	SE_LL_CORE_Cleanup:
 1310              	.LFB198:
 604:Src/se_low_level.c **** 
 605:Src/se_low_level.c **** /**
 606:Src/se_low_level.c ****   * @brief  Cleanup SE CORE
 607:Src/se_low_level.c ****   * The function is called  during SE_LOCK_RESTRICT_SERVICES.
 608:Src/se_low_level.c ****   *
 609:Src/se_low_level.c ****   */
 610:Src/se_low_level.c **** void  SE_LL_CORE_Cleanup(void)
 611:Src/se_low_level.c **** {
 1311              		.loc 1 611 1 is_stmt 1 view -0
 1312              		.cfi_startproc
 1313              		@ args = 0, pretend = 0, frame = 0
 1314              		@ frame_needed = 0, uses_anonymous_args = 0
 612:Src/se_low_level.c **** #if defined(__ICCARM__)
 613:Src/se_low_level.c **** #pragma section = ".bss"
 614:Src/se_low_level.c **** #pragma section = ".data"
 615:Src/se_low_level.c ****   uint8_t *begin = __section_begin(".bss");
 616:Src/se_low_level.c ****   uint8_t *end = __section_end(".bss");
 617:Src/se_low_level.c ****   (void)memset(begin, 0x0, (size_t)(end - begin));
 618:Src/se_low_level.c ****   begin = __section_begin(".data");
 619:Src/se_low_level.c ****   end = __section_end(".data");
 620:Src/se_low_level.c ****   (void)memset(begin, 0x0, (size_t)(end - begin));
 621:Src/se_low_level.c **** #elif defined (__CC_ARM) || defined(__ARMCC_VERSION)
 622:Src/se_low_level.c ****   __arm_clean_data();
 623:Src/se_low_level.c **** #elif defined(__GNUC__)
 624:Src/se_low_level.c ****   __gcc_clean_data();
 1315              		.loc 1 624 3 view .LVU336
 611:Src/se_low_level.c **** #if defined(__ICCARM__)
 1316              		.loc 1 611 1 is_stmt 0 view .LVU337
 1317 0000 10B5     		push	{r4, lr}
 1318              	.LCFI14:
 1319              		.cfi_def_cfa_offset 8
 1320              		.cfi_offset 4, -8
 1321              		.cfi_offset 14, -4
 1322              		.loc 1 624 3 view .LVU338
 1323 0002 FFF7FEFF 		bl	__gcc_clean_data
 1324              	.LVL95:
 625:Src/se_low_level.c **** #endif /* __ICCARM__ */
 626:Src/se_low_level.c **** }
 1325              		.loc 1 626 1 view .LVU339
 1326              		@ sp needed
 1327 0006 10BD     		pop	{r4, pc}
 1328              		.cfi_endproc
 1329              	.LFE198:
 1331              		.section	.text.SE_LL_Lock_Keys,"ax",%progbits
 1332              		.align	1
 1333              		.global	SE_LL_Lock_Keys
 1334              		.syntax unified
 1335              		.code	16
 1336              		.thumb_func
 1338              	SE_LL_Lock_Keys:
 1339              	.LFB199:
ARM GAS  /tmp/cczLaygH.s 			page 76


 627:Src/se_low_level.c **** 
 628:Src/se_low_level.c **** /** @addtogroup SE_LOCK_KEYS_Exported_Functions
 629:Src/se_low_level.c ****   * @{
 630:Src/se_low_level.c ****   */
 631:Src/se_low_level.c **** 
 632:Src/se_low_level.c **** /**
 633:Src/se_low_level.c ****   * @brief  Lock the embedded keys used by SBSFU
 634:Src/se_low_level.c ****   * @param  None
 635:Src/se_low_level.c ****   * @retval SE_ErrorStatus SE_SUCCESS if successful, SE_ERROR otherwise
 636:Src/se_low_level.c ****   */
 637:Src/se_low_level.c **** SE_ErrorStatus SE_LL_Lock_Keys(void)
 638:Src/se_low_level.c **** {
 1340              		.loc 1 638 1 is_stmt 1 view -0
 1341              		.cfi_startproc
 1342              		@ args = 0, pretend = 0, frame = 0
 1343              		@ frame_needed = 0, uses_anonymous_args = 0
 1344              		@ link register save eliminated.
 639:Src/se_low_level.c ****   return SE_SUCCESS;
 1345              		.loc 1 639 3 view .LVU341
 640:Src/se_low_level.c **** }
 1346              		.loc 1 640 1 is_stmt 0 view .LVU342
 1347 0000 0048     		ldr	r0, .L116
 1348              		@ sp needed
 1349 0002 7047     		bx	lr
 1350              	.L117:
 1351              		.align	2
 1352              	.L116:
 1353 0004 0F311200 		.word	1192207
 1354              		.cfi_endproc
 1355              	.LFE199:
 1357              		.section	.bss.SE_DoubleECC_Error_Counter,"aw",%nobits
 1358              		.align	2
 1361              	SE_DoubleECC_Error_Counter:
 1362 0000 00000000 		.space	4
 1363              		.section	.bss.CrcHandle,"aw",%nobits
 1364              		.align	2
 1367              	CrcHandle:
 1368 0000 00000000 		.space	36
 1368      00000000 
 1368      00000000 
 1368      00000000 
 1368      00000000 
 1369              		.global	SlotEndAdd
 1370              		.section	.rodata.SlotEndAdd,"a"
 1371              		.align	2
 1374              	SlotEndAdd:
 1375 0000 00000000 		.word	0
 1376 0004 00000000 		.word	__ICFEDIT_SLOT_Active_1_end__
 1377 0008 00000000 		.word	__ICFEDIT_SLOT_Active_2_end__
 1378 000c 00000000 		.word	__ICFEDIT_SLOT_Active_3_end__
 1379 0010 00000000 		.word	0
 1380 0014 00000000 		.word	0
 1381 0018 00000000 		.word	0
 1382 001c 00000000 		.word	0
 1383              		.global	SlotStartAdd
 1384              		.section	.rodata.SlotStartAdd,"a"
 1385              		.align	2
ARM GAS  /tmp/cczLaygH.s 			page 77


 1388              	SlotStartAdd:
 1389 0000 00000000 		.word	0
 1390 0004 00000000 		.word	__ICFEDIT_SLOT_Active_1_start__
 1391 0008 00000000 		.word	__ICFEDIT_SLOT_Active_2_start__
 1392 000c 00000000 		.word	__ICFEDIT_SLOT_Active_3_start__
 1393 0010 00000000 		.word	0
 1394 0014 00000000 		.word	0
 1395 0018 00000000 		.word	0
 1396 001c 00000000 		.word	0
 1397              		.global	SlotHeaderAdd
 1398              		.section	.rodata.SlotHeaderAdd,"a"
 1399              		.align	2
 1402              	SlotHeaderAdd:
 1403 0000 00000000 		.word	0
 1404 0004 00000000 		.word	__ICFEDIT_SLOT_Active_1_header__
 1405 0008 00000000 		.word	__ICFEDIT_SLOT_Active_2_header__
 1406 000c 00000000 		.word	__ICFEDIT_SLOT_Active_3_header__
 1407 0010 00000000 		.word	0
 1408 0014 00000000 		.word	0
 1409 0018 00000000 		.word	0
 1410 001c 00000000 		.word	0
 1411              		.text
 1412              	.Letext0:
 1413              		.file 4 "/usr/lib/gcc/arm-none-eabi/13.2.1/include/stdint.h"
 1414              		.file 5 "../../../../..//Middlewares/ST/STM32_Secure_Engine/Core/se_def_core.h"
 1415              		.file 6 "Inc/se_def_metadata.h"
 1416              		.file 7 "../Linker_Common/STM32CubeIDE/mapping_export.h"
 1417              		.file 8 "../1_Image_SBSFU/SBSFU/App/sfu_fwimg_regions.h"
 1418              		.file 9 "../../../../..//Drivers/CMSIS/Device/ST/STM32G0xx/Include/stm32g071xx.h"
 1419              		.file 10 "../../../../..//Drivers/STM32G0xx_HAL_Driver/Inc/stm32g0xx_hal_def.h"
 1420              		.file 11 "../../../../..//Drivers/STM32G0xx_HAL_Driver/Inc/stm32g0xx_hal_crc.h"
 1421              		.file 12 "../../../../..//Drivers/STM32G0xx_HAL_Driver/Inc/stm32g0xx_hal_flash.h"
 1422              		.file 13 "Inc/se_low_level.h"
 1423              		.file 14 "../../../../..//Middlewares/ST/STM32_Secure_Engine/Core/se_exception.h"
 1424              		.file 15 "../../../../..//Drivers/STM32G0xx_HAL_Driver/Inc/stm32g0xx_hal_flash_ex.h"
ARM GAS  /tmp/cczLaygH.s 			page 78


DEFINED SYMBOLS
                            *ABS*:00000000 se_low_level.c
     /tmp/cczLaygH.s:19     .text.__NVIC_SystemReset:00000000 $t
     /tmp/cczLaygH.s:24     .text.__NVIC_SystemReset:00000000 __NVIC_SystemReset
     /tmp/cczLaygH.s:81     .text.__NVIC_SystemReset:00000014 $d
     /tmp/cczLaygH.s:87     .text.SE_LL_CRC_Config:00000000 $t
     /tmp/cczLaygH.s:93     .text.SE_LL_CRC_Config:00000000 SE_LL_CRC_Config
     /tmp/cczLaygH.s:148    .text.SE_LL_CRC_Config:00000028 $d
     /tmp/cczLaygH.s:1367   .bss.CrcHandle:00000000 CrcHandle
     /tmp/cczLaygH.s:156    .text.SE_LL_CRC_Init:00000000 $t
     /tmp/cczLaygH.s:162    .text.SE_LL_CRC_Init:00000000 SE_LL_CRC_Init
     /tmp/cczLaygH.s:211    .text.SE_LL_CRC_Init:0000001c $d
     /tmp/cczLaygH.s:216    .text.SE_LL_CRC_DeInit:00000000 $t
     /tmp/cczLaygH.s:222    .text.SE_LL_CRC_DeInit:00000000 SE_LL_CRC_DeInit
     /tmp/cczLaygH.s:256    .text.SE_LL_CRC_DeInit:00000018 $d
     /tmp/cczLaygH.s:263    .text.SE_LL_CRC_Calculate:00000000 $t
     /tmp/cczLaygH.s:269    .text.SE_LL_CRC_Calculate:00000000 SE_LL_CRC_Calculate
     /tmp/cczLaygH.s:303    .text.SE_LL_CRC_Calculate:00000010 $d
     /tmp/cczLaygH.s:308    .text.SE_LL_FLASH_Erase:00000000 $t
     /tmp/cczLaygH.s:314    .text.SE_LL_FLASH_Erase:00000000 SE_LL_FLASH_Erase
     /tmp/cczLaygH.s:463    .text.SE_LL_FLASH_Erase:00000054 $d
     /tmp/cczLaygH.s:471    .text.SE_LL_FLASH_Write:00000000 $t
     /tmp/cczLaygH.s:477    .text.SE_LL_FLASH_Write:00000000 SE_LL_FLASH_Write
     /tmp/cczLaygH.s:588    .text.SE_LL_FLASH_Write:0000004c $d
     /tmp/cczLaygH.s:596    .text.SE_LL_FLASH_Read:00000000 $t
     /tmp/cczLaygH.s:602    .text.SE_LL_FLASH_Read:00000000 SE_LL_FLASH_Read
     /tmp/cczLaygH.s:700    .text.SE_LL_FLASH_Read:00000044 $d
     /tmp/cczLaygH.s:1361   .bss.SE_DoubleECC_Error_Counter:00000000 SE_DoubleECC_Error_Counter
     /tmp/cczLaygH.s:709    .text.SE_LL_FLASH_EXT_Decrypt_Init:00000000 $t
     /tmp/cczLaygH.s:715    .text.SE_LL_FLASH_EXT_Decrypt_Init:00000000 SE_LL_FLASH_EXT_Decrypt_Init
     /tmp/cczLaygH.s:734    .text.SE_LL_FLASH_EXT_Decrypt_Init:00000004 $d
     /tmp/cczLaygH.s:739    .text.SE_LL_Buffer_in_ram:00000000 $t
     /tmp/cczLaygH.s:745    .text.SE_LL_Buffer_in_ram:00000000 SE_LL_Buffer_in_ram
     /tmp/cczLaygH.s:801    .text.SE_LL_Buffer_in_ram:00000024 $d
     /tmp/cczLaygH.s:808    .text.SE_LL_Buffer_in_SBSFU_ram:00000000 $t
     /tmp/cczLaygH.s:814    .text.SE_LL_Buffer_in_SBSFU_ram:00000000 SE_LL_Buffer_in_SBSFU_ram
     /tmp/cczLaygH.s:870    .text.SE_LL_Buffer_in_SBSFU_ram:00000024 $d
     /tmp/cczLaygH.s:877    .text.SE_LL_Buffer_part_of_SE_ram:00000000 $t
     /tmp/cczLaygH.s:883    .text.SE_LL_Buffer_part_of_SE_ram:00000000 SE_LL_Buffer_part_of_SE_ram
     /tmp/cczLaygH.s:949    .text.SE_LL_Buffer_part_of_SE_ram:0000002c $d
     /tmp/cczLaygH.s:956    .text.SE_LL_Buffer_part_of_SE_rom:00000000 $t
     /tmp/cczLaygH.s:962    .text.SE_LL_Buffer_part_of_SE_rom:00000000 SE_LL_Buffer_part_of_SE_rom
     /tmp/cczLaygH.s:1028   .text.SE_LL_Buffer_part_of_SE_rom:0000002c $d
     /tmp/cczLaygH.s:1035   .text.SE_LL_Save_Disable_Irq:00000000 $t
     /tmp/cczLaygH.s:1041   .text.SE_LL_Save_Disable_Irq:00000000 SE_LL_Save_Disable_Irq
     /tmp/cczLaygH.s:1060   .text.SE_LL_Save_Disable_Irq:00000004 $d
     /tmp/cczLaygH.s:1065   .text.SE_LL_Restore_Enable_Irq:00000000 $t
     /tmp/cczLaygH.s:1071   .text.SE_LL_Restore_Enable_Irq:00000000 SE_LL_Restore_Enable_Irq
     /tmp/cczLaygH.s:1084   .text.SE_LL_Restore_Enable_Irq:00000004 $d
     /tmp/cczLaygH.s:1089   .text.NMI_Handler:00000000 $t
     /tmp/cczLaygH.s:1095   .text.NMI_Handler:00000000 NMI_Handler
     /tmp/cczLaygH.s:1267   .text.NMI_Handler:0000006c $d
     /tmp/cczLaygH.s:1274   .text.HardFault_Handler:00000000 $t
     /tmp/cczLaygH.s:1280   .text.HardFault_Handler:00000000 HardFault_Handler
     /tmp/cczLaygH.s:1303   .text.SE_LL_CORE_Cleanup:00000000 $t
     /tmp/cczLaygH.s:1309   .text.SE_LL_CORE_Cleanup:00000000 SE_LL_CORE_Cleanup
     /tmp/cczLaygH.s:1332   .text.SE_LL_Lock_Keys:00000000 $t
ARM GAS  /tmp/cczLaygH.s 			page 79


     /tmp/cczLaygH.s:1338   .text.SE_LL_Lock_Keys:00000000 SE_LL_Lock_Keys
     /tmp/cczLaygH.s:1353   .text.SE_LL_Lock_Keys:00000004 $d
     /tmp/cczLaygH.s:1358   .bss.SE_DoubleECC_Error_Counter:00000000 $d
     /tmp/cczLaygH.s:1364   .bss.CrcHandle:00000000 $d
     /tmp/cczLaygH.s:1374   .rodata.SlotEndAdd:00000000 SlotEndAdd
     /tmp/cczLaygH.s:1371   .rodata.SlotEndAdd:00000000 $d
     /tmp/cczLaygH.s:1388   .rodata.SlotStartAdd:00000000 SlotStartAdd
     /tmp/cczLaygH.s:1385   .rodata.SlotStartAdd:00000000 $d
     /tmp/cczLaygH.s:1402   .rodata.SlotHeaderAdd:00000000 SlotHeaderAdd
     /tmp/cczLaygH.s:1399   .rodata.SlotHeaderAdd:00000000 $d
                           .group:00000000 wm4.0.e310b2036dcc8a4d3b16f3fea9ebd0de
                           .group:00000000 wm4.stdint.h.29.6d480f4ba0f60596e88234283d42444f
                           .group:00000000 wm4.se_def_core.h.21.4e4ed01aa34801a3fdac798922254e8b
                           .group:00000000 wm4.se_crypto_config.h.23.4877f252b7277cd509a204488365106b
                           .group:00000000 wm4.se_def_metadata.h.53.a6db72eb1c0ccedcf70ef4ddface5795
                           .group:00000000 wm4.app_sfu.h.52.55f63580740e4a8cb8213d7618f37604
                           .group:00000000 wm4.mapping_export.h.21.690e455ff83f2d626567681d657ba5ab
                           .group:00000000 wm4.sfu_fwimg_regions.h.41.fdbfe18d9222adf4f8312b4630fa88a0
                           .group:00000000 wm4.stm32g0xx_hal_conf.h.21.2418b000d87b23231c37db35ad77d0ea
                           .group:00000000 wm4.stm32g0xx.h.37.aadb526b10f0f4555648bb8fa7c96b30
                           .group:00000000 wm4.stm32g071xx.h.36.9469a89bf1e6c2a2fe25d20581d0f58b
                           .group:00000000 wm4.cmsis_version.h.32.0ac195c83bb4537824e6ad1c47474b79
                           .group:00000000 wm4.core_cm0plus.h.66.bb83319bcb10b4c5f12c477f85f2aa51
                           .group:00000000 wm4.cmsis_gcc.h.26.63926f8d3817e3a42e7f7ef2cd15156e
                           .group:00000000 wm4.core_cm0plus.h.127.cfee784d07c850b645554dc8add78e69
                           .group:00000000 wm4.mpu_armv7.h.32.83326921a797fa9d6f70449916b4b839
                           .group:00000000 wm4.stm32g071xx.h.155.9be12c2e48b47e8d66c20ceac374f1ee
                           .group:00000000 wm4.stm32g0xx.h.154.7f8452780a6fe1b4b4d5bfbf416cea0c
                           .group:00000000 wm4.stm32_hal_legacy.h.22.2f8f7f94da7216ffa6187bf113829094
                           .group:00000000 wm4.stddef.h.39.0dc9006b34572d4d9cae4c8b422c4971
                           .group:00000000 wm4.stm32g0xx_hal_def.h.57.7810ceeb3f277465a11a202f246b14c8
                           .group:00000000 wm4.stm32g0xx_ll_rcc.h.20.b48ad5e6c80881ce9d548f86592ad1d8
                           .group:00000000 wm4.stm32g0xx_hal_rcc.h.43.40a2deb1468b47dcb7de4a6adda92374
                           .group:00000000 wm4.stm32g0xx_hal_rcc_ex.h.20.c2035e135ea57d6c1c2839329f24a562
                           .group:00000000 wm4.stm32g0xx_hal_gpio.h.21.abd5f8c60de2afe2676b3cc6a4b2c068
                           .group:00000000 wm4.stm32g0xx_hal_gpio_ex.h.21.c1a1c19cef6d6a2cf049535a12fe7f6a
                           .group:00000000 wm4.stm32g0xx_hal_crc.h.21.8c2791752a3f5c79fed6a23e2361d260
                           .group:00000000 wm4.stm32g0xx_hal_crc_ex.h.21.13b666a67e761630a3250514972d9a47
                           .group:00000000 wm4.stm32g0xx_hal_flash.h.20.e512dd9a8958277cc7dd512f2312ae8a
                           .group:00000000 wm4.stm32g0xx_hal_flash_ex.h.20.2a1daa1e7e7bd4a16651545fee4a1fbb
                           .group:00000000 wm4.stm32g0xx_hal_flash.h.874.3e4bc5d8948716c644009bcc9a4f3f60
                           .group:00000000 wm4.stm32g0xx_hal_pwr.h.21.7d5b107b2d1b54bfd27bcb92ed3281e0
                           .group:00000000 wm4.stm32g0xx_hal_pwr_ex.h.21.01c718c420189d18e9ec3e46e6e9261f
                           .group:00000000 wm4.stm32g0xx_hal.h.66.28db47a9e4ed9349693c6c0c6101689d
                           .group:00000000 wm4.se_low_level.h.69.817001c691b349e6e02ccaa65ab75b6a
                           .group:00000000 wm4._newlib_version.h.4.411db44ea2338a62eca2f0777f81481b
                           .group:00000000 wm4.newlib.h.27.07bf1b8b16da454ae07478107717878b
                           .group:00000000 wm4.ieeefp.h.77.fbf6f2f498a71d39a0aaf172d6680419
                           .group:00000000 wm4.features.h.22.4e5514d51694f64cae235f84d9e565a5
                           .group:00000000 wm4.config.h.224.10ee1ad185d877c6e334e6581faab44d
                           .group:00000000 wm4._ansi.h.31.de524f58584151836e90d8620a16f8e8
                           .group:00000000 wm4._default_types.h.6.959254cf5f09734ea7516c89e8bb21bd
                           .group:00000000 wm4.cdefs.h.49.70fc7af612f78ddcace70fdd90b5623b
                           .group:00000000 wm4._types.h.20.dd0d04dca3800a0d2a6129b87f3adbb2
                           .group:00000000 wm4.stddef.h.158.6f8e08a347b1cff664332fa350bfceb3
                           .group:00000000 wm4._types.h.127.3bdfe3ff8ea2d0985b03d9cbe93480e3
                           .group:00000000 wm4.reent.h.18.25503cdc8b7e55dd0d6ea7b3e5af7a03
ARM GAS  /tmp/cczLaygH.s 			page 80


                           .group:00000000 wm4.lock.h.2.c0958401bd0ce484d507ee19aacab817
                           .group:00000000 wm4.reent.h.78.7f0775353a33c852a1479c008f68cd03
                           .group:00000000 wm4.string.h.15.dab3980bf35408a4c507182805e2de3a
                           .group:00000000 wm4.stddef.h.158.eec8bf00b5213f43d095cb984c5f22e3

UNDEFINED SYMBOLS
HAL_CRC_Init
HAL_CRC_DeInit
HAL_CRC_Calculate
HAL_FLASH_Unlock
HAL_FLASHEx_Erase
HAL_FLASH_Lock
HAL_FLASH_Program
__ICFEDIT_SLOT_Active_1_header__
__ICFEDIT_SB_region_RAM_end__
__ICFEDIT_SE_region_RAM_end__
__ICFEDIT_SB_region_RAM_start__
__ICFEDIT_SE_region_RAM_start__
__ICFEDIT_SE_Code_region_ROM_start__
__ICFEDIT_SE_Code_region_ROM_end__
SE_NMI_ExceptionHandler
__gcc_clean_data
__ICFEDIT_SLOT_Active_1_end__
__ICFEDIT_SLOT_Active_2_end__
__ICFEDIT_SLOT_Active_3_end__
__ICFEDIT_SLOT_Active_1_start__
__ICFEDIT_SLOT_Active_2_start__
__ICFEDIT_SLOT_Active_3_start__
__ICFEDIT_SLOT_Active_2_header__
__ICFEDIT_SLOT_Active_3_header__
