ARM GAS  /tmp/cck6bGLc.s 			page 1


   1              		.cpu cortex-m0plus
   2              		.arch armv6s-m
   3              		.fpu softvfp
   4              		.eabi_attribute 20, 1
   5              		.eabi_attribute 21, 1
   6              		.eabi_attribute 23, 3
   7              		.eabi_attribute 24, 1
   8              		.eabi_attribute 25, 1
   9              		.eabi_attribute 26, 1
  10              		.eabi_attribute 30, 4
  11              		.eabi_attribute 34, 0
  12              		.eabi_attribute 18, 4
  13              		.file	"stm32g0xx_hal_flash_ex.c"
  14              		.text
  15              	.Ltext0:
  16              		.cfi_sections	.debug_frame
  17              		.file 1 "../../../../..//Drivers/STM32G0xx_HAL_Driver/Src/stm32g0xx_hal_flash_ex.c"
  18              		.section	.text.HAL_FLASHEx_OBProgram,"ax",%progbits
  19              		.align	1
  20              		.global	HAL_FLASHEx_OBProgram
  21              		.syntax unified
  22              		.code	16
  23              		.thumb_func
  25              	HAL_FLASHEx_OBProgram:
  26              	.LVL0:
  27              	.LFB182:
   1:../../../../..//Drivers/STM32G0xx_HAL_Driver/Src/stm32g0xx_hal_flash_ex.c **** /**
   2:../../../../..//Drivers/STM32G0xx_HAL_Driver/Src/stm32g0xx_hal_flash_ex.c ****   ******************************************************************************
   3:../../../../..//Drivers/STM32G0xx_HAL_Driver/Src/stm32g0xx_hal_flash_ex.c ****   * @file    stm32g0xx_hal_flash_ex.c
   4:../../../../..//Drivers/STM32G0xx_HAL_Driver/Src/stm32g0xx_hal_flash_ex.c ****   * @author  MCD Application Team
   5:../../../../..//Drivers/STM32G0xx_HAL_Driver/Src/stm32g0xx_hal_flash_ex.c ****   * @brief   Extended FLASH HAL module driver.
   6:../../../../..//Drivers/STM32G0xx_HAL_Driver/Src/stm32g0xx_hal_flash_ex.c ****   *          This file provides firmware functions to manage the following
   7:../../../../..//Drivers/STM32G0xx_HAL_Driver/Src/stm32g0xx_hal_flash_ex.c ****   *          functionalities of the FLASH extended peripheral:
   8:../../../../..//Drivers/STM32G0xx_HAL_Driver/Src/stm32g0xx_hal_flash_ex.c ****   *           + Extended programming operations functions
   9:../../../../..//Drivers/STM32G0xx_HAL_Driver/Src/stm32g0xx_hal_flash_ex.c ****   *
  10:../../../../..//Drivers/STM32G0xx_HAL_Driver/Src/stm32g0xx_hal_flash_ex.c ****  @verbatim
  11:../../../../..//Drivers/STM32G0xx_HAL_Driver/Src/stm32g0xx_hal_flash_ex.c ****  ==============================================================================
  12:../../../../..//Drivers/STM32G0xx_HAL_Driver/Src/stm32g0xx_hal_flash_ex.c ****                    ##### Flash Extended features #####
  13:../../../../..//Drivers/STM32G0xx_HAL_Driver/Src/stm32g0xx_hal_flash_ex.c ****   ==============================================================================
  14:../../../../..//Drivers/STM32G0xx_HAL_Driver/Src/stm32g0xx_hal_flash_ex.c **** 
  15:../../../../..//Drivers/STM32G0xx_HAL_Driver/Src/stm32g0xx_hal_flash_ex.c ****   [..] Comparing to other previous devices, the FLASH interface for STM32G0xx
  16:../../../../..//Drivers/STM32G0xx_HAL_Driver/Src/stm32g0xx_hal_flash_ex.c ****        devices contains the following additional features
  17:../../../../..//Drivers/STM32G0xx_HAL_Driver/Src/stm32g0xx_hal_flash_ex.c **** 
  18:../../../../..//Drivers/STM32G0xx_HAL_Driver/Src/stm32g0xx_hal_flash_ex.c ****        (+) Capacity up to 128 Kbytes with single bank architecture supporting read-while-write
  19:../../../../..//Drivers/STM32G0xx_HAL_Driver/Src/stm32g0xx_hal_flash_ex.c ****            capability (RWW)
  20:../../../../..//Drivers/STM32G0xx_HAL_Driver/Src/stm32g0xx_hal_flash_ex.c ****        (+) Single bank memory organization
  21:../../../../..//Drivers/STM32G0xx_HAL_Driver/Src/stm32g0xx_hal_flash_ex.c ****        (+) PCROP protection
  22:../../../../..//Drivers/STM32G0xx_HAL_Driver/Src/stm32g0xx_hal_flash_ex.c **** 
  23:../../../../..//Drivers/STM32G0xx_HAL_Driver/Src/stm32g0xx_hal_flash_ex.c ****                         ##### How to use this driver #####
  24:../../../../..//Drivers/STM32G0xx_HAL_Driver/Src/stm32g0xx_hal_flash_ex.c ****  ==============================================================================
  25:../../../../..//Drivers/STM32G0xx_HAL_Driver/Src/stm32g0xx_hal_flash_ex.c ****   [..] This driver provides functions to configure and program the FLASH memory
  26:../../../../..//Drivers/STM32G0xx_HAL_Driver/Src/stm32g0xx_hal_flash_ex.c ****        of all STM32G0xx devices. It includes
  27:../../../../..//Drivers/STM32G0xx_HAL_Driver/Src/stm32g0xx_hal_flash_ex.c ****       (#) Flash Memory Erase functions:
  28:../../../../..//Drivers/STM32G0xx_HAL_Driver/Src/stm32g0xx_hal_flash_ex.c ****            (++) Lock and Unlock the FLASH interface using HAL_FLASH_Unlock() and
  29:../../../../..//Drivers/STM32G0xx_HAL_Driver/Src/stm32g0xx_hal_flash_ex.c ****                 HAL_FLASH_Lock() functions
  30:../../../../..//Drivers/STM32G0xx_HAL_Driver/Src/stm32g0xx_hal_flash_ex.c ****            (++) Erase function: Erase page, erase all sectors
  31:../../../../..//Drivers/STM32G0xx_HAL_Driver/Src/stm32g0xx_hal_flash_ex.c ****            (++) There are two modes of erase :
ARM GAS  /tmp/cck6bGLc.s 			page 2


  32:../../../../..//Drivers/STM32G0xx_HAL_Driver/Src/stm32g0xx_hal_flash_ex.c ****              (+++) Polling Mode using HAL_FLASHEx_Erase()
  33:../../../../..//Drivers/STM32G0xx_HAL_Driver/Src/stm32g0xx_hal_flash_ex.c ****              (+++) Interrupt Mode using HAL_FLASHEx_Erase_IT()
  34:../../../../..//Drivers/STM32G0xx_HAL_Driver/Src/stm32g0xx_hal_flash_ex.c **** 
  35:../../../../..//Drivers/STM32G0xx_HAL_Driver/Src/stm32g0xx_hal_flash_ex.c ****       (#) Option Bytes Programming function: Use HAL_FLASHEx_OBProgram() to :
  36:../../../../..//Drivers/STM32G0xx_HAL_Driver/Src/stm32g0xx_hal_flash_ex.c ****         (++) Set/Reset the write protection
  37:../../../../..//Drivers/STM32G0xx_HAL_Driver/Src/stm32g0xx_hal_flash_ex.c ****         (++) Set the Read protection Level
  38:../../../../..//Drivers/STM32G0xx_HAL_Driver/Src/stm32g0xx_hal_flash_ex.c ****         (++) Program the user Option Bytes
  39:../../../../..//Drivers/STM32G0xx_HAL_Driver/Src/stm32g0xx_hal_flash_ex.c ****         (++) Configure the PCROP protection
  40:../../../../..//Drivers/STM32G0xx_HAL_Driver/Src/stm32g0xx_hal_flash_ex.c ****         (++) Set Securable memory area and boot entry point
  41:../../../../..//Drivers/STM32G0xx_HAL_Driver/Src/stm32g0xx_hal_flash_ex.c **** 
  42:../../../../..//Drivers/STM32G0xx_HAL_Driver/Src/stm32g0xx_hal_flash_ex.c ****       (#) Get Option Bytes Configuration function: Use HAL_FLASHEx_OBGetConfig() to :
  43:../../../../..//Drivers/STM32G0xx_HAL_Driver/Src/stm32g0xx_hal_flash_ex.c ****         (++) Get the value of a write protection area
  44:../../../../..//Drivers/STM32G0xx_HAL_Driver/Src/stm32g0xx_hal_flash_ex.c ****         (++) Know if the read protection is activated
  45:../../../../..//Drivers/STM32G0xx_HAL_Driver/Src/stm32g0xx_hal_flash_ex.c ****         (++) Get the value of the user Option Bytes
  46:../../../../..//Drivers/STM32G0xx_HAL_Driver/Src/stm32g0xx_hal_flash_ex.c ****         (++) Get Securable memory area and boot entry point information
  47:../../../../..//Drivers/STM32G0xx_HAL_Driver/Src/stm32g0xx_hal_flash_ex.c **** 
  48:../../../../..//Drivers/STM32G0xx_HAL_Driver/Src/stm32g0xx_hal_flash_ex.c ****       (#) Enable or disable debugger usage using HAL_FLASHEx_EnableDebugger and
  49:../../../../..//Drivers/STM32G0xx_HAL_Driver/Src/stm32g0xx_hal_flash_ex.c ****           HAL_FLASHEx_DisableDebugger.
  50:../../../../..//Drivers/STM32G0xx_HAL_Driver/Src/stm32g0xx_hal_flash_ex.c **** 
  51:../../../../..//Drivers/STM32G0xx_HAL_Driver/Src/stm32g0xx_hal_flash_ex.c ****       (#) Check is flash content is empty or not using HAL_FLASHEx_FlashEmptyCheck.
  52:../../../../..//Drivers/STM32G0xx_HAL_Driver/Src/stm32g0xx_hal_flash_ex.c ****           and modify this setting (for flash loader purpose e.g.) using
  53:../../../../..//Drivers/STM32G0xx_HAL_Driver/Src/stm32g0xx_hal_flash_ex.c ****           HAL_FLASHEx_ForceFlashEmpty.
  54:../../../../..//Drivers/STM32G0xx_HAL_Driver/Src/stm32g0xx_hal_flash_ex.c **** 
  55:../../../../..//Drivers/STM32G0xx_HAL_Driver/Src/stm32g0xx_hal_flash_ex.c ****       (#) Enable securable memory area protectionusing HAL_FLASHEx_EnableSecMemProtection
  56:../../../../..//Drivers/STM32G0xx_HAL_Driver/Src/stm32g0xx_hal_flash_ex.c **** 
  57:../../../../..//Drivers/STM32G0xx_HAL_Driver/Src/stm32g0xx_hal_flash_ex.c ****  @endverbatim
  58:../../../../..//Drivers/STM32G0xx_HAL_Driver/Src/stm32g0xx_hal_flash_ex.c ****   ******************************************************************************
  59:../../../../..//Drivers/STM32G0xx_HAL_Driver/Src/stm32g0xx_hal_flash_ex.c ****   * @attention
  60:../../../../..//Drivers/STM32G0xx_HAL_Driver/Src/stm32g0xx_hal_flash_ex.c ****   *
  61:../../../../..//Drivers/STM32G0xx_HAL_Driver/Src/stm32g0xx_hal_flash_ex.c ****   * Copyright (c) 2018 STMicroelectronics.
  62:../../../../..//Drivers/STM32G0xx_HAL_Driver/Src/stm32g0xx_hal_flash_ex.c ****   * All rights reserved.
  63:../../../../..//Drivers/STM32G0xx_HAL_Driver/Src/stm32g0xx_hal_flash_ex.c ****   *
  64:../../../../..//Drivers/STM32G0xx_HAL_Driver/Src/stm32g0xx_hal_flash_ex.c ****   * This software is licensed under terms that can be found in the LICENSE file in
  65:../../../../..//Drivers/STM32G0xx_HAL_Driver/Src/stm32g0xx_hal_flash_ex.c ****   * the root directory of this software component.
  66:../../../../..//Drivers/STM32G0xx_HAL_Driver/Src/stm32g0xx_hal_flash_ex.c ****   * If no LICENSE file comes with this software, it is provided AS-IS.
  67:../../../../..//Drivers/STM32G0xx_HAL_Driver/Src/stm32g0xx_hal_flash_ex.c ****   ******************************************************************************
  68:../../../../..//Drivers/STM32G0xx_HAL_Driver/Src/stm32g0xx_hal_flash_ex.c ****   */
  69:../../../../..//Drivers/STM32G0xx_HAL_Driver/Src/stm32g0xx_hal_flash_ex.c **** 
  70:../../../../..//Drivers/STM32G0xx_HAL_Driver/Src/stm32g0xx_hal_flash_ex.c **** /* Includes ------------------------------------------------------------------*/
  71:../../../../..//Drivers/STM32G0xx_HAL_Driver/Src/stm32g0xx_hal_flash_ex.c **** #include "stm32g0xx_hal.h"
  72:../../../../..//Drivers/STM32G0xx_HAL_Driver/Src/stm32g0xx_hal_flash_ex.c **** 
  73:../../../../..//Drivers/STM32G0xx_HAL_Driver/Src/stm32g0xx_hal_flash_ex.c **** /** @addtogroup STM32G0xx_HAL_Driver
  74:../../../../..//Drivers/STM32G0xx_HAL_Driver/Src/stm32g0xx_hal_flash_ex.c ****   * @{
  75:../../../../..//Drivers/STM32G0xx_HAL_Driver/Src/stm32g0xx_hal_flash_ex.c ****   */
  76:../../../../..//Drivers/STM32G0xx_HAL_Driver/Src/stm32g0xx_hal_flash_ex.c **** 
  77:../../../../..//Drivers/STM32G0xx_HAL_Driver/Src/stm32g0xx_hal_flash_ex.c **** /** @defgroup FLASHEx FLASHEx
  78:../../../../..//Drivers/STM32G0xx_HAL_Driver/Src/stm32g0xx_hal_flash_ex.c ****   * @brief FLASH Extended HAL module driver
  79:../../../../..//Drivers/STM32G0xx_HAL_Driver/Src/stm32g0xx_hal_flash_ex.c ****   * @{
  80:../../../../..//Drivers/STM32G0xx_HAL_Driver/Src/stm32g0xx_hal_flash_ex.c ****   */
  81:../../../../..//Drivers/STM32G0xx_HAL_Driver/Src/stm32g0xx_hal_flash_ex.c **** 
  82:../../../../..//Drivers/STM32G0xx_HAL_Driver/Src/stm32g0xx_hal_flash_ex.c **** #ifdef HAL_FLASH_MODULE_ENABLED
  83:../../../../..//Drivers/STM32G0xx_HAL_Driver/Src/stm32g0xx_hal_flash_ex.c **** 
  84:../../../../..//Drivers/STM32G0xx_HAL_Driver/Src/stm32g0xx_hal_flash_ex.c **** /* Private typedef -----------------------------------------------------------*/
  85:../../../../..//Drivers/STM32G0xx_HAL_Driver/Src/stm32g0xx_hal_flash_ex.c **** /* Private define ------------------------------------------------------------*/
  86:../../../../..//Drivers/STM32G0xx_HAL_Driver/Src/stm32g0xx_hal_flash_ex.c **** /* Private macro -------------------------------------------------------------*/
  87:../../../../..//Drivers/STM32G0xx_HAL_Driver/Src/stm32g0xx_hal_flash_ex.c **** /* Private variables ---------------------------------------------------------*/
  88:../../../../..//Drivers/STM32G0xx_HAL_Driver/Src/stm32g0xx_hal_flash_ex.c **** /* Private function prototypes -----------------------------------------------*/
ARM GAS  /tmp/cck6bGLc.s 			page 3


  89:../../../../..//Drivers/STM32G0xx_HAL_Driver/Src/stm32g0xx_hal_flash_ex.c **** /** @defgroup FLASHEx_Private_Functions FLASHEx Private Functions
  90:../../../../..//Drivers/STM32G0xx_HAL_Driver/Src/stm32g0xx_hal_flash_ex.c ****   * @{
  91:../../../../..//Drivers/STM32G0xx_HAL_Driver/Src/stm32g0xx_hal_flash_ex.c ****   */
  92:../../../../..//Drivers/STM32G0xx_HAL_Driver/Src/stm32g0xx_hal_flash_ex.c **** static void               FLASH_MassErase(uint32_t Banks);
  93:../../../../..//Drivers/STM32G0xx_HAL_Driver/Src/stm32g0xx_hal_flash_ex.c **** void                      FLASH_FlushCaches(void);
  94:../../../../..//Drivers/STM32G0xx_HAL_Driver/Src/stm32g0xx_hal_flash_ex.c **** static void               FLASH_OB_WRPConfig(uint32_t WRPArea, uint32_t WRPStartOffset, uint32_t WR
  95:../../../../..//Drivers/STM32G0xx_HAL_Driver/Src/stm32g0xx_hal_flash_ex.c **** static void               FLASH_OB_GetWRP(uint32_t WRPArea, uint32_t *WRPStartOffset, uint32_t *WRD
  96:../../../../..//Drivers/STM32G0xx_HAL_Driver/Src/stm32g0xx_hal_flash_ex.c **** static void               FLASH_OB_OptrConfig(uint32_t UserType, uint32_t UserConfig, uint32_t RDPL
  97:../../../../..//Drivers/STM32G0xx_HAL_Driver/Src/stm32g0xx_hal_flash_ex.c **** static uint32_t           FLASH_OB_GetRDP(void);
  98:../../../../..//Drivers/STM32G0xx_HAL_Driver/Src/stm32g0xx_hal_flash_ex.c **** static uint32_t           FLASH_OB_GetUser(void);
  99:../../../../..//Drivers/STM32G0xx_HAL_Driver/Src/stm32g0xx_hal_flash_ex.c **** #if defined(FLASH_PCROP_SUPPORT)
 100:../../../../..//Drivers/STM32G0xx_HAL_Driver/Src/stm32g0xx_hal_flash_ex.c **** static void               FLASH_OB_PCROP1AConfig(uint32_t PCROPConfig, uint32_t PCROP1AStartAddr,
 101:../../../../..//Drivers/STM32G0xx_HAL_Driver/Src/stm32g0xx_hal_flash_ex.c ****                                                  uint32_t PCROP1AEndAddr);
 102:../../../../..//Drivers/STM32G0xx_HAL_Driver/Src/stm32g0xx_hal_flash_ex.c **** static void               FLASH_OB_PCROP1BConfig(uint32_t PCROP1BStartAddr, uint32_t PCROP1BEndAddr
 103:../../../../..//Drivers/STM32G0xx_HAL_Driver/Src/stm32g0xx_hal_flash_ex.c **** static void               FLASH_OB_GetPCROP1A(uint32_t *PCROPConfig, uint32_t *PCROP1AStartAddr,
 104:../../../../..//Drivers/STM32G0xx_HAL_Driver/Src/stm32g0xx_hal_flash_ex.c ****                                               uint32_t *PCROP1AEndAddr);
 105:../../../../..//Drivers/STM32G0xx_HAL_Driver/Src/stm32g0xx_hal_flash_ex.c **** static void               FLASH_OB_GetPCROP1B(uint32_t *PCROP1BStartAddr, uint32_t *PCROP1BEndAddr)
 106:../../../../..//Drivers/STM32G0xx_HAL_Driver/Src/stm32g0xx_hal_flash_ex.c **** #if defined(FLASH_DBANK_SUPPORT)
 107:../../../../..//Drivers/STM32G0xx_HAL_Driver/Src/stm32g0xx_hal_flash_ex.c **** static void               FLASH_OB_PCROP2AConfig(uint32_t PCROP2AStartAddr, uint32_t PCROP2AEndAddr
 108:../../../../..//Drivers/STM32G0xx_HAL_Driver/Src/stm32g0xx_hal_flash_ex.c **** static void               FLASH_OB_PCROP2BConfig(uint32_t PCROP2BStartAddr, uint32_t PCROP2BEndAddr
 109:../../../../..//Drivers/STM32G0xx_HAL_Driver/Src/stm32g0xx_hal_flash_ex.c **** static void               FLASH_OB_GetPCROP2A(uint32_t *PCROP2AStartAddr, uint32_t *PCROP2AEndAddr)
 110:../../../../..//Drivers/STM32G0xx_HAL_Driver/Src/stm32g0xx_hal_flash_ex.c **** static void               FLASH_OB_GetPCROP2B(uint32_t *PCROP2BStartAddr, uint32_t *PCROP2BEndAddr)
 111:../../../../..//Drivers/STM32G0xx_HAL_Driver/Src/stm32g0xx_hal_flash_ex.c **** #endif /* FLASH_DBANK_SUPPORT */
 112:../../../../..//Drivers/STM32G0xx_HAL_Driver/Src/stm32g0xx_hal_flash_ex.c **** #endif /* FLASH_PCROP_SUPPORT */
 113:../../../../..//Drivers/STM32G0xx_HAL_Driver/Src/stm32g0xx_hal_flash_ex.c **** #if defined(FLASH_SECURABLE_MEMORY_SUPPORT)
 114:../../../../..//Drivers/STM32G0xx_HAL_Driver/Src/stm32g0xx_hal_flash_ex.c **** #if defined(FLASH_DBANK_SUPPORT)
 115:../../../../..//Drivers/STM32G0xx_HAL_Driver/Src/stm32g0xx_hal_flash_ex.c **** static void               FLASH_OB_SecMemConfig(uint32_t BootEntry, uint32_t SecSize, uint32_t SecS
 116:../../../../..//Drivers/STM32G0xx_HAL_Driver/Src/stm32g0xx_hal_flash_ex.c **** static void               FLASH_OB_GetSecMem(uint32_t *BootEntry, uint32_t *SecSize, uint32_t *SecS
 117:../../../../..//Drivers/STM32G0xx_HAL_Driver/Src/stm32g0xx_hal_flash_ex.c **** #else
 118:../../../../..//Drivers/STM32G0xx_HAL_Driver/Src/stm32g0xx_hal_flash_ex.c **** static void               FLASH_OB_SecMemConfig(uint32_t BootEntry, uint32_t SecSize);
 119:../../../../..//Drivers/STM32G0xx_HAL_Driver/Src/stm32g0xx_hal_flash_ex.c **** static void               FLASH_OB_GetSecMem(uint32_t *BootEntry, uint32_t *SecSize);
 120:../../../../..//Drivers/STM32G0xx_HAL_Driver/Src/stm32g0xx_hal_flash_ex.c **** #endif /* FLASH_DBANK_SUPPORT */
 121:../../../../..//Drivers/STM32G0xx_HAL_Driver/Src/stm32g0xx_hal_flash_ex.c **** #endif /* FLASH_SECURABLE_MEMORY_SUPPORT */
 122:../../../../..//Drivers/STM32G0xx_HAL_Driver/Src/stm32g0xx_hal_flash_ex.c **** /**
 123:../../../../..//Drivers/STM32G0xx_HAL_Driver/Src/stm32g0xx_hal_flash_ex.c ****   * @}
 124:../../../../..//Drivers/STM32G0xx_HAL_Driver/Src/stm32g0xx_hal_flash_ex.c ****   */
 125:../../../../..//Drivers/STM32G0xx_HAL_Driver/Src/stm32g0xx_hal_flash_ex.c **** 
 126:../../../../..//Drivers/STM32G0xx_HAL_Driver/Src/stm32g0xx_hal_flash_ex.c **** /* Exported functions -------------------------------------------------------*/
 127:../../../../..//Drivers/STM32G0xx_HAL_Driver/Src/stm32g0xx_hal_flash_ex.c **** /** @defgroup FLASHEx_Exported_Functions FLASH Extended Exported Functions
 128:../../../../..//Drivers/STM32G0xx_HAL_Driver/Src/stm32g0xx_hal_flash_ex.c ****   * @{
 129:../../../../..//Drivers/STM32G0xx_HAL_Driver/Src/stm32g0xx_hal_flash_ex.c ****   */
 130:../../../../..//Drivers/STM32G0xx_HAL_Driver/Src/stm32g0xx_hal_flash_ex.c **** 
 131:../../../../..//Drivers/STM32G0xx_HAL_Driver/Src/stm32g0xx_hal_flash_ex.c **** /** @defgroup FLASHEx_Exported_Functions_Group1 Extended IO operation functions
 132:../../../../..//Drivers/STM32G0xx_HAL_Driver/Src/stm32g0xx_hal_flash_ex.c ****   *  @brief   Extended IO operation functions
 133:../../../../..//Drivers/STM32G0xx_HAL_Driver/Src/stm32g0xx_hal_flash_ex.c ****   *
 134:../../../../..//Drivers/STM32G0xx_HAL_Driver/Src/stm32g0xx_hal_flash_ex.c **** @verbatim
 135:../../../../..//Drivers/STM32G0xx_HAL_Driver/Src/stm32g0xx_hal_flash_ex.c ****  ===============================================================================
 136:../../../../..//Drivers/STM32G0xx_HAL_Driver/Src/stm32g0xx_hal_flash_ex.c ****                 ##### Extended programming operation functions #####
 137:../../../../..//Drivers/STM32G0xx_HAL_Driver/Src/stm32g0xx_hal_flash_ex.c ****  ===============================================================================
 138:../../../../..//Drivers/STM32G0xx_HAL_Driver/Src/stm32g0xx_hal_flash_ex.c ****     [..]
 139:../../../../..//Drivers/STM32G0xx_HAL_Driver/Src/stm32g0xx_hal_flash_ex.c ****     This subsection provides a set of functions allowing to manage the Extended FLASH
 140:../../../../..//Drivers/STM32G0xx_HAL_Driver/Src/stm32g0xx_hal_flash_ex.c ****     programming operations Operations.
 141:../../../../..//Drivers/STM32G0xx_HAL_Driver/Src/stm32g0xx_hal_flash_ex.c **** 
 142:../../../../..//Drivers/STM32G0xx_HAL_Driver/Src/stm32g0xx_hal_flash_ex.c **** @endverbatim
 143:../../../../..//Drivers/STM32G0xx_HAL_Driver/Src/stm32g0xx_hal_flash_ex.c ****   * @{
 144:../../../../..//Drivers/STM32G0xx_HAL_Driver/Src/stm32g0xx_hal_flash_ex.c ****   */
 145:../../../../..//Drivers/STM32G0xx_HAL_Driver/Src/stm32g0xx_hal_flash_ex.c **** /**
ARM GAS  /tmp/cck6bGLc.s 			page 4


 146:../../../../..//Drivers/STM32G0xx_HAL_Driver/Src/stm32g0xx_hal_flash_ex.c ****   * @brief  Perform a mass erase or erase the specified FLASH memory pages.
 147:../../../../..//Drivers/STM32G0xx_HAL_Driver/Src/stm32g0xx_hal_flash_ex.c ****   * @param[in]  pEraseInit Pointer to an @ref FLASH_EraseInitTypeDef structure that
 148:../../../../..//Drivers/STM32G0xx_HAL_Driver/Src/stm32g0xx_hal_flash_ex.c ****   *         contains the configuration information for the erasing.
 149:../../../../..//Drivers/STM32G0xx_HAL_Driver/Src/stm32g0xx_hal_flash_ex.c ****   * @param[out]  PageError Pointer to variable that contains the configuration
 150:../../../../..//Drivers/STM32G0xx_HAL_Driver/Src/stm32g0xx_hal_flash_ex.c ****   *         information on faulty page in case of error (0xFFFFFFFF means that all
 151:../../../../..//Drivers/STM32G0xx_HAL_Driver/Src/stm32g0xx_hal_flash_ex.c ****   *         the pages have been correctly erased)
 152:../../../../..//Drivers/STM32G0xx_HAL_Driver/Src/stm32g0xx_hal_flash_ex.c ****   * @retval HAL Status
 153:../../../../..//Drivers/STM32G0xx_HAL_Driver/Src/stm32g0xx_hal_flash_ex.c ****   */
 154:../../../../..//Drivers/STM32G0xx_HAL_Driver/Src/stm32g0xx_hal_flash_ex.c **** HAL_StatusTypeDef HAL_FLASHEx_Erase(FLASH_EraseInitTypeDef *pEraseInit, uint32_t *PageError)
 155:../../../../..//Drivers/STM32G0xx_HAL_Driver/Src/stm32g0xx_hal_flash_ex.c **** {
 156:../../../../..//Drivers/STM32G0xx_HAL_Driver/Src/stm32g0xx_hal_flash_ex.c ****   HAL_StatusTypeDef status;
 157:../../../../..//Drivers/STM32G0xx_HAL_Driver/Src/stm32g0xx_hal_flash_ex.c ****   uint32_t index;
 158:../../../../..//Drivers/STM32G0xx_HAL_Driver/Src/stm32g0xx_hal_flash_ex.c **** 
 159:../../../../..//Drivers/STM32G0xx_HAL_Driver/Src/stm32g0xx_hal_flash_ex.c ****   /* Check the parameters */
 160:../../../../..//Drivers/STM32G0xx_HAL_Driver/Src/stm32g0xx_hal_flash_ex.c ****   assert_param(IS_FLASH_TYPEERASE(pEraseInit->TypeErase));
 161:../../../../..//Drivers/STM32G0xx_HAL_Driver/Src/stm32g0xx_hal_flash_ex.c **** 
 162:../../../../..//Drivers/STM32G0xx_HAL_Driver/Src/stm32g0xx_hal_flash_ex.c ****   /* Process Locked */
 163:../../../../..//Drivers/STM32G0xx_HAL_Driver/Src/stm32g0xx_hal_flash_ex.c ****   __HAL_LOCK(&pFlash);
 164:../../../../..//Drivers/STM32G0xx_HAL_Driver/Src/stm32g0xx_hal_flash_ex.c **** 
 165:../../../../..//Drivers/STM32G0xx_HAL_Driver/Src/stm32g0xx_hal_flash_ex.c ****   /* Reset error code */
 166:../../../../..//Drivers/STM32G0xx_HAL_Driver/Src/stm32g0xx_hal_flash_ex.c ****   pFlash.ErrorCode = HAL_FLASH_ERROR_NONE;
 167:../../../../..//Drivers/STM32G0xx_HAL_Driver/Src/stm32g0xx_hal_flash_ex.c **** 
 168:../../../../..//Drivers/STM32G0xx_HAL_Driver/Src/stm32g0xx_hal_flash_ex.c ****   /* Wait for last operation to be completed */
 169:../../../../..//Drivers/STM32G0xx_HAL_Driver/Src/stm32g0xx_hal_flash_ex.c ****   status = FLASH_WaitForLastOperation(FLASH_TIMEOUT_VALUE);
 170:../../../../..//Drivers/STM32G0xx_HAL_Driver/Src/stm32g0xx_hal_flash_ex.c **** 
 171:../../../../..//Drivers/STM32G0xx_HAL_Driver/Src/stm32g0xx_hal_flash_ex.c ****   if (status == HAL_OK)
 172:../../../../..//Drivers/STM32G0xx_HAL_Driver/Src/stm32g0xx_hal_flash_ex.c ****   {
 173:../../../../..//Drivers/STM32G0xx_HAL_Driver/Src/stm32g0xx_hal_flash_ex.c **** #if !defined(FLASH_DBANK_SUPPORT)
 174:../../../../..//Drivers/STM32G0xx_HAL_Driver/Src/stm32g0xx_hal_flash_ex.c ****     /* For single bank product force Banks to Bank 1 */
 175:../../../../..//Drivers/STM32G0xx_HAL_Driver/Src/stm32g0xx_hal_flash_ex.c ****     pEraseInit->Banks = FLASH_BANK_1;
 176:../../../../..//Drivers/STM32G0xx_HAL_Driver/Src/stm32g0xx_hal_flash_ex.c **** #endif /* FLASH_DBANK_SUPPORT */
 177:../../../../..//Drivers/STM32G0xx_HAL_Driver/Src/stm32g0xx_hal_flash_ex.c **** 
 178:../../../../..//Drivers/STM32G0xx_HAL_Driver/Src/stm32g0xx_hal_flash_ex.c ****     if (pEraseInit->TypeErase == FLASH_TYPEERASE_MASS)
 179:../../../../..//Drivers/STM32G0xx_HAL_Driver/Src/stm32g0xx_hal_flash_ex.c ****     {
 180:../../../../..//Drivers/STM32G0xx_HAL_Driver/Src/stm32g0xx_hal_flash_ex.c ****       /* Proceed to Mass Erase */
 181:../../../../..//Drivers/STM32G0xx_HAL_Driver/Src/stm32g0xx_hal_flash_ex.c ****       FLASH_MassErase(pEraseInit->Banks);
 182:../../../../..//Drivers/STM32G0xx_HAL_Driver/Src/stm32g0xx_hal_flash_ex.c **** 
 183:../../../../..//Drivers/STM32G0xx_HAL_Driver/Src/stm32g0xx_hal_flash_ex.c ****       /* Wait for last operation to be completed */
 184:../../../../..//Drivers/STM32G0xx_HAL_Driver/Src/stm32g0xx_hal_flash_ex.c ****       status = FLASH_WaitForLastOperation(FLASH_TIMEOUT_VALUE);
 185:../../../../..//Drivers/STM32G0xx_HAL_Driver/Src/stm32g0xx_hal_flash_ex.c ****     }
 186:../../../../..//Drivers/STM32G0xx_HAL_Driver/Src/stm32g0xx_hal_flash_ex.c ****     else
 187:../../../../..//Drivers/STM32G0xx_HAL_Driver/Src/stm32g0xx_hal_flash_ex.c ****     {
 188:../../../../..//Drivers/STM32G0xx_HAL_Driver/Src/stm32g0xx_hal_flash_ex.c ****       /*Initialization of PageError variable*/
 189:../../../../..//Drivers/STM32G0xx_HAL_Driver/Src/stm32g0xx_hal_flash_ex.c ****       *PageError = 0xFFFFFFFFU;
 190:../../../../..//Drivers/STM32G0xx_HAL_Driver/Src/stm32g0xx_hal_flash_ex.c **** 
 191:../../../../..//Drivers/STM32G0xx_HAL_Driver/Src/stm32g0xx_hal_flash_ex.c ****       for (index = pEraseInit->Page; index < (pEraseInit->Page + pEraseInit->NbPages); index++)
 192:../../../../..//Drivers/STM32G0xx_HAL_Driver/Src/stm32g0xx_hal_flash_ex.c ****       {
 193:../../../../..//Drivers/STM32G0xx_HAL_Driver/Src/stm32g0xx_hal_flash_ex.c ****         /* Start erase page */
 194:../../../../..//Drivers/STM32G0xx_HAL_Driver/Src/stm32g0xx_hal_flash_ex.c ****         FLASH_PageErase(pEraseInit->Banks, index);
 195:../../../../..//Drivers/STM32G0xx_HAL_Driver/Src/stm32g0xx_hal_flash_ex.c **** 
 196:../../../../..//Drivers/STM32G0xx_HAL_Driver/Src/stm32g0xx_hal_flash_ex.c ****         /* Wait for last operation to be completed */
 197:../../../../..//Drivers/STM32G0xx_HAL_Driver/Src/stm32g0xx_hal_flash_ex.c ****         status = FLASH_WaitForLastOperation(FLASH_TIMEOUT_VALUE);
 198:../../../../..//Drivers/STM32G0xx_HAL_Driver/Src/stm32g0xx_hal_flash_ex.c **** 
 199:../../../../..//Drivers/STM32G0xx_HAL_Driver/Src/stm32g0xx_hal_flash_ex.c ****         if (status != HAL_OK)
 200:../../../../..//Drivers/STM32G0xx_HAL_Driver/Src/stm32g0xx_hal_flash_ex.c ****         {
 201:../../../../..//Drivers/STM32G0xx_HAL_Driver/Src/stm32g0xx_hal_flash_ex.c ****           /* In case of error, stop erase procedure and return the faulty address */
 202:../../../../..//Drivers/STM32G0xx_HAL_Driver/Src/stm32g0xx_hal_flash_ex.c ****           *PageError = index;
ARM GAS  /tmp/cck6bGLc.s 			page 5


 203:../../../../..//Drivers/STM32G0xx_HAL_Driver/Src/stm32g0xx_hal_flash_ex.c ****           break;
 204:../../../../..//Drivers/STM32G0xx_HAL_Driver/Src/stm32g0xx_hal_flash_ex.c ****         }
 205:../../../../..//Drivers/STM32G0xx_HAL_Driver/Src/stm32g0xx_hal_flash_ex.c ****       }
 206:../../../../..//Drivers/STM32G0xx_HAL_Driver/Src/stm32g0xx_hal_flash_ex.c **** 
 207:../../../../..//Drivers/STM32G0xx_HAL_Driver/Src/stm32g0xx_hal_flash_ex.c ****       /* If operation is completed or interrupted, disable the Page Erase Bit */
 208:../../../../..//Drivers/STM32G0xx_HAL_Driver/Src/stm32g0xx_hal_flash_ex.c ****       CLEAR_BIT(FLASH->CR, FLASH_CR_PER);
 209:../../../../..//Drivers/STM32G0xx_HAL_Driver/Src/stm32g0xx_hal_flash_ex.c ****     }
 210:../../../../..//Drivers/STM32G0xx_HAL_Driver/Src/stm32g0xx_hal_flash_ex.c ****   }
 211:../../../../..//Drivers/STM32G0xx_HAL_Driver/Src/stm32g0xx_hal_flash_ex.c **** 
 212:../../../../..//Drivers/STM32G0xx_HAL_Driver/Src/stm32g0xx_hal_flash_ex.c ****   /* Process Unlocked */
 213:../../../../..//Drivers/STM32G0xx_HAL_Driver/Src/stm32g0xx_hal_flash_ex.c ****   __HAL_UNLOCK(&pFlash);
 214:../../../../..//Drivers/STM32G0xx_HAL_Driver/Src/stm32g0xx_hal_flash_ex.c **** 
 215:../../../../..//Drivers/STM32G0xx_HAL_Driver/Src/stm32g0xx_hal_flash_ex.c ****   /* return status */
 216:../../../../..//Drivers/STM32G0xx_HAL_Driver/Src/stm32g0xx_hal_flash_ex.c ****   return status;
 217:../../../../..//Drivers/STM32G0xx_HAL_Driver/Src/stm32g0xx_hal_flash_ex.c **** }
 218:../../../../..//Drivers/STM32G0xx_HAL_Driver/Src/stm32g0xx_hal_flash_ex.c **** 
 219:../../../../..//Drivers/STM32G0xx_HAL_Driver/Src/stm32g0xx_hal_flash_ex.c **** 
 220:../../../../..//Drivers/STM32G0xx_HAL_Driver/Src/stm32g0xx_hal_flash_ex.c **** /**
 221:../../../../..//Drivers/STM32G0xx_HAL_Driver/Src/stm32g0xx_hal_flash_ex.c ****   * @brief  Perform a mass erase or erase the specified FLASH memory pages with interrupt enabled.
 222:../../../../..//Drivers/STM32G0xx_HAL_Driver/Src/stm32g0xx_hal_flash_ex.c ****   * @param  pEraseInit Pointer to an @ref FLASH_EraseInitTypeDef structure that
 223:../../../../..//Drivers/STM32G0xx_HAL_Driver/Src/stm32g0xx_hal_flash_ex.c ****   *         contains the configuration information for the erasing.
 224:../../../../..//Drivers/STM32G0xx_HAL_Driver/Src/stm32g0xx_hal_flash_ex.c ****   * @retval HAL Status
 225:../../../../..//Drivers/STM32G0xx_HAL_Driver/Src/stm32g0xx_hal_flash_ex.c ****   */
 226:../../../../..//Drivers/STM32G0xx_HAL_Driver/Src/stm32g0xx_hal_flash_ex.c **** HAL_StatusTypeDef HAL_FLASHEx_Erase_IT(FLASH_EraseInitTypeDef *pEraseInit)
 227:../../../../..//Drivers/STM32G0xx_HAL_Driver/Src/stm32g0xx_hal_flash_ex.c **** {
 228:../../../../..//Drivers/STM32G0xx_HAL_Driver/Src/stm32g0xx_hal_flash_ex.c ****   HAL_StatusTypeDef status;
 229:../../../../..//Drivers/STM32G0xx_HAL_Driver/Src/stm32g0xx_hal_flash_ex.c **** 
 230:../../../../..//Drivers/STM32G0xx_HAL_Driver/Src/stm32g0xx_hal_flash_ex.c ****   /* Check the parameters */
 231:../../../../..//Drivers/STM32G0xx_HAL_Driver/Src/stm32g0xx_hal_flash_ex.c ****   assert_param(IS_FLASH_TYPEERASE(pEraseInit->TypeErase));
 232:../../../../..//Drivers/STM32G0xx_HAL_Driver/Src/stm32g0xx_hal_flash_ex.c **** 
 233:../../../../..//Drivers/STM32G0xx_HAL_Driver/Src/stm32g0xx_hal_flash_ex.c ****   /* Process Locked */
 234:../../../../..//Drivers/STM32G0xx_HAL_Driver/Src/stm32g0xx_hal_flash_ex.c ****   __HAL_LOCK(&pFlash);
 235:../../../../..//Drivers/STM32G0xx_HAL_Driver/Src/stm32g0xx_hal_flash_ex.c **** 
 236:../../../../..//Drivers/STM32G0xx_HAL_Driver/Src/stm32g0xx_hal_flash_ex.c ****   /* Reset error code */
 237:../../../../..//Drivers/STM32G0xx_HAL_Driver/Src/stm32g0xx_hal_flash_ex.c ****   pFlash.ErrorCode = HAL_FLASH_ERROR_NONE;
 238:../../../../..//Drivers/STM32G0xx_HAL_Driver/Src/stm32g0xx_hal_flash_ex.c **** 
 239:../../../../..//Drivers/STM32G0xx_HAL_Driver/Src/stm32g0xx_hal_flash_ex.c ****   /* save procedure for interrupt treatment */
 240:../../../../..//Drivers/STM32G0xx_HAL_Driver/Src/stm32g0xx_hal_flash_ex.c ****   pFlash.ProcedureOnGoing = pEraseInit->TypeErase;
 241:../../../../..//Drivers/STM32G0xx_HAL_Driver/Src/stm32g0xx_hal_flash_ex.c **** 
 242:../../../../..//Drivers/STM32G0xx_HAL_Driver/Src/stm32g0xx_hal_flash_ex.c ****   /* Wait for last operation to be completed */
 243:../../../../..//Drivers/STM32G0xx_HAL_Driver/Src/stm32g0xx_hal_flash_ex.c ****   status = FLASH_WaitForLastOperation(FLASH_TIMEOUT_VALUE);
 244:../../../../..//Drivers/STM32G0xx_HAL_Driver/Src/stm32g0xx_hal_flash_ex.c **** 
 245:../../../../..//Drivers/STM32G0xx_HAL_Driver/Src/stm32g0xx_hal_flash_ex.c ****   if (status != HAL_OK)
 246:../../../../..//Drivers/STM32G0xx_HAL_Driver/Src/stm32g0xx_hal_flash_ex.c ****   {
 247:../../../../..//Drivers/STM32G0xx_HAL_Driver/Src/stm32g0xx_hal_flash_ex.c ****     /* Process Unlocked */
 248:../../../../..//Drivers/STM32G0xx_HAL_Driver/Src/stm32g0xx_hal_flash_ex.c ****     __HAL_UNLOCK(&pFlash);
 249:../../../../..//Drivers/STM32G0xx_HAL_Driver/Src/stm32g0xx_hal_flash_ex.c ****   }
 250:../../../../..//Drivers/STM32G0xx_HAL_Driver/Src/stm32g0xx_hal_flash_ex.c ****   else
 251:../../../../..//Drivers/STM32G0xx_HAL_Driver/Src/stm32g0xx_hal_flash_ex.c ****   {
 252:../../../../..//Drivers/STM32G0xx_HAL_Driver/Src/stm32g0xx_hal_flash_ex.c **** #if !defined(FLASH_DBANK_SUPPORT)
 253:../../../../..//Drivers/STM32G0xx_HAL_Driver/Src/stm32g0xx_hal_flash_ex.c ****     /* For single bank product force Banks to Bank 1 */
 254:../../../../..//Drivers/STM32G0xx_HAL_Driver/Src/stm32g0xx_hal_flash_ex.c ****     pEraseInit->Banks = FLASH_BANK_1;
 255:../../../../..//Drivers/STM32G0xx_HAL_Driver/Src/stm32g0xx_hal_flash_ex.c **** #endif /* FLASH_DBANK_SUPPORT */
 256:../../../../..//Drivers/STM32G0xx_HAL_Driver/Src/stm32g0xx_hal_flash_ex.c ****     /* Store Bank number */
 257:../../../../..//Drivers/STM32G0xx_HAL_Driver/Src/stm32g0xx_hal_flash_ex.c ****     pFlash.Banks = pEraseInit->Banks;
 258:../../../../..//Drivers/STM32G0xx_HAL_Driver/Src/stm32g0xx_hal_flash_ex.c **** 
 259:../../../../..//Drivers/STM32G0xx_HAL_Driver/Src/stm32g0xx_hal_flash_ex.c ****     /* Enable End of Operation and Error interrupts */
ARM GAS  /tmp/cck6bGLc.s 			page 6


 260:../../../../..//Drivers/STM32G0xx_HAL_Driver/Src/stm32g0xx_hal_flash_ex.c ****     FLASH->CR |= FLASH_CR_EOPIE | FLASH_CR_ERRIE;
 261:../../../../..//Drivers/STM32G0xx_HAL_Driver/Src/stm32g0xx_hal_flash_ex.c **** 
 262:../../../../..//Drivers/STM32G0xx_HAL_Driver/Src/stm32g0xx_hal_flash_ex.c ****     if (pEraseInit->TypeErase == FLASH_TYPEERASE_MASS)
 263:../../../../..//Drivers/STM32G0xx_HAL_Driver/Src/stm32g0xx_hal_flash_ex.c ****     {
 264:../../../../..//Drivers/STM32G0xx_HAL_Driver/Src/stm32g0xx_hal_flash_ex.c ****       /* Set Page to 0 for Interrupt callback management */
 265:../../../../..//Drivers/STM32G0xx_HAL_Driver/Src/stm32g0xx_hal_flash_ex.c ****       pFlash.Page = 0;
 266:../../../../..//Drivers/STM32G0xx_HAL_Driver/Src/stm32g0xx_hal_flash_ex.c **** 
 267:../../../../..//Drivers/STM32G0xx_HAL_Driver/Src/stm32g0xx_hal_flash_ex.c ****       /* Proceed to Mass Erase */
 268:../../../../..//Drivers/STM32G0xx_HAL_Driver/Src/stm32g0xx_hal_flash_ex.c ****       FLASH_MassErase(pEraseInit->Banks);
 269:../../../../..//Drivers/STM32G0xx_HAL_Driver/Src/stm32g0xx_hal_flash_ex.c ****     }
 270:../../../../..//Drivers/STM32G0xx_HAL_Driver/Src/stm32g0xx_hal_flash_ex.c ****     else
 271:../../../../..//Drivers/STM32G0xx_HAL_Driver/Src/stm32g0xx_hal_flash_ex.c ****     {
 272:../../../../..//Drivers/STM32G0xx_HAL_Driver/Src/stm32g0xx_hal_flash_ex.c ****       /* Erase by page to be done */
 273:../../../../..//Drivers/STM32G0xx_HAL_Driver/Src/stm32g0xx_hal_flash_ex.c ****       pFlash.NbPagesToErase = pEraseInit->NbPages;
 274:../../../../..//Drivers/STM32G0xx_HAL_Driver/Src/stm32g0xx_hal_flash_ex.c ****       pFlash.Page = pEraseInit->Page;
 275:../../../../..//Drivers/STM32G0xx_HAL_Driver/Src/stm32g0xx_hal_flash_ex.c **** 
 276:../../../../..//Drivers/STM32G0xx_HAL_Driver/Src/stm32g0xx_hal_flash_ex.c ****       /*Erase 1st page and wait for IT */
 277:../../../../..//Drivers/STM32G0xx_HAL_Driver/Src/stm32g0xx_hal_flash_ex.c ****       FLASH_PageErase(pEraseInit->Banks, pEraseInit->Page);
 278:../../../../..//Drivers/STM32G0xx_HAL_Driver/Src/stm32g0xx_hal_flash_ex.c ****     }
 279:../../../../..//Drivers/STM32G0xx_HAL_Driver/Src/stm32g0xx_hal_flash_ex.c ****   }
 280:../../../../..//Drivers/STM32G0xx_HAL_Driver/Src/stm32g0xx_hal_flash_ex.c **** 
 281:../../../../..//Drivers/STM32G0xx_HAL_Driver/Src/stm32g0xx_hal_flash_ex.c ****   /* return status */
 282:../../../../..//Drivers/STM32G0xx_HAL_Driver/Src/stm32g0xx_hal_flash_ex.c ****   return status;
 283:../../../../..//Drivers/STM32G0xx_HAL_Driver/Src/stm32g0xx_hal_flash_ex.c **** }
 284:../../../../..//Drivers/STM32G0xx_HAL_Driver/Src/stm32g0xx_hal_flash_ex.c **** 
 285:../../../../..//Drivers/STM32G0xx_HAL_Driver/Src/stm32g0xx_hal_flash_ex.c **** /**
 286:../../../../..//Drivers/STM32G0xx_HAL_Driver/Src/stm32g0xx_hal_flash_ex.c ****   * @brief  Program Option bytes.
 287:../../../../..//Drivers/STM32G0xx_HAL_Driver/Src/stm32g0xx_hal_flash_ex.c ****   * @param  pOBInit Pointer to an @ref FLASH_OBProgramInitTypeDef structure that
 288:../../../../..//Drivers/STM32G0xx_HAL_Driver/Src/stm32g0xx_hal_flash_ex.c ****   *         contains the configuration information for the programming.
 289:../../../../..//Drivers/STM32G0xx_HAL_Driver/Src/stm32g0xx_hal_flash_ex.c ****   * @note   To configure any option bytes, the option lock bit OPTLOCK must be
 290:../../../../..//Drivers/STM32G0xx_HAL_Driver/Src/stm32g0xx_hal_flash_ex.c ****   *         cleared with the call of @ref HAL_FLASH_OB_Unlock() function.
 291:../../../../..//Drivers/STM32G0xx_HAL_Driver/Src/stm32g0xx_hal_flash_ex.c ****   * @note   New option bytes configuration will be taken into account only
 292:../../../../..//Drivers/STM32G0xx_HAL_Driver/Src/stm32g0xx_hal_flash_ex.c ****   *         - after an option bytes launch through the call of @ref HAL_FLASH_OB_Launch()
 293:../../../../..//Drivers/STM32G0xx_HAL_Driver/Src/stm32g0xx_hal_flash_ex.c ****   *         - a Power On Reset
 294:../../../../..//Drivers/STM32G0xx_HAL_Driver/Src/stm32g0xx_hal_flash_ex.c ****   *         - an exit from Standby or Shutdown mode.
 295:../../../../..//Drivers/STM32G0xx_HAL_Driver/Src/stm32g0xx_hal_flash_ex.c ****   * @retval HAL Status
 296:../../../../..//Drivers/STM32G0xx_HAL_Driver/Src/stm32g0xx_hal_flash_ex.c ****   */
 297:../../../../..//Drivers/STM32G0xx_HAL_Driver/Src/stm32g0xx_hal_flash_ex.c **** HAL_StatusTypeDef HAL_FLASHEx_OBProgram(FLASH_OBProgramInitTypeDef *pOBInit)
 298:../../../../..//Drivers/STM32G0xx_HAL_Driver/Src/stm32g0xx_hal_flash_ex.c **** {
  28              		.loc 1 298 1 view -0
  29              		.cfi_startproc
  30              		@ args = 0, pretend = 0, frame = 0
  31              		@ frame_needed = 0, uses_anonymous_args = 0
 299:../../../../..//Drivers/STM32G0xx_HAL_Driver/Src/stm32g0xx_hal_flash_ex.c ****   uint32_t optr;
  32              		.loc 1 299 3 view .LVU1
 300:../../../../..//Drivers/STM32G0xx_HAL_Driver/Src/stm32g0xx_hal_flash_ex.c ****   HAL_StatusTypeDef status;
  33              		.loc 1 300 3 view .LVU2
 301:../../../../..//Drivers/STM32G0xx_HAL_Driver/Src/stm32g0xx_hal_flash_ex.c **** 
 302:../../../../..//Drivers/STM32G0xx_HAL_Driver/Src/stm32g0xx_hal_flash_ex.c ****   /* Check the parameters */
 303:../../../../..//Drivers/STM32G0xx_HAL_Driver/Src/stm32g0xx_hal_flash_ex.c ****   assert_param(IS_OPTIONBYTE(pOBInit->OptionType));
  34              		.loc 1 303 3 view .LVU3
 304:../../../../..//Drivers/STM32G0xx_HAL_Driver/Src/stm32g0xx_hal_flash_ex.c **** 
 305:../../../../..//Drivers/STM32G0xx_HAL_Driver/Src/stm32g0xx_hal_flash_ex.c ****   /* Process Locked */
 306:../../../../..//Drivers/STM32G0xx_HAL_Driver/Src/stm32g0xx_hal_flash_ex.c ****   __HAL_LOCK(&pFlash);
  35              		.loc 1 306 3 view .LVU4
  36              		.loc 1 306 3 view .LVU5
 298:../../../../..//Drivers/STM32G0xx_HAL_Driver/Src/stm32g0xx_hal_flash_ex.c ****   uint32_t optr;
ARM GAS  /tmp/cck6bGLc.s 			page 7


  37              		.loc 1 298 1 is_stmt 0 view .LVU6
  38 0000 F8B5     		push	{r3, r4, r5, r6, r7, lr}
  39              	.LCFI0:
  40              		.cfi_def_cfa_offset 24
  41              		.cfi_offset 3, -24
  42              		.cfi_offset 4, -20
  43              		.cfi_offset 5, -16
  44              		.cfi_offset 6, -12
  45              		.cfi_offset 7, -8
  46              		.cfi_offset 14, -4
  47              		.loc 1 306 3 view .LVU7
  48 0002 4B4C     		ldr	r4, .L49
 298:../../../../..//Drivers/STM32G0xx_HAL_Driver/Src/stm32g0xx_hal_flash_ex.c ****   uint32_t optr;
  49              		.loc 1 298 1 view .LVU8
  50 0004 0300     		movs	r3, r0
  51              		.loc 1 306 3 view .LVU9
  52 0006 2278     		ldrb	r2, [r4]
  53              		.loc 1 306 3 discriminator 1 view .LVU10
  54 0008 0220     		movs	r0, #2
  55              	.LVL1:
  56              		.loc 1 306 3 view .LVU11
  57 000a 012A     		cmp	r2, #1
  58 000c 6CD0     		beq	.L2
  59              		.loc 1 306 3 is_stmt 1 discriminator 2 view .LVU12
  60 000e 0121     		movs	r1, #1
 307:../../../../..//Drivers/STM32G0xx_HAL_Driver/Src/stm32g0xx_hal_flash_ex.c **** 
 308:../../../../..//Drivers/STM32G0xx_HAL_Driver/Src/stm32g0xx_hal_flash_ex.c ****   pFlash.ErrorCode = HAL_FLASH_ERROR_NONE;
  61              		.loc 1 308 20 is_stmt 0 view .LVU13
  62 0010 0022     		movs	r2, #0
 306:../../../../..//Drivers/STM32G0xx_HAL_Driver/Src/stm32g0xx_hal_flash_ex.c **** 
  63              		.loc 1 306 3 discriminator 2 view .LVU14
  64 0012 2170     		strb	r1, [r4]
 306:../../../../..//Drivers/STM32G0xx_HAL_Driver/Src/stm32g0xx_hal_flash_ex.c **** 
  65              		.loc 1 306 3 is_stmt 1 discriminator 2 view .LVU15
  66              		.loc 1 308 3 view .LVU16
  67              		.loc 1 308 20 is_stmt 0 view .LVU17
  68 0014 6260     		str	r2, [r4, #4]
 309:../../../../..//Drivers/STM32G0xx_HAL_Driver/Src/stm32g0xx_hal_flash_ex.c **** 
 310:../../../../..//Drivers/STM32G0xx_HAL_Driver/Src/stm32g0xx_hal_flash_ex.c ****   /* Write protection configuration */
 311:../../../../..//Drivers/STM32G0xx_HAL_Driver/Src/stm32g0xx_hal_flash_ex.c ****   if ((pOBInit->OptionType & OPTIONBYTE_WRP) != 0x00U)
  69              		.loc 1 311 3 is_stmt 1 view .LVU18
  70              		.loc 1 311 15 is_stmt 0 view .LVU19
  71 0016 1A68     		ldr	r2, [r3]
  72              		.loc 1 311 6 view .LVU20
  73 0018 0A42     		tst	r2, r1
  74 001a 08D0     		beq	.L3
 312:../../../../..//Drivers/STM32G0xx_HAL_Driver/Src/stm32g0xx_hal_flash_ex.c ****   {
 313:../../../../..//Drivers/STM32G0xx_HAL_Driver/Src/stm32g0xx_hal_flash_ex.c ****     /* Configure of Write protection on the selected area */
 314:../../../../..//Drivers/STM32G0xx_HAL_Driver/Src/stm32g0xx_hal_flash_ex.c ****     FLASH_OB_WRPConfig(pOBInit->WRPArea, pOBInit->WRPStartOffset, pOBInit->WRPEndOffset);
  75              		.loc 1 314 5 is_stmt 1 view .LVU21
  76              	.LVL2:
  77              	.LBB24:
  78              	.LBI24:
 315:../../../../..//Drivers/STM32G0xx_HAL_Driver/Src/stm32g0xx_hal_flash_ex.c ****   }
 316:../../../../..//Drivers/STM32G0xx_HAL_Driver/Src/stm32g0xx_hal_flash_ex.c **** 
 317:../../../../..//Drivers/STM32G0xx_HAL_Driver/Src/stm32g0xx_hal_flash_ex.c ****   /* Option register */
 318:../../../../..//Drivers/STM32G0xx_HAL_Driver/Src/stm32g0xx_hal_flash_ex.c ****   if ((pOBInit->OptionType & (OPTIONBYTE_RDP | OPTIONBYTE_USER)) == (OPTIONBYTE_RDP | OPTIONBYTE_US
ARM GAS  /tmp/cck6bGLc.s 			page 8


 319:../../../../..//Drivers/STM32G0xx_HAL_Driver/Src/stm32g0xx_hal_flash_ex.c ****   {
 320:../../../../..//Drivers/STM32G0xx_HAL_Driver/Src/stm32g0xx_hal_flash_ex.c ****     /* Fully modify OPTR register with RDP & user data */
 321:../../../../..//Drivers/STM32G0xx_HAL_Driver/Src/stm32g0xx_hal_flash_ex.c ****     FLASH_OB_OptrConfig(pOBInit->USERType, pOBInit->USERConfig, pOBInit->RDPLevel);
 322:../../../../..//Drivers/STM32G0xx_HAL_Driver/Src/stm32g0xx_hal_flash_ex.c ****   }
 323:../../../../..//Drivers/STM32G0xx_HAL_Driver/Src/stm32g0xx_hal_flash_ex.c ****   else if ((pOBInit->OptionType & OPTIONBYTE_RDP) != 0x00U)
 324:../../../../..//Drivers/STM32G0xx_HAL_Driver/Src/stm32g0xx_hal_flash_ex.c ****   {
 325:../../../../..//Drivers/STM32G0xx_HAL_Driver/Src/stm32g0xx_hal_flash_ex.c ****     /* Only modify RDP so get current user data */
 326:../../../../..//Drivers/STM32G0xx_HAL_Driver/Src/stm32g0xx_hal_flash_ex.c ****     optr = FLASH_OB_GetUser();
 327:../../../../..//Drivers/STM32G0xx_HAL_Driver/Src/stm32g0xx_hal_flash_ex.c ****     FLASH_OB_OptrConfig(optr, optr, pOBInit->RDPLevel);
 328:../../../../..//Drivers/STM32G0xx_HAL_Driver/Src/stm32g0xx_hal_flash_ex.c ****   }
 329:../../../../..//Drivers/STM32G0xx_HAL_Driver/Src/stm32g0xx_hal_flash_ex.c ****   else if ((pOBInit->OptionType & OPTIONBYTE_USER) != 0x00U)
 330:../../../../..//Drivers/STM32G0xx_HAL_Driver/Src/stm32g0xx_hal_flash_ex.c ****   {
 331:../../../../..//Drivers/STM32G0xx_HAL_Driver/Src/stm32g0xx_hal_flash_ex.c ****     /* Only modify user so get current RDP level */
 332:../../../../..//Drivers/STM32G0xx_HAL_Driver/Src/stm32g0xx_hal_flash_ex.c ****     optr = FLASH_OB_GetRDP();
 333:../../../../..//Drivers/STM32G0xx_HAL_Driver/Src/stm32g0xx_hal_flash_ex.c ****     FLASH_OB_OptrConfig(pOBInit->USERType, pOBInit->USERConfig, optr);
 334:../../../../..//Drivers/STM32G0xx_HAL_Driver/Src/stm32g0xx_hal_flash_ex.c ****   }
 335:../../../../..//Drivers/STM32G0xx_HAL_Driver/Src/stm32g0xx_hal_flash_ex.c ****   else
 336:../../../../..//Drivers/STM32G0xx_HAL_Driver/Src/stm32g0xx_hal_flash_ex.c ****   {
 337:../../../../..//Drivers/STM32G0xx_HAL_Driver/Src/stm32g0xx_hal_flash_ex.c ****     /* nothing to do */
 338:../../../../..//Drivers/STM32G0xx_HAL_Driver/Src/stm32g0xx_hal_flash_ex.c ****   }
 339:../../../../..//Drivers/STM32G0xx_HAL_Driver/Src/stm32g0xx_hal_flash_ex.c **** 
 340:../../../../..//Drivers/STM32G0xx_HAL_Driver/Src/stm32g0xx_hal_flash_ex.c **** #if defined(FLASH_PCROP_SUPPORT)
 341:../../../../..//Drivers/STM32G0xx_HAL_Driver/Src/stm32g0xx_hal_flash_ex.c ****   /* PCROP Configuration */
 342:../../../../..//Drivers/STM32G0xx_HAL_Driver/Src/stm32g0xx_hal_flash_ex.c ****   if ((pOBInit->OptionType & OPTIONBYTE_PCROP) != 0x00U)
 343:../../../../..//Drivers/STM32G0xx_HAL_Driver/Src/stm32g0xx_hal_flash_ex.c ****   {
 344:../../../../..//Drivers/STM32G0xx_HAL_Driver/Src/stm32g0xx_hal_flash_ex.c ****     /* Check the parameters */
 345:../../../../..//Drivers/STM32G0xx_HAL_Driver/Src/stm32g0xx_hal_flash_ex.c ****     assert_param(IS_OB_PCROP_CONFIG(pOBInit->PCROPConfig));
 346:../../../../..//Drivers/STM32G0xx_HAL_Driver/Src/stm32g0xx_hal_flash_ex.c **** 
 347:../../../../..//Drivers/STM32G0xx_HAL_Driver/Src/stm32g0xx_hal_flash_ex.c ****     if ((pOBInit->PCROPConfig & (OB_PCROP_ZONE_A | OB_PCROP_RDP_ERASE)) != 0x00U)
 348:../../../../..//Drivers/STM32G0xx_HAL_Driver/Src/stm32g0xx_hal_flash_ex.c ****     {
 349:../../../../..//Drivers/STM32G0xx_HAL_Driver/Src/stm32g0xx_hal_flash_ex.c ****       /* Configure the 1A Proprietary code readout protection */
 350:../../../../..//Drivers/STM32G0xx_HAL_Driver/Src/stm32g0xx_hal_flash_ex.c ****       FLASH_OB_PCROP1AConfig(pOBInit->PCROPConfig, pOBInit->PCROP1AStartAddr, pOBInit->PCROP1AEndAd
 351:../../../../..//Drivers/STM32G0xx_HAL_Driver/Src/stm32g0xx_hal_flash_ex.c ****     }
 352:../../../../..//Drivers/STM32G0xx_HAL_Driver/Src/stm32g0xx_hal_flash_ex.c **** 
 353:../../../../..//Drivers/STM32G0xx_HAL_Driver/Src/stm32g0xx_hal_flash_ex.c ****     if ((pOBInit->PCROPConfig & OB_PCROP_ZONE_B) != 0x00U)
 354:../../../../..//Drivers/STM32G0xx_HAL_Driver/Src/stm32g0xx_hal_flash_ex.c ****     {
 355:../../../../..//Drivers/STM32G0xx_HAL_Driver/Src/stm32g0xx_hal_flash_ex.c ****       /* Configure the 1B Proprietary code readout protection */
 356:../../../../..//Drivers/STM32G0xx_HAL_Driver/Src/stm32g0xx_hal_flash_ex.c ****       FLASH_OB_PCROP1BConfig(pOBInit->PCROP1BStartAddr, pOBInit->PCROP1BEndAddr);
 357:../../../../..//Drivers/STM32G0xx_HAL_Driver/Src/stm32g0xx_hal_flash_ex.c ****     }
 358:../../../../..//Drivers/STM32G0xx_HAL_Driver/Src/stm32g0xx_hal_flash_ex.c **** 
 359:../../../../..//Drivers/STM32G0xx_HAL_Driver/Src/stm32g0xx_hal_flash_ex.c **** #if defined(FLASH_DBANK_SUPPORT)
 360:../../../../..//Drivers/STM32G0xx_HAL_Driver/Src/stm32g0xx_hal_flash_ex.c ****     if ((pOBInit->PCROPConfig & OB_PCROP_ZONE2_A) != 0x00U)
 361:../../../../..//Drivers/STM32G0xx_HAL_Driver/Src/stm32g0xx_hal_flash_ex.c ****     {
 362:../../../../..//Drivers/STM32G0xx_HAL_Driver/Src/stm32g0xx_hal_flash_ex.c ****       /* Configure the 2A Proprietary code readout protection */
 363:../../../../..//Drivers/STM32G0xx_HAL_Driver/Src/stm32g0xx_hal_flash_ex.c ****       FLASH_OB_PCROP2AConfig(pOBInit->PCROP2AStartAddr, pOBInit->PCROP2AEndAddr);
 364:../../../../..//Drivers/STM32G0xx_HAL_Driver/Src/stm32g0xx_hal_flash_ex.c ****     }
 365:../../../../..//Drivers/STM32G0xx_HAL_Driver/Src/stm32g0xx_hal_flash_ex.c **** 
 366:../../../../..//Drivers/STM32G0xx_HAL_Driver/Src/stm32g0xx_hal_flash_ex.c ****     if ((pOBInit->PCROPConfig & OB_PCROP_ZONE2_B) != 0x00U)
 367:../../../../..//Drivers/STM32G0xx_HAL_Driver/Src/stm32g0xx_hal_flash_ex.c ****     {
 368:../../../../..//Drivers/STM32G0xx_HAL_Driver/Src/stm32g0xx_hal_flash_ex.c ****       /* Configure the 2B Proprietary code readout protection */
 369:../../../../..//Drivers/STM32G0xx_HAL_Driver/Src/stm32g0xx_hal_flash_ex.c ****       FLASH_OB_PCROP2BConfig(pOBInit->PCROP2BStartAddr, pOBInit->PCROP2BEndAddr);
 370:../../../../..//Drivers/STM32G0xx_HAL_Driver/Src/stm32g0xx_hal_flash_ex.c ****     }
 371:../../../../..//Drivers/STM32G0xx_HAL_Driver/Src/stm32g0xx_hal_flash_ex.c **** #endif /* FLASH_DBANK_SUPPORT */
 372:../../../../..//Drivers/STM32G0xx_HAL_Driver/Src/stm32g0xx_hal_flash_ex.c ****   }
 373:../../../../..//Drivers/STM32G0xx_HAL_Driver/Src/stm32g0xx_hal_flash_ex.c **** #endif /* FLASH_PCROP_SUPPORT */
 374:../../../../..//Drivers/STM32G0xx_HAL_Driver/Src/stm32g0xx_hal_flash_ex.c **** 
 375:../../../../..//Drivers/STM32G0xx_HAL_Driver/Src/stm32g0xx_hal_flash_ex.c **** #if defined(FLASH_SECURABLE_MEMORY_SUPPORT)
ARM GAS  /tmp/cck6bGLc.s 			page 9


 376:../../../../..//Drivers/STM32G0xx_HAL_Driver/Src/stm32g0xx_hal_flash_ex.c ****   /* Securable Memory Area Configuration */
 377:../../../../..//Drivers/STM32G0xx_HAL_Driver/Src/stm32g0xx_hal_flash_ex.c ****   if ((pOBInit->OptionType & OPTIONBYTE_SEC) != 0x00U)
 378:../../../../..//Drivers/STM32G0xx_HAL_Driver/Src/stm32g0xx_hal_flash_ex.c ****   {
 379:../../../../..//Drivers/STM32G0xx_HAL_Driver/Src/stm32g0xx_hal_flash_ex.c **** #if defined(FLASH_DBANK_SUPPORT)
 380:../../../../..//Drivers/STM32G0xx_HAL_Driver/Src/stm32g0xx_hal_flash_ex.c ****     /* Configure the securable memory area protection */
 381:../../../../..//Drivers/STM32G0xx_HAL_Driver/Src/stm32g0xx_hal_flash_ex.c ****     FLASH_OB_SecMemConfig(pOBInit->BootEntryPoint, pOBInit->SecSize, pOBInit->SecSize2);
 382:../../../../..//Drivers/STM32G0xx_HAL_Driver/Src/stm32g0xx_hal_flash_ex.c **** #else
 383:../../../../..//Drivers/STM32G0xx_HAL_Driver/Src/stm32g0xx_hal_flash_ex.c ****     /* Configure the securable memory area protection */
 384:../../../../..//Drivers/STM32G0xx_HAL_Driver/Src/stm32g0xx_hal_flash_ex.c ****     FLASH_OB_SecMemConfig(pOBInit->BootEntryPoint, pOBInit->SecSize);
 385:../../../../..//Drivers/STM32G0xx_HAL_Driver/Src/stm32g0xx_hal_flash_ex.c **** #endif /* FLASH_DBANK_SUPPORT */
 386:../../../../..//Drivers/STM32G0xx_HAL_Driver/Src/stm32g0xx_hal_flash_ex.c ****   }
 387:../../../../..//Drivers/STM32G0xx_HAL_Driver/Src/stm32g0xx_hal_flash_ex.c **** #endif /* FLASH_SECURABLE_MEMORY_SUPPORT */
 388:../../../../..//Drivers/STM32G0xx_HAL_Driver/Src/stm32g0xx_hal_flash_ex.c **** 
 389:../../../../..//Drivers/STM32G0xx_HAL_Driver/Src/stm32g0xx_hal_flash_ex.c ****   /* Wait for last operation to be completed */
 390:../../../../..//Drivers/STM32G0xx_HAL_Driver/Src/stm32g0xx_hal_flash_ex.c ****   status = FLASH_WaitForLastOperation(FLASH_TIMEOUT_VALUE);
 391:../../../../..//Drivers/STM32G0xx_HAL_Driver/Src/stm32g0xx_hal_flash_ex.c **** 
 392:../../../../..//Drivers/STM32G0xx_HAL_Driver/Src/stm32g0xx_hal_flash_ex.c ****   if (status == HAL_OK)
 393:../../../../..//Drivers/STM32G0xx_HAL_Driver/Src/stm32g0xx_hal_flash_ex.c ****   {
 394:../../../../..//Drivers/STM32G0xx_HAL_Driver/Src/stm32g0xx_hal_flash_ex.c ****     /* Set OPTSTRT Bit */
 395:../../../../..//Drivers/STM32G0xx_HAL_Driver/Src/stm32g0xx_hal_flash_ex.c ****     SET_BIT(FLASH->CR, FLASH_CR_OPTSTRT);
 396:../../../../..//Drivers/STM32G0xx_HAL_Driver/Src/stm32g0xx_hal_flash_ex.c **** 
 397:../../../../..//Drivers/STM32G0xx_HAL_Driver/Src/stm32g0xx_hal_flash_ex.c ****     /* Wait for last operation to be completed */
 398:../../../../..//Drivers/STM32G0xx_HAL_Driver/Src/stm32g0xx_hal_flash_ex.c ****     status = FLASH_WaitForLastOperation(FLASH_TIMEOUT_VALUE);
 399:../../../../..//Drivers/STM32G0xx_HAL_Driver/Src/stm32g0xx_hal_flash_ex.c **** 
 400:../../../../..//Drivers/STM32G0xx_HAL_Driver/Src/stm32g0xx_hal_flash_ex.c ****     /* If the option byte program operation is completed, disable the OPTSTRT Bit */
 401:../../../../..//Drivers/STM32G0xx_HAL_Driver/Src/stm32g0xx_hal_flash_ex.c ****     CLEAR_BIT(FLASH->CR, FLASH_CR_OPTSTRT);
 402:../../../../..//Drivers/STM32G0xx_HAL_Driver/Src/stm32g0xx_hal_flash_ex.c ****   }
 403:../../../../..//Drivers/STM32G0xx_HAL_Driver/Src/stm32g0xx_hal_flash_ex.c **** 
 404:../../../../..//Drivers/STM32G0xx_HAL_Driver/Src/stm32g0xx_hal_flash_ex.c ****   /* Process Unlocked */
 405:../../../../..//Drivers/STM32G0xx_HAL_Driver/Src/stm32g0xx_hal_flash_ex.c ****   __HAL_UNLOCK(&pFlash);
 406:../../../../..//Drivers/STM32G0xx_HAL_Driver/Src/stm32g0xx_hal_flash_ex.c **** 
 407:../../../../..//Drivers/STM32G0xx_HAL_Driver/Src/stm32g0xx_hal_flash_ex.c ****   /* return status */
 408:../../../../..//Drivers/STM32G0xx_HAL_Driver/Src/stm32g0xx_hal_flash_ex.c ****   return status;
 409:../../../../..//Drivers/STM32G0xx_HAL_Driver/Src/stm32g0xx_hal_flash_ex.c **** }
 410:../../../../..//Drivers/STM32G0xx_HAL_Driver/Src/stm32g0xx_hal_flash_ex.c **** 
 411:../../../../..//Drivers/STM32G0xx_HAL_Driver/Src/stm32g0xx_hal_flash_ex.c **** /**
 412:../../../../..//Drivers/STM32G0xx_HAL_Driver/Src/stm32g0xx_hal_flash_ex.c ****   * @brief  Get the Option bytes configuration.
 413:../../../../..//Drivers/STM32G0xx_HAL_Driver/Src/stm32g0xx_hal_flash_ex.c ****   * @note   warning: this API only read flash register, it does not reflect any
 414:../../../../..//Drivers/STM32G0xx_HAL_Driver/Src/stm32g0xx_hal_flash_ex.c ****   *         change that would have been programmed between previous Option byte
 415:../../../../..//Drivers/STM32G0xx_HAL_Driver/Src/stm32g0xx_hal_flash_ex.c ****   *         loading and current call.
 416:../../../../..//Drivers/STM32G0xx_HAL_Driver/Src/stm32g0xx_hal_flash_ex.c ****   * @param  pOBInit Pointer to an @ref FLASH_OBProgramInitTypeDef structure that contains the
 417:../../../../..//Drivers/STM32G0xx_HAL_Driver/Src/stm32g0xx_hal_flash_ex.c ****   *                  configuration information. The fields pOBInit->WRPArea should
 418:../../../../..//Drivers/STM32G0xx_HAL_Driver/Src/stm32g0xx_hal_flash_ex.c ****   *                  indicate which area is requested for the WRP.
 419:../../../../..//Drivers/STM32G0xx_HAL_Driver/Src/stm32g0xx_hal_flash_ex.c ****   * @retval None
 420:../../../../..//Drivers/STM32G0xx_HAL_Driver/Src/stm32g0xx_hal_flash_ex.c ****   */
 421:../../../../..//Drivers/STM32G0xx_HAL_Driver/Src/stm32g0xx_hal_flash_ex.c **** void HAL_FLASHEx_OBGetConfig(FLASH_OBProgramInitTypeDef *pOBInit)
 422:../../../../..//Drivers/STM32G0xx_HAL_Driver/Src/stm32g0xx_hal_flash_ex.c **** {
 423:../../../../..//Drivers/STM32G0xx_HAL_Driver/Src/stm32g0xx_hal_flash_ex.c ****   pOBInit->OptionType = OPTIONBYTE_ALL;
 424:../../../../..//Drivers/STM32G0xx_HAL_Driver/Src/stm32g0xx_hal_flash_ex.c **** 
 425:../../../../..//Drivers/STM32G0xx_HAL_Driver/Src/stm32g0xx_hal_flash_ex.c ****   /* Get write protection on the selected area */
 426:../../../../..//Drivers/STM32G0xx_HAL_Driver/Src/stm32g0xx_hal_flash_ex.c ****   FLASH_OB_GetWRP(pOBInit->WRPArea, &(pOBInit->WRPStartOffset), &(pOBInit->WRPEndOffset));
 427:../../../../..//Drivers/STM32G0xx_HAL_Driver/Src/stm32g0xx_hal_flash_ex.c **** 
 428:../../../../..//Drivers/STM32G0xx_HAL_Driver/Src/stm32g0xx_hal_flash_ex.c ****   /* Get Read protection level */
 429:../../../../..//Drivers/STM32G0xx_HAL_Driver/Src/stm32g0xx_hal_flash_ex.c ****   pOBInit->RDPLevel = FLASH_OB_GetRDP();
 430:../../../../..//Drivers/STM32G0xx_HAL_Driver/Src/stm32g0xx_hal_flash_ex.c **** 
 431:../../../../..//Drivers/STM32G0xx_HAL_Driver/Src/stm32g0xx_hal_flash_ex.c ****   /* Get the user option bytes */
 432:../../../../..//Drivers/STM32G0xx_HAL_Driver/Src/stm32g0xx_hal_flash_ex.c ****   pOBInit->USERConfig = FLASH_OB_GetUser();
ARM GAS  /tmp/cck6bGLc.s 			page 10


 433:../../../../..//Drivers/STM32G0xx_HAL_Driver/Src/stm32g0xx_hal_flash_ex.c ****   pOBInit->USERType = OB_USER_ALL;
 434:../../../../..//Drivers/STM32G0xx_HAL_Driver/Src/stm32g0xx_hal_flash_ex.c **** 
 435:../../../../..//Drivers/STM32G0xx_HAL_Driver/Src/stm32g0xx_hal_flash_ex.c **** #if defined(FLASH_PCROP_SUPPORT)
 436:../../../../..//Drivers/STM32G0xx_HAL_Driver/Src/stm32g0xx_hal_flash_ex.c ****   /* Get the Proprietary code readout protection */
 437:../../../../..//Drivers/STM32G0xx_HAL_Driver/Src/stm32g0xx_hal_flash_ex.c ****   FLASH_OB_GetPCROP1A(&(pOBInit->PCROPConfig), &(pOBInit->PCROP1AStartAddr), &(pOBInit->PCROP1AEndA
 438:../../../../..//Drivers/STM32G0xx_HAL_Driver/Src/stm32g0xx_hal_flash_ex.c ****   FLASH_OB_GetPCROP1B(&(pOBInit->PCROP1BStartAddr), &(pOBInit->PCROP1BEndAddr));
 439:../../../../..//Drivers/STM32G0xx_HAL_Driver/Src/stm32g0xx_hal_flash_ex.c ****   pOBInit->PCROPConfig |= (OB_PCROP_ZONE_A | OB_PCROP_ZONE_B);
 440:../../../../..//Drivers/STM32G0xx_HAL_Driver/Src/stm32g0xx_hal_flash_ex.c **** #if defined(FLASH_DBANK_SUPPORT)
 441:../../../../..//Drivers/STM32G0xx_HAL_Driver/Src/stm32g0xx_hal_flash_ex.c ****   FLASH_OB_GetPCROP2A(&(pOBInit->PCROP2AStartAddr), &(pOBInit->PCROP2AEndAddr));
 442:../../../../..//Drivers/STM32G0xx_HAL_Driver/Src/stm32g0xx_hal_flash_ex.c ****   FLASH_OB_GetPCROP2B(&(pOBInit->PCROP2BStartAddr), &(pOBInit->PCROP2BEndAddr));
 443:../../../../..//Drivers/STM32G0xx_HAL_Driver/Src/stm32g0xx_hal_flash_ex.c ****   pOBInit->PCROPConfig |= (OB_PCROP_ZONE2_A | OB_PCROP_ZONE2_B);
 444:../../../../..//Drivers/STM32G0xx_HAL_Driver/Src/stm32g0xx_hal_flash_ex.c **** #endif /* FLASH_DBANK_SUPPORT */
 445:../../../../..//Drivers/STM32G0xx_HAL_Driver/Src/stm32g0xx_hal_flash_ex.c **** #endif /* FLASH_PCROP_SUPPORT */
 446:../../../../..//Drivers/STM32G0xx_HAL_Driver/Src/stm32g0xx_hal_flash_ex.c **** 
 447:../../../../..//Drivers/STM32G0xx_HAL_Driver/Src/stm32g0xx_hal_flash_ex.c **** #if defined(FLASH_SECURABLE_MEMORY_SUPPORT)
 448:../../../../..//Drivers/STM32G0xx_HAL_Driver/Src/stm32g0xx_hal_flash_ex.c **** #if defined(FLASH_DBANK_SUPPORT)
 449:../../../../..//Drivers/STM32G0xx_HAL_Driver/Src/stm32g0xx_hal_flash_ex.c ****   /* Get the Securable Memory Area protection */
 450:../../../../..//Drivers/STM32G0xx_HAL_Driver/Src/stm32g0xx_hal_flash_ex.c ****   FLASH_OB_GetSecMem(&(pOBInit->BootEntryPoint), &(pOBInit->SecSize), &(pOBInit->SecSize2));
 451:../../../../..//Drivers/STM32G0xx_HAL_Driver/Src/stm32g0xx_hal_flash_ex.c **** #else
 452:../../../../..//Drivers/STM32G0xx_HAL_Driver/Src/stm32g0xx_hal_flash_ex.c ****   /* Get the Securable Memory Area protection */
 453:../../../../..//Drivers/STM32G0xx_HAL_Driver/Src/stm32g0xx_hal_flash_ex.c ****   FLASH_OB_GetSecMem(&(pOBInit->BootEntryPoint), &(pOBInit->SecSize));
 454:../../../../..//Drivers/STM32G0xx_HAL_Driver/Src/stm32g0xx_hal_flash_ex.c **** #endif /* FLASH_DBANK_SUPPORT */
 455:../../../../..//Drivers/STM32G0xx_HAL_Driver/Src/stm32g0xx_hal_flash_ex.c **** #endif /* FLASH_SECURABLE_MEMORY_SUPPORT */
 456:../../../../..//Drivers/STM32G0xx_HAL_Driver/Src/stm32g0xx_hal_flash_ex.c **** }
 457:../../../../..//Drivers/STM32G0xx_HAL_Driver/Src/stm32g0xx_hal_flash_ex.c **** 
 458:../../../../..//Drivers/STM32G0xx_HAL_Driver/Src/stm32g0xx_hal_flash_ex.c **** #if defined(FLASH_ACR_DBG_SWEN)
 459:../../../../..//Drivers/STM32G0xx_HAL_Driver/Src/stm32g0xx_hal_flash_ex.c **** /**
 460:../../../../..//Drivers/STM32G0xx_HAL_Driver/Src/stm32g0xx_hal_flash_ex.c ****   * @brief  Enable Debugger.
 461:../../../../..//Drivers/STM32G0xx_HAL_Driver/Src/stm32g0xx_hal_flash_ex.c ****   * @note   After calling this API, flash interface allow debugger intrusion.
 462:../../../../..//Drivers/STM32G0xx_HAL_Driver/Src/stm32g0xx_hal_flash_ex.c ****   * @retval None
 463:../../../../..//Drivers/STM32G0xx_HAL_Driver/Src/stm32g0xx_hal_flash_ex.c ****   */
 464:../../../../..//Drivers/STM32G0xx_HAL_Driver/Src/stm32g0xx_hal_flash_ex.c **** void HAL_FLASHEx_EnableDebugger(void)
 465:../../../../..//Drivers/STM32G0xx_HAL_Driver/Src/stm32g0xx_hal_flash_ex.c **** {
 466:../../../../..//Drivers/STM32G0xx_HAL_Driver/Src/stm32g0xx_hal_flash_ex.c ****   FLASH->ACR |= FLASH_ACR_DBG_SWEN;
 467:../../../../..//Drivers/STM32G0xx_HAL_Driver/Src/stm32g0xx_hal_flash_ex.c **** }
 468:../../../../..//Drivers/STM32G0xx_HAL_Driver/Src/stm32g0xx_hal_flash_ex.c **** 
 469:../../../../..//Drivers/STM32G0xx_HAL_Driver/Src/stm32g0xx_hal_flash_ex.c **** 
 470:../../../../..//Drivers/STM32G0xx_HAL_Driver/Src/stm32g0xx_hal_flash_ex.c **** /**
 471:../../../../..//Drivers/STM32G0xx_HAL_Driver/Src/stm32g0xx_hal_flash_ex.c ****   * @brief  Disable Debugger.
 472:../../../../..//Drivers/STM32G0xx_HAL_Driver/Src/stm32g0xx_hal_flash_ex.c ****   * @note   After calling this API, Debugger is disabled: it is no more possible to
 473:../../../../..//Drivers/STM32G0xx_HAL_Driver/Src/stm32g0xx_hal_flash_ex.c ****   *         break, see CPU register, etc...
 474:../../../../..//Drivers/STM32G0xx_HAL_Driver/Src/stm32g0xx_hal_flash_ex.c ****   * @retval None
 475:../../../../..//Drivers/STM32G0xx_HAL_Driver/Src/stm32g0xx_hal_flash_ex.c ****   */
 476:../../../../..//Drivers/STM32G0xx_HAL_Driver/Src/stm32g0xx_hal_flash_ex.c **** void HAL_FLASHEx_DisableDebugger(void)
 477:../../../../..//Drivers/STM32G0xx_HAL_Driver/Src/stm32g0xx_hal_flash_ex.c **** {
 478:../../../../..//Drivers/STM32G0xx_HAL_Driver/Src/stm32g0xx_hal_flash_ex.c ****   FLASH->ACR &= ~FLASH_ACR_DBG_SWEN;
 479:../../../../..//Drivers/STM32G0xx_HAL_Driver/Src/stm32g0xx_hal_flash_ex.c **** }
 480:../../../../..//Drivers/STM32G0xx_HAL_Driver/Src/stm32g0xx_hal_flash_ex.c **** #endif /* FLASH_ACR_DBG_SWEN */
 481:../../../../..//Drivers/STM32G0xx_HAL_Driver/Src/stm32g0xx_hal_flash_ex.c **** 
 482:../../../../..//Drivers/STM32G0xx_HAL_Driver/Src/stm32g0xx_hal_flash_ex.c **** /**
 483:../../../../..//Drivers/STM32G0xx_HAL_Driver/Src/stm32g0xx_hal_flash_ex.c ****   * @brief  Flash Empty check
 484:../../../../..//Drivers/STM32G0xx_HAL_Driver/Src/stm32g0xx_hal_flash_ex.c ****   * @note   This API checks if first location in Flash is programmed or not.
 485:../../../../..//Drivers/STM32G0xx_HAL_Driver/Src/stm32g0xx_hal_flash_ex.c ****   *         This check is done once by Option Byte Loader.
 486:../../../../..//Drivers/STM32G0xx_HAL_Driver/Src/stm32g0xx_hal_flash_ex.c ****   * @retval 0 if 1st location is not programmed else
 487:../../../../..//Drivers/STM32G0xx_HAL_Driver/Src/stm32g0xx_hal_flash_ex.c ****   */
 488:../../../../..//Drivers/STM32G0xx_HAL_Driver/Src/stm32g0xx_hal_flash_ex.c **** uint32_t HAL_FLASHEx_FlashEmptyCheck(void)
 489:../../../../..//Drivers/STM32G0xx_HAL_Driver/Src/stm32g0xx_hal_flash_ex.c **** {
ARM GAS  /tmp/cck6bGLc.s 			page 11


 490:../../../../..//Drivers/STM32G0xx_HAL_Driver/Src/stm32g0xx_hal_flash_ex.c ****   return ((FLASH->ACR & FLASH_ACR_PROGEMPTY));
 491:../../../../..//Drivers/STM32G0xx_HAL_Driver/Src/stm32g0xx_hal_flash_ex.c **** }
 492:../../../../..//Drivers/STM32G0xx_HAL_Driver/Src/stm32g0xx_hal_flash_ex.c **** 
 493:../../../../..//Drivers/STM32G0xx_HAL_Driver/Src/stm32g0xx_hal_flash_ex.c **** 
 494:../../../../..//Drivers/STM32G0xx_HAL_Driver/Src/stm32g0xx_hal_flash_ex.c **** /**
 495:../../../../..//Drivers/STM32G0xx_HAL_Driver/Src/stm32g0xx_hal_flash_ex.c ****   * @brief  Force Empty check value.
 496:../../../../..//Drivers/STM32G0xx_HAL_Driver/Src/stm32g0xx_hal_flash_ex.c ****   * @note   Allows to modify program empty check value in order to force this
 497:../../../../..//Drivers/STM32G0xx_HAL_Driver/Src/stm32g0xx_hal_flash_ex.c ****   *         infrmation in Flash Interface, for all next reset that do not launch
 498:../../../../..//Drivers/STM32G0xx_HAL_Driver/Src/stm32g0xx_hal_flash_ex.c ****   *         Option Byte Loader.
 499:../../../../..//Drivers/STM32G0xx_HAL_Driver/Src/stm32g0xx_hal_flash_ex.c ****   * @param  FlashEmpty this parameter can be a value of @ref FLASHEx_Empty_Check
 500:../../../../..//Drivers/STM32G0xx_HAL_Driver/Src/stm32g0xx_hal_flash_ex.c ****   * @retval None
 501:../../../../..//Drivers/STM32G0xx_HAL_Driver/Src/stm32g0xx_hal_flash_ex.c ****   */
 502:../../../../..//Drivers/STM32G0xx_HAL_Driver/Src/stm32g0xx_hal_flash_ex.c **** void HAL_FLASHEx_ForceFlashEmpty(uint32_t FlashEmpty)
 503:../../../../..//Drivers/STM32G0xx_HAL_Driver/Src/stm32g0xx_hal_flash_ex.c **** {
 504:../../../../..//Drivers/STM32G0xx_HAL_Driver/Src/stm32g0xx_hal_flash_ex.c ****   uint32_t acr;
 505:../../../../..//Drivers/STM32G0xx_HAL_Driver/Src/stm32g0xx_hal_flash_ex.c ****   assert_param(IS_FLASH_EMPTY_CHECK(FlashEmpty));
 506:../../../../..//Drivers/STM32G0xx_HAL_Driver/Src/stm32g0xx_hal_flash_ex.c **** 
 507:../../../../..//Drivers/STM32G0xx_HAL_Driver/Src/stm32g0xx_hal_flash_ex.c ****   acr = (FLASH->ACR & ~FLASH_ACR_PROGEMPTY);
 508:../../../../..//Drivers/STM32G0xx_HAL_Driver/Src/stm32g0xx_hal_flash_ex.c ****   FLASH->ACR = (acr | FlashEmpty);
 509:../../../../..//Drivers/STM32G0xx_HAL_Driver/Src/stm32g0xx_hal_flash_ex.c **** }
 510:../../../../..//Drivers/STM32G0xx_HAL_Driver/Src/stm32g0xx_hal_flash_ex.c **** 
 511:../../../../..//Drivers/STM32G0xx_HAL_Driver/Src/stm32g0xx_hal_flash_ex.c **** 
 512:../../../../..//Drivers/STM32G0xx_HAL_Driver/Src/stm32g0xx_hal_flash_ex.c **** #if defined(FLASH_SECURABLE_MEMORY_SUPPORT)
 513:../../../../..//Drivers/STM32G0xx_HAL_Driver/Src/stm32g0xx_hal_flash_ex.c **** /**
 514:../../../../..//Drivers/STM32G0xx_HAL_Driver/Src/stm32g0xx_hal_flash_ex.c ****   * @brief  Securable memory area protection enable
 515:../../../../..//Drivers/STM32G0xx_HAL_Driver/Src/stm32g0xx_hal_flash_ex.c ****   * @param  Banks Select Bank to be secured.
 516:../../../../..//Drivers/STM32G0xx_HAL_Driver/Src/stm32g0xx_hal_flash_ex.c ****   *         This parameter can be a value of @ref FLASH_Banks
 517:../../../../..//Drivers/STM32G0xx_HAL_Driver/Src/stm32g0xx_hal_flash_ex.c ****   * @note   On some devices, there is only 1 bank so parameter has to be set FLASH_BANK_1.
 518:../../../../..//Drivers/STM32G0xx_HAL_Driver/Src/stm32g0xx_hal_flash_ex.c ****   * @note   This API locks Securable memory area which is defined in SEC_SIZE option byte
 519:../../../../..//Drivers/STM32G0xx_HAL_Driver/Src/stm32g0xx_hal_flash_ex.c ****   *         (that can be retrieved calling HAL_FLASHEx_OBGetConfig API and checking
 520:../../../../..//Drivers/STM32G0xx_HAL_Driver/Src/stm32g0xx_hal_flash_ex.c ****   *         Secsize).
 521:../../../../..//Drivers/STM32G0xx_HAL_Driver/Src/stm32g0xx_hal_flash_ex.c ****   * @note   SEC_PROT bit can only be set, it will be reset by system reset.
 522:../../../../..//Drivers/STM32G0xx_HAL_Driver/Src/stm32g0xx_hal_flash_ex.c ****   * @retval None
 523:../../../../..//Drivers/STM32G0xx_HAL_Driver/Src/stm32g0xx_hal_flash_ex.c ****   */
 524:../../../../..//Drivers/STM32G0xx_HAL_Driver/Src/stm32g0xx_hal_flash_ex.c **** void HAL_FLASHEx_EnableSecMemProtection(uint32_t Banks)
 525:../../../../..//Drivers/STM32G0xx_HAL_Driver/Src/stm32g0xx_hal_flash_ex.c **** {
 526:../../../../..//Drivers/STM32G0xx_HAL_Driver/Src/stm32g0xx_hal_flash_ex.c **** #if defined(FLASH_DBANK_SUPPORT)
 527:../../../../..//Drivers/STM32G0xx_HAL_Driver/Src/stm32g0xx_hal_flash_ex.c ****   assert_param(IS_FLASH_BANK(Banks));
 528:../../../../..//Drivers/STM32G0xx_HAL_Driver/Src/stm32g0xx_hal_flash_ex.c **** 
 529:../../../../..//Drivers/STM32G0xx_HAL_Driver/Src/stm32g0xx_hal_flash_ex.c ****   if (Banks == (FLASH_BANK_2  | FLASH_BANK_1))
 530:../../../../..//Drivers/STM32G0xx_HAL_Driver/Src/stm32g0xx_hal_flash_ex.c ****   {
 531:../../../../..//Drivers/STM32G0xx_HAL_Driver/Src/stm32g0xx_hal_flash_ex.c ****     FLASH->CR |= (FLASH_CR_SEC_PROT2 | FLASH_CR_SEC_PROT);
 532:../../../../..//Drivers/STM32G0xx_HAL_Driver/Src/stm32g0xx_hal_flash_ex.c ****   }
 533:../../../../..//Drivers/STM32G0xx_HAL_Driver/Src/stm32g0xx_hal_flash_ex.c ****   else if (Banks == FLASH_BANK_2)
 534:../../../../..//Drivers/STM32G0xx_HAL_Driver/Src/stm32g0xx_hal_flash_ex.c ****   {
 535:../../../../..//Drivers/STM32G0xx_HAL_Driver/Src/stm32g0xx_hal_flash_ex.c ****     FLASH->CR |= FLASH_CR_SEC_PROT2;
 536:../../../../..//Drivers/STM32G0xx_HAL_Driver/Src/stm32g0xx_hal_flash_ex.c ****   }
 537:../../../../..//Drivers/STM32G0xx_HAL_Driver/Src/stm32g0xx_hal_flash_ex.c ****   else
 538:../../../../..//Drivers/STM32G0xx_HAL_Driver/Src/stm32g0xx_hal_flash_ex.c **** #else
 539:../../../../..//Drivers/STM32G0xx_HAL_Driver/Src/stm32g0xx_hal_flash_ex.c ****   UNUSED(Banks);
 540:../../../../..//Drivers/STM32G0xx_HAL_Driver/Src/stm32g0xx_hal_flash_ex.c **** #endif /* FLASH_DBANK_SUPPORT */
 541:../../../../..//Drivers/STM32G0xx_HAL_Driver/Src/stm32g0xx_hal_flash_ex.c ****   {
 542:../../../../..//Drivers/STM32G0xx_HAL_Driver/Src/stm32g0xx_hal_flash_ex.c ****     FLASH->CR |= FLASH_CR_SEC_PROT;
 543:../../../../..//Drivers/STM32G0xx_HAL_Driver/Src/stm32g0xx_hal_flash_ex.c ****   }
 544:../../../../..//Drivers/STM32G0xx_HAL_Driver/Src/stm32g0xx_hal_flash_ex.c **** }
 545:../../../../..//Drivers/STM32G0xx_HAL_Driver/Src/stm32g0xx_hal_flash_ex.c **** #endif /* FLASH_SECURABLE_MEMORY_SUPPORT */
 546:../../../../..//Drivers/STM32G0xx_HAL_Driver/Src/stm32g0xx_hal_flash_ex.c **** /**
ARM GAS  /tmp/cck6bGLc.s 			page 12


 547:../../../../..//Drivers/STM32G0xx_HAL_Driver/Src/stm32g0xx_hal_flash_ex.c ****   * @}
 548:../../../../..//Drivers/STM32G0xx_HAL_Driver/Src/stm32g0xx_hal_flash_ex.c ****   */
 549:../../../../..//Drivers/STM32G0xx_HAL_Driver/Src/stm32g0xx_hal_flash_ex.c **** 
 550:../../../../..//Drivers/STM32G0xx_HAL_Driver/Src/stm32g0xx_hal_flash_ex.c **** /**
 551:../../../../..//Drivers/STM32G0xx_HAL_Driver/Src/stm32g0xx_hal_flash_ex.c ****   * @}
 552:../../../../..//Drivers/STM32G0xx_HAL_Driver/Src/stm32g0xx_hal_flash_ex.c ****   */
 553:../../../../..//Drivers/STM32G0xx_HAL_Driver/Src/stm32g0xx_hal_flash_ex.c **** 
 554:../../../../..//Drivers/STM32G0xx_HAL_Driver/Src/stm32g0xx_hal_flash_ex.c **** /* Private functions ---------------------------------------------------------*/
 555:../../../../..//Drivers/STM32G0xx_HAL_Driver/Src/stm32g0xx_hal_flash_ex.c **** /** @addtogroup FLASHEx_Private_Functions
 556:../../../../..//Drivers/STM32G0xx_HAL_Driver/Src/stm32g0xx_hal_flash_ex.c ****   * @{
 557:../../../../..//Drivers/STM32G0xx_HAL_Driver/Src/stm32g0xx_hal_flash_ex.c ****   */
 558:../../../../..//Drivers/STM32G0xx_HAL_Driver/Src/stm32g0xx_hal_flash_ex.c **** 
 559:../../../../..//Drivers/STM32G0xx_HAL_Driver/Src/stm32g0xx_hal_flash_ex.c **** /**
 560:../../../../..//Drivers/STM32G0xx_HAL_Driver/Src/stm32g0xx_hal_flash_ex.c ****   * @brief  Mass erase of FLASH memory.
 561:../../../../..//Drivers/STM32G0xx_HAL_Driver/Src/stm32g0xx_hal_flash_ex.c ****   * @param  Banks: Banks to be erased
 562:../../../../..//Drivers/STM32G0xx_HAL_Driver/Src/stm32g0xx_hal_flash_ex.c ****   *         This parameter can be a combination of the following values:
 563:../../../../..//Drivers/STM32G0xx_HAL_Driver/Src/stm32g0xx_hal_flash_ex.c ****   *            @arg FLASH_BANK_1: Bank1 to be erased
 564:../../../../..//Drivers/STM32G0xx_HAL_Driver/Src/stm32g0xx_hal_flash_ex.c ****   *            @arg FLASH_BANK_2: Bank2 to be erased*
 565:../../../../..//Drivers/STM32G0xx_HAL_Driver/Src/stm32g0xx_hal_flash_ex.c ****   * @note (*) availability depends on devices
 566:../../../../..//Drivers/STM32G0xx_HAL_Driver/Src/stm32g0xx_hal_flash_ex.c ****   * @retval None
 567:../../../../..//Drivers/STM32G0xx_HAL_Driver/Src/stm32g0xx_hal_flash_ex.c ****   */
 568:../../../../..//Drivers/STM32G0xx_HAL_Driver/Src/stm32g0xx_hal_flash_ex.c **** static void FLASH_MassErase(uint32_t Banks)
 569:../../../../..//Drivers/STM32G0xx_HAL_Driver/Src/stm32g0xx_hal_flash_ex.c **** {
 570:../../../../..//Drivers/STM32G0xx_HAL_Driver/Src/stm32g0xx_hal_flash_ex.c ****   /* Check the parameters */
 571:../../../../..//Drivers/STM32G0xx_HAL_Driver/Src/stm32g0xx_hal_flash_ex.c ****   assert_param(IS_FLASH_BANK(Banks));
 572:../../../../..//Drivers/STM32G0xx_HAL_Driver/Src/stm32g0xx_hal_flash_ex.c **** 
 573:../../../../..//Drivers/STM32G0xx_HAL_Driver/Src/stm32g0xx_hal_flash_ex.c ****   /* Set the Mass Erase Bit and start bit */
 574:../../../../..//Drivers/STM32G0xx_HAL_Driver/Src/stm32g0xx_hal_flash_ex.c ****   FLASH->CR |= (FLASH_CR_STRT | Banks);
 575:../../../../..//Drivers/STM32G0xx_HAL_Driver/Src/stm32g0xx_hal_flash_ex.c **** }
 576:../../../../..//Drivers/STM32G0xx_HAL_Driver/Src/stm32g0xx_hal_flash_ex.c **** 
 577:../../../../..//Drivers/STM32G0xx_HAL_Driver/Src/stm32g0xx_hal_flash_ex.c **** /**
 578:../../../../..//Drivers/STM32G0xx_HAL_Driver/Src/stm32g0xx_hal_flash_ex.c ****   * @brief  Erase the specified FLASH memory page.
 579:../../../../..//Drivers/STM32G0xx_HAL_Driver/Src/stm32g0xx_hal_flash_ex.c ****   * @param  Banks: Banks to be erased
 580:../../../../..//Drivers/STM32G0xx_HAL_Driver/Src/stm32g0xx_hal_flash_ex.c ****   *         This parameter can one of the following values:
 581:../../../../..//Drivers/STM32G0xx_HAL_Driver/Src/stm32g0xx_hal_flash_ex.c ****   *            @arg FLASH_BANK_1: Bank1 to be erased
 582:../../../../..//Drivers/STM32G0xx_HAL_Driver/Src/stm32g0xx_hal_flash_ex.c ****   *            @arg FLASH_BANK_2: Bank2 to be erased*
 583:../../../../..//Drivers/STM32G0xx_HAL_Driver/Src/stm32g0xx_hal_flash_ex.c ****   * @param  Page FLASH page to erase
 584:../../../../..//Drivers/STM32G0xx_HAL_Driver/Src/stm32g0xx_hal_flash_ex.c ****   *         This parameter must be a value between 0 and (max number of pages in Flash - 1)
 585:../../../../..//Drivers/STM32G0xx_HAL_Driver/Src/stm32g0xx_hal_flash_ex.c ****   * @note (*) availability depends on devices
 586:../../../../..//Drivers/STM32G0xx_HAL_Driver/Src/stm32g0xx_hal_flash_ex.c ****   * @retval None
 587:../../../../..//Drivers/STM32G0xx_HAL_Driver/Src/stm32g0xx_hal_flash_ex.c ****   */
 588:../../../../..//Drivers/STM32G0xx_HAL_Driver/Src/stm32g0xx_hal_flash_ex.c **** void FLASH_PageErase(uint32_t Banks, uint32_t Page)
 589:../../../../..//Drivers/STM32G0xx_HAL_Driver/Src/stm32g0xx_hal_flash_ex.c **** {
 590:../../../../..//Drivers/STM32G0xx_HAL_Driver/Src/stm32g0xx_hal_flash_ex.c ****   uint32_t tmp;
 591:../../../../..//Drivers/STM32G0xx_HAL_Driver/Src/stm32g0xx_hal_flash_ex.c **** 
 592:../../../../..//Drivers/STM32G0xx_HAL_Driver/Src/stm32g0xx_hal_flash_ex.c ****   /* Check the parameters */
 593:../../../../..//Drivers/STM32G0xx_HAL_Driver/Src/stm32g0xx_hal_flash_ex.c ****   assert_param(IS_FLASH_BANK(Banks));
 594:../../../../..//Drivers/STM32G0xx_HAL_Driver/Src/stm32g0xx_hal_flash_ex.c ****   assert_param(IS_FLASH_PAGE(Page));
 595:../../../../..//Drivers/STM32G0xx_HAL_Driver/Src/stm32g0xx_hal_flash_ex.c **** 
 596:../../../../..//Drivers/STM32G0xx_HAL_Driver/Src/stm32g0xx_hal_flash_ex.c ****   /* Get configuration register, then clear page number */
 597:../../../../..//Drivers/STM32G0xx_HAL_Driver/Src/stm32g0xx_hal_flash_ex.c ****   tmp = (FLASH->CR & ~FLASH_CR_PNB);
 598:../../../../..//Drivers/STM32G0xx_HAL_Driver/Src/stm32g0xx_hal_flash_ex.c **** 
 599:../../../../..//Drivers/STM32G0xx_HAL_Driver/Src/stm32g0xx_hal_flash_ex.c **** #if defined(FLASH_DBANK_SUPPORT)
 600:../../../../..//Drivers/STM32G0xx_HAL_Driver/Src/stm32g0xx_hal_flash_ex.c ****   /* Check if page has to be erased in bank 1 or 2 */
 601:../../../../..//Drivers/STM32G0xx_HAL_Driver/Src/stm32g0xx_hal_flash_ex.c ****   if (Banks != FLASH_BANK_1)
 602:../../../../..//Drivers/STM32G0xx_HAL_Driver/Src/stm32g0xx_hal_flash_ex.c ****   {
 603:../../../../..//Drivers/STM32G0xx_HAL_Driver/Src/stm32g0xx_hal_flash_ex.c ****     tmp |= FLASH_CR_BKER;
ARM GAS  /tmp/cck6bGLc.s 			page 13


 604:../../../../..//Drivers/STM32G0xx_HAL_Driver/Src/stm32g0xx_hal_flash_ex.c ****   }
 605:../../../../..//Drivers/STM32G0xx_HAL_Driver/Src/stm32g0xx_hal_flash_ex.c ****   else
 606:../../../../..//Drivers/STM32G0xx_HAL_Driver/Src/stm32g0xx_hal_flash_ex.c ****   {
 607:../../../../..//Drivers/STM32G0xx_HAL_Driver/Src/stm32g0xx_hal_flash_ex.c ****     tmp &= ~FLASH_CR_BKER;
 608:../../../../..//Drivers/STM32G0xx_HAL_Driver/Src/stm32g0xx_hal_flash_ex.c ****   }
 609:../../../../..//Drivers/STM32G0xx_HAL_Driver/Src/stm32g0xx_hal_flash_ex.c **** #endif /* FLASH_DBANK_SUPPORT */
 610:../../../../..//Drivers/STM32G0xx_HAL_Driver/Src/stm32g0xx_hal_flash_ex.c **** 
 611:../../../../..//Drivers/STM32G0xx_HAL_Driver/Src/stm32g0xx_hal_flash_ex.c ****   /* Set page number, Page Erase bit & Start bit */
 612:../../../../..//Drivers/STM32G0xx_HAL_Driver/Src/stm32g0xx_hal_flash_ex.c ****   FLASH->CR = (tmp | (FLASH_CR_STRT | (Page <<  FLASH_CR_PNB_Pos) | FLASH_CR_PER));
 613:../../../../..//Drivers/STM32G0xx_HAL_Driver/Src/stm32g0xx_hal_flash_ex.c **** }
 614:../../../../..//Drivers/STM32G0xx_HAL_Driver/Src/stm32g0xx_hal_flash_ex.c **** 
 615:../../../../..//Drivers/STM32G0xx_HAL_Driver/Src/stm32g0xx_hal_flash_ex.c **** /**
 616:../../../../..//Drivers/STM32G0xx_HAL_Driver/Src/stm32g0xx_hal_flash_ex.c ****   * @brief  Flush the instruction cache.
 617:../../../../..//Drivers/STM32G0xx_HAL_Driver/Src/stm32g0xx_hal_flash_ex.c ****   * @retval None
 618:../../../../..//Drivers/STM32G0xx_HAL_Driver/Src/stm32g0xx_hal_flash_ex.c ****   */
 619:../../../../..//Drivers/STM32G0xx_HAL_Driver/Src/stm32g0xx_hal_flash_ex.c **** void FLASH_FlushCaches(void)
 620:../../../../..//Drivers/STM32G0xx_HAL_Driver/Src/stm32g0xx_hal_flash_ex.c **** {
 621:../../../../..//Drivers/STM32G0xx_HAL_Driver/Src/stm32g0xx_hal_flash_ex.c ****   /* Flush instruction cache  */
 622:../../../../..//Drivers/STM32G0xx_HAL_Driver/Src/stm32g0xx_hal_flash_ex.c ****   if (READ_BIT(FLASH->ACR, FLASH_ACR_ICEN) != 0U)
 623:../../../../..//Drivers/STM32G0xx_HAL_Driver/Src/stm32g0xx_hal_flash_ex.c ****   {
 624:../../../../..//Drivers/STM32G0xx_HAL_Driver/Src/stm32g0xx_hal_flash_ex.c ****     /* Disable instruction cache  */
 625:../../../../..//Drivers/STM32G0xx_HAL_Driver/Src/stm32g0xx_hal_flash_ex.c ****     __HAL_FLASH_INSTRUCTION_CACHE_DISABLE();
 626:../../../../..//Drivers/STM32G0xx_HAL_Driver/Src/stm32g0xx_hal_flash_ex.c ****     /* Reset instruction cache */
 627:../../../../..//Drivers/STM32G0xx_HAL_Driver/Src/stm32g0xx_hal_flash_ex.c ****     __HAL_FLASH_INSTRUCTION_CACHE_RESET();
 628:../../../../..//Drivers/STM32G0xx_HAL_Driver/Src/stm32g0xx_hal_flash_ex.c ****     /* Enable instruction cache */
 629:../../../../..//Drivers/STM32G0xx_HAL_Driver/Src/stm32g0xx_hal_flash_ex.c ****     __HAL_FLASH_INSTRUCTION_CACHE_ENABLE();
 630:../../../../..//Drivers/STM32G0xx_HAL_Driver/Src/stm32g0xx_hal_flash_ex.c ****   }
 631:../../../../..//Drivers/STM32G0xx_HAL_Driver/Src/stm32g0xx_hal_flash_ex.c **** }
 632:../../../../..//Drivers/STM32G0xx_HAL_Driver/Src/stm32g0xx_hal_flash_ex.c **** 
 633:../../../../..//Drivers/STM32G0xx_HAL_Driver/Src/stm32g0xx_hal_flash_ex.c **** 
 634:../../../../..//Drivers/STM32G0xx_HAL_Driver/Src/stm32g0xx_hal_flash_ex.c **** /**
 635:../../../../..//Drivers/STM32G0xx_HAL_Driver/Src/stm32g0xx_hal_flash_ex.c ****   * @brief  Configure the write protection of the desired pages.
 636:../../../../..//Drivers/STM32G0xx_HAL_Driver/Src/stm32g0xx_hal_flash_ex.c ****   * @note   When WRP is active in a zone, it cannot be erased or programmed.
 637:../../../../..//Drivers/STM32G0xx_HAL_Driver/Src/stm32g0xx_hal_flash_ex.c ****   *         Consequently, a software mass erase cannot be performed if one zone
 638:../../../../..//Drivers/STM32G0xx_HAL_Driver/Src/stm32g0xx_hal_flash_ex.c ****   *         is write-protected.
 639:../../../../..//Drivers/STM32G0xx_HAL_Driver/Src/stm32g0xx_hal_flash_ex.c ****   * @note   When the memory read protection level is selected (RDP level = 1),
 640:../../../../..//Drivers/STM32G0xx_HAL_Driver/Src/stm32g0xx_hal_flash_ex.c ****   *         it is not possible to program or erase Flash memory if the CPU debug
 641:../../../../..//Drivers/STM32G0xx_HAL_Driver/Src/stm32g0xx_hal_flash_ex.c ****   *         features are connected (JTAG or single wire) or boot code is being
 642:../../../../..//Drivers/STM32G0xx_HAL_Driver/Src/stm32g0xx_hal_flash_ex.c ****   *         executed from RAM or System flash, even if WRP is not activated.
 643:../../../../..//Drivers/STM32G0xx_HAL_Driver/Src/stm32g0xx_hal_flash_ex.c ****   * @param  WRPArea  Specifies the area to be configured.
 644:../../../../..//Drivers/STM32G0xx_HAL_Driver/Src/stm32g0xx_hal_flash_ex.c ****   *         This parameter can be one of the following values:
 645:../../../../..//Drivers/STM32G0xx_HAL_Driver/Src/stm32g0xx_hal_flash_ex.c ****   *           @arg @ref OB_WRPAREA_ZONE_A Flash Zone A
 646:../../../../..//Drivers/STM32G0xx_HAL_Driver/Src/stm32g0xx_hal_flash_ex.c ****   *           @arg @ref OB_WRPAREA_ZONE_B Flash Zone B
 647:../../../../..//Drivers/STM32G0xx_HAL_Driver/Src/stm32g0xx_hal_flash_ex.c ****   *           @arg @ref OB_WRPAREA_ZONE2_A Flash Bank 2 Zone A (*)
 648:../../../../..//Drivers/STM32G0xx_HAL_Driver/Src/stm32g0xx_hal_flash_ex.c ****   *           @arg @ref OB_WRPAREA_ZONE2_B Flash Bank 2 Zone B (*)
 649:../../../../..//Drivers/STM32G0xx_HAL_Driver/Src/stm32g0xx_hal_flash_ex.c ****   * @note  (*) availability depends on devices
 650:../../../../..//Drivers/STM32G0xx_HAL_Driver/Src/stm32g0xx_hal_flash_ex.c ****   * @param  WRPStartOffset  Specifies the start page of the write protected area
 651:../../../../..//Drivers/STM32G0xx_HAL_Driver/Src/stm32g0xx_hal_flash_ex.c ****   *         This parameter can be page number between 0 and (max number of pages in the Flash Bank 
 652:../../../../..//Drivers/STM32G0xx_HAL_Driver/Src/stm32g0xx_hal_flash_ex.c ****   * @param  WRDPEndOffset  Specifies the end page of the write protected area
 653:../../../../..//Drivers/STM32G0xx_HAL_Driver/Src/stm32g0xx_hal_flash_ex.c ****   *         This parameter can be page number between WRPStartOffset and (max number of pages in th
 654:../../../../..//Drivers/STM32G0xx_HAL_Driver/Src/stm32g0xx_hal_flash_ex.c ****   * @retval None
 655:../../../../..//Drivers/STM32G0xx_HAL_Driver/Src/stm32g0xx_hal_flash_ex.c ****   */
 656:../../../../..//Drivers/STM32G0xx_HAL_Driver/Src/stm32g0xx_hal_flash_ex.c **** static void FLASH_OB_WRPConfig(uint32_t WRPArea, uint32_t WRPStartOffset, uint32_t WRDPEndOffset)
  79              		.loc 1 656 13 view .LVU22
  80              	.LBB25:
 657:../../../../..//Drivers/STM32G0xx_HAL_Driver/Src/stm32g0xx_hal_flash_ex.c **** {
 658:../../../../..//Drivers/STM32G0xx_HAL_Driver/Src/stm32g0xx_hal_flash_ex.c ****   /* Check the parameters */
ARM GAS  /tmp/cck6bGLc.s 			page 14


 659:../../../../..//Drivers/STM32G0xx_HAL_Driver/Src/stm32g0xx_hal_flash_ex.c ****   assert_param(IS_OB_WRPAREA(WRPArea));
  81              		.loc 1 659 3 view .LVU23
 660:../../../../..//Drivers/STM32G0xx_HAL_Driver/Src/stm32g0xx_hal_flash_ex.c ****   assert_param(IS_FLASH_PAGE(WRPStartOffset));
  82              		.loc 1 660 3 view .LVU24
 661:../../../../..//Drivers/STM32G0xx_HAL_Driver/Src/stm32g0xx_hal_flash_ex.c ****   assert_param(IS_FLASH_PAGE(WRDPEndOffset));
  83              		.loc 1 661 3 view .LVU25
 662:../../../../..//Drivers/STM32G0xx_HAL_Driver/Src/stm32g0xx_hal_flash_ex.c **** 
 663:../../../../..//Drivers/STM32G0xx_HAL_Driver/Src/stm32g0xx_hal_flash_ex.c ****   /* Configure the write protected area */
 664:../../../../..//Drivers/STM32G0xx_HAL_Driver/Src/stm32g0xx_hal_flash_ex.c ****   if (WRPArea == OB_WRPAREA_ZONE_A)
  84              		.loc 1 664 3 view .LVU26
 665:../../../../..//Drivers/STM32G0xx_HAL_Driver/Src/stm32g0xx_hal_flash_ex.c ****   {
 666:../../../../..//Drivers/STM32G0xx_HAL_Driver/Src/stm32g0xx_hal_flash_ex.c ****     FLASH->WRP1AR = ((WRDPEndOffset << FLASH_WRP1AR_WRP1A_END_Pos) | WRPStartOffset);
  85              		.loc 1 666 37 is_stmt 0 view .LVU27
  86 001c D968     		ldr	r1, [r3, #12]
  87              		.loc 1 666 68 view .LVU28
  88 001e 9868     		ldr	r0, [r3, #8]
 664:../../../../..//Drivers/STM32G0xx_HAL_Driver/Src/stm32g0xx_hal_flash_ex.c ****   {
  89              		.loc 1 664 6 view .LVU29
  90 0020 5D68     		ldr	r5, [r3, #4]
  91              		.loc 1 666 37 view .LVU30
  92 0022 0904     		lsls	r1, r1, #16
  93              		.loc 1 666 68 view .LVU31
  94 0024 0143     		orrs	r1, r0
  95 0026 4348     		ldr	r0, .L49+4
 664:../../../../..//Drivers/STM32G0xx_HAL_Driver/Src/stm32g0xx_hal_flash_ex.c ****   {
  96              		.loc 1 664 6 view .LVU32
  97 0028 012D     		cmp	r5, #1
  98 002a 5ED1     		bne	.L4
  99              		.loc 1 666 5 is_stmt 1 view .LVU33
 100              		.loc 1 666 19 is_stmt 0 view .LVU34
 101 002c C162     		str	r1, [r0, #44]
 102              	.LVL3:
 103              	.L3:
 104              		.loc 1 666 19 view .LVU35
 105              	.LBE25:
 106              	.LBE24:
 318:../../../../..//Drivers/STM32G0xx_HAL_Driver/Src/stm32g0xx_hal_flash_ex.c ****   {
 107              		.loc 1 318 3 is_stmt 1 view .LVU36
 318:../../../../..//Drivers/STM32G0xx_HAL_Driver/Src/stm32g0xx_hal_flash_ex.c ****   {
 108              		.loc 1 318 28 is_stmt 0 view .LVU37
 109 002e 0621     		movs	r1, #6
 110 0030 1140     		ands	r1, r2
 318:../../../../..//Drivers/STM32G0xx_HAL_Driver/Src/stm32g0xx_hal_flash_ex.c ****   {
 111              		.loc 1 318 6 view .LVU38
 112 0032 0629     		cmp	r1, #6
 113 0034 5BD1     		bne	.L5
 321:../../../../..//Drivers/STM32G0xx_HAL_Driver/Src/stm32g0xx_hal_flash_ex.c ****   }
 114              		.loc 1 321 5 is_stmt 1 view .LVU39
 115              	.LVL4:
 116              	.LBB27:
 117              	.LBI27:
 667:../../../../..//Drivers/STM32G0xx_HAL_Driver/Src/stm32g0xx_hal_flash_ex.c ****   }
 668:../../../../..//Drivers/STM32G0xx_HAL_Driver/Src/stm32g0xx_hal_flash_ex.c **** #if defined(FLASH_DBANK_SUPPORT)
 669:../../../../..//Drivers/STM32G0xx_HAL_Driver/Src/stm32g0xx_hal_flash_ex.c ****   else if (WRPArea == OB_WRPAREA_ZONE2_A)
 670:../../../../..//Drivers/STM32G0xx_HAL_Driver/Src/stm32g0xx_hal_flash_ex.c ****   {
 671:../../../../..//Drivers/STM32G0xx_HAL_Driver/Src/stm32g0xx_hal_flash_ex.c ****     FLASH->WRP2AR = ((WRDPEndOffset << FLASH_WRP2AR_WRP2A_END_Pos) | WRPStartOffset);
 672:../../../../..//Drivers/STM32G0xx_HAL_Driver/Src/stm32g0xx_hal_flash_ex.c ****   }
ARM GAS  /tmp/cck6bGLc.s 			page 15


 673:../../../../..//Drivers/STM32G0xx_HAL_Driver/Src/stm32g0xx_hal_flash_ex.c ****   else if (WRPArea == OB_WRPAREA_ZONE2_B)
 674:../../../../..//Drivers/STM32G0xx_HAL_Driver/Src/stm32g0xx_hal_flash_ex.c ****   {
 675:../../../../..//Drivers/STM32G0xx_HAL_Driver/Src/stm32g0xx_hal_flash_ex.c ****     FLASH->WRP2BR = ((WRDPEndOffset << FLASH_WRP2BR_WRP2B_END_Pos) | WRPStartOffset);
 676:../../../../..//Drivers/STM32G0xx_HAL_Driver/Src/stm32g0xx_hal_flash_ex.c ****   }
 677:../../../../..//Drivers/STM32G0xx_HAL_Driver/Src/stm32g0xx_hal_flash_ex.c **** #endif /* FLASH_DBANK_SUPPORT */
 678:../../../../..//Drivers/STM32G0xx_HAL_Driver/Src/stm32g0xx_hal_flash_ex.c ****   else
 679:../../../../..//Drivers/STM32G0xx_HAL_Driver/Src/stm32g0xx_hal_flash_ex.c ****   {
 680:../../../../..//Drivers/STM32G0xx_HAL_Driver/Src/stm32g0xx_hal_flash_ex.c ****     FLASH->WRP1BR = ((WRDPEndOffset << FLASH_WRP1BR_WRP1B_END_Pos) | WRPStartOffset);
 681:../../../../..//Drivers/STM32G0xx_HAL_Driver/Src/stm32g0xx_hal_flash_ex.c ****   }
 682:../../../../..//Drivers/STM32G0xx_HAL_Driver/Src/stm32g0xx_hal_flash_ex.c **** }
 683:../../../../..//Drivers/STM32G0xx_HAL_Driver/Src/stm32g0xx_hal_flash_ex.c **** 
 684:../../../../..//Drivers/STM32G0xx_HAL_Driver/Src/stm32g0xx_hal_flash_ex.c **** /**
 685:../../../../..//Drivers/STM32G0xx_HAL_Driver/Src/stm32g0xx_hal_flash_ex.c ****   * @brief  Return the FLASH Write Protection Option Bytes value.
 686:../../../../..//Drivers/STM32G0xx_HAL_Driver/Src/stm32g0xx_hal_flash_ex.c ****   * @param[in]  WRPArea Specifies the area to be returned.
 687:../../../../..//Drivers/STM32G0xx_HAL_Driver/Src/stm32g0xx_hal_flash_ex.c ****   *             This parameter can be one of the following values:
 688:../../../../..//Drivers/STM32G0xx_HAL_Driver/Src/stm32g0xx_hal_flash_ex.c ****   *               @arg @ref OB_WRPAREA_ZONE_A Flash Zone A
 689:../../../../..//Drivers/STM32G0xx_HAL_Driver/Src/stm32g0xx_hal_flash_ex.c ****   *               @arg @ref OB_WRPAREA_ZONE_B Flash Zone B
 690:../../../../..//Drivers/STM32G0xx_HAL_Driver/Src/stm32g0xx_hal_flash_ex.c ****   *               @arg @ref OB_WRPAREA_ZONE2_A Flash Bank 2 Zone A (*)
 691:../../../../..//Drivers/STM32G0xx_HAL_Driver/Src/stm32g0xx_hal_flash_ex.c ****   *               @arg @ref OB_WRPAREA_ZONE2_B Flash Bank 2 Zone B (*)
 692:../../../../..//Drivers/STM32G0xx_HAL_Driver/Src/stm32g0xx_hal_flash_ex.c ****   * @note  (*) availability depends on devices
 693:../../../../..//Drivers/STM32G0xx_HAL_Driver/Src/stm32g0xx_hal_flash_ex.c ****   * @param[out]  WRPStartOffset  Specifies the address where to copied the start page
 694:../../../../..//Drivers/STM32G0xx_HAL_Driver/Src/stm32g0xx_hal_flash_ex.c ****   *                         of the write protected area
 695:../../../../..//Drivers/STM32G0xx_HAL_Driver/Src/stm32g0xx_hal_flash_ex.c ****   * @param[out]  WRDPEndOffset  Dpecifies the address where to copied the end page of
 696:../../../../..//Drivers/STM32G0xx_HAL_Driver/Src/stm32g0xx_hal_flash_ex.c ****   *                        the write protected area
 697:../../../../..//Drivers/STM32G0xx_HAL_Driver/Src/stm32g0xx_hal_flash_ex.c ****   * @retval None
 698:../../../../..//Drivers/STM32G0xx_HAL_Driver/Src/stm32g0xx_hal_flash_ex.c ****   */
 699:../../../../..//Drivers/STM32G0xx_HAL_Driver/Src/stm32g0xx_hal_flash_ex.c **** static void FLASH_OB_GetWRP(uint32_t WRPArea, uint32_t *WRPStartOffset, uint32_t *WRDPEndOffset)
 700:../../../../..//Drivers/STM32G0xx_HAL_Driver/Src/stm32g0xx_hal_flash_ex.c **** {
 701:../../../../..//Drivers/STM32G0xx_HAL_Driver/Src/stm32g0xx_hal_flash_ex.c ****   /* Check the parameters */
 702:../../../../..//Drivers/STM32G0xx_HAL_Driver/Src/stm32g0xx_hal_flash_ex.c ****   assert_param(IS_OB_WRPAREA(WRPArea));
 703:../../../../..//Drivers/STM32G0xx_HAL_Driver/Src/stm32g0xx_hal_flash_ex.c **** 
 704:../../../../..//Drivers/STM32G0xx_HAL_Driver/Src/stm32g0xx_hal_flash_ex.c ****   /* Get the configuration of the write protected area */
 705:../../../../..//Drivers/STM32G0xx_HAL_Driver/Src/stm32g0xx_hal_flash_ex.c ****   if (WRPArea == OB_WRPAREA_ZONE_A)
 706:../../../../..//Drivers/STM32G0xx_HAL_Driver/Src/stm32g0xx_hal_flash_ex.c ****   {
 707:../../../../..//Drivers/STM32G0xx_HAL_Driver/Src/stm32g0xx_hal_flash_ex.c ****     *WRPStartOffset = READ_BIT(FLASH->WRP1AR, FLASH_WRP1AR_WRP1A_STRT);
 708:../../../../..//Drivers/STM32G0xx_HAL_Driver/Src/stm32g0xx_hal_flash_ex.c ****     *WRDPEndOffset = (READ_BIT(FLASH->WRP1AR, FLASH_WRP1AR_WRP1A_END) >> FLASH_WRP1AR_WRP1A_END_Pos
 709:../../../../..//Drivers/STM32G0xx_HAL_Driver/Src/stm32g0xx_hal_flash_ex.c ****   }
 710:../../../../..//Drivers/STM32G0xx_HAL_Driver/Src/stm32g0xx_hal_flash_ex.c **** #if defined(FLASH_DBANK_SUPPORT)
 711:../../../../..//Drivers/STM32G0xx_HAL_Driver/Src/stm32g0xx_hal_flash_ex.c ****   else if (WRPArea == OB_WRPAREA_ZONE2_A)
 712:../../../../..//Drivers/STM32G0xx_HAL_Driver/Src/stm32g0xx_hal_flash_ex.c ****   {
 713:../../../../..//Drivers/STM32G0xx_HAL_Driver/Src/stm32g0xx_hal_flash_ex.c ****     *WRPStartOffset = READ_BIT(FLASH->WRP2AR, FLASH_WRP2AR_WRP2A_STRT);
 714:../../../../..//Drivers/STM32G0xx_HAL_Driver/Src/stm32g0xx_hal_flash_ex.c ****     *WRDPEndOffset = (READ_BIT(FLASH->WRP2AR, FLASH_WRP2AR_WRP2A_END) >> FLASH_WRP2AR_WRP2A_END_Pos
 715:../../../../..//Drivers/STM32G0xx_HAL_Driver/Src/stm32g0xx_hal_flash_ex.c ****   }
 716:../../../../..//Drivers/STM32G0xx_HAL_Driver/Src/stm32g0xx_hal_flash_ex.c ****   else if (WRPArea == OB_WRPAREA_ZONE2_B)
 717:../../../../..//Drivers/STM32G0xx_HAL_Driver/Src/stm32g0xx_hal_flash_ex.c ****   {
 718:../../../../..//Drivers/STM32G0xx_HAL_Driver/Src/stm32g0xx_hal_flash_ex.c ****     *WRPStartOffset = READ_BIT(FLASH->WRP2BR, FLASH_WRP2BR_WRP2B_STRT);
 719:../../../../..//Drivers/STM32G0xx_HAL_Driver/Src/stm32g0xx_hal_flash_ex.c ****     *WRDPEndOffset = (READ_BIT(FLASH->WRP2BR, FLASH_WRP2BR_WRP2B_END) >> FLASH_WRP2BR_WRP2B_END_Pos
 720:../../../../..//Drivers/STM32G0xx_HAL_Driver/Src/stm32g0xx_hal_flash_ex.c ****   }
 721:../../../../..//Drivers/STM32G0xx_HAL_Driver/Src/stm32g0xx_hal_flash_ex.c **** #endif /* FLASH_DBANK_SUPPORT */
 722:../../../../..//Drivers/STM32G0xx_HAL_Driver/Src/stm32g0xx_hal_flash_ex.c ****   else
 723:../../../../..//Drivers/STM32G0xx_HAL_Driver/Src/stm32g0xx_hal_flash_ex.c ****   {
 724:../../../../..//Drivers/STM32G0xx_HAL_Driver/Src/stm32g0xx_hal_flash_ex.c ****     *WRPStartOffset = READ_BIT(FLASH->WRP1BR, FLASH_WRP1BR_WRP1B_STRT);
 725:../../../../..//Drivers/STM32G0xx_HAL_Driver/Src/stm32g0xx_hal_flash_ex.c ****     *WRDPEndOffset = (READ_BIT(FLASH->WRP1BR, FLASH_WRP1BR_WRP1B_END) >> FLASH_WRP1BR_WRP1B_END_Pos
 726:../../../../..//Drivers/STM32G0xx_HAL_Driver/Src/stm32g0xx_hal_flash_ex.c ****   }
 727:../../../../..//Drivers/STM32G0xx_HAL_Driver/Src/stm32g0xx_hal_flash_ex.c **** }
 728:../../../../..//Drivers/STM32G0xx_HAL_Driver/Src/stm32g0xx_hal_flash_ex.c **** 
 729:../../../../..//Drivers/STM32G0xx_HAL_Driver/Src/stm32g0xx_hal_flash_ex.c **** /**
ARM GAS  /tmp/cck6bGLc.s 			page 16


 730:../../../../..//Drivers/STM32G0xx_HAL_Driver/Src/stm32g0xx_hal_flash_ex.c ****   * @brief  Set user & RDP configuration
 731:../../../../..//Drivers/STM32G0xx_HAL_Driver/Src/stm32g0xx_hal_flash_ex.c ****   * @note   !!! Warning : When enabling OB_RDP level 2 it is no more possible
 732:../../../../..//Drivers/STM32G0xx_HAL_Driver/Src/stm32g0xx_hal_flash_ex.c ****   *         to go back to level 1 or 0 !!!
 733:../../../../..//Drivers/STM32G0xx_HAL_Driver/Src/stm32g0xx_hal_flash_ex.c ****   * @param  UserType  The FLASH User Option Bytes to be modified.
 734:../../../../..//Drivers/STM32G0xx_HAL_Driver/Src/stm32g0xx_hal_flash_ex.c ****   *         This parameter can be a combination of @ref FLASH_OB_USER_Type
 735:../../../../..//Drivers/STM32G0xx_HAL_Driver/Src/stm32g0xx_hal_flash_ex.c ****   * @param  UserConfig  The FLASH User Option Bytes values.
 736:../../../../..//Drivers/STM32G0xx_HAL_Driver/Src/stm32g0xx_hal_flash_ex.c ****   *         This parameter can be a combination of:
 737:../../../../..//Drivers/STM32G0xx_HAL_Driver/Src/stm32g0xx_hal_flash_ex.c ****   *           @arg @ref FLASH_OB_USER_BOR_ENABLE(*)
 738:../../../../..//Drivers/STM32G0xx_HAL_Driver/Src/stm32g0xx_hal_flash_ex.c ****   *           @arg @ref FLASH_OB_USER_BOR_LEVEL(*)
 739:../../../../..//Drivers/STM32G0xx_HAL_Driver/Src/stm32g0xx_hal_flash_ex.c ****   *           @arg @ref FLASH_OB_USER_RESET_CONFIG(*)
 740:../../../../..//Drivers/STM32G0xx_HAL_Driver/Src/stm32g0xx_hal_flash_ex.c ****   *           @arg @ref FLASH_OB_USER_nRST_STOP
 741:../../../../..//Drivers/STM32G0xx_HAL_Driver/Src/stm32g0xx_hal_flash_ex.c ****   *           @arg @ref FLASH_OB_USER_nRST_STANDBY
 742:../../../../..//Drivers/STM32G0xx_HAL_Driver/Src/stm32g0xx_hal_flash_ex.c ****   *           @arg @ref FLASH_OB_USER_nRST_SHUTDOWN(*)
 743:../../../../..//Drivers/STM32G0xx_HAL_Driver/Src/stm32g0xx_hal_flash_ex.c ****   *           @arg @ref FLASH_OB_USER_IWDG_SW
 744:../../../../..//Drivers/STM32G0xx_HAL_Driver/Src/stm32g0xx_hal_flash_ex.c ****   *           @arg @ref FLASH_OB_USER_IWDG_STOP
 745:../../../../..//Drivers/STM32G0xx_HAL_Driver/Src/stm32g0xx_hal_flash_ex.c ****   *           @arg @ref FLASH_OB_USER_IWDG_STANDBY
 746:../../../../..//Drivers/STM32G0xx_HAL_Driver/Src/stm32g0xx_hal_flash_ex.c ****   *           @arg @ref FLASH_OB_USER_WWDG_SW
 747:../../../../..//Drivers/STM32G0xx_HAL_Driver/Src/stm32g0xx_hal_flash_ex.c ****   *           @arg @ref FLASH_OB_USER_SRAM_PARITY
 748:../../../../..//Drivers/STM32G0xx_HAL_Driver/Src/stm32g0xx_hal_flash_ex.c ****   *           @arg @ref FLASH_OB_USER_BANK_SWAP(*)
 749:../../../../..//Drivers/STM32G0xx_HAL_Driver/Src/stm32g0xx_hal_flash_ex.c ****   *           @arg @ref FLASH_OB_USER_DUAL_BANK(*)
 750:../../../../..//Drivers/STM32G0xx_HAL_Driver/Src/stm32g0xx_hal_flash_ex.c ****   *           @arg @ref FLASH_OB_USER_nBOOT_SEL
 751:../../../../..//Drivers/STM32G0xx_HAL_Driver/Src/stm32g0xx_hal_flash_ex.c ****   *           @arg @ref FLASH_OB_USER_nBOOT1
 752:../../../../..//Drivers/STM32G0xx_HAL_Driver/Src/stm32g0xx_hal_flash_ex.c ****   *           @arg @ref FLASH_OB_USER_nBOOT0
 753:../../../../..//Drivers/STM32G0xx_HAL_Driver/Src/stm32g0xx_hal_flash_ex.c ****   *           @arg @ref FLASH_OB_USER_INPUT_RESET_HOLDER(*)
 754:../../../../..//Drivers/STM32G0xx_HAL_Driver/Src/stm32g0xx_hal_flash_ex.c ****   * @param  RDPLevel  specifies the read protection level.
 755:../../../../..//Drivers/STM32G0xx_HAL_Driver/Src/stm32g0xx_hal_flash_ex.c ****   *         This parameter can be one of the following values:
 756:../../../../..//Drivers/STM32G0xx_HAL_Driver/Src/stm32g0xx_hal_flash_ex.c ****   *           @arg @ref OB_RDP_LEVEL_0 No protection
 757:../../../../..//Drivers/STM32G0xx_HAL_Driver/Src/stm32g0xx_hal_flash_ex.c ****   *           @arg @ref OB_RDP_LEVEL_1 Memory Read protection
 758:../../../../..//Drivers/STM32G0xx_HAL_Driver/Src/stm32g0xx_hal_flash_ex.c ****   *           @arg @ref OB_RDP_LEVEL_2 Full chip protection
 759:../../../../..//Drivers/STM32G0xx_HAL_Driver/Src/stm32g0xx_hal_flash_ex.c ****   * @note  (*) availability depends on devices
 760:../../../../..//Drivers/STM32G0xx_HAL_Driver/Src/stm32g0xx_hal_flash_ex.c ****   * @retval None
 761:../../../../..//Drivers/STM32G0xx_HAL_Driver/Src/stm32g0xx_hal_flash_ex.c ****   */
 762:../../../../..//Drivers/STM32G0xx_HAL_Driver/Src/stm32g0xx_hal_flash_ex.c **** static void FLASH_OB_OptrConfig(uint32_t UserType, uint32_t UserConfig, uint32_t RDPLevel)
 118              		.loc 1 762 13 view .LVU40
 119              	.LBB28:
 763:../../../../..//Drivers/STM32G0xx_HAL_Driver/Src/stm32g0xx_hal_flash_ex.c **** {
 764:../../../../..//Drivers/STM32G0xx_HAL_Driver/Src/stm32g0xx_hal_flash_ex.c ****   uint32_t optr;
 120              		.loc 1 764 3 view .LVU41
 765:../../../../..//Drivers/STM32G0xx_HAL_Driver/Src/stm32g0xx_hal_flash_ex.c **** 
 766:../../../../..//Drivers/STM32G0xx_HAL_Driver/Src/stm32g0xx_hal_flash_ex.c ****   /* Check the parameters */
 767:../../../../..//Drivers/STM32G0xx_HAL_Driver/Src/stm32g0xx_hal_flash_ex.c ****   assert_param(IS_OB_USER_TYPE(UserType));
 121              		.loc 1 767 3 view .LVU42
 768:../../../../..//Drivers/STM32G0xx_HAL_Driver/Src/stm32g0xx_hal_flash_ex.c ****   assert_param(IS_OB_USER_CONFIG(UserType, UserConfig));
 122              		.loc 1 768 3 view .LVU43
 769:../../../../..//Drivers/STM32G0xx_HAL_Driver/Src/stm32g0xx_hal_flash_ex.c ****   assert_param(IS_OB_RDP_LEVEL(RDPLevel));
 123              		.loc 1 769 3 view .LVU44
 770:../../../../..//Drivers/STM32G0xx_HAL_Driver/Src/stm32g0xx_hal_flash_ex.c **** 
 771:../../../../..//Drivers/STM32G0xx_HAL_Driver/Src/stm32g0xx_hal_flash_ex.c ****   /* Configure the RDP level in the option bytes register */
 772:../../../../..//Drivers/STM32G0xx_HAL_Driver/Src/stm32g0xx_hal_flash_ex.c ****   optr = FLASH->OPTR;
 124              		.loc 1 772 3 view .LVU45
 773:../../../../..//Drivers/STM32G0xx_HAL_Driver/Src/stm32g0xx_hal_flash_ex.c ****   optr &= ~(UserType | FLASH_OPTR_RDP);
 125              		.loc 1 773 22 is_stmt 0 view .LVU46
 126 0036 FF20     		movs	r0, #255
 772:../../../../..//Drivers/STM32G0xx_HAL_Driver/Src/stm32g0xx_hal_flash_ex.c ****   optr &= ~(UserType | FLASH_OPTR_RDP);
 127              		.loc 1 772 8 view .LVU47
 128 0038 3E4D     		ldr	r5, .L49+4
 129              		.loc 1 773 22 view .LVU48
ARM GAS  /tmp/cck6bGLc.s 			page 17


 130 003a 5E69     		ldr	r6, [r3, #20]
 772:../../../../..//Drivers/STM32G0xx_HAL_Driver/Src/stm32g0xx_hal_flash_ex.c ****   optr &= ~(UserType | FLASH_OPTR_RDP);
 131              		.loc 1 772 8 view .LVU49
 132 003c 296A     		ldr	r1, [r5, #32]
 133              	.LVL5:
 134              		.loc 1 773 3 is_stmt 1 view .LVU50
 774:../../../../..//Drivers/STM32G0xx_HAL_Driver/Src/stm32g0xx_hal_flash_ex.c ****   FLASH->OPTR = (optr | UserConfig | RDPLevel);
 135              		.loc 1 774 3 view .LVU51
 773:../../../../..//Drivers/STM32G0xx_HAL_Driver/Src/stm32g0xx_hal_flash_ex.c ****   optr &= ~(UserType | FLASH_OPTR_RDP);
 136              		.loc 1 773 22 is_stmt 0 view .LVU52
 137 003e 3043     		orrs	r0, r6
 773:../../../../..//Drivers/STM32G0xx_HAL_Driver/Src/stm32g0xx_hal_flash_ex.c ****   optr &= ~(UserType | FLASH_OPTR_RDP);
 138              		.loc 1 773 8 view .LVU53
 139 0040 8143     		bics	r1, r0
 140              	.LVL6:
 141              		.loc 1 774 36 view .LVU54
 142 0042 1E69     		ldr	r6, [r3, #16]
 143 0044 9869     		ldr	r0, [r3, #24]
 144 0046 3043     		orrs	r0, r6
 145              	.LVL7:
 146              	.L48:
 147              		.loc 1 774 36 view .LVU55
 148              	.LBE28:
 149              	.LBE27:
 150              	.LBB29:
 151              	.LBB30:
 152 0048 0143     		orrs	r1, r0
 153              		.loc 1 774 15 view .LVU56
 154 004a 2962     		str	r1, [r5, #32]
 155              	.L6:
 156              	.LBE30:
 157              	.LBE29:
 338:../../../../..//Drivers/STM32G0xx_HAL_Driver/Src/stm32g0xx_hal_flash_ex.c **** 
 158              		.loc 1 338 3 is_stmt 1 view .LVU57
 342:../../../../..//Drivers/STM32G0xx_HAL_Driver/Src/stm32g0xx_hal_flash_ex.c ****   {
 159              		.loc 1 342 3 view .LVU58
 342:../../../../..//Drivers/STM32G0xx_HAL_Driver/Src/stm32g0xx_hal_flash_ex.c ****   {
 160              		.loc 1 342 6 is_stmt 0 view .LVU59
 161 004c 1107     		lsls	r1, r2, #28
 162 004e 2AD5     		bpl	.L12
 345:../../../../..//Drivers/STM32G0xx_HAL_Driver/Src/stm32g0xx_hal_flash_ex.c **** 
 163              		.loc 1 345 5 is_stmt 1 view .LVU60
 347:../../../../..//Drivers/STM32G0xx_HAL_Driver/Src/stm32g0xx_hal_flash_ex.c ****     {
 164              		.loc 1 347 5 view .LVU61
 347:../../../../..//Drivers/STM32G0xx_HAL_Driver/Src/stm32g0xx_hal_flash_ex.c ****     {
 165              		.loc 1 347 17 is_stmt 0 view .LVU62
 166 0050 D869     		ldr	r0, [r3, #28]
 347:../../../../..//Drivers/STM32G0xx_HAL_Driver/Src/stm32g0xx_hal_flash_ex.c ****     {
 167              		.loc 1 347 31 view .LVU63
 168 0052 3949     		ldr	r1, .L49+8
 347:../../../../..//Drivers/STM32G0xx_HAL_Driver/Src/stm32g0xx_hal_flash_ex.c ****     {
 169              		.loc 1 347 8 view .LVU64
 170 0054 0842     		tst	r0, r1
 171 0056 19D0     		beq	.L13
 350:../../../../..//Drivers/STM32G0xx_HAL_Driver/Src/stm32g0xx_hal_flash_ex.c ****     }
 172              		.loc 1 350 7 is_stmt 1 view .LVU65
 173              	.LVL8:
ARM GAS  /tmp/cck6bGLc.s 			page 18


 174              	.LBB33:
 175              	.LBI33:
 775:../../../../..//Drivers/STM32G0xx_HAL_Driver/Src/stm32g0xx_hal_flash_ex.c **** }
 776:../../../../..//Drivers/STM32G0xx_HAL_Driver/Src/stm32g0xx_hal_flash_ex.c **** 
 777:../../../../..//Drivers/STM32G0xx_HAL_Driver/Src/stm32g0xx_hal_flash_ex.c **** /**
 778:../../../../..//Drivers/STM32G0xx_HAL_Driver/Src/stm32g0xx_hal_flash_ex.c ****   * @brief  Return the FLASH Read Protection level.
 779:../../../../..//Drivers/STM32G0xx_HAL_Driver/Src/stm32g0xx_hal_flash_ex.c ****   * @retval FLASH ReadOut Protection Status:
 780:../../../../..//Drivers/STM32G0xx_HAL_Driver/Src/stm32g0xx_hal_flash_ex.c ****   *         This return value can be one of the following values:
 781:../../../../..//Drivers/STM32G0xx_HAL_Driver/Src/stm32g0xx_hal_flash_ex.c ****   *           @arg @ref OB_RDP_LEVEL_0 No protection
 782:../../../../..//Drivers/STM32G0xx_HAL_Driver/Src/stm32g0xx_hal_flash_ex.c ****   *           @arg @ref OB_RDP_LEVEL_1 Read protection of the memory
 783:../../../../..//Drivers/STM32G0xx_HAL_Driver/Src/stm32g0xx_hal_flash_ex.c ****   *           @arg @ref OB_RDP_LEVEL_2 Full chip protection
 784:../../../../..//Drivers/STM32G0xx_HAL_Driver/Src/stm32g0xx_hal_flash_ex.c ****   */
 785:../../../../..//Drivers/STM32G0xx_HAL_Driver/Src/stm32g0xx_hal_flash_ex.c **** static uint32_t FLASH_OB_GetRDP(void)
 786:../../../../..//Drivers/STM32G0xx_HAL_Driver/Src/stm32g0xx_hal_flash_ex.c **** {
 787:../../../../..//Drivers/STM32G0xx_HAL_Driver/Src/stm32g0xx_hal_flash_ex.c ****   uint32_t rdplvl = READ_BIT(FLASH->OPTR, FLASH_OPTR_RDP);
 788:../../../../..//Drivers/STM32G0xx_HAL_Driver/Src/stm32g0xx_hal_flash_ex.c **** 
 789:../../../../..//Drivers/STM32G0xx_HAL_Driver/Src/stm32g0xx_hal_flash_ex.c ****   if ((rdplvl != OB_RDP_LEVEL_0) && (rdplvl != OB_RDP_LEVEL_2))
 790:../../../../..//Drivers/STM32G0xx_HAL_Driver/Src/stm32g0xx_hal_flash_ex.c ****   {
 791:../../../../..//Drivers/STM32G0xx_HAL_Driver/Src/stm32g0xx_hal_flash_ex.c ****     return (OB_RDP_LEVEL_1);
 792:../../../../..//Drivers/STM32G0xx_HAL_Driver/Src/stm32g0xx_hal_flash_ex.c ****   }
 793:../../../../..//Drivers/STM32G0xx_HAL_Driver/Src/stm32g0xx_hal_flash_ex.c ****   else
 794:../../../../..//Drivers/STM32G0xx_HAL_Driver/Src/stm32g0xx_hal_flash_ex.c ****   {
 795:../../../../..//Drivers/STM32G0xx_HAL_Driver/Src/stm32g0xx_hal_flash_ex.c ****     return rdplvl;
 796:../../../../..//Drivers/STM32G0xx_HAL_Driver/Src/stm32g0xx_hal_flash_ex.c ****   }
 797:../../../../..//Drivers/STM32G0xx_HAL_Driver/Src/stm32g0xx_hal_flash_ex.c **** }
 798:../../../../..//Drivers/STM32G0xx_HAL_Driver/Src/stm32g0xx_hal_flash_ex.c **** 
 799:../../../../..//Drivers/STM32G0xx_HAL_Driver/Src/stm32g0xx_hal_flash_ex.c **** /**
 800:../../../../..//Drivers/STM32G0xx_HAL_Driver/Src/stm32g0xx_hal_flash_ex.c ****   * @brief  Return the FLASH User Option Byte value.
 801:../../../../..//Drivers/STM32G0xx_HAL_Driver/Src/stm32g0xx_hal_flash_ex.c ****   * @retval The FLASH User Option Bytes values. It will be a combination of all the following value
 802:../../../../..//Drivers/STM32G0xx_HAL_Driver/Src/stm32g0xx_hal_flash_ex.c ****   *           @arg @ref FLASH_OB_USER_BOR_ENABLE(*)
 803:../../../../..//Drivers/STM32G0xx_HAL_Driver/Src/stm32g0xx_hal_flash_ex.c ****   *           @arg @ref FLASH_OB_USER_BOR_LEVEL(*)
 804:../../../../..//Drivers/STM32G0xx_HAL_Driver/Src/stm32g0xx_hal_flash_ex.c ****   *           @arg @ref FLASH_OB_USER_RESET_CONFIG(*)
 805:../../../../..//Drivers/STM32G0xx_HAL_Driver/Src/stm32g0xx_hal_flash_ex.c ****   *           @arg @ref FLASH_OB_USER_nRST_STOP
 806:../../../../..//Drivers/STM32G0xx_HAL_Driver/Src/stm32g0xx_hal_flash_ex.c ****   *           @arg @ref FLASH_OB_USER_nRST_STANDBY
 807:../../../../..//Drivers/STM32G0xx_HAL_Driver/Src/stm32g0xx_hal_flash_ex.c ****   *           @arg @ref FLASH_OB_USER_nRST_SHUTDOWN(*)
 808:../../../../..//Drivers/STM32G0xx_HAL_Driver/Src/stm32g0xx_hal_flash_ex.c ****   *           @arg @ref FLASH_OB_USER_IWDG_SW
 809:../../../../..//Drivers/STM32G0xx_HAL_Driver/Src/stm32g0xx_hal_flash_ex.c ****   *           @arg @ref FLASH_OB_USER_IWDG_STOP
 810:../../../../..//Drivers/STM32G0xx_HAL_Driver/Src/stm32g0xx_hal_flash_ex.c ****   *           @arg @ref FLASH_OB_USER_IWDG_STANDBY
 811:../../../../..//Drivers/STM32G0xx_HAL_Driver/Src/stm32g0xx_hal_flash_ex.c ****   *           @arg @ref FLASH_OB_USER_WWDG_SW
 812:../../../../..//Drivers/STM32G0xx_HAL_Driver/Src/stm32g0xx_hal_flash_ex.c ****   *           @arg @ref FLASH_OB_USER_SRAM_PARITY
 813:../../../../..//Drivers/STM32G0xx_HAL_Driver/Src/stm32g0xx_hal_flash_ex.c ****   *           @arg @ref FLASH_OB_USER_BANK_SWAP(*)
 814:../../../../..//Drivers/STM32G0xx_HAL_Driver/Src/stm32g0xx_hal_flash_ex.c ****   *           @arg @ref FLASH_OB_USER_DUAL_BANK(*)
 815:../../../../..//Drivers/STM32G0xx_HAL_Driver/Src/stm32g0xx_hal_flash_ex.c ****   *           @arg @ref FLASH_OB_USER_nBOOT_SEL
 816:../../../../..//Drivers/STM32G0xx_HAL_Driver/Src/stm32g0xx_hal_flash_ex.c ****   *           @arg @ref FLASH_OB_USER_nBOOT1
 817:../../../../..//Drivers/STM32G0xx_HAL_Driver/Src/stm32g0xx_hal_flash_ex.c ****   *           @arg @ref FLASH_OB_USER_nBOOT0
 818:../../../../..//Drivers/STM32G0xx_HAL_Driver/Src/stm32g0xx_hal_flash_ex.c ****   *           @arg @ref FLASH_OB_USER_INPUT_RESET_HOLDER(*)
 819:../../../../..//Drivers/STM32G0xx_HAL_Driver/Src/stm32g0xx_hal_flash_ex.c ****   * @note  (*) availability depends on devices
 820:../../../../..//Drivers/STM32G0xx_HAL_Driver/Src/stm32g0xx_hal_flash_ex.c ****   */
 821:../../../../..//Drivers/STM32G0xx_HAL_Driver/Src/stm32g0xx_hal_flash_ex.c **** static uint32_t FLASH_OB_GetUser(void)
 822:../../../../..//Drivers/STM32G0xx_HAL_Driver/Src/stm32g0xx_hal_flash_ex.c **** {
 823:../../../../..//Drivers/STM32G0xx_HAL_Driver/Src/stm32g0xx_hal_flash_ex.c ****   uint32_t user = ((FLASH->OPTR & ~FLASH_OPTR_RDP) & OB_USER_ALL);
 824:../../../../..//Drivers/STM32G0xx_HAL_Driver/Src/stm32g0xx_hal_flash_ex.c ****   return user;
 825:../../../../..//Drivers/STM32G0xx_HAL_Driver/Src/stm32g0xx_hal_flash_ex.c **** }
 826:../../../../..//Drivers/STM32G0xx_HAL_Driver/Src/stm32g0xx_hal_flash_ex.c **** 
 827:../../../../..//Drivers/STM32G0xx_HAL_Driver/Src/stm32g0xx_hal_flash_ex.c **** #if defined(FLASH_PCROP_SUPPORT)
 828:../../../../..//Drivers/STM32G0xx_HAL_Driver/Src/stm32g0xx_hal_flash_ex.c **** /**
 829:../../../../..//Drivers/STM32G0xx_HAL_Driver/Src/stm32g0xx_hal_flash_ex.c ****   * @brief  Configure the 1A Proprietary code readout protection & erase configuration on RDP regre
ARM GAS  /tmp/cck6bGLc.s 			page 19


 830:../../../../..//Drivers/STM32G0xx_HAL_Driver/Src/stm32g0xx_hal_flash_ex.c ****   * @note   It is recommended to align PCROP zone with page granularity when using PCROP_RDP or avo
 831:../../../../..//Drivers/STM32G0xx_HAL_Driver/Src/stm32g0xx_hal_flash_ex.c ****   *         having some executable code in a page where PCROP zone starts or ends.
 832:../../../../..//Drivers/STM32G0xx_HAL_Driver/Src/stm32g0xx_hal_flash_ex.c ****   * @note   Minimum PCROP area size is 2 times the chosen granularity: PCROPA_STRT and PCROPA_END.
 833:../../../../..//Drivers/STM32G0xx_HAL_Driver/Src/stm32g0xx_hal_flash_ex.c ****   *         So if the requirement is to be able to read-protect 1KB areas, the ROP granularity
 834:../../../../..//Drivers/STM32G0xx_HAL_Driver/Src/stm32g0xx_hal_flash_ex.c ****   *         has to be set to 512 Bytes
 835:../../../../..//Drivers/STM32G0xx_HAL_Driver/Src/stm32g0xx_hal_flash_ex.c ****   * @param  PCROPConfig  specifies the erase configuration (OB_PCROP_RDP_NOT_ERASE or OB_PCROP_RDP_
 836:../../../../..//Drivers/STM32G0xx_HAL_Driver/Src/stm32g0xx_hal_flash_ex.c ****   *         on RDP level 1 regression.
 837:../../../../..//Drivers/STM32G0xx_HAL_Driver/Src/stm32g0xx_hal_flash_ex.c ****   * @param  PCROP1AStartAddr Specifies the Zone 1A Start address of the Proprietary code readout pr
 838:../../../../..//Drivers/STM32G0xx_HAL_Driver/Src/stm32g0xx_hal_flash_ex.c ****   *          This parameter can be an address between begin and end of the flash
 839:../../../../..//Drivers/STM32G0xx_HAL_Driver/Src/stm32g0xx_hal_flash_ex.c ****   * @param  PCROP1AEndAddr Specifies the Zone 1A end address of the Proprietary code readout protec
 840:../../../../..//Drivers/STM32G0xx_HAL_Driver/Src/stm32g0xx_hal_flash_ex.c ****   *          This parameter can be an address between PCROP1AStartAddr and end of the flash
 841:../../../../..//Drivers/STM32G0xx_HAL_Driver/Src/stm32g0xx_hal_flash_ex.c ****   * @retval None
 842:../../../../..//Drivers/STM32G0xx_HAL_Driver/Src/stm32g0xx_hal_flash_ex.c ****   */
 843:../../../../..//Drivers/STM32G0xx_HAL_Driver/Src/stm32g0xx_hal_flash_ex.c **** static void FLASH_OB_PCROP1AConfig(uint32_t PCROPConfig, uint32_t PCROP1AStartAddr, uint32_t PCROP1
 176              		.loc 1 843 13 view .LVU66
 177              	.LBB34:
 844:../../../../..//Drivers/STM32G0xx_HAL_Driver/Src/stm32g0xx_hal_flash_ex.c **** {
 845:../../../../..//Drivers/STM32G0xx_HAL_Driver/Src/stm32g0xx_hal_flash_ex.c ****   uint32_t startoffset;
 178              		.loc 1 845 3 view .LVU67
 846:../../../../..//Drivers/STM32G0xx_HAL_Driver/Src/stm32g0xx_hal_flash_ex.c ****   uint32_t endoffset;
 179              		.loc 1 846 3 view .LVU68
 847:../../../../..//Drivers/STM32G0xx_HAL_Driver/Src/stm32g0xx_hal_flash_ex.c ****   uint32_t pcrop1aend;
 180              		.loc 1 847 3 view .LVU69
 848:../../../../..//Drivers/STM32G0xx_HAL_Driver/Src/stm32g0xx_hal_flash_ex.c ****   uint32_t ropbase;
 181              		.loc 1 848 3 view .LVU70
 849:../../../../..//Drivers/STM32G0xx_HAL_Driver/Src/stm32g0xx_hal_flash_ex.c **** 
 850:../../../../..//Drivers/STM32G0xx_HAL_Driver/Src/stm32g0xx_hal_flash_ex.c ****   /* Check the parameters */
 851:../../../../..//Drivers/STM32G0xx_HAL_Driver/Src/stm32g0xx_hal_flash_ex.c ****   assert_param(IS_OB_PCROP_CONFIG(PCROPConfig));
 182              		.loc 1 851 3 view .LVU71
 852:../../../../..//Drivers/STM32G0xx_HAL_Driver/Src/stm32g0xx_hal_flash_ex.c **** 
 853:../../../../..//Drivers/STM32G0xx_HAL_Driver/Src/stm32g0xx_hal_flash_ex.c **** #if defined(FLASH_DBANK_SUPPORT)
 854:../../../../..//Drivers/STM32G0xx_HAL_Driver/Src/stm32g0xx_hal_flash_ex.c ****   /* Check if banks are swapped (valid if only one bank) */
 855:../../../../..//Drivers/STM32G0xx_HAL_Driver/Src/stm32g0xx_hal_flash_ex.c ****   if (((FLASH->OPTR & FLASH_OPTR_nSWAP_BANK) != FLASH_OPTR_nSWAP_BANK) && (FLASH_BANK_NB == 2U))
 856:../../../../..//Drivers/STM32G0xx_HAL_Driver/Src/stm32g0xx_hal_flash_ex.c ****   {
 857:../../../../..//Drivers/STM32G0xx_HAL_Driver/Src/stm32g0xx_hal_flash_ex.c ****     /* Check the parameters */
 858:../../../../..//Drivers/STM32G0xx_HAL_Driver/Src/stm32g0xx_hal_flash_ex.c ****     assert_param(IS_FLASH_MAIN_SECONDHALF_MEM_ADDRESS(PCROP1AStartAddr));
 859:../../../../..//Drivers/STM32G0xx_HAL_Driver/Src/stm32g0xx_hal_flash_ex.c ****     assert_param(IS_FLASH_MAIN_SECONDHALF_MEM_ADDRESS(PCROP1AEndAddr));
 860:../../../../..//Drivers/STM32G0xx_HAL_Driver/Src/stm32g0xx_hal_flash_ex.c **** 
 861:../../../../..//Drivers/STM32G0xx_HAL_Driver/Src/stm32g0xx_hal_flash_ex.c ****     /* Bank swap, bank 1 read only protection is on second half of Flash */
 862:../../../../..//Drivers/STM32G0xx_HAL_Driver/Src/stm32g0xx_hal_flash_ex.c ****     ropbase = (FLASH_BASE + FLASH_BANK_SIZE);
 863:../../../../..//Drivers/STM32G0xx_HAL_Driver/Src/stm32g0xx_hal_flash_ex.c ****   }
 864:../../../../..//Drivers/STM32G0xx_HAL_Driver/Src/stm32g0xx_hal_flash_ex.c ****   else
 865:../../../../..//Drivers/STM32G0xx_HAL_Driver/Src/stm32g0xx_hal_flash_ex.c **** #endif /* FLASH_DBANK_SUPPORT */
 866:../../../../..//Drivers/STM32G0xx_HAL_Driver/Src/stm32g0xx_hal_flash_ex.c ****   {
 867:../../../../..//Drivers/STM32G0xx_HAL_Driver/Src/stm32g0xx_hal_flash_ex.c ****     /* Check the parameters */
 868:../../../../..//Drivers/STM32G0xx_HAL_Driver/Src/stm32g0xx_hal_flash_ex.c ****     assert_param(IS_FLASH_MAIN_FIRSTHALF_MEM_ADDRESS(PCROP1AStartAddr));
 183              		.loc 1 868 5 view .LVU72
 869:../../../../..//Drivers/STM32G0xx_HAL_Driver/Src/stm32g0xx_hal_flash_ex.c ****     assert_param(IS_FLASH_MAIN_FIRSTHALF_MEM_ADDRESS(PCROP1AEndAddr));
 184              		.loc 1 869 5 view .LVU73
 870:../../../../..//Drivers/STM32G0xx_HAL_Driver/Src/stm32g0xx_hal_flash_ex.c **** 
 871:../../../../..//Drivers/STM32G0xx_HAL_Driver/Src/stm32g0xx_hal_flash_ex.c ****     /* No Bank swap, bank 1 read only protection is on first half of Flash */
 872:../../../../..//Drivers/STM32G0xx_HAL_Driver/Src/stm32g0xx_hal_flash_ex.c ****     ropbase = FLASH_BASE;
 185              		.loc 1 872 5 view .LVU74
 873:../../../../..//Drivers/STM32G0xx_HAL_Driver/Src/stm32g0xx_hal_flash_ex.c ****   }
 874:../../../../..//Drivers/STM32G0xx_HAL_Driver/Src/stm32g0xx_hal_flash_ex.c **** 
 875:../../../../..//Drivers/STM32G0xx_HAL_Driver/Src/stm32g0xx_hal_flash_ex.c ****   /* get pcrop 1A end register */
 876:../../../../..//Drivers/STM32G0xx_HAL_Driver/Src/stm32g0xx_hal_flash_ex.c ****   pcrop1aend = FLASH->PCROP1AER;
ARM GAS  /tmp/cck6bGLc.s 			page 20


 186              		.loc 1 876 3 view .LVU75
 187              		.loc 1 876 14 is_stmt 0 view .LVU76
 188 0058 3649     		ldr	r1, .L49+4
 189 005a 8C46     		mov	ip, r1
 190 005c 896A     		ldr	r1, [r1, #40]
 191              	.LVL9:
 877:../../../../..//Drivers/STM32G0xx_HAL_Driver/Src/stm32g0xx_hal_flash_ex.c **** 
 878:../../../../..//Drivers/STM32G0xx_HAL_Driver/Src/stm32g0xx_hal_flash_ex.c ****   /* Configure the Proprietary code readout protection offset */
 879:../../../../..//Drivers/STM32G0xx_HAL_Driver/Src/stm32g0xx_hal_flash_ex.c ****   if ((PCROPConfig & OB_PCROP_ZONE_A) != 0x00U)
 192              		.loc 1 879 3 is_stmt 1 view .LVU77
 193              		.loc 1 879 6 is_stmt 0 view .LVU78
 194 005e C507     		lsls	r5, r0, #31
 195 0060 0DD5     		bpl	.L14
 880:../../../../..//Drivers/STM32G0xx_HAL_Driver/Src/stm32g0xx_hal_flash_ex.c ****   {
 881:../../../../..//Drivers/STM32G0xx_HAL_Driver/Src/stm32g0xx_hal_flash_ex.c ****     /* Compute offset depending on pcrop granularity */
 882:../../../../..//Drivers/STM32G0xx_HAL_Driver/Src/stm32g0xx_hal_flash_ex.c ****     startoffset = ((PCROP1AStartAddr - ropbase) >> FLASH_PCROP_GRANULARITY_OFFSET);
 196              		.loc 1 882 5 is_stmt 1 view .LVU79
 197              		.loc 1 882 38 is_stmt 0 view .LVU80
 198 0062 F825     		movs	r5, #248
 199 0064 2D06     		lsls	r5, r5, #24
 200 0066 2F00     		movs	r7, r5
 201 0068 1E6A     		ldr	r6, [r3, #32]
 202 006a 7619     		adds	r6, r6, r5
 883:../../../../..//Drivers/STM32G0xx_HAL_Driver/Src/stm32g0xx_hal_flash_ex.c ****     endoffset = ((PCROP1AEndAddr - ropbase) >> FLASH_PCROP_GRANULARITY_OFFSET);
 203              		.loc 1 883 34 view .LVU81
 204 006c 5D6A     		ldr	r5, [r3, #36]
 882:../../../../..//Drivers/STM32G0xx_HAL_Driver/Src/stm32g0xx_hal_flash_ex.c ****     endoffset = ((PCROP1AEndAddr - ropbase) >> FLASH_PCROP_GRANULARITY_OFFSET);
 205              		.loc 1 882 17 view .LVU82
 206 006e 760A     		lsrs	r6, r6, #9
 207              	.LVL10:
 208              		.loc 1 883 5 is_stmt 1 view .LVU83
 209              		.loc 1 883 34 is_stmt 0 view .LVU84
 210 0070 ED19     		adds	r5, r5, r7
 884:../../../../..//Drivers/STM32G0xx_HAL_Driver/Src/stm32g0xx_hal_flash_ex.c **** 
 885:../../../../..//Drivers/STM32G0xx_HAL_Driver/Src/stm32g0xx_hal_flash_ex.c ****     /* Set Zone A start offset */
 886:../../../../..//Drivers/STM32G0xx_HAL_Driver/Src/stm32g0xx_hal_flash_ex.c ****     FLASH->PCROP1ASR = startoffset;
 211              		.loc 1 886 22 view .LVU85
 212 0072 6746     		mov	r7, ip
 213 0074 7E62     		str	r6, [r7, #36]
 214              	.LVL11:
 887:../../../../..//Drivers/STM32G0xx_HAL_Driver/Src/stm32g0xx_hal_flash_ex.c **** 
 888:../../../../..//Drivers/STM32G0xx_HAL_Driver/Src/stm32g0xx_hal_flash_ex.c ****     /* Set Zone A end offset */
 889:../../../../..//Drivers/STM32G0xx_HAL_Driver/Src/stm32g0xx_hal_flash_ex.c ****     pcrop1aend &= ~FLASH_PCROP1AER_PCROP1A_END;
 215              		.loc 1 889 16 view .LVU86
 216 0076 FF26     		movs	r6, #255
 217              	.LVL12:
 883:../../../../..//Drivers/STM32G0xx_HAL_Driver/Src/stm32g0xx_hal_flash_ex.c **** 
 218              		.loc 1 883 15 view .LVU87
 219 0078 6D0A     		lsrs	r5, r5, #9
 220              	.LVL13:
 886:../../../../..//Drivers/STM32G0xx_HAL_Driver/Src/stm32g0xx_hal_flash_ex.c **** 
 221              		.loc 1 886 5 is_stmt 1 view .LVU88
 222              		.loc 1 889 5 view .LVU89
 223              		.loc 1 889 16 is_stmt 0 view .LVU90
 224 007a B143     		bics	r1, r6
 225              	.LVL14:
 890:../../../../..//Drivers/STM32G0xx_HAL_Driver/Src/stm32g0xx_hal_flash_ex.c ****     pcrop1aend |= endoffset;
ARM GAS  /tmp/cck6bGLc.s 			page 21


 226              		.loc 1 890 5 is_stmt 1 view .LVU91
 227              		.loc 1 890 16 is_stmt 0 view .LVU92
 228 007c 2943     		orrs	r1, r5
 229              	.LVL15:
 230              	.L14:
 891:../../../../..//Drivers/STM32G0xx_HAL_Driver/Src/stm32g0xx_hal_flash_ex.c ****   }
 892:../../../../..//Drivers/STM32G0xx_HAL_Driver/Src/stm32g0xx_hal_flash_ex.c **** 
 893:../../../../..//Drivers/STM32G0xx_HAL_Driver/Src/stm32g0xx_hal_flash_ex.c ****   /* Set RDP erase protection if needed. This bit is only set & will be reset by mass erase */
 894:../../../../..//Drivers/STM32G0xx_HAL_Driver/Src/stm32g0xx_hal_flash_ex.c ****   if ((PCROPConfig & OB_PCROP_RDP_ERASE) != 0x00U)
 231              		.loc 1 894 3 is_stmt 1 view .LVU93
 232              		.loc 1 894 6 is_stmt 0 view .LVU94
 233 007e 0028     		cmp	r0, #0
 234 0080 02DA     		bge	.L15
 895:../../../../..//Drivers/STM32G0xx_HAL_Driver/Src/stm32g0xx_hal_flash_ex.c ****   {
 896:../../../../..//Drivers/STM32G0xx_HAL_Driver/Src/stm32g0xx_hal_flash_ex.c ****     pcrop1aend |= FLASH_PCROP1AER_PCROP_RDP;
 235              		.loc 1 896 5 is_stmt 1 view .LVU95
 236              		.loc 1 896 16 is_stmt 0 view .LVU96
 237 0082 8025     		movs	r5, #128
 238 0084 2D06     		lsls	r5, r5, #24
 239 0086 2943     		orrs	r1, r5
 240              	.LVL16:
 241              	.L15:
 897:../../../../..//Drivers/STM32G0xx_HAL_Driver/Src/stm32g0xx_hal_flash_ex.c ****   }
 898:../../../../..//Drivers/STM32G0xx_HAL_Driver/Src/stm32g0xx_hal_flash_ex.c **** 
 899:../../../../..//Drivers/STM32G0xx_HAL_Driver/Src/stm32g0xx_hal_flash_ex.c ****   /* set 1A End register */
 900:../../../../..//Drivers/STM32G0xx_HAL_Driver/Src/stm32g0xx_hal_flash_ex.c ****   FLASH->PCROP1AER = pcrop1aend;
 242              		.loc 1 900 3 is_stmt 1 view .LVU97
 243              		.loc 1 900 20 is_stmt 0 view .LVU98
 244 0088 6546     		mov	r5, ip
 245 008a A962     		str	r1, [r5, #40]
 246              	.LVL17:
 247              	.L13:
 248              		.loc 1 900 20 view .LVU99
 249              	.LBE34:
 250              	.LBE33:
 353:../../../../..//Drivers/STM32G0xx_HAL_Driver/Src/stm32g0xx_hal_flash_ex.c ****     {
 251              		.loc 1 353 5 is_stmt 1 view .LVU100
 353:../../../../..//Drivers/STM32G0xx_HAL_Driver/Src/stm32g0xx_hal_flash_ex.c ****     {
 252              		.loc 1 353 8 is_stmt 0 view .LVU101
 253 008c 8007     		lsls	r0, r0, #30
 254 008e 0AD5     		bpl	.L12
 356:../../../../..//Drivers/STM32G0xx_HAL_Driver/Src/stm32g0xx_hal_flash_ex.c ****     }
 255              		.loc 1 356 7 is_stmt 1 view .LVU102
 256              	.LVL18:
 257              	.LBB35:
 258              	.LBI35:
 901:../../../../..//Drivers/STM32G0xx_HAL_Driver/Src/stm32g0xx_hal_flash_ex.c **** }
 902:../../../../..//Drivers/STM32G0xx_HAL_Driver/Src/stm32g0xx_hal_flash_ex.c **** 
 903:../../../../..//Drivers/STM32G0xx_HAL_Driver/Src/stm32g0xx_hal_flash_ex.c **** /**
 904:../../../../..//Drivers/STM32G0xx_HAL_Driver/Src/stm32g0xx_hal_flash_ex.c ****   * @brief  Configure the 1B Proprietary code readout protection.
 905:../../../../..//Drivers/STM32G0xx_HAL_Driver/Src/stm32g0xx_hal_flash_ex.c ****   * @note   It is recommended to align PCROP zone with page granularity when using PCROP_RDP or avo
 906:../../../../..//Drivers/STM32G0xx_HAL_Driver/Src/stm32g0xx_hal_flash_ex.c ****   *         having some executable code in a page where PCROP zone starts or ends.
 907:../../../../..//Drivers/STM32G0xx_HAL_Driver/Src/stm32g0xx_hal_flash_ex.c ****   * @note   Minimum PCROP area size is 2 times the chosen granularity: PCROPB_STRT and PCROPB_END.
 908:../../../../..//Drivers/STM32G0xx_HAL_Driver/Src/stm32g0xx_hal_flash_ex.c ****   *         So if the requirement is to be able to read-protect 1KB areas, the ROP granularity
 909:../../../../..//Drivers/STM32G0xx_HAL_Driver/Src/stm32g0xx_hal_flash_ex.c ****   *         has to be set to 512 Bytes
 910:../../../../..//Drivers/STM32G0xx_HAL_Driver/Src/stm32g0xx_hal_flash_ex.c ****   * @param  PCROP1BStartAddr  Specifies the Zone 1B Start address of the Proprietary code readout p
 911:../../../../..//Drivers/STM32G0xx_HAL_Driver/Src/stm32g0xx_hal_flash_ex.c ****   *         This parameter can be an address between begin and end of the flash
ARM GAS  /tmp/cck6bGLc.s 			page 22


 912:../../../../..//Drivers/STM32G0xx_HAL_Driver/Src/stm32g0xx_hal_flash_ex.c ****   * @param  PCROP1BEndAddr  Specifies the Zone 1B end address of the Proprietary code readout prote
 913:../../../../..//Drivers/STM32G0xx_HAL_Driver/Src/stm32g0xx_hal_flash_ex.c ****   *         This parameter can be an address between PCROP1BStartAddr and end of the flash
 914:../../../../..//Drivers/STM32G0xx_HAL_Driver/Src/stm32g0xx_hal_flash_ex.c ****   * @retval None
 915:../../../../..//Drivers/STM32G0xx_HAL_Driver/Src/stm32g0xx_hal_flash_ex.c ****   */
 916:../../../../..//Drivers/STM32G0xx_HAL_Driver/Src/stm32g0xx_hal_flash_ex.c **** static void FLASH_OB_PCROP1BConfig(uint32_t PCROP1BStartAddr, uint32_t PCROP1BEndAddr)
 259              		.loc 1 916 13 view .LVU103
 260              	.LBB36:
 917:../../../../..//Drivers/STM32G0xx_HAL_Driver/Src/stm32g0xx_hal_flash_ex.c **** {
 918:../../../../..//Drivers/STM32G0xx_HAL_Driver/Src/stm32g0xx_hal_flash_ex.c ****   uint32_t startoffset;
 261              		.loc 1 918 3 view .LVU104
 919:../../../../..//Drivers/STM32G0xx_HAL_Driver/Src/stm32g0xx_hal_flash_ex.c ****   uint32_t endoffset;
 262              		.loc 1 919 3 view .LVU105
 920:../../../../..//Drivers/STM32G0xx_HAL_Driver/Src/stm32g0xx_hal_flash_ex.c ****   uint32_t ropbase;
 263              		.loc 1 920 3 view .LVU106
 921:../../../../..//Drivers/STM32G0xx_HAL_Driver/Src/stm32g0xx_hal_flash_ex.c **** 
 922:../../../../..//Drivers/STM32G0xx_HAL_Driver/Src/stm32g0xx_hal_flash_ex.c **** #if defined(FLASH_DBANK_SUPPORT)
 923:../../../../..//Drivers/STM32G0xx_HAL_Driver/Src/stm32g0xx_hal_flash_ex.c ****   /* Check if banks are swapped (valid if only one bank) */
 924:../../../../..//Drivers/STM32G0xx_HAL_Driver/Src/stm32g0xx_hal_flash_ex.c ****   if (((FLASH->OPTR & FLASH_OPTR_nSWAP_BANK) != FLASH_OPTR_nSWAP_BANK) && (FLASH_BANK_NB == 2U))
 925:../../../../..//Drivers/STM32G0xx_HAL_Driver/Src/stm32g0xx_hal_flash_ex.c ****   {
 926:../../../../..//Drivers/STM32G0xx_HAL_Driver/Src/stm32g0xx_hal_flash_ex.c ****     /* Check the parameters */
 927:../../../../..//Drivers/STM32G0xx_HAL_Driver/Src/stm32g0xx_hal_flash_ex.c ****     assert_param(IS_FLASH_MAIN_SECONDHALF_MEM_ADDRESS(PCROP1BStartAddr));
 928:../../../../..//Drivers/STM32G0xx_HAL_Driver/Src/stm32g0xx_hal_flash_ex.c ****     assert_param(IS_FLASH_MAIN_SECONDHALF_MEM_ADDRESS(PCROP1BEndAddr));
 929:../../../../..//Drivers/STM32G0xx_HAL_Driver/Src/stm32g0xx_hal_flash_ex.c **** 
 930:../../../../..//Drivers/STM32G0xx_HAL_Driver/Src/stm32g0xx_hal_flash_ex.c ****     /* Bank swap, bank 1 read only protection is on second half of Flash */
 931:../../../../..//Drivers/STM32G0xx_HAL_Driver/Src/stm32g0xx_hal_flash_ex.c ****     ropbase = (FLASH_BASE + FLASH_BANK_SIZE);
 932:../../../../..//Drivers/STM32G0xx_HAL_Driver/Src/stm32g0xx_hal_flash_ex.c ****   }
 933:../../../../..//Drivers/STM32G0xx_HAL_Driver/Src/stm32g0xx_hal_flash_ex.c ****   else
 934:../../../../..//Drivers/STM32G0xx_HAL_Driver/Src/stm32g0xx_hal_flash_ex.c **** #endif /* FLASH_DBANK_SUPPORT */
 935:../../../../..//Drivers/STM32G0xx_HAL_Driver/Src/stm32g0xx_hal_flash_ex.c ****   {
 936:../../../../..//Drivers/STM32G0xx_HAL_Driver/Src/stm32g0xx_hal_flash_ex.c ****     /* Check the parameters */
 937:../../../../..//Drivers/STM32G0xx_HAL_Driver/Src/stm32g0xx_hal_flash_ex.c ****     assert_param(IS_FLASH_MAIN_FIRSTHALF_MEM_ADDRESS(PCROP1BStartAddr));
 264              		.loc 1 937 5 view .LVU107
 938:../../../../..//Drivers/STM32G0xx_HAL_Driver/Src/stm32g0xx_hal_flash_ex.c ****     assert_param(IS_FLASH_MAIN_FIRSTHALF_MEM_ADDRESS(PCROP1BEndAddr));
 265              		.loc 1 938 5 view .LVU108
 939:../../../../..//Drivers/STM32G0xx_HAL_Driver/Src/stm32g0xx_hal_flash_ex.c **** 
 940:../../../../..//Drivers/STM32G0xx_HAL_Driver/Src/stm32g0xx_hal_flash_ex.c ****     /* No Bank swap, bank 1 read only protection is on first half of Flash */
 941:../../../../..//Drivers/STM32G0xx_HAL_Driver/Src/stm32g0xx_hal_flash_ex.c ****     ropbase = FLASH_BASE;
 266              		.loc 1 941 5 view .LVU109
 942:../../../../..//Drivers/STM32G0xx_HAL_Driver/Src/stm32g0xx_hal_flash_ex.c ****   }
 943:../../../../..//Drivers/STM32G0xx_HAL_Driver/Src/stm32g0xx_hal_flash_ex.c **** 
 944:../../../../..//Drivers/STM32G0xx_HAL_Driver/Src/stm32g0xx_hal_flash_ex.c ****   /* Configure the Proprietary code readout protection offset */
 945:../../../../..//Drivers/STM32G0xx_HAL_Driver/Src/stm32g0xx_hal_flash_ex.c ****   startoffset = ((PCROP1BStartAddr - ropbase) >> FLASH_PCROP_GRANULARITY_OFFSET);
 267              		.loc 1 945 3 view .LVU110
 268              		.loc 1 945 36 is_stmt 0 view .LVU111
 269 0090 F825     		movs	r5, #248
 270 0092 986A     		ldr	r0, [r3, #40]
 946:../../../../..//Drivers/STM32G0xx_HAL_Driver/Src/stm32g0xx_hal_flash_ex.c ****   endoffset = ((PCROP1BEndAddr - ropbase) >> FLASH_PCROP_GRANULARITY_OFFSET);
 271              		.loc 1 946 32 view .LVU112
 272 0094 D96A     		ldr	r1, [r3, #44]
 945:../../../../..//Drivers/STM32G0xx_HAL_Driver/Src/stm32g0xx_hal_flash_ex.c ****   endoffset = ((PCROP1BEndAddr - ropbase) >> FLASH_PCROP_GRANULARITY_OFFSET);
 273              		.loc 1 945 36 view .LVU113
 274 0096 2D06     		lsls	r5, r5, #24
 275 0098 4019     		adds	r0, r0, r5
 276              		.loc 1 946 32 view .LVU114
 277 009a 4919     		adds	r1, r1, r5
 947:../../../../..//Drivers/STM32G0xx_HAL_Driver/Src/stm32g0xx_hal_flash_ex.c **** 
 948:../../../../..//Drivers/STM32G0xx_HAL_Driver/Src/stm32g0xx_hal_flash_ex.c ****   /* Set Zone B start offset */
ARM GAS  /tmp/cck6bGLc.s 			page 23


 949:../../../../..//Drivers/STM32G0xx_HAL_Driver/Src/stm32g0xx_hal_flash_ex.c ****   FLASH->PCROP1BSR = startoffset;
 278              		.loc 1 949 20 view .LVU115
 279 009c 254D     		ldr	r5, .L49+4
 945:../../../../..//Drivers/STM32G0xx_HAL_Driver/Src/stm32g0xx_hal_flash_ex.c ****   endoffset = ((PCROP1BEndAddr - ropbase) >> FLASH_PCROP_GRANULARITY_OFFSET);
 280              		.loc 1 945 15 view .LVU116
 281 009e 400A     		lsrs	r0, r0, #9
 282              	.LVL19:
 946:../../../../..//Drivers/STM32G0xx_HAL_Driver/Src/stm32g0xx_hal_flash_ex.c **** 
 283              		.loc 1 946 3 is_stmt 1 view .LVU117
 946:../../../../..//Drivers/STM32G0xx_HAL_Driver/Src/stm32g0xx_hal_flash_ex.c **** 
 284              		.loc 1 946 13 is_stmt 0 view .LVU118
 285 00a0 490A     		lsrs	r1, r1, #9
 286              	.LVL20:
 287              		.loc 1 949 3 is_stmt 1 view .LVU119
 288              		.loc 1 949 20 is_stmt 0 view .LVU120
 289 00a2 6863     		str	r0, [r5, #52]
 290              	.LVL21:
 950:../../../../..//Drivers/STM32G0xx_HAL_Driver/Src/stm32g0xx_hal_flash_ex.c ****   /* Set Zone B end offset */
 951:../../../../..//Drivers/STM32G0xx_HAL_Driver/Src/stm32g0xx_hal_flash_ex.c ****   FLASH->PCROP1BER = endoffset;
 291              		.loc 1 951 3 is_stmt 1 view .LVU121
 292              		.loc 1 951 20 is_stmt 0 view .LVU122
 293 00a4 A963     		str	r1, [r5, #56]
 294              	.LVL22:
 295              	.L12:
 296              		.loc 1 951 20 view .LVU123
 297              	.LBE36:
 298              	.LBE35:
 377:../../../../..//Drivers/STM32G0xx_HAL_Driver/Src/stm32g0xx_hal_flash_ex.c ****   {
 299              		.loc 1 377 3 is_stmt 1 view .LVU124
 377:../../../../..//Drivers/STM32G0xx_HAL_Driver/Src/stm32g0xx_hal_flash_ex.c ****   {
 300              		.loc 1 377 6 is_stmt 0 view .LVU125
 301 00a6 D206     		lsls	r2, r2, #27
 302 00a8 08D5     		bpl	.L17
 384:../../../../..//Drivers/STM32G0xx_HAL_Driver/Src/stm32g0xx_hal_flash_ex.c **** #endif /* FLASH_DBANK_SUPPORT */
 303              		.loc 1 384 5 is_stmt 1 view .LVU126
 304              	.LVL23:
 305              	.LBB37:
 306              	.LBI37:
 952:../../../../..//Drivers/STM32G0xx_HAL_Driver/Src/stm32g0xx_hal_flash_ex.c **** }
 953:../../../../..//Drivers/STM32G0xx_HAL_Driver/Src/stm32g0xx_hal_flash_ex.c **** 
 954:../../../../..//Drivers/STM32G0xx_HAL_Driver/Src/stm32g0xx_hal_flash_ex.c **** /**
 955:../../../../..//Drivers/STM32G0xx_HAL_Driver/Src/stm32g0xx_hal_flash_ex.c ****   * @brief  Return the FLASH PCROP Protection Option Bytes value.
 956:../../../../..//Drivers/STM32G0xx_HAL_Driver/Src/stm32g0xx_hal_flash_ex.c ****   * @param  PCROPConfig [out]  specifies the configuration of PCROP_RDP option.
 957:../../../../..//Drivers/STM32G0xx_HAL_Driver/Src/stm32g0xx_hal_flash_ex.c ****   * @param  PCROP1AStartAddr [out]  Specifies the address where to copied the start address
 958:../../../../..//Drivers/STM32G0xx_HAL_Driver/Src/stm32g0xx_hal_flash_ex.c ****   *         of the 1A Proprietary code readout protection
 959:../../../../..//Drivers/STM32G0xx_HAL_Driver/Src/stm32g0xx_hal_flash_ex.c ****   * @param  PCROP1AEndAddr [out]  Specifies the address where to copied the end address of
 960:../../../../..//Drivers/STM32G0xx_HAL_Driver/Src/stm32g0xx_hal_flash_ex.c ****   *         the 1A Proprietary code readout protection
 961:../../../../..//Drivers/STM32G0xx_HAL_Driver/Src/stm32g0xx_hal_flash_ex.c ****   * @retval None
 962:../../../../..//Drivers/STM32G0xx_HAL_Driver/Src/stm32g0xx_hal_flash_ex.c ****   */
 963:../../../../..//Drivers/STM32G0xx_HAL_Driver/Src/stm32g0xx_hal_flash_ex.c **** static void FLASH_OB_GetPCROP1A(uint32_t *PCROPConfig, uint32_t *PCROP1AStartAddr, uint32_t *PCROP1
 964:../../../../..//Drivers/STM32G0xx_HAL_Driver/Src/stm32g0xx_hal_flash_ex.c **** {
 965:../../../../..//Drivers/STM32G0xx_HAL_Driver/Src/stm32g0xx_hal_flash_ex.c ****   uint32_t pcrop;
 966:../../../../..//Drivers/STM32G0xx_HAL_Driver/Src/stm32g0xx_hal_flash_ex.c ****   uint32_t ropbase;
 967:../../../../..//Drivers/STM32G0xx_HAL_Driver/Src/stm32g0xx_hal_flash_ex.c **** 
 968:../../../../..//Drivers/STM32G0xx_HAL_Driver/Src/stm32g0xx_hal_flash_ex.c **** #if defined(FLASH_DBANK_SUPPORT)
 969:../../../../..//Drivers/STM32G0xx_HAL_Driver/Src/stm32g0xx_hal_flash_ex.c ****   /* Check if banks are swapped (valid if only one bank) */
 970:../../../../..//Drivers/STM32G0xx_HAL_Driver/Src/stm32g0xx_hal_flash_ex.c ****   if (((FLASH->OPTR & FLASH_OPTR_nSWAP_BANK) != FLASH_OPTR_nSWAP_BANK) && (FLASH_BANK_NB == 2U))
ARM GAS  /tmp/cck6bGLc.s 			page 24


 971:../../../../..//Drivers/STM32G0xx_HAL_Driver/Src/stm32g0xx_hal_flash_ex.c ****   {
 972:../../../../..//Drivers/STM32G0xx_HAL_Driver/Src/stm32g0xx_hal_flash_ex.c ****     /* Bank swap, bank 1 read only protection is on second half of Flash */
 973:../../../../..//Drivers/STM32G0xx_HAL_Driver/Src/stm32g0xx_hal_flash_ex.c ****     ropbase = (FLASH_BASE + FLASH_BANK_SIZE);
 974:../../../../..//Drivers/STM32G0xx_HAL_Driver/Src/stm32g0xx_hal_flash_ex.c ****   }
 975:../../../../..//Drivers/STM32G0xx_HAL_Driver/Src/stm32g0xx_hal_flash_ex.c ****   else
 976:../../../../..//Drivers/STM32G0xx_HAL_Driver/Src/stm32g0xx_hal_flash_ex.c **** #endif /* FLASH_DBANK_SUPPORT */
 977:../../../../..//Drivers/STM32G0xx_HAL_Driver/Src/stm32g0xx_hal_flash_ex.c ****   {
 978:../../../../..//Drivers/STM32G0xx_HAL_Driver/Src/stm32g0xx_hal_flash_ex.c ****     /* No Bank swap, bank 1 read only protection is on first half of Flash */
 979:../../../../..//Drivers/STM32G0xx_HAL_Driver/Src/stm32g0xx_hal_flash_ex.c ****     ropbase = FLASH_BASE;
 980:../../../../..//Drivers/STM32G0xx_HAL_Driver/Src/stm32g0xx_hal_flash_ex.c ****   }
 981:../../../../..//Drivers/STM32G0xx_HAL_Driver/Src/stm32g0xx_hal_flash_ex.c **** 
 982:../../../../..//Drivers/STM32G0xx_HAL_Driver/Src/stm32g0xx_hal_flash_ex.c ****   pcrop = (FLASH->PCROP1ASR & FLASH_PCROP1ASR_PCROP1A_STRT);
 983:../../../../..//Drivers/STM32G0xx_HAL_Driver/Src/stm32g0xx_hal_flash_ex.c ****   *PCROP1AStartAddr = (pcrop << FLASH_PCROP_GRANULARITY_OFFSET);
 984:../../../../..//Drivers/STM32G0xx_HAL_Driver/Src/stm32g0xx_hal_flash_ex.c ****   *PCROP1AStartAddr += ropbase;
 985:../../../../..//Drivers/STM32G0xx_HAL_Driver/Src/stm32g0xx_hal_flash_ex.c **** 
 986:../../../../..//Drivers/STM32G0xx_HAL_Driver/Src/stm32g0xx_hal_flash_ex.c ****   pcrop = FLASH->PCROP1AER;
 987:../../../../..//Drivers/STM32G0xx_HAL_Driver/Src/stm32g0xx_hal_flash_ex.c ****   *PCROP1AEndAddr = ((pcrop & FLASH_PCROP1AER_PCROP1A_END) << FLASH_PCROP_GRANULARITY_OFFSET);
 988:../../../../..//Drivers/STM32G0xx_HAL_Driver/Src/stm32g0xx_hal_flash_ex.c ****   *PCROP1AEndAddr += (ropbase + FLASH_PCROP_GRANULARITY - 1U);
 989:../../../../..//Drivers/STM32G0xx_HAL_Driver/Src/stm32g0xx_hal_flash_ex.c **** 
 990:../../../../..//Drivers/STM32G0xx_HAL_Driver/Src/stm32g0xx_hal_flash_ex.c ****   *PCROPConfig &= ~OB_PCROP_RDP_ERASE;
 991:../../../../..//Drivers/STM32G0xx_HAL_Driver/Src/stm32g0xx_hal_flash_ex.c ****   *PCROPConfig |= (pcrop & FLASH_PCROP1AER_PCROP_RDP);
 992:../../../../..//Drivers/STM32G0xx_HAL_Driver/Src/stm32g0xx_hal_flash_ex.c **** }
 993:../../../../..//Drivers/STM32G0xx_HAL_Driver/Src/stm32g0xx_hal_flash_ex.c **** 
 994:../../../../..//Drivers/STM32G0xx_HAL_Driver/Src/stm32g0xx_hal_flash_ex.c **** /**
 995:../../../../..//Drivers/STM32G0xx_HAL_Driver/Src/stm32g0xx_hal_flash_ex.c ****   * @brief  Return the FLASH PCROP Protection Option Bytes value.
 996:../../../../..//Drivers/STM32G0xx_HAL_Driver/Src/stm32g0xx_hal_flash_ex.c ****   * @param  PCROP1BStartAddr [out]  Specifies the address where to copied the start address
 997:../../../../..//Drivers/STM32G0xx_HAL_Driver/Src/stm32g0xx_hal_flash_ex.c ****   *         of the 1B Proprietary code readout protection
 998:../../../../..//Drivers/STM32G0xx_HAL_Driver/Src/stm32g0xx_hal_flash_ex.c ****   * @param  PCROP1BEndAddr [out]  Specifies the address where to copied the end address of
 999:../../../../..//Drivers/STM32G0xx_HAL_Driver/Src/stm32g0xx_hal_flash_ex.c ****   *         the 1B Proprietary code readout protection
1000:../../../../..//Drivers/STM32G0xx_HAL_Driver/Src/stm32g0xx_hal_flash_ex.c ****   * @retval None
1001:../../../../..//Drivers/STM32G0xx_HAL_Driver/Src/stm32g0xx_hal_flash_ex.c ****   */
1002:../../../../..//Drivers/STM32G0xx_HAL_Driver/Src/stm32g0xx_hal_flash_ex.c **** static void FLASH_OB_GetPCROP1B(uint32_t *PCROP1BStartAddr, uint32_t *PCROP1BEndAddr)
1003:../../../../..//Drivers/STM32G0xx_HAL_Driver/Src/stm32g0xx_hal_flash_ex.c **** {
1004:../../../../..//Drivers/STM32G0xx_HAL_Driver/Src/stm32g0xx_hal_flash_ex.c ****   uint32_t pcrop;
1005:../../../../..//Drivers/STM32G0xx_HAL_Driver/Src/stm32g0xx_hal_flash_ex.c ****   uint32_t ropbase;
1006:../../../../..//Drivers/STM32G0xx_HAL_Driver/Src/stm32g0xx_hal_flash_ex.c **** 
1007:../../../../..//Drivers/STM32G0xx_HAL_Driver/Src/stm32g0xx_hal_flash_ex.c **** #if defined(FLASH_DBANK_SUPPORT)
1008:../../../../..//Drivers/STM32G0xx_HAL_Driver/Src/stm32g0xx_hal_flash_ex.c ****   /* Check if banks are swapped (valid if only one bank) */
1009:../../../../..//Drivers/STM32G0xx_HAL_Driver/Src/stm32g0xx_hal_flash_ex.c ****   if (((FLASH->OPTR & FLASH_OPTR_nSWAP_BANK) != FLASH_OPTR_nSWAP_BANK) && (FLASH_BANK_NB == 2U))
1010:../../../../..//Drivers/STM32G0xx_HAL_Driver/Src/stm32g0xx_hal_flash_ex.c ****   {
1011:../../../../..//Drivers/STM32G0xx_HAL_Driver/Src/stm32g0xx_hal_flash_ex.c ****     /* Bank swap, bank 1 read only protection is on second half of Flash */
1012:../../../../..//Drivers/STM32G0xx_HAL_Driver/Src/stm32g0xx_hal_flash_ex.c ****     ropbase = (FLASH_BASE + FLASH_BANK_SIZE);
1013:../../../../..//Drivers/STM32G0xx_HAL_Driver/Src/stm32g0xx_hal_flash_ex.c ****   }
1014:../../../../..//Drivers/STM32G0xx_HAL_Driver/Src/stm32g0xx_hal_flash_ex.c ****   else
1015:../../../../..//Drivers/STM32G0xx_HAL_Driver/Src/stm32g0xx_hal_flash_ex.c **** #endif /* FLASH_DBANK_SUPPORT */
1016:../../../../..//Drivers/STM32G0xx_HAL_Driver/Src/stm32g0xx_hal_flash_ex.c ****   {
1017:../../../../..//Drivers/STM32G0xx_HAL_Driver/Src/stm32g0xx_hal_flash_ex.c ****     /* No Bank swap, bank 1 read only protection is on first half of Flash */
1018:../../../../..//Drivers/STM32G0xx_HAL_Driver/Src/stm32g0xx_hal_flash_ex.c ****     ropbase = FLASH_BASE;
1019:../../../../..//Drivers/STM32G0xx_HAL_Driver/Src/stm32g0xx_hal_flash_ex.c ****   }
1020:../../../../..//Drivers/STM32G0xx_HAL_Driver/Src/stm32g0xx_hal_flash_ex.c **** 
1021:../../../../..//Drivers/STM32G0xx_HAL_Driver/Src/stm32g0xx_hal_flash_ex.c ****   pcrop = (FLASH->PCROP1BSR & FLASH_PCROP1BSR_PCROP1B_STRT);
1022:../../../../..//Drivers/STM32G0xx_HAL_Driver/Src/stm32g0xx_hal_flash_ex.c ****   *PCROP1BStartAddr = (pcrop << FLASH_PCROP_GRANULARITY_OFFSET);
1023:../../../../..//Drivers/STM32G0xx_HAL_Driver/Src/stm32g0xx_hal_flash_ex.c ****   *PCROP1BStartAddr += ropbase;
1024:../../../../..//Drivers/STM32G0xx_HAL_Driver/Src/stm32g0xx_hal_flash_ex.c **** 
1025:../../../../..//Drivers/STM32G0xx_HAL_Driver/Src/stm32g0xx_hal_flash_ex.c ****   pcrop = (FLASH->PCROP1BER & FLASH_PCROP1BER_PCROP1B_END);
1026:../../../../..//Drivers/STM32G0xx_HAL_Driver/Src/stm32g0xx_hal_flash_ex.c ****   *PCROP1BEndAddr = (pcrop << FLASH_PCROP_GRANULARITY_OFFSET);
1027:../../../../..//Drivers/STM32G0xx_HAL_Driver/Src/stm32g0xx_hal_flash_ex.c ****   *PCROP1BEndAddr += (ropbase + FLASH_PCROP_GRANULARITY - 1U);
ARM GAS  /tmp/cck6bGLc.s 			page 25


1028:../../../../..//Drivers/STM32G0xx_HAL_Driver/Src/stm32g0xx_hal_flash_ex.c **** }
1029:../../../../..//Drivers/STM32G0xx_HAL_Driver/Src/stm32g0xx_hal_flash_ex.c **** 
1030:../../../../..//Drivers/STM32G0xx_HAL_Driver/Src/stm32g0xx_hal_flash_ex.c **** #if defined(FLASH_DBANK_SUPPORT)
1031:../../../../..//Drivers/STM32G0xx_HAL_Driver/Src/stm32g0xx_hal_flash_ex.c **** /**
1032:../../../../..//Drivers/STM32G0xx_HAL_Driver/Src/stm32g0xx_hal_flash_ex.c ****   * @brief  Configure the 2A Proprietary code readout protection.
1033:../../../../..//Drivers/STM32G0xx_HAL_Driver/Src/stm32g0xx_hal_flash_ex.c ****   * @note   It is recommended to align PCROP zone with page granularity when using PCROP_RDP or avo
1034:../../../../..//Drivers/STM32G0xx_HAL_Driver/Src/stm32g0xx_hal_flash_ex.c ****   *         having some executable code in a page where PCROP zone starts or ends.
1035:../../../../..//Drivers/STM32G0xx_HAL_Driver/Src/stm32g0xx_hal_flash_ex.c ****   * @note   Minimum PCROP area size is 2 times the chosen granularity: PCROPA_STRT and PCROPA_END.
1036:../../../../..//Drivers/STM32G0xx_HAL_Driver/Src/stm32g0xx_hal_flash_ex.c ****   *         So if the requirement is to be able to read-protect 1KB areas, the ROP granularity
1037:../../../../..//Drivers/STM32G0xx_HAL_Driver/Src/stm32g0xx_hal_flash_ex.c ****   *         has to be set to 512 Bytes
1038:../../../../..//Drivers/STM32G0xx_HAL_Driver/Src/stm32g0xx_hal_flash_ex.c ****   * @param  PCROP2AStartAddr  Specifies the Zone 2A Start address of the Proprietary code readout p
1039:../../../../..//Drivers/STM32G0xx_HAL_Driver/Src/stm32g0xx_hal_flash_ex.c ****   *         This parameter can be an address between begin and end of the flash
1040:../../../../..//Drivers/STM32G0xx_HAL_Driver/Src/stm32g0xx_hal_flash_ex.c ****   * @param  PCROP2AEndAddr  Specifies the Zone 2A end address of the Proprietary code readout prote
1041:../../../../..//Drivers/STM32G0xx_HAL_Driver/Src/stm32g0xx_hal_flash_ex.c ****   *         This parameter can be an address between PCROP2AStartAddr and end of the flash
1042:../../../../..//Drivers/STM32G0xx_HAL_Driver/Src/stm32g0xx_hal_flash_ex.c ****   * @retval None
1043:../../../../..//Drivers/STM32G0xx_HAL_Driver/Src/stm32g0xx_hal_flash_ex.c ****   */
1044:../../../../..//Drivers/STM32G0xx_HAL_Driver/Src/stm32g0xx_hal_flash_ex.c **** static void FLASH_OB_PCROP2AConfig(uint32_t PCROP2AStartAddr, uint32_t PCROP2AEndAddr)
1045:../../../../..//Drivers/STM32G0xx_HAL_Driver/Src/stm32g0xx_hal_flash_ex.c **** {
1046:../../../../..//Drivers/STM32G0xx_HAL_Driver/Src/stm32g0xx_hal_flash_ex.c ****   uint32_t startoffset;
1047:../../../../..//Drivers/STM32G0xx_HAL_Driver/Src/stm32g0xx_hal_flash_ex.c ****   uint32_t endoffset;
1048:../../../../..//Drivers/STM32G0xx_HAL_Driver/Src/stm32g0xx_hal_flash_ex.c ****   uint32_t ropbase;
1049:../../../../..//Drivers/STM32G0xx_HAL_Driver/Src/stm32g0xx_hal_flash_ex.c **** 
1050:../../../../..//Drivers/STM32G0xx_HAL_Driver/Src/stm32g0xx_hal_flash_ex.c ****   /* Check if banks are swapped */
1051:../../../../..//Drivers/STM32G0xx_HAL_Driver/Src/stm32g0xx_hal_flash_ex.c ****   if ((FLASH->OPTR & FLASH_OPTR_nSWAP_BANK) != 0x00u)
1052:../../../../..//Drivers/STM32G0xx_HAL_Driver/Src/stm32g0xx_hal_flash_ex.c ****   {
1053:../../../../..//Drivers/STM32G0xx_HAL_Driver/Src/stm32g0xx_hal_flash_ex.c ****     /* Check the parameters */
1054:../../../../..//Drivers/STM32G0xx_HAL_Driver/Src/stm32g0xx_hal_flash_ex.c ****     assert_param(IS_FLASH_MAIN_SECONDHALF_MEM_ADDRESS(PCROP2AStartAddr));
1055:../../../../..//Drivers/STM32G0xx_HAL_Driver/Src/stm32g0xx_hal_flash_ex.c ****     assert_param(IS_FLASH_MAIN_SECONDHALF_MEM_ADDRESS(PCROP2AEndAddr));
1056:../../../../..//Drivers/STM32G0xx_HAL_Driver/Src/stm32g0xx_hal_flash_ex.c **** 
1057:../../../../..//Drivers/STM32G0xx_HAL_Driver/Src/stm32g0xx_hal_flash_ex.c ****     /* No Bank swap, bank 2 read only protection is on second half of Flash */
1058:../../../../..//Drivers/STM32G0xx_HAL_Driver/Src/stm32g0xx_hal_flash_ex.c ****     ropbase = (FLASH_BASE + FLASH_BANK_SIZE);
1059:../../../../..//Drivers/STM32G0xx_HAL_Driver/Src/stm32g0xx_hal_flash_ex.c ****   }
1060:../../../../..//Drivers/STM32G0xx_HAL_Driver/Src/stm32g0xx_hal_flash_ex.c ****   else
1061:../../../../..//Drivers/STM32G0xx_HAL_Driver/Src/stm32g0xx_hal_flash_ex.c ****   {
1062:../../../../..//Drivers/STM32G0xx_HAL_Driver/Src/stm32g0xx_hal_flash_ex.c ****     /* Check the parameters */
1063:../../../../..//Drivers/STM32G0xx_HAL_Driver/Src/stm32g0xx_hal_flash_ex.c ****     assert_param(IS_FLASH_MAIN_FIRSTHALF_MEM_ADDRESS(PCROP2AStartAddr));
1064:../../../../..//Drivers/STM32G0xx_HAL_Driver/Src/stm32g0xx_hal_flash_ex.c ****     assert_param(IS_FLASH_MAIN_FIRSTHALF_MEM_ADDRESS(PCROP2AEndAddr));
1065:../../../../..//Drivers/STM32G0xx_HAL_Driver/Src/stm32g0xx_hal_flash_ex.c **** 
1066:../../../../..//Drivers/STM32G0xx_HAL_Driver/Src/stm32g0xx_hal_flash_ex.c ****     /* Bank swap, bank 2 read only protection is on first half of Flash */
1067:../../../../..//Drivers/STM32G0xx_HAL_Driver/Src/stm32g0xx_hal_flash_ex.c ****     ropbase = FLASH_BASE;
1068:../../../../..//Drivers/STM32G0xx_HAL_Driver/Src/stm32g0xx_hal_flash_ex.c ****   }
1069:../../../../..//Drivers/STM32G0xx_HAL_Driver/Src/stm32g0xx_hal_flash_ex.c **** 
1070:../../../../..//Drivers/STM32G0xx_HAL_Driver/Src/stm32g0xx_hal_flash_ex.c ****   /* Configure the Proprietary code readout protection offset */
1071:../../../../..//Drivers/STM32G0xx_HAL_Driver/Src/stm32g0xx_hal_flash_ex.c ****   startoffset = ((PCROP2AStartAddr - ropbase) >> FLASH_PCROP_GRANULARITY_OFFSET);
1072:../../../../..//Drivers/STM32G0xx_HAL_Driver/Src/stm32g0xx_hal_flash_ex.c ****   endoffset = ((PCROP2AEndAddr - ropbase) >> FLASH_PCROP_GRANULARITY_OFFSET);
1073:../../../../..//Drivers/STM32G0xx_HAL_Driver/Src/stm32g0xx_hal_flash_ex.c **** 
1074:../../../../..//Drivers/STM32G0xx_HAL_Driver/Src/stm32g0xx_hal_flash_ex.c ****   /* Set Zone A start offset */
1075:../../../../..//Drivers/STM32G0xx_HAL_Driver/Src/stm32g0xx_hal_flash_ex.c ****   FLASH->PCROP2ASR = startoffset;
1076:../../../../..//Drivers/STM32G0xx_HAL_Driver/Src/stm32g0xx_hal_flash_ex.c ****   /* Set Zone A end offset */
1077:../../../../..//Drivers/STM32G0xx_HAL_Driver/Src/stm32g0xx_hal_flash_ex.c ****   FLASH->PCROP2AER = endoffset;
1078:../../../../..//Drivers/STM32G0xx_HAL_Driver/Src/stm32g0xx_hal_flash_ex.c **** }
1079:../../../../..//Drivers/STM32G0xx_HAL_Driver/Src/stm32g0xx_hal_flash_ex.c **** 
1080:../../../../..//Drivers/STM32G0xx_HAL_Driver/Src/stm32g0xx_hal_flash_ex.c **** /**
1081:../../../../..//Drivers/STM32G0xx_HAL_Driver/Src/stm32g0xx_hal_flash_ex.c ****   * @brief  Configure the 2B Proprietary code readout protection.
1082:../../../../..//Drivers/STM32G0xx_HAL_Driver/Src/stm32g0xx_hal_flash_ex.c ****   * @note   It is recommended to align PCROP zone with page granularity when using PCROP_RDP or avo
1083:../../../../..//Drivers/STM32G0xx_HAL_Driver/Src/stm32g0xx_hal_flash_ex.c ****   *         having some executable code in a page where PCROP zone starts or ends.
1084:../../../../..//Drivers/STM32G0xx_HAL_Driver/Src/stm32g0xx_hal_flash_ex.c ****   * @note   Minimum PCROP area size is 2 times the chosen granularity: PCROP_STRT and PCROP_END.
ARM GAS  /tmp/cck6bGLc.s 			page 26


1085:../../../../..//Drivers/STM32G0xx_HAL_Driver/Src/stm32g0xx_hal_flash_ex.c ****   *         So if the requirement is to be able to read-protect 1KB areas, the ROP granularity
1086:../../../../..//Drivers/STM32G0xx_HAL_Driver/Src/stm32g0xx_hal_flash_ex.c ****   *         has to be set to 512 Bytes
1087:../../../../..//Drivers/STM32G0xx_HAL_Driver/Src/stm32g0xx_hal_flash_ex.c ****   * @param  PCROP2BStartAddr  Specifies the Zone 2B Start address of the Proprietary code readout p
1088:../../../../..//Drivers/STM32G0xx_HAL_Driver/Src/stm32g0xx_hal_flash_ex.c ****   *         This parameter can be an address between begin and end of the flash
1089:../../../../..//Drivers/STM32G0xx_HAL_Driver/Src/stm32g0xx_hal_flash_ex.c ****   * @param  PCROP2BEndAddr  Specifies the Zone 2B end address of the Proprietary code readout prote
1090:../../../../..//Drivers/STM32G0xx_HAL_Driver/Src/stm32g0xx_hal_flash_ex.c ****   *         This parameter can be an address between PCROP2BStartAddr and end of the flash
1091:../../../../..//Drivers/STM32G0xx_HAL_Driver/Src/stm32g0xx_hal_flash_ex.c ****   * @retval None
1092:../../../../..//Drivers/STM32G0xx_HAL_Driver/Src/stm32g0xx_hal_flash_ex.c ****   */
1093:../../../../..//Drivers/STM32G0xx_HAL_Driver/Src/stm32g0xx_hal_flash_ex.c **** static void FLASH_OB_PCROP2BConfig(uint32_t PCROP2BStartAddr, uint32_t PCROP2BEndAddr)
1094:../../../../..//Drivers/STM32G0xx_HAL_Driver/Src/stm32g0xx_hal_flash_ex.c **** {
1095:../../../../..//Drivers/STM32G0xx_HAL_Driver/Src/stm32g0xx_hal_flash_ex.c ****   uint32_t startoffset;
1096:../../../../..//Drivers/STM32G0xx_HAL_Driver/Src/stm32g0xx_hal_flash_ex.c ****   uint32_t endoffset;
1097:../../../../..//Drivers/STM32G0xx_HAL_Driver/Src/stm32g0xx_hal_flash_ex.c ****   uint32_t ropbase;
1098:../../../../..//Drivers/STM32G0xx_HAL_Driver/Src/stm32g0xx_hal_flash_ex.c **** 
1099:../../../../..//Drivers/STM32G0xx_HAL_Driver/Src/stm32g0xx_hal_flash_ex.c ****   /* Check if banks are swapped */
1100:../../../../..//Drivers/STM32G0xx_HAL_Driver/Src/stm32g0xx_hal_flash_ex.c ****   if ((FLASH->OPTR & FLASH_OPTR_nSWAP_BANK) != 0x00u)
1101:../../../../..//Drivers/STM32G0xx_HAL_Driver/Src/stm32g0xx_hal_flash_ex.c ****   {
1102:../../../../..//Drivers/STM32G0xx_HAL_Driver/Src/stm32g0xx_hal_flash_ex.c ****     /* Check the parameters */
1103:../../../../..//Drivers/STM32G0xx_HAL_Driver/Src/stm32g0xx_hal_flash_ex.c ****     assert_param(IS_FLASH_MAIN_SECONDHALF_MEM_ADDRESS(PCROP2BStartAddr));
1104:../../../../..//Drivers/STM32G0xx_HAL_Driver/Src/stm32g0xx_hal_flash_ex.c ****     assert_param(IS_FLASH_MAIN_SECONDHALF_MEM_ADDRESS(PCROP2BEndAddr));
1105:../../../../..//Drivers/STM32G0xx_HAL_Driver/Src/stm32g0xx_hal_flash_ex.c **** 
1106:../../../../..//Drivers/STM32G0xx_HAL_Driver/Src/stm32g0xx_hal_flash_ex.c ****     /* No Bank swap, bank 2 read only protection is on second half of Flash */
1107:../../../../..//Drivers/STM32G0xx_HAL_Driver/Src/stm32g0xx_hal_flash_ex.c ****     ropbase = (FLASH_BASE + FLASH_BANK_SIZE);
1108:../../../../..//Drivers/STM32G0xx_HAL_Driver/Src/stm32g0xx_hal_flash_ex.c ****   }
1109:../../../../..//Drivers/STM32G0xx_HAL_Driver/Src/stm32g0xx_hal_flash_ex.c ****   else
1110:../../../../..//Drivers/STM32G0xx_HAL_Driver/Src/stm32g0xx_hal_flash_ex.c ****   {
1111:../../../../..//Drivers/STM32G0xx_HAL_Driver/Src/stm32g0xx_hal_flash_ex.c ****     /* Check the parameters */
1112:../../../../..//Drivers/STM32G0xx_HAL_Driver/Src/stm32g0xx_hal_flash_ex.c ****     assert_param(IS_FLASH_MAIN_FIRSTHALF_MEM_ADDRESS(PCROP2BStartAddr));
1113:../../../../..//Drivers/STM32G0xx_HAL_Driver/Src/stm32g0xx_hal_flash_ex.c ****     assert_param(IS_FLASH_MAIN_FIRSTHALF_MEM_ADDRESS(PCROP2BEndAddr));
1114:../../../../..//Drivers/STM32G0xx_HAL_Driver/Src/stm32g0xx_hal_flash_ex.c **** 
1115:../../../../..//Drivers/STM32G0xx_HAL_Driver/Src/stm32g0xx_hal_flash_ex.c ****     /* Bank swap, bank 2 read only protection is on first half of Flash */
1116:../../../../..//Drivers/STM32G0xx_HAL_Driver/Src/stm32g0xx_hal_flash_ex.c ****     ropbase = FLASH_BASE;
1117:../../../../..//Drivers/STM32G0xx_HAL_Driver/Src/stm32g0xx_hal_flash_ex.c ****   }
1118:../../../../..//Drivers/STM32G0xx_HAL_Driver/Src/stm32g0xx_hal_flash_ex.c **** 
1119:../../../../..//Drivers/STM32G0xx_HAL_Driver/Src/stm32g0xx_hal_flash_ex.c ****   /* Configure the Proprietary code readout protection offset */
1120:../../../../..//Drivers/STM32G0xx_HAL_Driver/Src/stm32g0xx_hal_flash_ex.c ****   startoffset = ((PCROP2BStartAddr - ropbase) >> FLASH_PCROP_GRANULARITY_OFFSET);
1121:../../../../..//Drivers/STM32G0xx_HAL_Driver/Src/stm32g0xx_hal_flash_ex.c ****   endoffset = ((PCROP2BEndAddr - ropbase) >> FLASH_PCROP_GRANULARITY_OFFSET);
1122:../../../../..//Drivers/STM32G0xx_HAL_Driver/Src/stm32g0xx_hal_flash_ex.c **** 
1123:../../../../..//Drivers/STM32G0xx_HAL_Driver/Src/stm32g0xx_hal_flash_ex.c ****   /* Set Zone B start offset */
1124:../../../../..//Drivers/STM32G0xx_HAL_Driver/Src/stm32g0xx_hal_flash_ex.c ****   FLASH->PCROP2BSR = startoffset;
1125:../../../../..//Drivers/STM32G0xx_HAL_Driver/Src/stm32g0xx_hal_flash_ex.c ****   /* Set Zone B end offset */
1126:../../../../..//Drivers/STM32G0xx_HAL_Driver/Src/stm32g0xx_hal_flash_ex.c ****   FLASH->PCROP2BER = endoffset;
1127:../../../../..//Drivers/STM32G0xx_HAL_Driver/Src/stm32g0xx_hal_flash_ex.c **** }
1128:../../../../..//Drivers/STM32G0xx_HAL_Driver/Src/stm32g0xx_hal_flash_ex.c **** 
1129:../../../../..//Drivers/STM32G0xx_HAL_Driver/Src/stm32g0xx_hal_flash_ex.c **** /**
1130:../../../../..//Drivers/STM32G0xx_HAL_Driver/Src/stm32g0xx_hal_flash_ex.c ****   * @brief  Return the FLASH PCROP Protection Option Bytes value.
1131:../../../../..//Drivers/STM32G0xx_HAL_Driver/Src/stm32g0xx_hal_flash_ex.c ****   * @param  PCROP2AStartAddr [out]  Specifies the address where to copied the start address
1132:../../../../..//Drivers/STM32G0xx_HAL_Driver/Src/stm32g0xx_hal_flash_ex.c ****   *         of the 2A Proprietary code readout protection
1133:../../../../..//Drivers/STM32G0xx_HAL_Driver/Src/stm32g0xx_hal_flash_ex.c ****   * @param  PCROP2AEndAddr [out]  Specifies the address where to copied the end address of
1134:../../../../..//Drivers/STM32G0xx_HAL_Driver/Src/stm32g0xx_hal_flash_ex.c ****   *         the 2A Proprietary code readout protection
1135:../../../../..//Drivers/STM32G0xx_HAL_Driver/Src/stm32g0xx_hal_flash_ex.c ****   * @retval None
1136:../../../../..//Drivers/STM32G0xx_HAL_Driver/Src/stm32g0xx_hal_flash_ex.c ****   */
1137:../../../../..//Drivers/STM32G0xx_HAL_Driver/Src/stm32g0xx_hal_flash_ex.c **** static void FLASH_OB_GetPCROP2A(uint32_t *PCROP2AStartAddr, uint32_t *PCROP2AEndAddr)
1138:../../../../..//Drivers/STM32G0xx_HAL_Driver/Src/stm32g0xx_hal_flash_ex.c **** {
1139:../../../../..//Drivers/STM32G0xx_HAL_Driver/Src/stm32g0xx_hal_flash_ex.c ****   uint32_t pcrop;
1140:../../../../..//Drivers/STM32G0xx_HAL_Driver/Src/stm32g0xx_hal_flash_ex.c ****   uint32_t ropbase;
1141:../../../../..//Drivers/STM32G0xx_HAL_Driver/Src/stm32g0xx_hal_flash_ex.c **** 
ARM GAS  /tmp/cck6bGLc.s 			page 27


1142:../../../../..//Drivers/STM32G0xx_HAL_Driver/Src/stm32g0xx_hal_flash_ex.c ****   /* Check if banks are swapped */
1143:../../../../..//Drivers/STM32G0xx_HAL_Driver/Src/stm32g0xx_hal_flash_ex.c ****   if ((FLASH->OPTR & FLASH_OPTR_nSWAP_BANK) != 0x00u)
1144:../../../../..//Drivers/STM32G0xx_HAL_Driver/Src/stm32g0xx_hal_flash_ex.c ****   {
1145:../../../../..//Drivers/STM32G0xx_HAL_Driver/Src/stm32g0xx_hal_flash_ex.c ****     /* No Bank swap, bank 2 read only protection is on second half of Flash */
1146:../../../../..//Drivers/STM32G0xx_HAL_Driver/Src/stm32g0xx_hal_flash_ex.c ****     ropbase = (FLASH_BASE + FLASH_BANK_SIZE);
1147:../../../../..//Drivers/STM32G0xx_HAL_Driver/Src/stm32g0xx_hal_flash_ex.c ****   }
1148:../../../../..//Drivers/STM32G0xx_HAL_Driver/Src/stm32g0xx_hal_flash_ex.c ****   else
1149:../../../../..//Drivers/STM32G0xx_HAL_Driver/Src/stm32g0xx_hal_flash_ex.c ****   {
1150:../../../../..//Drivers/STM32G0xx_HAL_Driver/Src/stm32g0xx_hal_flash_ex.c ****     /* Bank swap, bank 2 read only protection is on first half of Flash */
1151:../../../../..//Drivers/STM32G0xx_HAL_Driver/Src/stm32g0xx_hal_flash_ex.c ****     ropbase = FLASH_BASE;
1152:../../../../..//Drivers/STM32G0xx_HAL_Driver/Src/stm32g0xx_hal_flash_ex.c ****   }
1153:../../../../..//Drivers/STM32G0xx_HAL_Driver/Src/stm32g0xx_hal_flash_ex.c **** 
1154:../../../../..//Drivers/STM32G0xx_HAL_Driver/Src/stm32g0xx_hal_flash_ex.c ****   pcrop = (FLASH->PCROP2ASR & FLASH_PCROP2ASR_PCROP2A_STRT);
1155:../../../../..//Drivers/STM32G0xx_HAL_Driver/Src/stm32g0xx_hal_flash_ex.c ****   *PCROP2AStartAddr = (pcrop << FLASH_PCROP_GRANULARITY_OFFSET);
1156:../../../../..//Drivers/STM32G0xx_HAL_Driver/Src/stm32g0xx_hal_flash_ex.c ****   *PCROP2AStartAddr += ropbase;
1157:../../../../..//Drivers/STM32G0xx_HAL_Driver/Src/stm32g0xx_hal_flash_ex.c **** 
1158:../../../../..//Drivers/STM32G0xx_HAL_Driver/Src/stm32g0xx_hal_flash_ex.c ****   pcrop = (FLASH->PCROP2AER & FLASH_PCROP2AER_PCROP2A_END);
1159:../../../../..//Drivers/STM32G0xx_HAL_Driver/Src/stm32g0xx_hal_flash_ex.c ****   *PCROP2AEndAddr = (pcrop << FLASH_PCROP_GRANULARITY_OFFSET);
1160:../../../../..//Drivers/STM32G0xx_HAL_Driver/Src/stm32g0xx_hal_flash_ex.c ****   *PCROP2AEndAddr += (ropbase + FLASH_PCROP_GRANULARITY - 1U);
1161:../../../../..//Drivers/STM32G0xx_HAL_Driver/Src/stm32g0xx_hal_flash_ex.c **** }
1162:../../../../..//Drivers/STM32G0xx_HAL_Driver/Src/stm32g0xx_hal_flash_ex.c **** 
1163:../../../../..//Drivers/STM32G0xx_HAL_Driver/Src/stm32g0xx_hal_flash_ex.c **** /**
1164:../../../../..//Drivers/STM32G0xx_HAL_Driver/Src/stm32g0xx_hal_flash_ex.c ****   * @brief  Return the FLASH PCROP Protection Option Bytes value.
1165:../../../../..//Drivers/STM32G0xx_HAL_Driver/Src/stm32g0xx_hal_flash_ex.c ****   * @param  PCROP2BStartAddr [out]  Specifies the address where to copied the start address
1166:../../../../..//Drivers/STM32G0xx_HAL_Driver/Src/stm32g0xx_hal_flash_ex.c ****   *         of the 2B Proprietary code readout protection
1167:../../../../..//Drivers/STM32G0xx_HAL_Driver/Src/stm32g0xx_hal_flash_ex.c ****   * @param  PCROP2BEndAddr [out]  Specifies the address where to copied the end address of
1168:../../../../..//Drivers/STM32G0xx_HAL_Driver/Src/stm32g0xx_hal_flash_ex.c ****   *         the 2B Proprietary code readout protection
1169:../../../../..//Drivers/STM32G0xx_HAL_Driver/Src/stm32g0xx_hal_flash_ex.c ****   * @retval None
1170:../../../../..//Drivers/STM32G0xx_HAL_Driver/Src/stm32g0xx_hal_flash_ex.c ****   */
1171:../../../../..//Drivers/STM32G0xx_HAL_Driver/Src/stm32g0xx_hal_flash_ex.c **** static void FLASH_OB_GetPCROP2B(uint32_t *PCROP2BStartAddr, uint32_t *PCROP2BEndAddr)
1172:../../../../..//Drivers/STM32G0xx_HAL_Driver/Src/stm32g0xx_hal_flash_ex.c **** {
1173:../../../../..//Drivers/STM32G0xx_HAL_Driver/Src/stm32g0xx_hal_flash_ex.c ****   uint32_t pcrop;
1174:../../../../..//Drivers/STM32G0xx_HAL_Driver/Src/stm32g0xx_hal_flash_ex.c ****   uint32_t ropbase;
1175:../../../../..//Drivers/STM32G0xx_HAL_Driver/Src/stm32g0xx_hal_flash_ex.c **** 
1176:../../../../..//Drivers/STM32G0xx_HAL_Driver/Src/stm32g0xx_hal_flash_ex.c ****   /* Check if banks are swapped */
1177:../../../../..//Drivers/STM32G0xx_HAL_Driver/Src/stm32g0xx_hal_flash_ex.c ****   if ((FLASH->OPTR & FLASH_OPTR_nSWAP_BANK) != 0x00u)
1178:../../../../..//Drivers/STM32G0xx_HAL_Driver/Src/stm32g0xx_hal_flash_ex.c ****   {
1179:../../../../..//Drivers/STM32G0xx_HAL_Driver/Src/stm32g0xx_hal_flash_ex.c ****     /* No Bank swap, bank 2 read only protection is on second half of Flash */
1180:../../../../..//Drivers/STM32G0xx_HAL_Driver/Src/stm32g0xx_hal_flash_ex.c ****     ropbase = (FLASH_BASE + FLASH_BANK_SIZE);
1181:../../../../..//Drivers/STM32G0xx_HAL_Driver/Src/stm32g0xx_hal_flash_ex.c ****   }
1182:../../../../..//Drivers/STM32G0xx_HAL_Driver/Src/stm32g0xx_hal_flash_ex.c ****   else
1183:../../../../..//Drivers/STM32G0xx_HAL_Driver/Src/stm32g0xx_hal_flash_ex.c ****   {
1184:../../../../..//Drivers/STM32G0xx_HAL_Driver/Src/stm32g0xx_hal_flash_ex.c ****     /* Bank swap, bank 2 read only protection is on first half of Flash */
1185:../../../../..//Drivers/STM32G0xx_HAL_Driver/Src/stm32g0xx_hal_flash_ex.c ****     ropbase = FLASH_BASE;
1186:../../../../..//Drivers/STM32G0xx_HAL_Driver/Src/stm32g0xx_hal_flash_ex.c ****   }
1187:../../../../..//Drivers/STM32G0xx_HAL_Driver/Src/stm32g0xx_hal_flash_ex.c **** 
1188:../../../../..//Drivers/STM32G0xx_HAL_Driver/Src/stm32g0xx_hal_flash_ex.c ****   pcrop = (FLASH->PCROP2BSR & FLASH_PCROP2BSR_PCROP2B_STRT);
1189:../../../../..//Drivers/STM32G0xx_HAL_Driver/Src/stm32g0xx_hal_flash_ex.c ****   *PCROP2BStartAddr = (pcrop << FLASH_PCROP_GRANULARITY_OFFSET);
1190:../../../../..//Drivers/STM32G0xx_HAL_Driver/Src/stm32g0xx_hal_flash_ex.c ****   *PCROP2BStartAddr += ropbase;
1191:../../../../..//Drivers/STM32G0xx_HAL_Driver/Src/stm32g0xx_hal_flash_ex.c **** 
1192:../../../../..//Drivers/STM32G0xx_HAL_Driver/Src/stm32g0xx_hal_flash_ex.c ****   pcrop = (FLASH->PCROP2BER & FLASH_PCROP2BER_PCROP2B_END);
1193:../../../../..//Drivers/STM32G0xx_HAL_Driver/Src/stm32g0xx_hal_flash_ex.c ****   *PCROP2BEndAddr = (pcrop << FLASH_PCROP_GRANULARITY_OFFSET);
1194:../../../../..//Drivers/STM32G0xx_HAL_Driver/Src/stm32g0xx_hal_flash_ex.c ****   *PCROP2BEndAddr += (ropbase + FLASH_PCROP_GRANULARITY - 1U);
1195:../../../../..//Drivers/STM32G0xx_HAL_Driver/Src/stm32g0xx_hal_flash_ex.c **** }
1196:../../../../..//Drivers/STM32G0xx_HAL_Driver/Src/stm32g0xx_hal_flash_ex.c **** #endif /* FLASH_DBANK_SUPPORT */
1197:../../../../..//Drivers/STM32G0xx_HAL_Driver/Src/stm32g0xx_hal_flash_ex.c **** #endif /* FLASH_PCROP_SUPPORT */
1198:../../../../..//Drivers/STM32G0xx_HAL_Driver/Src/stm32g0xx_hal_flash_ex.c **** 
ARM GAS  /tmp/cck6bGLc.s 			page 28


1199:../../../../..//Drivers/STM32G0xx_HAL_Driver/Src/stm32g0xx_hal_flash_ex.c **** #if defined(FLASH_SECURABLE_MEMORY_SUPPORT)
1200:../../../../..//Drivers/STM32G0xx_HAL_Driver/Src/stm32g0xx_hal_flash_ex.c **** #if defined(FLASH_DBANK_SUPPORT)
1201:../../../../..//Drivers/STM32G0xx_HAL_Driver/Src/stm32g0xx_hal_flash_ex.c **** /**
1202:../../../../..//Drivers/STM32G0xx_HAL_Driver/Src/stm32g0xx_hal_flash_ex.c ****   * @brief  Configure Securable Memory area feature.
1203:../../../../..//Drivers/STM32G0xx_HAL_Driver/Src/stm32g0xx_hal_flash_ex.c ****   * @param  BootEntry  specifies if boot scheme is forced to Flash (System or user) or not
1204:../../../../..//Drivers/STM32G0xx_HAL_Driver/Src/stm32g0xx_hal_flash_ex.c ****   *         This parameter can be one of the following values:
1205:../../../../..//Drivers/STM32G0xx_HAL_Driver/Src/stm32g0xx_hal_flash_ex.c ****   *           @arg @ref OB_BOOT_ENTRY_FORCED_NONE No boot entry forced
1206:../../../../..//Drivers/STM32G0xx_HAL_Driver/Src/stm32g0xx_hal_flash_ex.c ****   *           @arg @ref OB_BOOT_ENTRY_FORCED_FLASH Flash selected as unique entry boot
1207:../../../../..//Drivers/STM32G0xx_HAL_Driver/Src/stm32g0xx_hal_flash_ex.c ****   * @param  SecSize specifies number of pages to protect as securable memory area, starting from
1208:../../../../..//Drivers/STM32G0xx_HAL_Driver/Src/stm32g0xx_hal_flash_ex.c ****   *         beginning of Bank1 (page 0).
1209:../../../../..//Drivers/STM32G0xx_HAL_Driver/Src/stm32g0xx_hal_flash_ex.c ****   * @param  SecSize2 specifies number of pages to protect as securable memory area, starting from
1210:../../../../..//Drivers/STM32G0xx_HAL_Driver/Src/stm32g0xx_hal_flash_ex.c ****   *         beginning of Bank2 (page 0).
1211:../../../../..//Drivers/STM32G0xx_HAL_Driver/Src/stm32g0xx_hal_flash_ex.c ****   * @retval None
1212:../../../../..//Drivers/STM32G0xx_HAL_Driver/Src/stm32g0xx_hal_flash_ex.c ****   */
1213:../../../../..//Drivers/STM32G0xx_HAL_Driver/Src/stm32g0xx_hal_flash_ex.c **** static void FLASH_OB_SecMemConfig(uint32_t BootEntry, uint32_t SecSize, uint32_t SecSize2)
1214:../../../../..//Drivers/STM32G0xx_HAL_Driver/Src/stm32g0xx_hal_flash_ex.c **** {
1215:../../../../..//Drivers/STM32G0xx_HAL_Driver/Src/stm32g0xx_hal_flash_ex.c ****   uint32_t secmem;
1216:../../../../..//Drivers/STM32G0xx_HAL_Driver/Src/stm32g0xx_hal_flash_ex.c **** 
1217:../../../../..//Drivers/STM32G0xx_HAL_Driver/Src/stm32g0xx_hal_flash_ex.c ****   /* Check the parameters */
1218:../../../../..//Drivers/STM32G0xx_HAL_Driver/Src/stm32g0xx_hal_flash_ex.c ****   assert_param(IS_OB_SEC_BOOT_LOCK(BootEntry));
1219:../../../../..//Drivers/STM32G0xx_HAL_Driver/Src/stm32g0xx_hal_flash_ex.c ****   assert_param(IS_OB_SEC_SIZE(SecSize));
1220:../../../../..//Drivers/STM32G0xx_HAL_Driver/Src/stm32g0xx_hal_flash_ex.c **** 
1221:../../../../..//Drivers/STM32G0xx_HAL_Driver/Src/stm32g0xx_hal_flash_ex.c ****   if ((FLASH_BANK_NB == 2U))
1222:../../../../..//Drivers/STM32G0xx_HAL_Driver/Src/stm32g0xx_hal_flash_ex.c ****   {
1223:../../../../..//Drivers/STM32G0xx_HAL_Driver/Src/stm32g0xx_hal_flash_ex.c ****     assert_param(IS_OB_SEC_SIZE(SecSize2));
1224:../../../../..//Drivers/STM32G0xx_HAL_Driver/Src/stm32g0xx_hal_flash_ex.c ****   }
1225:../../../../..//Drivers/STM32G0xx_HAL_Driver/Src/stm32g0xx_hal_flash_ex.c **** 
1226:../../../../..//Drivers/STM32G0xx_HAL_Driver/Src/stm32g0xx_hal_flash_ex.c ****   /* Set securable memory area configuration */
1227:../../../../..//Drivers/STM32G0xx_HAL_Driver/Src/stm32g0xx_hal_flash_ex.c ****   secmem = (FLASH->SECR & ~(FLASH_SECR_BOOT_LOCK | FLASH_SECR_SEC_SIZE | FLASH_SECR_SEC_SIZE2));
1228:../../../../..//Drivers/STM32G0xx_HAL_Driver/Src/stm32g0xx_hal_flash_ex.c ****   FLASH->SECR = (secmem | BootEntry | SecSize | (SecSize2 << FLASH_SECR_SEC_SIZE2_Pos));
1229:../../../../..//Drivers/STM32G0xx_HAL_Driver/Src/stm32g0xx_hal_flash_ex.c **** }
1230:../../../../..//Drivers/STM32G0xx_HAL_Driver/Src/stm32g0xx_hal_flash_ex.c **** 
1231:../../../../..//Drivers/STM32G0xx_HAL_Driver/Src/stm32g0xx_hal_flash_ex.c **** /**
1232:../../../../..//Drivers/STM32G0xx_HAL_Driver/Src/stm32g0xx_hal_flash_ex.c ****   * @brief  Return the FLASH Securable memory area protection Option Bytes value.
1233:../../../../..//Drivers/STM32G0xx_HAL_Driver/Src/stm32g0xx_hal_flash_ex.c ****   * @param  BootEntry  specifies boot scheme configuration
1234:../../../../..//Drivers/STM32G0xx_HAL_Driver/Src/stm32g0xx_hal_flash_ex.c ****   * @param  SecSize specifies number of pages to protect as secure memory area, starting from
1235:../../../../..//Drivers/STM32G0xx_HAL_Driver/Src/stm32g0xx_hal_flash_ex.c ****   *         beginning of Bank1 (page 0).
1236:../../../../..//Drivers/STM32G0xx_HAL_Driver/Src/stm32g0xx_hal_flash_ex.c ****   * @param  SecSize2 specifies number of pages to protect as secure memory area, starting from
1237:../../../../..//Drivers/STM32G0xx_HAL_Driver/Src/stm32g0xx_hal_flash_ex.c ****   *         beginning of Bank2 (page 0).
1238:../../../../..//Drivers/STM32G0xx_HAL_Driver/Src/stm32g0xx_hal_flash_ex.c ****   * @retval None
1239:../../../../..//Drivers/STM32G0xx_HAL_Driver/Src/stm32g0xx_hal_flash_ex.c ****   */
1240:../../../../..//Drivers/STM32G0xx_HAL_Driver/Src/stm32g0xx_hal_flash_ex.c **** static void FLASH_OB_GetSecMem(uint32_t *BootEntry, uint32_t *SecSize, uint32_t *SecSize2)
1241:../../../../..//Drivers/STM32G0xx_HAL_Driver/Src/stm32g0xx_hal_flash_ex.c **** {
1242:../../../../..//Drivers/STM32G0xx_HAL_Driver/Src/stm32g0xx_hal_flash_ex.c ****   uint32_t secmem = FLASH->SECR;
1243:../../../../..//Drivers/STM32G0xx_HAL_Driver/Src/stm32g0xx_hal_flash_ex.c **** 
1244:../../../../..//Drivers/STM32G0xx_HAL_Driver/Src/stm32g0xx_hal_flash_ex.c ****   *BootEntry = (secmem & FLASH_SECR_BOOT_LOCK);
1245:../../../../..//Drivers/STM32G0xx_HAL_Driver/Src/stm32g0xx_hal_flash_ex.c ****   *SecSize = (secmem & FLASH_SECR_SEC_SIZE);
1246:../../../../..//Drivers/STM32G0xx_HAL_Driver/Src/stm32g0xx_hal_flash_ex.c ****   *SecSize2 = (secmem & FLASH_SECR_SEC_SIZE2) >> FLASH_SECR_SEC_SIZE2_Pos;
1247:../../../../..//Drivers/STM32G0xx_HAL_Driver/Src/stm32g0xx_hal_flash_ex.c **** }
1248:../../../../..//Drivers/STM32G0xx_HAL_Driver/Src/stm32g0xx_hal_flash_ex.c **** 
1249:../../../../..//Drivers/STM32G0xx_HAL_Driver/Src/stm32g0xx_hal_flash_ex.c **** #else
1250:../../../../..//Drivers/STM32G0xx_HAL_Driver/Src/stm32g0xx_hal_flash_ex.c **** /**
1251:../../../../..//Drivers/STM32G0xx_HAL_Driver/Src/stm32g0xx_hal_flash_ex.c ****   * @brief  Configure Securable Memory area feature.
1252:../../../../..//Drivers/STM32G0xx_HAL_Driver/Src/stm32g0xx_hal_flash_ex.c ****   * @param  BootEntry  specifies if boot scheme is forced to Flash (System or user) or not
1253:../../../../..//Drivers/STM32G0xx_HAL_Driver/Src/stm32g0xx_hal_flash_ex.c ****   *         This parameter can be one of the following values:
1254:../../../../..//Drivers/STM32G0xx_HAL_Driver/Src/stm32g0xx_hal_flash_ex.c ****   *           @arg @ref OB_BOOT_ENTRY_FORCED_NONE No boot entry forced
1255:../../../../..//Drivers/STM32G0xx_HAL_Driver/Src/stm32g0xx_hal_flash_ex.c ****   *           @arg @ref OB_BOOT_ENTRY_FORCED_FLASH FLash selected as unique entry boot
ARM GAS  /tmp/cck6bGLc.s 			page 29


1256:../../../../..//Drivers/STM32G0xx_HAL_Driver/Src/stm32g0xx_hal_flash_ex.c ****   * @param  SecSize specifies number of pages to protect as securable memory area, starting from
1257:../../../../..//Drivers/STM32G0xx_HAL_Driver/Src/stm32g0xx_hal_flash_ex.c ****   *         beginning of the Flash (page 0).
1258:../../../../..//Drivers/STM32G0xx_HAL_Driver/Src/stm32g0xx_hal_flash_ex.c ****   * @retval None
1259:../../../../..//Drivers/STM32G0xx_HAL_Driver/Src/stm32g0xx_hal_flash_ex.c ****   */
1260:../../../../..//Drivers/STM32G0xx_HAL_Driver/Src/stm32g0xx_hal_flash_ex.c **** static void FLASH_OB_SecMemConfig(uint32_t BootEntry, uint32_t SecSize)
 307              		.loc 1 1260 13 view .LVU127
 308              	.LBB38:
1261:../../../../..//Drivers/STM32G0xx_HAL_Driver/Src/stm32g0xx_hal_flash_ex.c **** {
1262:../../../../..//Drivers/STM32G0xx_HAL_Driver/Src/stm32g0xx_hal_flash_ex.c ****   uint32_t secmem;
 309              		.loc 1 1262 3 view .LVU128
1263:../../../../..//Drivers/STM32G0xx_HAL_Driver/Src/stm32g0xx_hal_flash_ex.c **** 
1264:../../../../..//Drivers/STM32G0xx_HAL_Driver/Src/stm32g0xx_hal_flash_ex.c ****   /* Check the parameters */
1265:../../../../..//Drivers/STM32G0xx_HAL_Driver/Src/stm32g0xx_hal_flash_ex.c ****   assert_param(IS_OB_SEC_BOOT_LOCK(BootEntry));
 310              		.loc 1 1265 3 view .LVU129
1266:../../../../..//Drivers/STM32G0xx_HAL_Driver/Src/stm32g0xx_hal_flash_ex.c ****   assert_param(IS_OB_SEC_SIZE(SecSize));
 311              		.loc 1 1266 3 view .LVU130
1267:../../../../..//Drivers/STM32G0xx_HAL_Driver/Src/stm32g0xx_hal_flash_ex.c **** 
1268:../../../../..//Drivers/STM32G0xx_HAL_Driver/Src/stm32g0xx_hal_flash_ex.c ****   /* Set securable memory area configuration */
1269:../../../../..//Drivers/STM32G0xx_HAL_Driver/Src/stm32g0xx_hal_flash_ex.c ****   secmem = (FLASH->SECR & ~(FLASH_SECR_BOOT_LOCK | FLASH_SECR_SEC_SIZE));
 312              		.loc 1 1269 3 view .LVU131
1270:../../../../..//Drivers/STM32G0xx_HAL_Driver/Src/stm32g0xx_hal_flash_ex.c ****   FLASH->SECR = (secmem | BootEntry | SecSize);
 313              		.loc 1 1270 37 is_stmt 0 view .LVU132
 314 00aa 1A6B     		ldr	r2, [r3, #48]
1269:../../../../..//Drivers/STM32G0xx_HAL_Driver/Src/stm32g0xx_hal_flash_ex.c ****   FLASH->SECR = (secmem | BootEntry | SecSize);
 315              		.loc 1 1269 18 view .LVU133
 316 00ac 2348     		ldr	r0, .L49+12
 317              		.loc 1 1270 37 view .LVU134
 318 00ae 5B6B     		ldr	r3, [r3, #52]
 319              	.LVL24:
1269:../../../../..//Drivers/STM32G0xx_HAL_Driver/Src/stm32g0xx_hal_flash_ex.c ****   FLASH->SECR = (secmem | BootEntry | SecSize);
 320              		.loc 1 1269 18 view .LVU135
 321 00b0 C16F     		ldr	r1, [r0, #124]
 322              	.LVL25:
 323              		.loc 1 1270 3 is_stmt 1 view .LVU136
 324              		.loc 1 1270 37 is_stmt 0 view .LVU137
 325 00b2 1343     		orrs	r3, r2
 326              	.LVL26:
1269:../../../../..//Drivers/STM32G0xx_HAL_Driver/Src/stm32g0xx_hal_flash_ex.c ****   FLASH->SECR = (secmem | BootEntry | SecSize);
 327              		.loc 1 1269 10 view .LVU138
 328 00b4 224A     		ldr	r2, .L49+16
 329              	.LVL27:
1269:../../../../..//Drivers/STM32G0xx_HAL_Driver/Src/stm32g0xx_hal_flash_ex.c ****   FLASH->SECR = (secmem | BootEntry | SecSize);
 330              		.loc 1 1269 10 view .LVU139
 331 00b6 0A40     		ands	r2, r1
 332              	.LVL28:
 333              		.loc 1 1270 37 view .LVU140
 334 00b8 1343     		orrs	r3, r2
 335              		.loc 1 1270 15 view .LVU141
 336 00ba C367     		str	r3, [r0, #124]
 337              	.LVL29:
 338              	.L17:
 339              		.loc 1 1270 15 view .LVU142
 340              	.LBE38:
 341              	.LBE37:
 390:../../../../..//Drivers/STM32G0xx_HAL_Driver/Src/stm32g0xx_hal_flash_ex.c **** 
 342              		.loc 1 390 3 is_stmt 1 view .LVU143
 390:../../../../..//Drivers/STM32G0xx_HAL_Driver/Src/stm32g0xx_hal_flash_ex.c **** 
ARM GAS  /tmp/cck6bGLc.s 			page 30


 343              		.loc 1 390 12 is_stmt 0 view .LVU144
 344 00bc FA20     		movs	r0, #250
 345 00be 8000     		lsls	r0, r0, #2
 346 00c0 FFF7FEFF 		bl	FLASH_WaitForLastOperation
 347              	.LVL30:
 392:../../../../..//Drivers/STM32G0xx_HAL_Driver/Src/stm32g0xx_hal_flash_ex.c ****   {
 348              		.loc 1 392 3 is_stmt 1 view .LVU145
 392:../../../../..//Drivers/STM32G0xx_HAL_Driver/Src/stm32g0xx_hal_flash_ex.c ****   {
 349              		.loc 1 392 6 is_stmt 0 view .LVU146
 350 00c4 0028     		cmp	r0, #0
 351 00c6 0DD1     		bne	.L18
 395:../../../../..//Drivers/STM32G0xx_HAL_Driver/Src/stm32g0xx_hal_flash_ex.c **** 
 352              		.loc 1 395 5 is_stmt 1 view .LVU147
 353 00c8 8023     		movs	r3, #128
 398:../../../../..//Drivers/STM32G0xx_HAL_Driver/Src/stm32g0xx_hal_flash_ex.c **** 
 354              		.loc 1 398 14 is_stmt 0 view .LVU148
 355 00ca FA20     		movs	r0, #250
 356              	.LVL31:
 395:../../../../..//Drivers/STM32G0xx_HAL_Driver/Src/stm32g0xx_hal_flash_ex.c **** 
 357              		.loc 1 395 5 view .LVU149
 358 00cc 194D     		ldr	r5, .L49+4
 359 00ce 9B02     		lsls	r3, r3, #10
 360 00d0 6A69     		ldr	r2, [r5, #20]
 398:../../../../..//Drivers/STM32G0xx_HAL_Driver/Src/stm32g0xx_hal_flash_ex.c **** 
 361              		.loc 1 398 14 view .LVU150
 362 00d2 8000     		lsls	r0, r0, #2
 395:../../../../..//Drivers/STM32G0xx_HAL_Driver/Src/stm32g0xx_hal_flash_ex.c **** 
 363              		.loc 1 395 5 view .LVU151
 364 00d4 1343     		orrs	r3, r2
 365 00d6 6B61     		str	r3, [r5, #20]
 398:../../../../..//Drivers/STM32G0xx_HAL_Driver/Src/stm32g0xx_hal_flash_ex.c **** 
 366              		.loc 1 398 5 is_stmt 1 view .LVU152
 398:../../../../..//Drivers/STM32G0xx_HAL_Driver/Src/stm32g0xx_hal_flash_ex.c **** 
 367              		.loc 1 398 14 is_stmt 0 view .LVU153
 368 00d8 FFF7FEFF 		bl	FLASH_WaitForLastOperation
 369              	.LVL32:
 401:../../../../..//Drivers/STM32G0xx_HAL_Driver/Src/stm32g0xx_hal_flash_ex.c ****   }
 370              		.loc 1 401 5 is_stmt 1 view .LVU154
 371 00dc 6B69     		ldr	r3, [r5, #20]
 372 00de 194A     		ldr	r2, .L49+20
 373 00e0 1340     		ands	r3, r2
 374 00e2 6B61     		str	r3, [r5, #20]
 375              	.LVL33:
 376              	.L18:
 405:../../../../..//Drivers/STM32G0xx_HAL_Driver/Src/stm32g0xx_hal_flash_ex.c **** 
 377              		.loc 1 405 3 view .LVU155
 405:../../../../..//Drivers/STM32G0xx_HAL_Driver/Src/stm32g0xx_hal_flash_ex.c **** 
 378              		.loc 1 405 3 view .LVU156
 379 00e4 0023     		movs	r3, #0
 380 00e6 2370     		strb	r3, [r4]
 405:../../../../..//Drivers/STM32G0xx_HAL_Driver/Src/stm32g0xx_hal_flash_ex.c **** 
 381              		.loc 1 405 3 view .LVU157
 408:../../../../..//Drivers/STM32G0xx_HAL_Driver/Src/stm32g0xx_hal_flash_ex.c **** }
 382              		.loc 1 408 3 view .LVU158
 383              	.LVL34:
 384              	.L2:
 409:../../../../..//Drivers/STM32G0xx_HAL_Driver/Src/stm32g0xx_hal_flash_ex.c **** 
ARM GAS  /tmp/cck6bGLc.s 			page 31


 385              		.loc 1 409 1 is_stmt 0 view .LVU159
 386              		@ sp needed
 387 00e8 F8BD     		pop	{r3, r4, r5, r6, r7, pc}
 388              	.LVL35:
 389              	.L4:
 390              	.LBB39:
 391              	.LBB26:
 680:../../../../..//Drivers/STM32G0xx_HAL_Driver/Src/stm32g0xx_hal_flash_ex.c ****   }
 392              		.loc 1 680 5 is_stmt 1 view .LVU160
 680:../../../../..//Drivers/STM32G0xx_HAL_Driver/Src/stm32g0xx_hal_flash_ex.c ****   }
 393              		.loc 1 680 19 is_stmt 0 view .LVU161
 394 00ea 0163     		str	r1, [r0, #48]
 395              	.LVL36:
 680:../../../../..//Drivers/STM32G0xx_HAL_Driver/Src/stm32g0xx_hal_flash_ex.c ****   }
 396              		.loc 1 680 19 view .LVU162
 397 00ec 9FE7     		b	.L3
 398              	.LVL37:
 399              	.L5:
 680:../../../../..//Drivers/STM32G0xx_HAL_Driver/Src/stm32g0xx_hal_flash_ex.c ****   }
 400              		.loc 1 680 19 view .LVU163
 401              	.LBE26:
 402              	.LBE39:
 323:../../../../..//Drivers/STM32G0xx_HAL_Driver/Src/stm32g0xx_hal_flash_ex.c ****   {
 403              		.loc 1 323 8 is_stmt 1 view .LVU164
 323:../../../../..//Drivers/STM32G0xx_HAL_Driver/Src/stm32g0xx_hal_flash_ex.c ****   {
 404              		.loc 1 323 11 is_stmt 0 view .LVU165
 405 00ee 9107     		lsls	r1, r2, #30
 406 00f0 0AD5     		bpl	.L7
 326:../../../../..//Drivers/STM32G0xx_HAL_Driver/Src/stm32g0xx_hal_flash_ex.c ****     FLASH_OB_OptrConfig(optr, optr, pOBInit->RDPLevel);
 407              		.loc 1 326 5 is_stmt 1 view .LVU166
 408              	.LBB40:
 409              	.LBI40:
 821:../../../../..//Drivers/STM32G0xx_HAL_Driver/Src/stm32g0xx_hal_flash_ex.c **** {
 410              		.loc 1 821 17 view .LVU167
 411              	.LBB41:
 823:../../../../..//Drivers/STM32G0xx_HAL_Driver/Src/stm32g0xx_hal_flash_ex.c ****   return user;
 412              		.loc 1 823 3 view .LVU168
 413              	.LBE41:
 414              	.LBE40:
 415              	.LBB43:
 416              	.LBB44:
 773:../../../../..//Drivers/STM32G0xx_HAL_Driver/Src/stm32g0xx_hal_flash_ex.c ****   FLASH->OPTR = (optr | UserConfig | RDPLevel);
 417              		.loc 1 773 22 is_stmt 0 view .LVU169
 418 00f2 FF26     		movs	r6, #255
 419              	.LBE44:
 420              	.LBE43:
 421              	.LBB46:
 422              	.LBB42:
 823:../../../../..//Drivers/STM32G0xx_HAL_Driver/Src/stm32g0xx_hal_flash_ex.c ****   return user;
 423              		.loc 1 823 26 view .LVU170
 424 00f4 0F4D     		ldr	r5, .L49+4
 823:../../../../..//Drivers/STM32G0xx_HAL_Driver/Src/stm32g0xx_hal_flash_ex.c ****   return user;
 425              		.loc 1 823 12 view .LVU171
 426 00f6 1448     		ldr	r0, .L49+24
 823:../../../../..//Drivers/STM32G0xx_HAL_Driver/Src/stm32g0xx_hal_flash_ex.c ****   return user;
 427              		.loc 1 823 26 view .LVU172
 428 00f8 296A     		ldr	r1, [r5, #32]
ARM GAS  /tmp/cck6bGLc.s 			page 32


 823:../../../../..//Drivers/STM32G0xx_HAL_Driver/Src/stm32g0xx_hal_flash_ex.c ****   return user;
 429              		.loc 1 823 12 view .LVU173
 430 00fa 0140     		ands	r1, r0
 431              	.LVL38:
 824:../../../../..//Drivers/STM32G0xx_HAL_Driver/Src/stm32g0xx_hal_flash_ex.c **** }
 432              		.loc 1 824 3 is_stmt 1 view .LVU174
 824:../../../../..//Drivers/STM32G0xx_HAL_Driver/Src/stm32g0xx_hal_flash_ex.c **** }
 433              		.loc 1 824 3 is_stmt 0 view .LVU175
 434              	.LBE42:
 435              	.LBE46:
 327:../../../../..//Drivers/STM32G0xx_HAL_Driver/Src/stm32g0xx_hal_flash_ex.c ****   }
 436              		.loc 1 327 5 is_stmt 1 view .LVU176
 437              	.LBB47:
 438              	.LBI43:
 762:../../../../..//Drivers/STM32G0xx_HAL_Driver/Src/stm32g0xx_hal_flash_ex.c **** {
 439              		.loc 1 762 13 view .LVU177
 440              	.LBB45:
 764:../../../../..//Drivers/STM32G0xx_HAL_Driver/Src/stm32g0xx_hal_flash_ex.c **** 
 441              		.loc 1 764 3 view .LVU178
 767:../../../../..//Drivers/STM32G0xx_HAL_Driver/Src/stm32g0xx_hal_flash_ex.c ****   assert_param(IS_OB_USER_CONFIG(UserType, UserConfig));
 442              		.loc 1 767 3 view .LVU179
 768:../../../../..//Drivers/STM32G0xx_HAL_Driver/Src/stm32g0xx_hal_flash_ex.c ****   assert_param(IS_OB_RDP_LEVEL(RDPLevel));
 443              		.loc 1 768 3 view .LVU180
 769:../../../../..//Drivers/STM32G0xx_HAL_Driver/Src/stm32g0xx_hal_flash_ex.c **** 
 444              		.loc 1 769 3 view .LVU181
 772:../../../../..//Drivers/STM32G0xx_HAL_Driver/Src/stm32g0xx_hal_flash_ex.c ****   optr &= ~(UserType | FLASH_OPTR_RDP);
 445              		.loc 1 772 3 view .LVU182
 772:../../../../..//Drivers/STM32G0xx_HAL_Driver/Src/stm32g0xx_hal_flash_ex.c ****   optr &= ~(UserType | FLASH_OPTR_RDP);
 446              		.loc 1 772 8 is_stmt 0 view .LVU183
 447 00fc 286A     		ldr	r0, [r5, #32]
 448              	.LVL39:
 773:../../../../..//Drivers/STM32G0xx_HAL_Driver/Src/stm32g0xx_hal_flash_ex.c ****   FLASH->OPTR = (optr | UserConfig | RDPLevel);
 449              		.loc 1 773 3 is_stmt 1 view .LVU184
 774:../../../../..//Drivers/STM32G0xx_HAL_Driver/Src/stm32g0xx_hal_flash_ex.c **** }
 450              		.loc 1 774 3 view .LVU185
 773:../../../../..//Drivers/STM32G0xx_HAL_Driver/Src/stm32g0xx_hal_flash_ex.c ****   FLASH->OPTR = (optr | UserConfig | RDPLevel);
 451              		.loc 1 773 22 is_stmt 0 view .LVU186
 452 00fe 0E43     		orrs	r6, r1
 773:../../../../..//Drivers/STM32G0xx_HAL_Driver/Src/stm32g0xx_hal_flash_ex.c ****   FLASH->OPTR = (optr | UserConfig | RDPLevel);
 453              		.loc 1 773 8 view .LVU187
 454 0100 B043     		bics	r0, r6
 455              	.LVL40:
 774:../../../../..//Drivers/STM32G0xx_HAL_Driver/Src/stm32g0xx_hal_flash_ex.c **** }
 456              		.loc 1 774 36 view .LVU188
 457 0102 1E69     		ldr	r6, [r3, #16]
 458              	.LVL41:
 459              	.L47:
 774:../../../../..//Drivers/STM32G0xx_HAL_Driver/Src/stm32g0xx_hal_flash_ex.c **** }
 460              		.loc 1 774 36 view .LVU189
 461              	.LBE45:
 462              	.LBE47:
 463              	.LBB48:
 464              	.LBB31:
 774:../../../../..//Drivers/STM32G0xx_HAL_Driver/Src/stm32g0xx_hal_flash_ex.c **** }
 465              		.loc 1 774 23 view .LVU190
 466 0104 3143     		orrs	r1, r6
 467 0106 9FE7     		b	.L48
ARM GAS  /tmp/cck6bGLc.s 			page 33


 468              	.L7:
 469              	.LBE31:
 470              	.LBE48:
 329:../../../../..//Drivers/STM32G0xx_HAL_Driver/Src/stm32g0xx_hal_flash_ex.c ****   {
 471              		.loc 1 329 8 is_stmt 1 view .LVU191
 329:../../../../..//Drivers/STM32G0xx_HAL_Driver/Src/stm32g0xx_hal_flash_ex.c ****   {
 472              		.loc 1 329 11 is_stmt 0 view .LVU192
 473 0108 5107     		lsls	r1, r2, #29
 474 010a 9FD5     		bpl	.L6
 332:../../../../..//Drivers/STM32G0xx_HAL_Driver/Src/stm32g0xx_hal_flash_ex.c ****     FLASH_OB_OptrConfig(pOBInit->USERType, pOBInit->USERConfig, optr);
 475              		.loc 1 332 5 is_stmt 1 view .LVU193
 476              	.LBB49:
 477              	.LBI49:
 785:../../../../..//Drivers/STM32G0xx_HAL_Driver/Src/stm32g0xx_hal_flash_ex.c **** {
 478              		.loc 1 785 17 view .LVU194
 479              	.LBB50:
 787:../../../../..//Drivers/STM32G0xx_HAL_Driver/Src/stm32g0xx_hal_flash_ex.c **** 
 480              		.loc 1 787 3 view .LVU195
 787:../../../../..//Drivers/STM32G0xx_HAL_Driver/Src/stm32g0xx_hal_flash_ex.c **** 
 481              		.loc 1 787 21 is_stmt 0 view .LVU196
 482 010c 094D     		ldr	r5, .L49+4
 483 010e 286A     		ldr	r0, [r5, #32]
 787:../../../../..//Drivers/STM32G0xx_HAL_Driver/Src/stm32g0xx_hal_flash_ex.c **** 
 484              		.loc 1 787 12 view .LVU197
 485 0110 C0B2     		uxtb	r0, r0
 486              	.LVL42:
 789:../../../../..//Drivers/STM32G0xx_HAL_Driver/Src/stm32g0xx_hal_flash_ex.c ****   {
 487              		.loc 1 789 3 is_stmt 1 view .LVU198
 789:../../../../..//Drivers/STM32G0xx_HAL_Driver/Src/stm32g0xx_hal_flash_ex.c ****   {
 488              		.loc 1 789 6 is_stmt 0 view .LVU199
 489 0112 AA28     		cmp	r0, #170
 490 0114 04D0     		beq	.L8
 789:../../../../..//Drivers/STM32G0xx_HAL_Driver/Src/stm32g0xx_hal_flash_ex.c ****   {
 491              		.loc 1 789 34 discriminator 1 view .LVU200
 492 0116 BB21     		movs	r1, #187
 493 0118 CC28     		cmp	r0, #204
 494 011a 00D1     		bne	.L10
 495 011c 1131     		adds	r1, r1, #17
 496              	.L10:
 497 011e 0800     		movs	r0, r1
 498              	.LVL43:
 499              	.L8:
 789:../../../../..//Drivers/STM32G0xx_HAL_Driver/Src/stm32g0xx_hal_flash_ex.c ****   {
 500              		.loc 1 789 34 discriminator 1 view .LVU201
 501              	.LBE50:
 502              	.LBE49:
 333:../../../../..//Drivers/STM32G0xx_HAL_Driver/Src/stm32g0xx_hal_flash_ex.c ****   }
 503              		.loc 1 333 5 is_stmt 1 view .LVU202
 504              	.LBB51:
 505              	.LBI29:
 762:../../../../..//Drivers/STM32G0xx_HAL_Driver/Src/stm32g0xx_hal_flash_ex.c **** {
 506              		.loc 1 762 13 view .LVU203
 507              	.LBB32:
 764:../../../../..//Drivers/STM32G0xx_HAL_Driver/Src/stm32g0xx_hal_flash_ex.c **** 
 508              		.loc 1 764 3 view .LVU204
 767:../../../../..//Drivers/STM32G0xx_HAL_Driver/Src/stm32g0xx_hal_flash_ex.c ****   assert_param(IS_OB_USER_CONFIG(UserType, UserConfig));
 509              		.loc 1 767 3 view .LVU205
ARM GAS  /tmp/cck6bGLc.s 			page 34


 768:../../../../..//Drivers/STM32G0xx_HAL_Driver/Src/stm32g0xx_hal_flash_ex.c ****   assert_param(IS_OB_RDP_LEVEL(RDPLevel));
 510              		.loc 1 768 3 view .LVU206
 769:../../../../..//Drivers/STM32G0xx_HAL_Driver/Src/stm32g0xx_hal_flash_ex.c **** 
 511              		.loc 1 769 3 view .LVU207
 772:../../../../..//Drivers/STM32G0xx_HAL_Driver/Src/stm32g0xx_hal_flash_ex.c ****   optr &= ~(UserType | FLASH_OPTR_RDP);
 512              		.loc 1 772 3 view .LVU208
 773:../../../../..//Drivers/STM32G0xx_HAL_Driver/Src/stm32g0xx_hal_flash_ex.c ****   FLASH->OPTR = (optr | UserConfig | RDPLevel);
 513              		.loc 1 773 22 is_stmt 0 view .LVU209
 514 0120 FF26     		movs	r6, #255
 515 0122 5F69     		ldr	r7, [r3, #20]
 772:../../../../..//Drivers/STM32G0xx_HAL_Driver/Src/stm32g0xx_hal_flash_ex.c ****   optr &= ~(UserType | FLASH_OPTR_RDP);
 516              		.loc 1 772 8 view .LVU210
 517 0124 296A     		ldr	r1, [r5, #32]
 518              	.LVL44:
 773:../../../../..//Drivers/STM32G0xx_HAL_Driver/Src/stm32g0xx_hal_flash_ex.c ****   FLASH->OPTR = (optr | UserConfig | RDPLevel);
 519              		.loc 1 773 3 is_stmt 1 view .LVU211
 774:../../../../..//Drivers/STM32G0xx_HAL_Driver/Src/stm32g0xx_hal_flash_ex.c **** }
 520              		.loc 1 774 3 view .LVU212
 773:../../../../..//Drivers/STM32G0xx_HAL_Driver/Src/stm32g0xx_hal_flash_ex.c ****   FLASH->OPTR = (optr | UserConfig | RDPLevel);
 521              		.loc 1 773 22 is_stmt 0 view .LVU213
 522 0126 3E43     		orrs	r6, r7
 773:../../../../..//Drivers/STM32G0xx_HAL_Driver/Src/stm32g0xx_hal_flash_ex.c ****   FLASH->OPTR = (optr | UserConfig | RDPLevel);
 523              		.loc 1 773 8 view .LVU214
 524 0128 B143     		bics	r1, r6
 525              	.LVL45:
 774:../../../../..//Drivers/STM32G0xx_HAL_Driver/Src/stm32g0xx_hal_flash_ex.c **** }
 526              		.loc 1 774 23 view .LVU215
 527 012a 9E69     		ldr	r6, [r3, #24]
 528 012c EAE7     		b	.L47
 529              	.L50:
 530 012e C046     		.align	2
 531              	.L49:
 532 0130 00000000 		.word	pFlash
 533 0134 00200240 		.word	1073881088
 534 0138 01000080 		.word	-2147483647
 535 013c 04200240 		.word	1073881092
 536 0140 80FFFEFF 		.word	-65664
 537 0144 FFFFFDFF 		.word	-131073
 538 0148 00FF4F3F 		.word	1062207232
 539              	.LBE32:
 540              	.LBE51:
 541              		.cfi_endproc
 542              	.LFE182:
 544              		.section	.text.HAL_FLASHEx_OBGetConfig,"ax",%progbits
 545              		.align	1
 546              		.global	HAL_FLASHEx_OBGetConfig
 547              		.syntax unified
 548              		.code	16
 549              		.thumb_func
 551              	HAL_FLASHEx_OBGetConfig:
 552              	.LVL46:
 553              	.LFB183:
 422:../../../../..//Drivers/STM32G0xx_HAL_Driver/Src/stm32g0xx_hal_flash_ex.c ****   pOBInit->OptionType = OPTIONBYTE_ALL;
 554              		.loc 1 422 1 is_stmt 1 view -0
 555              		.cfi_startproc
 556              		@ args = 0, pretend = 0, frame = 0
 557              		@ frame_needed = 0, uses_anonymous_args = 0
ARM GAS  /tmp/cck6bGLc.s 			page 35


 423:../../../../..//Drivers/STM32G0xx_HAL_Driver/Src/stm32g0xx_hal_flash_ex.c **** 
 558              		.loc 1 423 3 view .LVU217
 423:../../../../..//Drivers/STM32G0xx_HAL_Driver/Src/stm32g0xx_hal_flash_ex.c **** 
 559              		.loc 1 423 23 is_stmt 0 view .LVU218
 560 0000 1F23     		movs	r3, #31
 561              	.LBB64:
 562              	.LBB65:
 705:../../../../..//Drivers/STM32G0xx_HAL_Driver/Src/stm32g0xx_hal_flash_ex.c ****   {
 563              		.loc 1 705 6 view .LVU219
 564 0002 4168     		ldr	r1, [r0, #4]
 565              	.LBE65:
 566              	.LBE64:
 423:../../../../..//Drivers/STM32G0xx_HAL_Driver/Src/stm32g0xx_hal_flash_ex.c **** 
 567              		.loc 1 423 23 view .LVU220
 568 0004 0360     		str	r3, [r0]
 426:../../../../..//Drivers/STM32G0xx_HAL_Driver/Src/stm32g0xx_hal_flash_ex.c **** 
 569              		.loc 1 426 3 is_stmt 1 view .LVU221
 570              	.LVL47:
 571              	.LBB69:
 572              	.LBI64:
 699:../../../../..//Drivers/STM32G0xx_HAL_Driver/Src/stm32g0xx_hal_flash_ex.c **** {
 573              		.loc 1 699 13 view .LVU222
 574              	.LBB66:
 702:../../../../..//Drivers/STM32G0xx_HAL_Driver/Src/stm32g0xx_hal_flash_ex.c **** 
 575              		.loc 1 702 3 view .LVU223
 705:../../../../..//Drivers/STM32G0xx_HAL_Driver/Src/stm32g0xx_hal_flash_ex.c ****   {
 576              		.loc 1 705 3 view .LVU224
 577 0006 3F22     		movs	r2, #63
 578              	.LBE66:
 579              	.LBE69:
 422:../../../../..//Drivers/STM32G0xx_HAL_Driver/Src/stm32g0xx_hal_flash_ex.c ****   pOBInit->OptionType = OPTIONBYTE_ALL;
 580              		.loc 1 422 1 is_stmt 0 view .LVU225
 581 0008 70B5     		push	{r4, r5, r6, lr}
 582              	.LCFI1:
 583              		.cfi_def_cfa_offset 16
 584              		.cfi_offset 4, -16
 585              		.cfi_offset 5, -12
 586              		.cfi_offset 6, -8
 587              		.cfi_offset 14, -4
 588 000a 254B     		ldr	r3, .L62
 589              	.LBB70:
 590              	.LBB67:
 705:../../../../..//Drivers/STM32G0xx_HAL_Driver/Src/stm32g0xx_hal_flash_ex.c ****   {
 591              		.loc 1 705 6 view .LVU226
 592 000c 0129     		cmp	r1, #1
 593 000e 42D1     		bne	.L52
 707:../../../../..//Drivers/STM32G0xx_HAL_Driver/Src/stm32g0xx_hal_flash_ex.c ****     *WRDPEndOffset = (READ_BIT(FLASH->WRP1AR, FLASH_WRP1AR_WRP1A_END) >> FLASH_WRP1AR_WRP1A_END_Pos
 594              		.loc 1 707 5 is_stmt 1 view .LVU227
 707:../../../../..//Drivers/STM32G0xx_HAL_Driver/Src/stm32g0xx_hal_flash_ex.c ****     *WRDPEndOffset = (READ_BIT(FLASH->WRP1AR, FLASH_WRP1AR_WRP1A_END) >> FLASH_WRP1AR_WRP1A_END_Pos
 595              		.loc 1 707 23 is_stmt 0 view .LVU228
 596 0010 D96A     		ldr	r1, [r3, #44]
 597              	.LVL48:
 707:../../../../..//Drivers/STM32G0xx_HAL_Driver/Src/stm32g0xx_hal_flash_ex.c ****     *WRDPEndOffset = (READ_BIT(FLASH->WRP1AR, FLASH_WRP1AR_WRP1A_END) >> FLASH_WRP1AR_WRP1A_END_Pos
 598              		.loc 1 707 23 view .LVU229
 599 0012 1140     		ands	r1, r2
 707:../../../../..//Drivers/STM32G0xx_HAL_Driver/Src/stm32g0xx_hal_flash_ex.c ****     *WRDPEndOffset = (READ_BIT(FLASH->WRP1AR, FLASH_WRP1AR_WRP1A_END) >> FLASH_WRP1AR_WRP1A_END_Pos
 600              		.loc 1 707 21 view .LVU230
ARM GAS  /tmp/cck6bGLc.s 			page 36


 601 0014 8160     		str	r1, [r0, #8]
 708:../../../../..//Drivers/STM32G0xx_HAL_Driver/Src/stm32g0xx_hal_flash_ex.c ****   }
 602              		.loc 1 708 5 is_stmt 1 view .LVU231
 708:../../../../..//Drivers/STM32G0xx_HAL_Driver/Src/stm32g0xx_hal_flash_ex.c ****   }
 603              		.loc 1 708 23 is_stmt 0 view .LVU232
 604 0016 D96A     		ldr	r1, [r3, #44]
 605              	.L61:
 725:../../../../..//Drivers/STM32G0xx_HAL_Driver/Src/stm32g0xx_hal_flash_ex.c ****   }
 606              		.loc 1 725 71 view .LVU233
 607 0018 090C     		lsrs	r1, r1, #16
 608 001a 0A40     		ands	r2, r1
 708:../../../../..//Drivers/STM32G0xx_HAL_Driver/Src/stm32g0xx_hal_flash_ex.c ****   }
 609              		.loc 1 708 20 view .LVU234
 610 001c C260     		str	r2, [r0, #12]
 611              	.LVL49:
 708:../../../../..//Drivers/STM32G0xx_HAL_Driver/Src/stm32g0xx_hal_flash_ex.c ****   }
 612              		.loc 1 708 20 view .LVU235
 613              	.LBE67:
 614              	.LBE70:
 429:../../../../..//Drivers/STM32G0xx_HAL_Driver/Src/stm32g0xx_hal_flash_ex.c **** 
 615              		.loc 1 429 3 is_stmt 1 view .LVU236
 616              	.LBB71:
 617              	.LBI71:
 785:../../../../..//Drivers/STM32G0xx_HAL_Driver/Src/stm32g0xx_hal_flash_ex.c **** {
 618              		.loc 1 785 17 view .LVU237
 619              	.LBB72:
 787:../../../../..//Drivers/STM32G0xx_HAL_Driver/Src/stm32g0xx_hal_flash_ex.c **** 
 620              		.loc 1 787 3 view .LVU238
 787:../../../../..//Drivers/STM32G0xx_HAL_Driver/Src/stm32g0xx_hal_flash_ex.c **** 
 621              		.loc 1 787 21 is_stmt 0 view .LVU239
 622 001e 1A6A     		ldr	r2, [r3, #32]
 787:../../../../..//Drivers/STM32G0xx_HAL_Driver/Src/stm32g0xx_hal_flash_ex.c **** 
 623              		.loc 1 787 12 view .LVU240
 624 0020 D2B2     		uxtb	r2, r2
 625              	.LVL50:
 789:../../../../..//Drivers/STM32G0xx_HAL_Driver/Src/stm32g0xx_hal_flash_ex.c ****   {
 626              		.loc 1 789 3 is_stmt 1 view .LVU241
 789:../../../../..//Drivers/STM32G0xx_HAL_Driver/Src/stm32g0xx_hal_flash_ex.c ****   {
 627              		.loc 1 789 6 is_stmt 0 view .LVU242
 628 0022 AA2A     		cmp	r2, #170
 629 0024 04D0     		beq	.L54
 789:../../../../..//Drivers/STM32G0xx_HAL_Driver/Src/stm32g0xx_hal_flash_ex.c ****   {
 630              		.loc 1 789 34 discriminator 1 view .LVU243
 631 0026 BB21     		movs	r1, #187
 632 0028 CC2A     		cmp	r2, #204
 633 002a 00D1     		bne	.L56
 634 002c 1131     		adds	r1, r1, #17
 635              	.L56:
 636 002e 0A00     		movs	r2, r1
 637              	.LVL51:
 638              	.L54:
 789:../../../../..//Drivers/STM32G0xx_HAL_Driver/Src/stm32g0xx_hal_flash_ex.c ****   {
 639              		.loc 1 789 34 discriminator 1 view .LVU244
 640              	.LBE72:
 641              	.LBE71:
 456:../../../../..//Drivers/STM32G0xx_HAL_Driver/Src/stm32g0xx_hal_flash_ex.c **** 
 642              		.loc 1 456 1 view .LVU245
ARM GAS  /tmp/cck6bGLc.s 			page 37


 643              		@ sp needed
 644              	.LBB73:
 645              	.LBB74:
 983:../../../../..//Drivers/STM32G0xx_HAL_Driver/Src/stm32g0xx_hal_flash_ex.c ****   *PCROP1AStartAddr += ropbase;
 646              		.loc 1 983 30 view .LVU246
 647 0030 FF24     		movs	r4, #255
 984:../../../../..//Drivers/STM32G0xx_HAL_Driver/Src/stm32g0xx_hal_flash_ex.c **** 
 648              		.loc 1 984 21 view .LVU247
 649 0032 8025     		movs	r5, #128
 650              	.LBE74:
 651              	.LBE73:
 429:../../../../..//Drivers/STM32G0xx_HAL_Driver/Src/stm32g0xx_hal_flash_ex.c **** 
 652              		.loc 1 429 21 discriminator 1 view .LVU248
 653 0034 0261     		str	r2, [r0, #16]
 432:../../../../..//Drivers/STM32G0xx_HAL_Driver/Src/stm32g0xx_hal_flash_ex.c ****   pOBInit->USERType = OB_USER_ALL;
 654              		.loc 1 432 3 is_stmt 1 view .LVU249
 655              	.LBB77:
 656              	.LBI77:
 821:../../../../..//Drivers/STM32G0xx_HAL_Driver/Src/stm32g0xx_hal_flash_ex.c **** {
 657              		.loc 1 821 17 view .LVU250
 658              	.LBB78:
 823:../../../../..//Drivers/STM32G0xx_HAL_Driver/Src/stm32g0xx_hal_flash_ex.c ****   return user;
 659              		.loc 1 823 3 view .LVU251
 823:../../../../..//Drivers/STM32G0xx_HAL_Driver/Src/stm32g0xx_hal_flash_ex.c ****   return user;
 660              		.loc 1 823 26 is_stmt 0 view .LVU252
 661 0036 1A6A     		ldr	r2, [r3, #32]
 662              	.LVL52:
 824:../../../../..//Drivers/STM32G0xx_HAL_Driver/Src/stm32g0xx_hal_flash_ex.c **** }
 663              		.loc 1 824 3 is_stmt 1 view .LVU253
 823:../../../../..//Drivers/STM32G0xx_HAL_Driver/Src/stm32g0xx_hal_flash_ex.c ****   return user;
 664              		.loc 1 823 12 is_stmt 0 view .LVU254
 665 0038 1A49     		ldr	r1, .L62+4
 666              	.LBE78:
 667              	.LBE77:
 668              	.LBB80:
 669              	.LBB75:
 983:../../../../..//Drivers/STM32G0xx_HAL_Driver/Src/stm32g0xx_hal_flash_ex.c ****   *PCROP1AStartAddr += ropbase;
 670              		.loc 1 983 30 view .LVU255
 671 003a 6402     		lsls	r4, r4, #9
 672              	.LBE75:
 673              	.LBE80:
 674              	.LBB81:
 675              	.LBB79:
 823:../../../../..//Drivers/STM32G0xx_HAL_Driver/Src/stm32g0xx_hal_flash_ex.c ****   return user;
 676              		.loc 1 823 12 view .LVU256
 677 003c 0A40     		ands	r2, r1
 678              	.LBE79:
 679              	.LBE81:
 432:../../../../..//Drivers/STM32G0xx_HAL_Driver/Src/stm32g0xx_hal_flash_ex.c ****   pOBInit->USERType = OB_USER_ALL;
 680              		.loc 1 432 23 discriminator 1 view .LVU257
 681 003e 8261     		str	r2, [r0, #24]
 433:../../../../..//Drivers/STM32G0xx_HAL_Driver/Src/stm32g0xx_hal_flash_ex.c **** 
 682              		.loc 1 433 3 is_stmt 1 view .LVU258
 433:../../../../..//Drivers/STM32G0xx_HAL_Driver/Src/stm32g0xx_hal_flash_ex.c **** 
 683              		.loc 1 433 21 is_stmt 0 view .LVU259
 684 0040 4161     		str	r1, [r0, #20]
 437:../../../../..//Drivers/STM32G0xx_HAL_Driver/Src/stm32g0xx_hal_flash_ex.c ****   FLASH_OB_GetPCROP1B(&(pOBInit->PCROP1BStartAddr), &(pOBInit->PCROP1BEndAddr));
ARM GAS  /tmp/cck6bGLc.s 			page 38


 685              		.loc 1 437 3 is_stmt 1 view .LVU260
 686              	.LVL53:
 687              	.LBB82:
 688              	.LBI73:
 963:../../../../..//Drivers/STM32G0xx_HAL_Driver/Src/stm32g0xx_hal_flash_ex.c **** {
 689              		.loc 1 963 13 view .LVU261
 690              	.LBB76:
 965:../../../../..//Drivers/STM32G0xx_HAL_Driver/Src/stm32g0xx_hal_flash_ex.c ****   uint32_t ropbase;
 691              		.loc 1 965 3 view .LVU262
 966:../../../../..//Drivers/STM32G0xx_HAL_Driver/Src/stm32g0xx_hal_flash_ex.c **** 
 692              		.loc 1 966 3 view .LVU263
 979:../../../../..//Drivers/STM32G0xx_HAL_Driver/Src/stm32g0xx_hal_flash_ex.c ****   }
 693              		.loc 1 979 5 view .LVU264
 982:../../../../..//Drivers/STM32G0xx_HAL_Driver/Src/stm32g0xx_hal_flash_ex.c ****   *PCROP1AStartAddr = (pcrop << FLASH_PCROP_GRANULARITY_OFFSET);
 694              		.loc 1 982 3 view .LVU265
 982:../../../../..//Drivers/STM32G0xx_HAL_Driver/Src/stm32g0xx_hal_flash_ex.c ****   *PCROP1AStartAddr = (pcrop << FLASH_PCROP_GRANULARITY_OFFSET);
 695              		.loc 1 982 17 is_stmt 0 view .LVU266
 696 0042 5A6A     		ldr	r2, [r3, #36]
 697              	.LVL54:
 983:../../../../..//Drivers/STM32G0xx_HAL_Driver/Src/stm32g0xx_hal_flash_ex.c ****   *PCROP1AStartAddr += ropbase;
 698              		.loc 1 983 3 is_stmt 1 view .LVU267
 984:../../../../..//Drivers/STM32G0xx_HAL_Driver/Src/stm32g0xx_hal_flash_ex.c **** 
 699              		.loc 1 984 3 view .LVU268
 984:../../../../..//Drivers/STM32G0xx_HAL_Driver/Src/stm32g0xx_hal_flash_ex.c **** 
 700              		.loc 1 984 21 is_stmt 0 view .LVU269
 701 0044 2D05     		lsls	r5, r5, #20
 983:../../../../..//Drivers/STM32G0xx_HAL_Driver/Src/stm32g0xx_hal_flash_ex.c ****   *PCROP1AStartAddr += ropbase;
 702              		.loc 1 983 30 view .LVU270
 703 0046 5202     		lsls	r2, r2, #9
 704              	.LVL55:
 983:../../../../..//Drivers/STM32G0xx_HAL_Driver/Src/stm32g0xx_hal_flash_ex.c ****   *PCROP1AStartAddr += ropbase;
 705              		.loc 1 983 30 view .LVU271
 706 0048 2240     		ands	r2, r4
 984:../../../../..//Drivers/STM32G0xx_HAL_Driver/Src/stm32g0xx_hal_flash_ex.c **** 
 707              		.loc 1 984 21 view .LVU272
 708 004a 5219     		adds	r2, r2, r5
 709 004c 0262     		str	r2, [r0, #32]
 986:../../../../..//Drivers/STM32G0xx_HAL_Driver/Src/stm32g0xx_hal_flash_ex.c ****   *PCROP1AEndAddr = ((pcrop & FLASH_PCROP1AER_PCROP1A_END) << FLASH_PCROP_GRANULARITY_OFFSET);
 710              		.loc 1 986 3 is_stmt 1 view .LVU273
 986:../../../../..//Drivers/STM32G0xx_HAL_Driver/Src/stm32g0xx_hal_flash_ex.c ****   *PCROP1AEndAddr = ((pcrop & FLASH_PCROP1AER_PCROP1A_END) << FLASH_PCROP_GRANULARITY_OFFSET);
 711              		.loc 1 986 9 is_stmt 0 view .LVU274
 712 004e 996A     		ldr	r1, [r3, #40]
 713              	.LVL56:
 987:../../../../..//Drivers/STM32G0xx_HAL_Driver/Src/stm32g0xx_hal_flash_ex.c ****   *PCROP1AEndAddr += (ropbase + FLASH_PCROP_GRANULARITY - 1U);
 714              		.loc 1 987 3 is_stmt 1 view .LVU275
 988:../../../../..//Drivers/STM32G0xx_HAL_Driver/Src/stm32g0xx_hal_flash_ex.c **** 
 715              		.loc 1 988 3 view .LVU276
 988:../../../../..//Drivers/STM32G0xx_HAL_Driver/Src/stm32g0xx_hal_flash_ex.c **** 
 716              		.loc 1 988 19 is_stmt 0 view .LVU277
 717 0050 154E     		ldr	r6, .L62+8
 987:../../../../..//Drivers/STM32G0xx_HAL_Driver/Src/stm32g0xx_hal_flash_ex.c ****   *PCROP1AEndAddr += (ropbase + FLASH_PCROP_GRANULARITY - 1U);
 718              		.loc 1 987 60 view .LVU278
 719 0052 4A02     		lsls	r2, r1, #9
 720 0054 2240     		ands	r2, r4
 988:../../../../..//Drivers/STM32G0xx_HAL_Driver/Src/stm32g0xx_hal_flash_ex.c **** 
 721              		.loc 1 988 19 view .LVU279
 722 0056 9219     		adds	r2, r2, r6
ARM GAS  /tmp/cck6bGLc.s 			page 39


 723 0058 4262     		str	r2, [r0, #36]
 990:../../../../..//Drivers/STM32G0xx_HAL_Driver/Src/stm32g0xx_hal_flash_ex.c ****   *PCROPConfig |= (pcrop & FLASH_PCROP1AER_PCROP_RDP);
 724              		.loc 1 990 3 is_stmt 1 view .LVU280
 991:../../../../..//Drivers/STM32G0xx_HAL_Driver/Src/stm32g0xx_hal_flash_ex.c **** }
 725              		.loc 1 991 3 view .LVU281
 990:../../../../..//Drivers/STM32G0xx_HAL_Driver/Src/stm32g0xx_hal_flash_ex.c ****   *PCROPConfig |= (pcrop & FLASH_PCROP1AER_PCROP_RDP);
 726              		.loc 1 990 16 is_stmt 0 view .LVU282
 727 005a C269     		ldr	r2, [r0, #28]
 991:../../../../..//Drivers/STM32G0xx_HAL_Driver/Src/stm32g0xx_hal_flash_ex.c **** }
 728              		.loc 1 991 26 view .LVU283
 729 005c C90F     		lsrs	r1, r1, #31
 730              	.LVL57:
 990:../../../../..//Drivers/STM32G0xx_HAL_Driver/Src/stm32g0xx_hal_flash_ex.c ****   *PCROPConfig |= (pcrop & FLASH_PCROP1AER_PCROP_RDP);
 731              		.loc 1 990 16 view .LVU284
 732 005e 5200     		lsls	r2, r2, #1
 991:../../../../..//Drivers/STM32G0xx_HAL_Driver/Src/stm32g0xx_hal_flash_ex.c **** }
 733              		.loc 1 991 26 view .LVU285
 734 0060 C907     		lsls	r1, r1, #31
 990:../../../../..//Drivers/STM32G0xx_HAL_Driver/Src/stm32g0xx_hal_flash_ex.c ****   *PCROPConfig |= (pcrop & FLASH_PCROP1AER_PCROP_RDP);
 735              		.loc 1 990 16 view .LVU286
 736 0062 5208     		lsrs	r2, r2, #1
 991:../../../../..//Drivers/STM32G0xx_HAL_Driver/Src/stm32g0xx_hal_flash_ex.c **** }
 737              		.loc 1 991 16 view .LVU287
 738 0064 0A43     		orrs	r2, r1
 739 0066 C261     		str	r2, [r0, #28]
 740              	.LVL58:
 991:../../../../..//Drivers/STM32G0xx_HAL_Driver/Src/stm32g0xx_hal_flash_ex.c **** }
 741              		.loc 1 991 16 view .LVU288
 742              	.LBE76:
 743              	.LBE82:
 438:../../../../..//Drivers/STM32G0xx_HAL_Driver/Src/stm32g0xx_hal_flash_ex.c ****   pOBInit->PCROPConfig |= (OB_PCROP_ZONE_A | OB_PCROP_ZONE_B);
 744              		.loc 1 438 3 is_stmt 1 view .LVU289
 745              	.LBB83:
 746              	.LBI83:
1002:../../../../..//Drivers/STM32G0xx_HAL_Driver/Src/stm32g0xx_hal_flash_ex.c **** {
 747              		.loc 1 1002 13 view .LVU290
 748              	.LBB84:
1004:../../../../..//Drivers/STM32G0xx_HAL_Driver/Src/stm32g0xx_hal_flash_ex.c ****   uint32_t ropbase;
 749              		.loc 1 1004 3 view .LVU291
1005:../../../../..//Drivers/STM32G0xx_HAL_Driver/Src/stm32g0xx_hal_flash_ex.c **** 
 750              		.loc 1 1005 3 view .LVU292
1018:../../../../..//Drivers/STM32G0xx_HAL_Driver/Src/stm32g0xx_hal_flash_ex.c ****   }
 751              		.loc 1 1018 5 view .LVU293
1021:../../../../..//Drivers/STM32G0xx_HAL_Driver/Src/stm32g0xx_hal_flash_ex.c ****   *PCROP1BStartAddr = (pcrop << FLASH_PCROP_GRANULARITY_OFFSET);
 752              		.loc 1 1021 3 view .LVU294
1021:../../../../..//Drivers/STM32G0xx_HAL_Driver/Src/stm32g0xx_hal_flash_ex.c ****   *PCROP1BStartAddr = (pcrop << FLASH_PCROP_GRANULARITY_OFFSET);
 753              		.loc 1 1021 17 is_stmt 0 view .LVU295
 754 0068 596B     		ldr	r1, [r3, #52]
 755              	.LVL59:
1022:../../../../..//Drivers/STM32G0xx_HAL_Driver/Src/stm32g0xx_hal_flash_ex.c ****   *PCROP1BStartAddr += ropbase;
 756              		.loc 1 1022 3 is_stmt 1 view .LVU296
1023:../../../../..//Drivers/STM32G0xx_HAL_Driver/Src/stm32g0xx_hal_flash_ex.c **** 
 757              		.loc 1 1023 3 view .LVU297
1022:../../../../..//Drivers/STM32G0xx_HAL_Driver/Src/stm32g0xx_hal_flash_ex.c ****   *PCROP1BStartAddr += ropbase;
 758              		.loc 1 1022 30 is_stmt 0 view .LVU298
 759 006a 4902     		lsls	r1, r1, #9
 760              	.LVL60:
ARM GAS  /tmp/cck6bGLc.s 			page 40


1022:../../../../..//Drivers/STM32G0xx_HAL_Driver/Src/stm32g0xx_hal_flash_ex.c ****   *PCROP1BStartAddr += ropbase;
 761              		.loc 1 1022 30 view .LVU299
 762 006c 2140     		ands	r1, r4
1023:../../../../..//Drivers/STM32G0xx_HAL_Driver/Src/stm32g0xx_hal_flash_ex.c **** 
 763              		.loc 1 1023 21 view .LVU300
 764 006e 4919     		adds	r1, r1, r5
 765 0070 8162     		str	r1, [r0, #40]
1025:../../../../..//Drivers/STM32G0xx_HAL_Driver/Src/stm32g0xx_hal_flash_ex.c ****   *PCROP1BEndAddr = (pcrop << FLASH_PCROP_GRANULARITY_OFFSET);
 766              		.loc 1 1025 3 is_stmt 1 view .LVU301
1025:../../../../..//Drivers/STM32G0xx_HAL_Driver/Src/stm32g0xx_hal_flash_ex.c ****   *PCROP1BEndAddr = (pcrop << FLASH_PCROP_GRANULARITY_OFFSET);
 767              		.loc 1 1025 17 is_stmt 0 view .LVU302
 768 0072 9B6B     		ldr	r3, [r3, #56]
 769              	.LVL61:
1026:../../../../..//Drivers/STM32G0xx_HAL_Driver/Src/stm32g0xx_hal_flash_ex.c ****   *PCROP1BEndAddr += (ropbase + FLASH_PCROP_GRANULARITY - 1U);
 770              		.loc 1 1026 3 is_stmt 1 view .LVU303
1027:../../../../..//Drivers/STM32G0xx_HAL_Driver/Src/stm32g0xx_hal_flash_ex.c **** }
 771              		.loc 1 1027 3 view .LVU304
1026:../../../../..//Drivers/STM32G0xx_HAL_Driver/Src/stm32g0xx_hal_flash_ex.c ****   *PCROP1BEndAddr += (ropbase + FLASH_PCROP_GRANULARITY - 1U);
 772              		.loc 1 1026 28 is_stmt 0 view .LVU305
 773 0074 5B02     		lsls	r3, r3, #9
 774              	.LVL62:
1026:../../../../..//Drivers/STM32G0xx_HAL_Driver/Src/stm32g0xx_hal_flash_ex.c ****   *PCROP1BEndAddr += (ropbase + FLASH_PCROP_GRANULARITY - 1U);
 775              		.loc 1 1026 28 view .LVU306
 776 0076 2340     		ands	r3, r4
1027:../../../../..//Drivers/STM32G0xx_HAL_Driver/Src/stm32g0xx_hal_flash_ex.c **** }
 777              		.loc 1 1027 19 view .LVU307
 778 0078 9B19     		adds	r3, r3, r6
 779 007a C362     		str	r3, [r0, #44]
 780              	.LVL63:
1027:../../../../..//Drivers/STM32G0xx_HAL_Driver/Src/stm32g0xx_hal_flash_ex.c **** }
 781              		.loc 1 1027 19 view .LVU308
 782              	.LBE84:
 783              	.LBE83:
 439:../../../../..//Drivers/STM32G0xx_HAL_Driver/Src/stm32g0xx_hal_flash_ex.c **** #if defined(FLASH_DBANK_SUPPORT)
 784              		.loc 1 439 3 is_stmt 1 view .LVU309
 439:../../../../..//Drivers/STM32G0xx_HAL_Driver/Src/stm32g0xx_hal_flash_ex.c **** #if defined(FLASH_DBANK_SUPPORT)
 785              		.loc 1 439 24 is_stmt 0 view .LVU310
 786 007c 0323     		movs	r3, #3
 787 007e 1343     		orrs	r3, r2
 788              	.LBB85:
 789              	.LBB86:
1271:../../../../..//Drivers/STM32G0xx_HAL_Driver/Src/stm32g0xx_hal_flash_ex.c **** }
1272:../../../../..//Drivers/STM32G0xx_HAL_Driver/Src/stm32g0xx_hal_flash_ex.c **** 
1273:../../../../..//Drivers/STM32G0xx_HAL_Driver/Src/stm32g0xx_hal_flash_ex.c **** /**
1274:../../../../..//Drivers/STM32G0xx_HAL_Driver/Src/stm32g0xx_hal_flash_ex.c ****   * @brief  Return the FLASH Securable memory area protection Option Bytes value.
1275:../../../../..//Drivers/STM32G0xx_HAL_Driver/Src/stm32g0xx_hal_flash_ex.c ****   * @param  BootEntry  specifies boot scheme configuration
1276:../../../../..//Drivers/STM32G0xx_HAL_Driver/Src/stm32g0xx_hal_flash_ex.c ****   * @param  SecSize specifies number of pages to protect as secure memory area, starting from
1277:../../../../..//Drivers/STM32G0xx_HAL_Driver/Src/stm32g0xx_hal_flash_ex.c ****   *         beginning of the Flash (page 0).
1278:../../../../..//Drivers/STM32G0xx_HAL_Driver/Src/stm32g0xx_hal_flash_ex.c ****   * @retval None
1279:../../../../..//Drivers/STM32G0xx_HAL_Driver/Src/stm32g0xx_hal_flash_ex.c ****   */
1280:../../../../..//Drivers/STM32G0xx_HAL_Driver/Src/stm32g0xx_hal_flash_ex.c **** static void FLASH_OB_GetSecMem(uint32_t *BootEntry, uint32_t *SecSize)
1281:../../../../..//Drivers/STM32G0xx_HAL_Driver/Src/stm32g0xx_hal_flash_ex.c **** {
1282:../../../../..//Drivers/STM32G0xx_HAL_Driver/Src/stm32g0xx_hal_flash_ex.c ****   uint32_t secmem = FLASH->SECR;
1283:../../../../..//Drivers/STM32G0xx_HAL_Driver/Src/stm32g0xx_hal_flash_ex.c **** 
1284:../../../../..//Drivers/STM32G0xx_HAL_Driver/Src/stm32g0xx_hal_flash_ex.c ****   *BootEntry = (secmem & FLASH_SECR_BOOT_LOCK);
 790              		.loc 1 1284 24 view .LVU311
 791 0080 8022     		movs	r2, #128
ARM GAS  /tmp/cck6bGLc.s 			page 41


 792              	.LBE86:
 793              	.LBE85:
 439:../../../../..//Drivers/STM32G0xx_HAL_Driver/Src/stm32g0xx_hal_flash_ex.c **** #if defined(FLASH_DBANK_SUPPORT)
 794              		.loc 1 439 24 view .LVU312
 795 0082 C361     		str	r3, [r0, #28]
 453:../../../../..//Drivers/STM32G0xx_HAL_Driver/Src/stm32g0xx_hal_flash_ex.c **** #endif /* FLASH_DBANK_SUPPORT */
 796              		.loc 1 453 3 is_stmt 1 view .LVU313
 797              	.LVL64:
 798              	.LBB88:
 799              	.LBI85:
1280:../../../../..//Drivers/STM32G0xx_HAL_Driver/Src/stm32g0xx_hal_flash_ex.c **** {
 800              		.loc 1 1280 13 view .LVU314
 801              	.LBB87:
1282:../../../../..//Drivers/STM32G0xx_HAL_Driver/Src/stm32g0xx_hal_flash_ex.c **** 
 802              		.loc 1 1282 3 view .LVU315
1282:../../../../..//Drivers/STM32G0xx_HAL_Driver/Src/stm32g0xx_hal_flash_ex.c **** 
 803              		.loc 1 1282 12 is_stmt 0 view .LVU316
 804 0084 094B     		ldr	r3, .L62+12
 805              		.loc 1 1284 24 view .LVU317
 806 0086 5202     		lsls	r2, r2, #9
1282:../../../../..//Drivers/STM32G0xx_HAL_Driver/Src/stm32g0xx_hal_flash_ex.c **** 
 807              		.loc 1 1282 12 view .LVU318
 808 0088 DB6F     		ldr	r3, [r3, #124]
 809              	.LVL65:
 810              		.loc 1 1284 3 is_stmt 1 view .LVU319
 811              		.loc 1 1284 24 is_stmt 0 view .LVU320
 812 008a 1A40     		ands	r2, r3
 813              		.loc 1 1284 14 view .LVU321
 814 008c 0263     		str	r2, [r0, #48]
1285:../../../../..//Drivers/STM32G0xx_HAL_Driver/Src/stm32g0xx_hal_flash_ex.c ****   *SecSize = (secmem & FLASH_SECR_SEC_SIZE);
 815              		.loc 1 1285 3 is_stmt 1 view .LVU322
 816              		.loc 1 1285 22 is_stmt 0 view .LVU323
 817 008e 7F22     		movs	r2, #127
 818 0090 1340     		ands	r3, r2
 819              	.LVL66:
 820              		.loc 1 1285 12 view .LVU324
 821 0092 4363     		str	r3, [r0, #52]
 822              	.LVL67:
 823              		.loc 1 1285 12 view .LVU325
 824              	.LBE87:
 825              	.LBE88:
 456:../../../../..//Drivers/STM32G0xx_HAL_Driver/Src/stm32g0xx_hal_flash_ex.c **** 
 826              		.loc 1 456 1 view .LVU326
 827 0094 70BD     		pop	{r4, r5, r6, pc}
 828              	.LVL68:
 829              	.L52:
 830              	.LBB89:
 831              	.LBB68:
 724:../../../../..//Drivers/STM32G0xx_HAL_Driver/Src/stm32g0xx_hal_flash_ex.c ****     *WRDPEndOffset = (READ_BIT(FLASH->WRP1BR, FLASH_WRP1BR_WRP1B_END) >> FLASH_WRP1BR_WRP1B_END_Pos
 832              		.loc 1 724 5 is_stmt 1 view .LVU327
 724:../../../../..//Drivers/STM32G0xx_HAL_Driver/Src/stm32g0xx_hal_flash_ex.c ****     *WRDPEndOffset = (READ_BIT(FLASH->WRP1BR, FLASH_WRP1BR_WRP1B_END) >> FLASH_WRP1BR_WRP1B_END_Pos
 833              		.loc 1 724 23 is_stmt 0 view .LVU328
 834 0096 196B     		ldr	r1, [r3, #48]
 835              	.LVL69:
 724:../../../../..//Drivers/STM32G0xx_HAL_Driver/Src/stm32g0xx_hal_flash_ex.c ****     *WRDPEndOffset = (READ_BIT(FLASH->WRP1BR, FLASH_WRP1BR_WRP1B_END) >> FLASH_WRP1BR_WRP1B_END_Pos
 836              		.loc 1 724 23 view .LVU329
 837 0098 1140     		ands	r1, r2
ARM GAS  /tmp/cck6bGLc.s 			page 42


 724:../../../../..//Drivers/STM32G0xx_HAL_Driver/Src/stm32g0xx_hal_flash_ex.c ****     *WRDPEndOffset = (READ_BIT(FLASH->WRP1BR, FLASH_WRP1BR_WRP1B_END) >> FLASH_WRP1BR_WRP1B_END_Pos
 838              		.loc 1 724 21 view .LVU330
 839 009a 8160     		str	r1, [r0, #8]
 725:../../../../..//Drivers/STM32G0xx_HAL_Driver/Src/stm32g0xx_hal_flash_ex.c ****   }
 840              		.loc 1 725 5 is_stmt 1 view .LVU331
 725:../../../../..//Drivers/STM32G0xx_HAL_Driver/Src/stm32g0xx_hal_flash_ex.c ****   }
 841              		.loc 1 725 23 is_stmt 0 view .LVU332
 842 009c 196B     		ldr	r1, [r3, #48]
 843 009e BBE7     		b	.L61
 844              	.L63:
 845              		.align	2
 846              	.L62:
 847 00a0 00200240 		.word	1073881088
 848 00a4 00FF4F3F 		.word	1062207232
 849 00a8 FF010008 		.word	134218239
 850 00ac 04200240 		.word	1073881092
 851              	.LBE68:
 852              	.LBE89:
 853              		.cfi_endproc
 854              	.LFE183:
 856              		.section	.text.HAL_FLASHEx_EnableDebugger,"ax",%progbits
 857              		.align	1
 858              		.global	HAL_FLASHEx_EnableDebugger
 859              		.syntax unified
 860              		.code	16
 861              		.thumb_func
 863              	HAL_FLASHEx_EnableDebugger:
 864              	.LFB184:
 465:../../../../..//Drivers/STM32G0xx_HAL_Driver/Src/stm32g0xx_hal_flash_ex.c ****   FLASH->ACR |= FLASH_ACR_DBG_SWEN;
 865              		.loc 1 465 1 is_stmt 1 view -0
 866              		.cfi_startproc
 867              		@ args = 0, pretend = 0, frame = 0
 868              		@ frame_needed = 0, uses_anonymous_args = 0
 869              		@ link register save eliminated.
 466:../../../../..//Drivers/STM32G0xx_HAL_Driver/Src/stm32g0xx_hal_flash_ex.c **** }
 870              		.loc 1 466 3 view .LVU334
 466:../../../../..//Drivers/STM32G0xx_HAL_Driver/Src/stm32g0xx_hal_flash_ex.c **** }
 871              		.loc 1 466 14 is_stmt 0 view .LVU335
 872 0000 8023     		movs	r3, #128
 467:../../../../..//Drivers/STM32G0xx_HAL_Driver/Src/stm32g0xx_hal_flash_ex.c **** 
 873              		.loc 1 467 1 view .LVU336
 874              		@ sp needed
 466:../../../../..//Drivers/STM32G0xx_HAL_Driver/Src/stm32g0xx_hal_flash_ex.c **** }
 875              		.loc 1 466 8 view .LVU337
 876 0002 034A     		ldr	r2, .L65
 466:../../../../..//Drivers/STM32G0xx_HAL_Driver/Src/stm32g0xx_hal_flash_ex.c **** }
 877              		.loc 1 466 14 view .LVU338
 878 0004 DB02     		lsls	r3, r3, #11
 466:../../../../..//Drivers/STM32G0xx_HAL_Driver/Src/stm32g0xx_hal_flash_ex.c **** }
 879              		.loc 1 466 8 view .LVU339
 880 0006 1168     		ldr	r1, [r2]
 466:../../../../..//Drivers/STM32G0xx_HAL_Driver/Src/stm32g0xx_hal_flash_ex.c **** }
 881              		.loc 1 466 14 view .LVU340
 882 0008 0B43     		orrs	r3, r1
 883 000a 1360     		str	r3, [r2]
 467:../../../../..//Drivers/STM32G0xx_HAL_Driver/Src/stm32g0xx_hal_flash_ex.c **** 
 884              		.loc 1 467 1 view .LVU341
ARM GAS  /tmp/cck6bGLc.s 			page 43


 885 000c 7047     		bx	lr
 886              	.L66:
 887 000e C046     		.align	2
 888              	.L65:
 889 0010 00200240 		.word	1073881088
 890              		.cfi_endproc
 891              	.LFE184:
 893              		.section	.text.HAL_FLASHEx_DisableDebugger,"ax",%progbits
 894              		.align	1
 895              		.global	HAL_FLASHEx_DisableDebugger
 896              		.syntax unified
 897              		.code	16
 898              		.thumb_func
 900              	HAL_FLASHEx_DisableDebugger:
 901              	.LFB185:
 477:../../../../..//Drivers/STM32G0xx_HAL_Driver/Src/stm32g0xx_hal_flash_ex.c ****   FLASH->ACR &= ~FLASH_ACR_DBG_SWEN;
 902              		.loc 1 477 1 is_stmt 1 view -0
 903              		.cfi_startproc
 904              		@ args = 0, pretend = 0, frame = 0
 905              		@ frame_needed = 0, uses_anonymous_args = 0
 906              		@ link register save eliminated.
 478:../../../../..//Drivers/STM32G0xx_HAL_Driver/Src/stm32g0xx_hal_flash_ex.c **** }
 907              		.loc 1 478 3 view .LVU343
 478:../../../../..//Drivers/STM32G0xx_HAL_Driver/Src/stm32g0xx_hal_flash_ex.c **** }
 908              		.loc 1 478 8 is_stmt 0 view .LVU344
 909 0000 024A     		ldr	r2, .L68
 478:../../../../..//Drivers/STM32G0xx_HAL_Driver/Src/stm32g0xx_hal_flash_ex.c **** }
 910              		.loc 1 478 14 view .LVU345
 911 0002 0349     		ldr	r1, .L68+4
 478:../../../../..//Drivers/STM32G0xx_HAL_Driver/Src/stm32g0xx_hal_flash_ex.c **** }
 912              		.loc 1 478 8 view .LVU346
 913 0004 1368     		ldr	r3, [r2]
 479:../../../../..//Drivers/STM32G0xx_HAL_Driver/Src/stm32g0xx_hal_flash_ex.c **** #endif /* FLASH_ACR_DBG_SWEN */
 914              		.loc 1 479 1 view .LVU347
 915              		@ sp needed
 478:../../../../..//Drivers/STM32G0xx_HAL_Driver/Src/stm32g0xx_hal_flash_ex.c **** }
 916              		.loc 1 478 14 view .LVU348
 917 0006 0B40     		ands	r3, r1
 918 0008 1360     		str	r3, [r2]
 479:../../../../..//Drivers/STM32G0xx_HAL_Driver/Src/stm32g0xx_hal_flash_ex.c **** #endif /* FLASH_ACR_DBG_SWEN */
 919              		.loc 1 479 1 view .LVU349
 920 000a 7047     		bx	lr
 921              	.L69:
 922              		.align	2
 923              	.L68:
 924 000c 00200240 		.word	1073881088
 925 0010 FFFFFBFF 		.word	-262145
 926              		.cfi_endproc
 927              	.LFE185:
 929              		.section	.text.HAL_FLASHEx_FlashEmptyCheck,"ax",%progbits
 930              		.align	1
 931              		.global	HAL_FLASHEx_FlashEmptyCheck
 932              		.syntax unified
 933              		.code	16
 934              		.thumb_func
 936              	HAL_FLASHEx_FlashEmptyCheck:
 937              	.LFB186:
ARM GAS  /tmp/cck6bGLc.s 			page 44


 489:../../../../..//Drivers/STM32G0xx_HAL_Driver/Src/stm32g0xx_hal_flash_ex.c ****   return ((FLASH->ACR & FLASH_ACR_PROGEMPTY));
 938              		.loc 1 489 1 is_stmt 1 view -0
 939              		.cfi_startproc
 940              		@ args = 0, pretend = 0, frame = 0
 941              		@ frame_needed = 0, uses_anonymous_args = 0
 942              		@ link register save eliminated.
 490:../../../../..//Drivers/STM32G0xx_HAL_Driver/Src/stm32g0xx_hal_flash_ex.c **** }
 943              		.loc 1 490 3 view .LVU351
 490:../../../../..//Drivers/STM32G0xx_HAL_Driver/Src/stm32g0xx_hal_flash_ex.c **** }
 944              		.loc 1 490 17 is_stmt 0 view .LVU352
 945 0000 024B     		ldr	r3, .L71
 491:../../../../..//Drivers/STM32G0xx_HAL_Driver/Src/stm32g0xx_hal_flash_ex.c **** 
 946              		.loc 1 491 1 view .LVU353
 947              		@ sp needed
 490:../../../../..//Drivers/STM32G0xx_HAL_Driver/Src/stm32g0xx_hal_flash_ex.c **** }
 948              		.loc 1 490 17 view .LVU354
 949 0002 1868     		ldr	r0, [r3]
 490:../../../../..//Drivers/STM32G0xx_HAL_Driver/Src/stm32g0xx_hal_flash_ex.c **** }
 950              		.loc 1 490 23 view .LVU355
 951 0004 8023     		movs	r3, #128
 952 0006 5B02     		lsls	r3, r3, #9
 953 0008 1840     		ands	r0, r3
 491:../../../../..//Drivers/STM32G0xx_HAL_Driver/Src/stm32g0xx_hal_flash_ex.c **** 
 954              		.loc 1 491 1 view .LVU356
 955 000a 7047     		bx	lr
 956              	.L72:
 957              		.align	2
 958              	.L71:
 959 000c 00200240 		.word	1073881088
 960              		.cfi_endproc
 961              	.LFE186:
 963              		.section	.text.HAL_FLASHEx_ForceFlashEmpty,"ax",%progbits
 964              		.align	1
 965              		.global	HAL_FLASHEx_ForceFlashEmpty
 966              		.syntax unified
 967              		.code	16
 968              		.thumb_func
 970              	HAL_FLASHEx_ForceFlashEmpty:
 971              	.LVL70:
 972              	.LFB187:
 503:../../../../..//Drivers/STM32G0xx_HAL_Driver/Src/stm32g0xx_hal_flash_ex.c ****   uint32_t acr;
 973              		.loc 1 503 1 is_stmt 1 view -0
 974              		.cfi_startproc
 975              		@ args = 0, pretend = 0, frame = 0
 976              		@ frame_needed = 0, uses_anonymous_args = 0
 977              		@ link register save eliminated.
 504:../../../../..//Drivers/STM32G0xx_HAL_Driver/Src/stm32g0xx_hal_flash_ex.c ****   assert_param(IS_FLASH_EMPTY_CHECK(FlashEmpty));
 978              		.loc 1 504 3 view .LVU358
 505:../../../../..//Drivers/STM32G0xx_HAL_Driver/Src/stm32g0xx_hal_flash_ex.c **** 
 979              		.loc 1 505 3 view .LVU359
 507:../../../../..//Drivers/STM32G0xx_HAL_Driver/Src/stm32g0xx_hal_flash_ex.c ****   FLASH->ACR = (acr | FlashEmpty);
 980              		.loc 1 507 3 view .LVU360
 507:../../../../..//Drivers/STM32G0xx_HAL_Driver/Src/stm32g0xx_hal_flash_ex.c ****   FLASH->ACR = (acr | FlashEmpty);
 981              		.loc 1 507 15 is_stmt 0 view .LVU361
 982 0000 034A     		ldr	r2, .L74
 507:../../../../..//Drivers/STM32G0xx_HAL_Driver/Src/stm32g0xx_hal_flash_ex.c ****   FLASH->ACR = (acr | FlashEmpty);
 983              		.loc 1 507 7 view .LVU362
ARM GAS  /tmp/cck6bGLc.s 			page 45


 984 0002 0449     		ldr	r1, .L74+4
 507:../../../../..//Drivers/STM32G0xx_HAL_Driver/Src/stm32g0xx_hal_flash_ex.c ****   FLASH->ACR = (acr | FlashEmpty);
 985              		.loc 1 507 15 view .LVU363
 986 0004 1368     		ldr	r3, [r2]
 987              	.LVL71:
 508:../../../../..//Drivers/STM32G0xx_HAL_Driver/Src/stm32g0xx_hal_flash_ex.c **** }
 988              		.loc 1 508 3 is_stmt 1 view .LVU364
 509:../../../../..//Drivers/STM32G0xx_HAL_Driver/Src/stm32g0xx_hal_flash_ex.c **** 
 989              		.loc 1 509 1 is_stmt 0 view .LVU365
 990              		@ sp needed
 507:../../../../..//Drivers/STM32G0xx_HAL_Driver/Src/stm32g0xx_hal_flash_ex.c ****   FLASH->ACR = (acr | FlashEmpty);
 991              		.loc 1 507 7 view .LVU366
 992 0006 0B40     		ands	r3, r1
 993              	.LVL72:
 508:../../../../..//Drivers/STM32G0xx_HAL_Driver/Src/stm32g0xx_hal_flash_ex.c **** }
 994              		.loc 1 508 21 view .LVU367
 995 0008 0343     		orrs	r3, r0
 996              	.LVL73:
 508:../../../../..//Drivers/STM32G0xx_HAL_Driver/Src/stm32g0xx_hal_flash_ex.c **** }
 997              		.loc 1 508 14 view .LVU368
 998 000a 1360     		str	r3, [r2]
 509:../../../../..//Drivers/STM32G0xx_HAL_Driver/Src/stm32g0xx_hal_flash_ex.c **** 
 999              		.loc 1 509 1 view .LVU369
 1000 000c 7047     		bx	lr
 1001              	.L75:
 1002 000e C046     		.align	2
 1003              	.L74:
 1004 0010 00200240 		.word	1073881088
 1005 0014 FFFFFEFF 		.word	-65537
 1006              		.cfi_endproc
 1007              	.LFE187:
 1009              		.section	.text.HAL_FLASHEx_EnableSecMemProtection,"ax",%progbits
 1010              		.align	1
 1011              		.global	HAL_FLASHEx_EnableSecMemProtection
 1012              		.syntax unified
 1013              		.code	16
 1014              		.thumb_func
 1016              	HAL_FLASHEx_EnableSecMemProtection:
 1017              	.LVL74:
 1018              	.LFB188:
 525:../../../../..//Drivers/STM32G0xx_HAL_Driver/Src/stm32g0xx_hal_flash_ex.c **** #if defined(FLASH_DBANK_SUPPORT)
 1019              		.loc 1 525 1 is_stmt 1 view -0
 1020              		.cfi_startproc
 1021              		@ args = 0, pretend = 0, frame = 0
 1022              		@ frame_needed = 0, uses_anonymous_args = 0
 1023              		@ link register save eliminated.
 539:../../../../..//Drivers/STM32G0xx_HAL_Driver/Src/stm32g0xx_hal_flash_ex.c **** #endif /* FLASH_DBANK_SUPPORT */
 1024              		.loc 1 539 3 view .LVU371
 542:../../../../..//Drivers/STM32G0xx_HAL_Driver/Src/stm32g0xx_hal_flash_ex.c ****   }
 1025              		.loc 1 542 5 view .LVU372
 542:../../../../..//Drivers/STM32G0xx_HAL_Driver/Src/stm32g0xx_hal_flash_ex.c ****   }
 1026              		.loc 1 542 15 is_stmt 0 view .LVU373
 1027 0000 8023     		movs	r3, #128
 544:../../../../..//Drivers/STM32G0xx_HAL_Driver/Src/stm32g0xx_hal_flash_ex.c **** #endif /* FLASH_SECURABLE_MEMORY_SUPPORT */
 1028              		.loc 1 544 1 view .LVU374
 1029              		@ sp needed
 542:../../../../..//Drivers/STM32G0xx_HAL_Driver/Src/stm32g0xx_hal_flash_ex.c ****   }
ARM GAS  /tmp/cck6bGLc.s 			page 46


 1030              		.loc 1 542 10 view .LVU375
 1031 0002 034A     		ldr	r2, .L77
 542:../../../../..//Drivers/STM32G0xx_HAL_Driver/Src/stm32g0xx_hal_flash_ex.c ****   }
 1032              		.loc 1 542 15 view .LVU376
 1033 0004 5B05     		lsls	r3, r3, #21
 542:../../../../..//Drivers/STM32G0xx_HAL_Driver/Src/stm32g0xx_hal_flash_ex.c ****   }
 1034              		.loc 1 542 10 view .LVU377
 1035 0006 5169     		ldr	r1, [r2, #20]
 542:../../../../..//Drivers/STM32G0xx_HAL_Driver/Src/stm32g0xx_hal_flash_ex.c ****   }
 1036              		.loc 1 542 15 view .LVU378
 1037 0008 0B43     		orrs	r3, r1
 1038 000a 5361     		str	r3, [r2, #20]
 544:../../../../..//Drivers/STM32G0xx_HAL_Driver/Src/stm32g0xx_hal_flash_ex.c **** #endif /* FLASH_SECURABLE_MEMORY_SUPPORT */
 1039              		.loc 1 544 1 view .LVU379
 1040 000c 7047     		bx	lr
 1041              	.L78:
 1042 000e C046     		.align	2
 1043              	.L77:
 1044 0010 00200240 		.word	1073881088
 1045              		.cfi_endproc
 1046              	.LFE188:
 1048              		.section	.text.FLASH_PageErase,"ax",%progbits
 1049              		.align	1
 1050              		.global	FLASH_PageErase
 1051              		.syntax unified
 1052              		.code	16
 1053              		.thumb_func
 1055              	FLASH_PageErase:
 1056              	.LVL75:
 1057              	.LFB190:
 589:../../../../..//Drivers/STM32G0xx_HAL_Driver/Src/stm32g0xx_hal_flash_ex.c ****   uint32_t tmp;
 1058              		.loc 1 589 1 is_stmt 1 view -0
 1059              		.cfi_startproc
 1060              		@ args = 0, pretend = 0, frame = 0
 1061              		@ frame_needed = 0, uses_anonymous_args = 0
 1062              		@ link register save eliminated.
 590:../../../../..//Drivers/STM32G0xx_HAL_Driver/Src/stm32g0xx_hal_flash_ex.c **** 
 1063              		.loc 1 590 3 view .LVU381
 593:../../../../..//Drivers/STM32G0xx_HAL_Driver/Src/stm32g0xx_hal_flash_ex.c ****   assert_param(IS_FLASH_PAGE(Page));
 1064              		.loc 1 593 3 view .LVU382
 594:../../../../..//Drivers/STM32G0xx_HAL_Driver/Src/stm32g0xx_hal_flash_ex.c **** 
 1065              		.loc 1 594 3 view .LVU383
 597:../../../../..//Drivers/STM32G0xx_HAL_Driver/Src/stm32g0xx_hal_flash_ex.c **** 
 1066              		.loc 1 597 3 view .LVU384
 597:../../../../..//Drivers/STM32G0xx_HAL_Driver/Src/stm32g0xx_hal_flash_ex.c **** 
 1067              		.loc 1 597 15 is_stmt 0 view .LVU385
 1068 0000 044A     		ldr	r2, .L80
 597:../../../../..//Drivers/STM32G0xx_HAL_Driver/Src/stm32g0xx_hal_flash_ex.c **** 
 1069              		.loc 1 597 7 view .LVU386
 1070 0002 0548     		ldr	r0, .L80+4
 1071              	.LVL76:
 597:../../../../..//Drivers/STM32G0xx_HAL_Driver/Src/stm32g0xx_hal_flash_ex.c **** 
 1072              		.loc 1 597 15 view .LVU387
 1073 0004 5369     		ldr	r3, [r2, #20]
 1074              	.LVL77:
 612:../../../../..//Drivers/STM32G0xx_HAL_Driver/Src/stm32g0xx_hal_flash_ex.c **** }
 1075              		.loc 1 612 3 is_stmt 1 view .LVU388
ARM GAS  /tmp/cck6bGLc.s 			page 47


 612:../../../../..//Drivers/STM32G0xx_HAL_Driver/Src/stm32g0xx_hal_flash_ex.c **** }
 1076              		.loc 1 612 45 is_stmt 0 view .LVU389
 1077 0006 C900     		lsls	r1, r1, #3
 1078              	.LVL78:
 597:../../../../..//Drivers/STM32G0xx_HAL_Driver/Src/stm32g0xx_hal_flash_ex.c **** 
 1079              		.loc 1 597 7 view .LVU390
 1080 0008 0340     		ands	r3, r0
 1081              	.LVL79:
 612:../../../../..//Drivers/STM32G0xx_HAL_Driver/Src/stm32g0xx_hal_flash_ex.c **** }
 1082              		.loc 1 612 20 view .LVU391
 1083 000a 1943     		orrs	r1, r3
 1084 000c 034B     		ldr	r3, .L80+8
 1085              	.LVL80:
 613:../../../../..//Drivers/STM32G0xx_HAL_Driver/Src/stm32g0xx_hal_flash_ex.c **** 
 1086              		.loc 1 613 1 view .LVU392
 1087              		@ sp needed
 612:../../../../..//Drivers/STM32G0xx_HAL_Driver/Src/stm32g0xx_hal_flash_ex.c **** }
 1088              		.loc 1 612 20 view .LVU393
 1089 000e 0B43     		orrs	r3, r1
 612:../../../../..//Drivers/STM32G0xx_HAL_Driver/Src/stm32g0xx_hal_flash_ex.c **** }
 1090              		.loc 1 612 13 view .LVU394
 1091 0010 5361     		str	r3, [r2, #20]
 613:../../../../..//Drivers/STM32G0xx_HAL_Driver/Src/stm32g0xx_hal_flash_ex.c **** 
 1092              		.loc 1 613 1 view .LVU395
 1093 0012 7047     		bx	lr
 1094              	.L81:
 1095              		.align	2
 1096              	.L80:
 1097 0014 00200240 		.word	1073881088
 1098 0018 07E0FFFF 		.word	-8185
 1099 001c 02000100 		.word	65538
 1100              		.cfi_endproc
 1101              	.LFE190:
 1103              		.section	.text.HAL_FLASHEx_Erase,"ax",%progbits
 1104              		.align	1
 1105              		.global	HAL_FLASHEx_Erase
 1106              		.syntax unified
 1107              		.code	16
 1108              		.thumb_func
 1110              	HAL_FLASHEx_Erase:
 1111              	.LVL81:
 1112              	.LFB180:
 155:../../../../..//Drivers/STM32G0xx_HAL_Driver/Src/stm32g0xx_hal_flash_ex.c ****   HAL_StatusTypeDef status;
 1113              		.loc 1 155 1 is_stmt 1 view -0
 1114              		.cfi_startproc
 1115              		@ args = 0, pretend = 0, frame = 8
 1116              		@ frame_needed = 0, uses_anonymous_args = 0
 156:../../../../..//Drivers/STM32G0xx_HAL_Driver/Src/stm32g0xx_hal_flash_ex.c ****   uint32_t index;
 1117              		.loc 1 156 3 view .LVU397
 157:../../../../..//Drivers/STM32G0xx_HAL_Driver/Src/stm32g0xx_hal_flash_ex.c **** 
 1118              		.loc 1 157 3 view .LVU398
 160:../../../../..//Drivers/STM32G0xx_HAL_Driver/Src/stm32g0xx_hal_flash_ex.c **** 
 1119              		.loc 1 160 3 view .LVU399
 163:../../../../..//Drivers/STM32G0xx_HAL_Driver/Src/stm32g0xx_hal_flash_ex.c **** 
 1120              		.loc 1 163 3 view .LVU400
 163:../../../../..//Drivers/STM32G0xx_HAL_Driver/Src/stm32g0xx_hal_flash_ex.c **** 
 1121              		.loc 1 163 3 view .LVU401
ARM GAS  /tmp/cck6bGLc.s 			page 48


 155:../../../../..//Drivers/STM32G0xx_HAL_Driver/Src/stm32g0xx_hal_flash_ex.c ****   HAL_StatusTypeDef status;
 1122              		.loc 1 155 1 is_stmt 0 view .LVU402
 1123 0000 F7B5     		push	{r0, r1, r2, r4, r5, r6, r7, lr}
 1124              	.LCFI2:
 1125              		.cfi_def_cfa_offset 32
 1126              		.cfi_offset 0, -32
 1127              		.cfi_offset 1, -28
 1128              		.cfi_offset 2, -24
 1129              		.cfi_offset 4, -20
 1130              		.cfi_offset 5, -16
 1131              		.cfi_offset 6, -12
 1132              		.cfi_offset 7, -8
 1133              		.cfi_offset 14, -4
 163:../../../../..//Drivers/STM32G0xx_HAL_Driver/Src/stm32g0xx_hal_flash_ex.c **** 
 1134              		.loc 1 163 3 view .LVU403
 1135 0002 214F     		ldr	r7, .L91
 155:../../../../..//Drivers/STM32G0xx_HAL_Driver/Src/stm32g0xx_hal_flash_ex.c ****   HAL_StatusTypeDef status;
 1136              		.loc 1 155 1 view .LVU404
 1137 0004 0500     		movs	r5, r0
 163:../../../../..//Drivers/STM32G0xx_HAL_Driver/Src/stm32g0xx_hal_flash_ex.c **** 
 1138              		.loc 1 163 3 view .LVU405
 1139 0006 3B78     		ldrb	r3, [r7]
 163:../../../../..//Drivers/STM32G0xx_HAL_Driver/Src/stm32g0xx_hal_flash_ex.c **** 
 1140              		.loc 1 163 3 discriminator 1 view .LVU406
 1141 0008 0224     		movs	r4, #2
 155:../../../../..//Drivers/STM32G0xx_HAL_Driver/Src/stm32g0xx_hal_flash_ex.c ****   HAL_StatusTypeDef status;
 1142              		.loc 1 155 1 view .LVU407
 1143 000a 0191     		str	r1, [sp, #4]
 163:../../../../..//Drivers/STM32G0xx_HAL_Driver/Src/stm32g0xx_hal_flash_ex.c **** 
 1144              		.loc 1 163 3 view .LVU408
 1145 000c 012B     		cmp	r3, #1
 1146 000e 1AD0     		beq	.L83
 163:../../../../..//Drivers/STM32G0xx_HAL_Driver/Src/stm32g0xx_hal_flash_ex.c **** 
 1147              		.loc 1 163 3 is_stmt 1 discriminator 2 view .LVU409
 1148 0010 0123     		movs	r3, #1
 169:../../../../..//Drivers/STM32G0xx_HAL_Driver/Src/stm32g0xx_hal_flash_ex.c **** 
 1149              		.loc 1 169 12 is_stmt 0 view .LVU410
 1150 0012 FA20     		movs	r0, #250
 1151              	.LVL82:
 163:../../../../..//Drivers/STM32G0xx_HAL_Driver/Src/stm32g0xx_hal_flash_ex.c **** 
 1152              		.loc 1 163 3 discriminator 2 view .LVU411
 1153 0014 3B70     		strb	r3, [r7]
 163:../../../../..//Drivers/STM32G0xx_HAL_Driver/Src/stm32g0xx_hal_flash_ex.c **** 
 1154              		.loc 1 163 3 is_stmt 1 discriminator 2 view .LVU412
 166:../../../../..//Drivers/STM32G0xx_HAL_Driver/Src/stm32g0xx_hal_flash_ex.c **** 
 1155              		.loc 1 166 3 view .LVU413
 166:../../../../..//Drivers/STM32G0xx_HAL_Driver/Src/stm32g0xx_hal_flash_ex.c **** 
 1156              		.loc 1 166 20 is_stmt 0 view .LVU414
 1157 0016 0023     		movs	r3, #0
 169:../../../../..//Drivers/STM32G0xx_HAL_Driver/Src/stm32g0xx_hal_flash_ex.c **** 
 1158              		.loc 1 169 12 view .LVU415
 1159 0018 8000     		lsls	r0, r0, #2
 166:../../../../..//Drivers/STM32G0xx_HAL_Driver/Src/stm32g0xx_hal_flash_ex.c **** 
 1160              		.loc 1 166 20 view .LVU416
 1161 001a 7B60     		str	r3, [r7, #4]
 169:../../../../..//Drivers/STM32G0xx_HAL_Driver/Src/stm32g0xx_hal_flash_ex.c **** 
 1162              		.loc 1 169 3 is_stmt 1 view .LVU417
ARM GAS  /tmp/cck6bGLc.s 			page 49


 169:../../../../..//Drivers/STM32G0xx_HAL_Driver/Src/stm32g0xx_hal_flash_ex.c **** 
 1163              		.loc 1 169 12 is_stmt 0 view .LVU418
 1164 001c FFF7FEFF 		bl	FLASH_WaitForLastOperation
 1165              	.LVL83:
 169:../../../../..//Drivers/STM32G0xx_HAL_Driver/Src/stm32g0xx_hal_flash_ex.c **** 
 1166              		.loc 1 169 12 view .LVU419
 1167 0020 041E     		subs	r4, r0, #0
 1168              	.LVL84:
 171:../../../../..//Drivers/STM32G0xx_HAL_Driver/Src/stm32g0xx_hal_flash_ex.c ****   {
 1169              		.loc 1 171 3 is_stmt 1 view .LVU420
 171:../../../../..//Drivers/STM32G0xx_HAL_Driver/Src/stm32g0xx_hal_flash_ex.c ****   {
 1170              		.loc 1 171 6 is_stmt 0 view .LVU421
 1171 0022 0ED1     		bne	.L84
 175:../../../../..//Drivers/STM32G0xx_HAL_Driver/Src/stm32g0xx_hal_flash_ex.c **** #endif /* FLASH_DBANK_SUPPORT */
 1172              		.loc 1 175 5 is_stmt 1 view .LVU422
 175:../../../../..//Drivers/STM32G0xx_HAL_Driver/Src/stm32g0xx_hal_flash_ex.c **** #endif /* FLASH_DBANK_SUPPORT */
 1173              		.loc 1 175 23 is_stmt 0 view .LVU423
 1174 0024 0423     		movs	r3, #4
 1175 0026 6B60     		str	r3, [r5, #4]
 178:../../../../..//Drivers/STM32G0xx_HAL_Driver/Src/stm32g0xx_hal_flash_ex.c ****     {
 1176              		.loc 1 178 5 is_stmt 1 view .LVU424
 178:../../../../..//Drivers/STM32G0xx_HAL_Driver/Src/stm32g0xx_hal_flash_ex.c ****     {
 1177              		.loc 1 178 8 is_stmt 0 view .LVU425
 1178 0028 2B68     		ldr	r3, [r5]
 1179 002a 042B     		cmp	r3, #4
 1180 002c 0DD1     		bne	.L85
 181:../../../../..//Drivers/STM32G0xx_HAL_Driver/Src/stm32g0xx_hal_flash_ex.c **** 
 1181              		.loc 1 181 7 is_stmt 1 view .LVU426
 1182              	.LBB92:
 1183              	.LBI92:
 568:../../../../..//Drivers/STM32G0xx_HAL_Driver/Src/stm32g0xx_hal_flash_ex.c **** {
 1184              		.loc 1 568 13 view .LVU427
 1185              	.LVL85:
 1186              	.LBB93:
 571:../../../../..//Drivers/STM32G0xx_HAL_Driver/Src/stm32g0xx_hal_flash_ex.c **** 
 1187              		.loc 1 571 3 view .LVU428
 574:../../../../..//Drivers/STM32G0xx_HAL_Driver/Src/stm32g0xx_hal_flash_ex.c **** }
 1188              		.loc 1 574 3 view .LVU429
 1189              	.LBE93:
 1190              	.LBE92:
 184:../../../../..//Drivers/STM32G0xx_HAL_Driver/Src/stm32g0xx_hal_flash_ex.c ****     }
 1191              		.loc 1 184 16 is_stmt 0 view .LVU430
 1192 002e FA20     		movs	r0, #250
 1193              	.LVL86:
 1194              	.LBB96:
 1195              	.LBB94:
 574:../../../../..//Drivers/STM32G0xx_HAL_Driver/Src/stm32g0xx_hal_flash_ex.c **** }
 1196              		.loc 1 574 8 view .LVU431
 1197 0030 164A     		ldr	r2, .L91+4
 574:../../../../..//Drivers/STM32G0xx_HAL_Driver/Src/stm32g0xx_hal_flash_ex.c **** }
 1198              		.loc 1 574 13 view .LVU432
 1199 0032 174B     		ldr	r3, .L91+8
 574:../../../../..//Drivers/STM32G0xx_HAL_Driver/Src/stm32g0xx_hal_flash_ex.c **** }
 1200              		.loc 1 574 8 view .LVU433
 1201 0034 5169     		ldr	r1, [r2, #20]
 1202              	.LBE94:
 1203              	.LBE96:
ARM GAS  /tmp/cck6bGLc.s 			page 50


 184:../../../../..//Drivers/STM32G0xx_HAL_Driver/Src/stm32g0xx_hal_flash_ex.c ****     }
 1204              		.loc 1 184 16 view .LVU434
 1205 0036 8000     		lsls	r0, r0, #2
 1206              	.LBB97:
 1207              	.LBB95:
 574:../../../../..//Drivers/STM32G0xx_HAL_Driver/Src/stm32g0xx_hal_flash_ex.c **** }
 1208              		.loc 1 574 13 view .LVU435
 1209 0038 0B43     		orrs	r3, r1
 1210 003a 5361     		str	r3, [r2, #20]
 1211              	.LVL87:
 574:../../../../..//Drivers/STM32G0xx_HAL_Driver/Src/stm32g0xx_hal_flash_ex.c **** }
 1212              		.loc 1 574 13 view .LVU436
 1213              	.LBE95:
 1214              	.LBE97:
 184:../../../../..//Drivers/STM32G0xx_HAL_Driver/Src/stm32g0xx_hal_flash_ex.c ****     }
 1215              		.loc 1 184 7 is_stmt 1 view .LVU437
 184:../../../../..//Drivers/STM32G0xx_HAL_Driver/Src/stm32g0xx_hal_flash_ex.c ****     }
 1216              		.loc 1 184 16 is_stmt 0 view .LVU438
 1217 003c FFF7FEFF 		bl	FLASH_WaitForLastOperation
 1218              	.LVL88:
 1219 0040 0400     		movs	r4, r0
 1220              	.LVL89:
 1221              	.L84:
 213:../../../../..//Drivers/STM32G0xx_HAL_Driver/Src/stm32g0xx_hal_flash_ex.c **** 
 1222              		.loc 1 213 3 is_stmt 1 view .LVU439
 213:../../../../..//Drivers/STM32G0xx_HAL_Driver/Src/stm32g0xx_hal_flash_ex.c **** 
 1223              		.loc 1 213 3 view .LVU440
 1224 0042 0023     		movs	r3, #0
 1225 0044 3B70     		strb	r3, [r7]
 213:../../../../..//Drivers/STM32G0xx_HAL_Driver/Src/stm32g0xx_hal_flash_ex.c **** 
 1226              		.loc 1 213 3 view .LVU441
 216:../../../../..//Drivers/STM32G0xx_HAL_Driver/Src/stm32g0xx_hal_flash_ex.c **** }
 1227              		.loc 1 216 3 view .LVU442
 1228              	.LVL90:
 1229              	.L83:
 217:../../../../..//Drivers/STM32G0xx_HAL_Driver/Src/stm32g0xx_hal_flash_ex.c **** 
 1230              		.loc 1 217 1 is_stmt 0 view .LVU443
 1231 0046 2000     		movs	r0, r4
 1232              		@ sp needed
 1233              	.LVL91:
 217:../../../../..//Drivers/STM32G0xx_HAL_Driver/Src/stm32g0xx_hal_flash_ex.c **** 
 1234              		.loc 1 217 1 view .LVU444
 1235 0048 FEBD     		pop	{r1, r2, r3, r4, r5, r6, r7, pc}
 1236              	.LVL92:
 1237              	.L85:
 189:../../../../..//Drivers/STM32G0xx_HAL_Driver/Src/stm32g0xx_hal_flash_ex.c **** 
 1238              		.loc 1 189 7 is_stmt 1 view .LVU445
 189:../../../../..//Drivers/STM32G0xx_HAL_Driver/Src/stm32g0xx_hal_flash_ex.c **** 
 1239              		.loc 1 189 18 is_stmt 0 view .LVU446
 1240 004a 0123     		movs	r3, #1
 1241 004c 019A     		ldr	r2, [sp, #4]
 1242 004e 5B42     		rsbs	r3, r3, #0
 1243 0050 1360     		str	r3, [r2]
 191:../../../../..//Drivers/STM32G0xx_HAL_Driver/Src/stm32g0xx_hal_flash_ex.c ****       {
 1244              		.loc 1 191 7 is_stmt 1 view .LVU447
 191:../../../../..//Drivers/STM32G0xx_HAL_Driver/Src/stm32g0xx_hal_flash_ex.c ****       {
 1245              		.loc 1 191 18 is_stmt 0 view .LVU448
ARM GAS  /tmp/cck6bGLc.s 			page 51


 1246 0052 AE68     		ldr	r6, [r5, #8]
 1247              	.LVL93:
 1248              	.L86:
 191:../../../../..//Drivers/STM32G0xx_HAL_Driver/Src/stm32g0xx_hal_flash_ex.c ****       {
 1249              		.loc 1 191 44 is_stmt 1 discriminator 1 view .LVU449
 191:../../../../..//Drivers/STM32G0xx_HAL_Driver/Src/stm32g0xx_hal_flash_ex.c ****       {
 1250              		.loc 1 191 64 is_stmt 0 discriminator 1 view .LVU450
 1251 0054 AB68     		ldr	r3, [r5, #8]
 1252 0056 EA68     		ldr	r2, [r5, #12]
 1253 0058 9B18     		adds	r3, r3, r2
 191:../../../../..//Drivers/STM32G0xx_HAL_Driver/Src/stm32g0xx_hal_flash_ex.c ****       {
 1254              		.loc 1 191 44 discriminator 1 view .LVU451
 1255 005a B342     		cmp	r3, r6
 1256 005c 0CD9     		bls	.L88
 194:../../../../..//Drivers/STM32G0xx_HAL_Driver/Src/stm32g0xx_hal_flash_ex.c **** 
 1257              		.loc 1 194 9 is_stmt 1 view .LVU452
 1258 005e 6868     		ldr	r0, [r5, #4]
 1259 0060 3100     		movs	r1, r6
 1260 0062 FFF7FEFF 		bl	FLASH_PageErase
 1261              	.LVL94:
 197:../../../../..//Drivers/STM32G0xx_HAL_Driver/Src/stm32g0xx_hal_flash_ex.c **** 
 1262              		.loc 1 197 9 view .LVU453
 197:../../../../..//Drivers/STM32G0xx_HAL_Driver/Src/stm32g0xx_hal_flash_ex.c **** 
 1263              		.loc 1 197 18 is_stmt 0 view .LVU454
 1264 0066 FA20     		movs	r0, #250
 1265 0068 8000     		lsls	r0, r0, #2
 1266 006a FFF7FEFF 		bl	FLASH_WaitForLastOperation
 1267              	.LVL95:
 199:../../../../..//Drivers/STM32G0xx_HAL_Driver/Src/stm32g0xx_hal_flash_ex.c ****         {
 1268              		.loc 1 199 9 is_stmt 1 view .LVU455
 199:../../../../..//Drivers/STM32G0xx_HAL_Driver/Src/stm32g0xx_hal_flash_ex.c ****         {
 1269              		.loc 1 199 12 is_stmt 0 view .LVU456
 1270 006e 0028     		cmp	r0, #0
 1271 0070 08D0     		beq	.L87
 202:../../../../..//Drivers/STM32G0xx_HAL_Driver/Src/stm32g0xx_hal_flash_ex.c ****           break;
 1272              		.loc 1 202 11 is_stmt 1 view .LVU457
 197:../../../../..//Drivers/STM32G0xx_HAL_Driver/Src/stm32g0xx_hal_flash_ex.c **** 
 1273              		.loc 1 197 18 is_stmt 0 view .LVU458
 1274 0072 0400     		movs	r4, r0
 202:../../../../..//Drivers/STM32G0xx_HAL_Driver/Src/stm32g0xx_hal_flash_ex.c ****           break;
 1275              		.loc 1 202 22 view .LVU459
 1276 0074 019B     		ldr	r3, [sp, #4]
 1277 0076 1E60     		str	r6, [r3]
 203:../../../../..//Drivers/STM32G0xx_HAL_Driver/Src/stm32g0xx_hal_flash_ex.c ****         }
 1278              		.loc 1 203 11 is_stmt 1 view .LVU460
 1279              	.LVL96:
 1280              	.L88:
 208:../../../../..//Drivers/STM32G0xx_HAL_Driver/Src/stm32g0xx_hal_flash_ex.c ****     }
 1281              		.loc 1 208 7 view .LVU461
 1282 0078 0221     		movs	r1, #2
 1283 007a 044A     		ldr	r2, .L91+4
 1284 007c 5369     		ldr	r3, [r2, #20]
 1285 007e 8B43     		bics	r3, r1
 1286 0080 5361     		str	r3, [r2, #20]
 1287 0082 DEE7     		b	.L84
 1288              	.LVL97:
 1289              	.L87:
ARM GAS  /tmp/cck6bGLc.s 			page 52


 191:../../../../..//Drivers/STM32G0xx_HAL_Driver/Src/stm32g0xx_hal_flash_ex.c ****       {
 1290              		.loc 1 191 93 discriminator 2 view .LVU462
 1291 0084 0136     		adds	r6, r6, #1
 1292              	.LVL98:
 191:../../../../..//Drivers/STM32G0xx_HAL_Driver/Src/stm32g0xx_hal_flash_ex.c ****       {
 1293              		.loc 1 191 93 is_stmt 0 discriminator 2 view .LVU463
 1294 0086 E5E7     		b	.L86
 1295              	.L92:
 1296              		.align	2
 1297              	.L91:
 1298 0088 00000000 		.word	pFlash
 1299 008c 00200240 		.word	1073881088
 1300 0090 04000100 		.word	65540
 1301              		.cfi_endproc
 1302              	.LFE180:
 1304              		.section	.text.HAL_FLASHEx_Erase_IT,"ax",%progbits
 1305              		.align	1
 1306              		.global	HAL_FLASHEx_Erase_IT
 1307              		.syntax unified
 1308              		.code	16
 1309              		.thumb_func
 1311              	HAL_FLASHEx_Erase_IT:
 1312              	.LVL99:
 1313              	.LFB181:
 227:../../../../..//Drivers/STM32G0xx_HAL_Driver/Src/stm32g0xx_hal_flash_ex.c ****   HAL_StatusTypeDef status;
 1314              		.loc 1 227 1 is_stmt 1 view -0
 1315              		.cfi_startproc
 1316              		@ args = 0, pretend = 0, frame = 0
 1317              		@ frame_needed = 0, uses_anonymous_args = 0
 228:../../../../..//Drivers/STM32G0xx_HAL_Driver/Src/stm32g0xx_hal_flash_ex.c **** 
 1318              		.loc 1 228 3 view .LVU465
 231:../../../../..//Drivers/STM32G0xx_HAL_Driver/Src/stm32g0xx_hal_flash_ex.c **** 
 1319              		.loc 1 231 3 view .LVU466
 234:../../../../..//Drivers/STM32G0xx_HAL_Driver/Src/stm32g0xx_hal_flash_ex.c **** 
 1320              		.loc 1 234 3 view .LVU467
 234:../../../../..//Drivers/STM32G0xx_HAL_Driver/Src/stm32g0xx_hal_flash_ex.c **** 
 1321              		.loc 1 234 3 view .LVU468
 227:../../../../..//Drivers/STM32G0xx_HAL_Driver/Src/stm32g0xx_hal_flash_ex.c ****   HAL_StatusTypeDef status;
 1322              		.loc 1 227 1 is_stmt 0 view .LVU469
 1323 0000 F8B5     		push	{r3, r4, r5, r6, r7, lr}
 1324              	.LCFI3:
 1325              		.cfi_def_cfa_offset 24
 1326              		.cfi_offset 3, -24
 1327              		.cfi_offset 4, -20
 1328              		.cfi_offset 5, -16
 1329              		.cfi_offset 6, -12
 1330              		.cfi_offset 7, -8
 1331              		.cfi_offset 14, -4
 234:../../../../..//Drivers/STM32G0xx_HAL_Driver/Src/stm32g0xx_hal_flash_ex.c **** 
 1332              		.loc 1 234 3 view .LVU470
 1333 0002 174C     		ldr	r4, .L99
 227:../../../../..//Drivers/STM32G0xx_HAL_Driver/Src/stm32g0xx_hal_flash_ex.c ****   HAL_StatusTypeDef status;
 1334              		.loc 1 227 1 view .LVU471
 1335 0004 0500     		movs	r5, r0
 234:../../../../..//Drivers/STM32G0xx_HAL_Driver/Src/stm32g0xx_hal_flash_ex.c **** 
 1336              		.loc 1 234 3 view .LVU472
 1337 0006 2378     		ldrb	r3, [r4]
ARM GAS  /tmp/cck6bGLc.s 			page 53


 234:../../../../..//Drivers/STM32G0xx_HAL_Driver/Src/stm32g0xx_hal_flash_ex.c **** 
 1338              		.loc 1 234 3 discriminator 1 view .LVU473
 1339 0008 0226     		movs	r6, #2
 234:../../../../..//Drivers/STM32G0xx_HAL_Driver/Src/stm32g0xx_hal_flash_ex.c **** 
 1340              		.loc 1 234 3 view .LVU474
 1341 000a 012B     		cmp	r3, #1
 1342 000c 0DD0     		beq	.L94
 234:../../../../..//Drivers/STM32G0xx_HAL_Driver/Src/stm32g0xx_hal_flash_ex.c **** 
 1343              		.loc 1 234 3 is_stmt 1 discriminator 2 view .LVU475
 1344 000e 0123     		movs	r3, #1
 1345 0010 2370     		strb	r3, [r4]
 234:../../../../..//Drivers/STM32G0xx_HAL_Driver/Src/stm32g0xx_hal_flash_ex.c **** 
 1346              		.loc 1 234 3 discriminator 2 view .LVU476
 237:../../../../..//Drivers/STM32G0xx_HAL_Driver/Src/stm32g0xx_hal_flash_ex.c **** 
 1347              		.loc 1 237 3 view .LVU477
 240:../../../../..//Drivers/STM32G0xx_HAL_Driver/Src/stm32g0xx_hal_flash_ex.c **** 
 1348              		.loc 1 240 27 is_stmt 0 view .LVU478
 1349 0012 0368     		ldr	r3, [r0]
 243:../../../../..//Drivers/STM32G0xx_HAL_Driver/Src/stm32g0xx_hal_flash_ex.c **** 
 1350              		.loc 1 243 12 view .LVU479
 1351 0014 FA20     		movs	r0, #250
 1352              	.LVL100:
 237:../../../../..//Drivers/STM32G0xx_HAL_Driver/Src/stm32g0xx_hal_flash_ex.c **** 
 1353              		.loc 1 237 20 view .LVU480
 1354 0016 0027     		movs	r7, #0
 243:../../../../..//Drivers/STM32G0xx_HAL_Driver/Src/stm32g0xx_hal_flash_ex.c **** 
 1355              		.loc 1 243 12 view .LVU481
 1356 0018 8000     		lsls	r0, r0, #2
 237:../../../../..//Drivers/STM32G0xx_HAL_Driver/Src/stm32g0xx_hal_flash_ex.c **** 
 1357              		.loc 1 237 20 view .LVU482
 1358 001a 6760     		str	r7, [r4, #4]
 240:../../../../..//Drivers/STM32G0xx_HAL_Driver/Src/stm32g0xx_hal_flash_ex.c **** 
 1359              		.loc 1 240 3 is_stmt 1 view .LVU483
 240:../../../../..//Drivers/STM32G0xx_HAL_Driver/Src/stm32g0xx_hal_flash_ex.c **** 
 1360              		.loc 1 240 27 is_stmt 0 view .LVU484
 1361 001c A360     		str	r3, [r4, #8]
 243:../../../../..//Drivers/STM32G0xx_HAL_Driver/Src/stm32g0xx_hal_flash_ex.c **** 
 1362              		.loc 1 243 3 is_stmt 1 view .LVU485
 243:../../../../..//Drivers/STM32G0xx_HAL_Driver/Src/stm32g0xx_hal_flash_ex.c **** 
 1363              		.loc 1 243 12 is_stmt 0 view .LVU486
 1364 001e FFF7FEFF 		bl	FLASH_WaitForLastOperation
 1365              	.LVL101:
 1366 0022 0600     		movs	r6, r0
 1367              	.LVL102:
 245:../../../../..//Drivers/STM32G0xx_HAL_Driver/Src/stm32g0xx_hal_flash_ex.c ****   {
 1368              		.loc 1 245 3 is_stmt 1 view .LVU487
 245:../../../../..//Drivers/STM32G0xx_HAL_Driver/Src/stm32g0xx_hal_flash_ex.c ****   {
 1369              		.loc 1 245 6 is_stmt 0 view .LVU488
 1370 0024 B842     		cmp	r0, r7
 1371 0026 02D0     		beq	.L95
 248:../../../../..//Drivers/STM32G0xx_HAL_Driver/Src/stm32g0xx_hal_flash_ex.c ****   }
 1372              		.loc 1 248 5 is_stmt 1 view .LVU489
 248:../../../../..//Drivers/STM32G0xx_HAL_Driver/Src/stm32g0xx_hal_flash_ex.c ****   }
 1373              		.loc 1 248 5 view .LVU490
 1374 0028 2770     		strb	r7, [r4]
 248:../../../../..//Drivers/STM32G0xx_HAL_Driver/Src/stm32g0xx_hal_flash_ex.c ****   }
 1375              		.loc 1 248 5 view .LVU491
ARM GAS  /tmp/cck6bGLc.s 			page 54


 1376              	.LVL103:
 1377              	.L94:
 283:../../../../..//Drivers/STM32G0xx_HAL_Driver/Src/stm32g0xx_hal_flash_ex.c **** 
 1378              		.loc 1 283 1 is_stmt 0 view .LVU492
 1379 002a 3000     		movs	r0, r6
 1380              		@ sp needed
 1381              	.LVL104:
 283:../../../../..//Drivers/STM32G0xx_HAL_Driver/Src/stm32g0xx_hal_flash_ex.c **** 
 1382              		.loc 1 283 1 view .LVU493
 1383 002c F8BD     		pop	{r3, r4, r5, r6, r7, pc}
 1384              	.LVL105:
 1385              	.L95:
 254:../../../../..//Drivers/STM32G0xx_HAL_Driver/Src/stm32g0xx_hal_flash_ex.c **** #endif /* FLASH_DBANK_SUPPORT */
 1386              		.loc 1 254 5 is_stmt 1 view .LVU494
 254:../../../../..//Drivers/STM32G0xx_HAL_Driver/Src/stm32g0xx_hal_flash_ex.c **** #endif /* FLASH_DBANK_SUPPORT */
 1387              		.loc 1 254 23 is_stmt 0 view .LVU495
 1388 002e 0420     		movs	r0, #4
 1389              	.LVL106:
 260:../../../../..//Drivers/STM32G0xx_HAL_Driver/Src/stm32g0xx_hal_flash_ex.c **** 
 1390              		.loc 1 260 15 view .LVU496
 1391 0030 C022     		movs	r2, #192
 260:../../../../..//Drivers/STM32G0xx_HAL_Driver/Src/stm32g0xx_hal_flash_ex.c **** 
 1392              		.loc 1 260 10 view .LVU497
 1393 0032 0C4B     		ldr	r3, .L99+4
 254:../../../../..//Drivers/STM32G0xx_HAL_Driver/Src/stm32g0xx_hal_flash_ex.c **** #endif /* FLASH_DBANK_SUPPORT */
 1394              		.loc 1 254 23 view .LVU498
 1395 0034 6860     		str	r0, [r5, #4]
 257:../../../../..//Drivers/STM32G0xx_HAL_Driver/Src/stm32g0xx_hal_flash_ex.c **** 
 1396              		.loc 1 257 5 is_stmt 1 view .LVU499
 257:../../../../..//Drivers/STM32G0xx_HAL_Driver/Src/stm32g0xx_hal_flash_ex.c **** 
 1397              		.loc 1 257 18 is_stmt 0 view .LVU500
 1398 0036 2061     		str	r0, [r4, #16]
 260:../../../../..//Drivers/STM32G0xx_HAL_Driver/Src/stm32g0xx_hal_flash_ex.c **** 
 1399              		.loc 1 260 5 is_stmt 1 view .LVU501
 260:../../../../..//Drivers/STM32G0xx_HAL_Driver/Src/stm32g0xx_hal_flash_ex.c **** 
 1400              		.loc 1 260 10 is_stmt 0 view .LVU502
 1401 0038 5969     		ldr	r1, [r3, #20]
 260:../../../../..//Drivers/STM32G0xx_HAL_Driver/Src/stm32g0xx_hal_flash_ex.c **** 
 1402              		.loc 1 260 15 view .LVU503
 1403 003a 9204     		lsls	r2, r2, #18
 1404 003c 0A43     		orrs	r2, r1
 1405 003e 5A61     		str	r2, [r3, #20]
 262:../../../../..//Drivers/STM32G0xx_HAL_Driver/Src/stm32g0xx_hal_flash_ex.c ****     {
 1406              		.loc 1 262 5 is_stmt 1 view .LVU504
 262:../../../../..//Drivers/STM32G0xx_HAL_Driver/Src/stm32g0xx_hal_flash_ex.c ****     {
 1407              		.loc 1 262 8 is_stmt 0 view .LVU505
 1408 0040 2A68     		ldr	r2, [r5]
 1409 0042 8242     		cmp	r2, r0
 1410 0044 05D1     		bne	.L96
 265:../../../../..//Drivers/STM32G0xx_HAL_Driver/Src/stm32g0xx_hal_flash_ex.c **** 
 1411              		.loc 1 265 7 is_stmt 1 view .LVU506
 265:../../../../..//Drivers/STM32G0xx_HAL_Driver/Src/stm32g0xx_hal_flash_ex.c **** 
 1412              		.loc 1 265 19 is_stmt 0 view .LVU507
 1413 0046 6661     		str	r6, [r4, #20]
 268:../../../../..//Drivers/STM32G0xx_HAL_Driver/Src/stm32g0xx_hal_flash_ex.c ****     }
 1414              		.loc 1 268 7 is_stmt 1 view .LVU508
 1415              	.LBB100:
ARM GAS  /tmp/cck6bGLc.s 			page 55


 1416              	.LBI100:
 568:../../../../..//Drivers/STM32G0xx_HAL_Driver/Src/stm32g0xx_hal_flash_ex.c **** {
 1417              		.loc 1 568 13 view .LVU509
 1418              	.LVL107:
 1419              	.LBB101:
 571:../../../../..//Drivers/STM32G0xx_HAL_Driver/Src/stm32g0xx_hal_flash_ex.c **** 
 1420              		.loc 1 571 3 view .LVU510
 574:../../../../..//Drivers/STM32G0xx_HAL_Driver/Src/stm32g0xx_hal_flash_ex.c **** }
 1421              		.loc 1 574 3 view .LVU511
 574:../../../../..//Drivers/STM32G0xx_HAL_Driver/Src/stm32g0xx_hal_flash_ex.c **** }
 1422              		.loc 1 574 8 is_stmt 0 view .LVU512
 1423 0048 5969     		ldr	r1, [r3, #20]
 574:../../../../..//Drivers/STM32G0xx_HAL_Driver/Src/stm32g0xx_hal_flash_ex.c **** }
 1424              		.loc 1 574 13 view .LVU513
 1425 004a 074A     		ldr	r2, .L99+8
 1426 004c 0A43     		orrs	r2, r1
 1427 004e 5A61     		str	r2, [r3, #20]
 1428              	.LVL108:
 575:../../../../..//Drivers/STM32G0xx_HAL_Driver/Src/stm32g0xx_hal_flash_ex.c **** 
 1429              		.loc 1 575 1 view .LVU514
 1430 0050 EBE7     		b	.L94
 1431              	.L96:
 1432              	.LBE101:
 1433              	.LBE100:
 273:../../../../..//Drivers/STM32G0xx_HAL_Driver/Src/stm32g0xx_hal_flash_ex.c ****       pFlash.Page = pEraseInit->Page;
 1434              		.loc 1 273 7 is_stmt 1 view .LVU515
 273:../../../../..//Drivers/STM32G0xx_HAL_Driver/Src/stm32g0xx_hal_flash_ex.c ****       pFlash.Page = pEraseInit->Page;
 1435              		.loc 1 273 29 is_stmt 0 view .LVU516
 1436 0052 EB68     		ldr	r3, [r5, #12]
 274:../../../../..//Drivers/STM32G0xx_HAL_Driver/Src/stm32g0xx_hal_flash_ex.c **** 
 1437              		.loc 1 274 31 view .LVU517
 1438 0054 A968     		ldr	r1, [r5, #8]
 273:../../../../..//Drivers/STM32G0xx_HAL_Driver/Src/stm32g0xx_hal_flash_ex.c ****       pFlash.Page = pEraseInit->Page;
 1439              		.loc 1 273 29 view .LVU518
 1440 0056 A361     		str	r3, [r4, #24]
 274:../../../../..//Drivers/STM32G0xx_HAL_Driver/Src/stm32g0xx_hal_flash_ex.c **** 
 1441              		.loc 1 274 7 is_stmt 1 view .LVU519
 274:../../../../..//Drivers/STM32G0xx_HAL_Driver/Src/stm32g0xx_hal_flash_ex.c **** 
 1442              		.loc 1 274 19 is_stmt 0 view .LVU520
 1443 0058 6161     		str	r1, [r4, #20]
 277:../../../../..//Drivers/STM32G0xx_HAL_Driver/Src/stm32g0xx_hal_flash_ex.c ****     }
 1444              		.loc 1 277 7 is_stmt 1 view .LVU521
 1445 005a FFF7FEFF 		bl	FLASH_PageErase
 1446              	.LVL109:
 1447 005e E4E7     		b	.L94
 1448              	.L100:
 1449              		.align	2
 1450              	.L99:
 1451 0060 00000000 		.word	pFlash
 1452 0064 00200240 		.word	1073881088
 1453 0068 04000100 		.word	65540
 1454              		.cfi_endproc
 1455              	.LFE181:
 1457              		.section	.text.FLASH_FlushCaches,"ax",%progbits
 1458              		.align	1
 1459              		.global	FLASH_FlushCaches
 1460              		.syntax unified
ARM GAS  /tmp/cck6bGLc.s 			page 56


 1461              		.code	16
 1462              		.thumb_func
 1464              	FLASH_FlushCaches:
 1465              	.LFB191:
 620:../../../../..//Drivers/STM32G0xx_HAL_Driver/Src/stm32g0xx_hal_flash_ex.c ****   /* Flush instruction cache  */
 1466              		.loc 1 620 1 view -0
 1467              		.cfi_startproc
 1468              		@ args = 0, pretend = 0, frame = 0
 1469              		@ frame_needed = 0, uses_anonymous_args = 0
 1470              		@ link register save eliminated.
 622:../../../../..//Drivers/STM32G0xx_HAL_Driver/Src/stm32g0xx_hal_flash_ex.c ****   {
 1471              		.loc 1 622 3 view .LVU523
 622:../../../../..//Drivers/STM32G0xx_HAL_Driver/Src/stm32g0xx_hal_flash_ex.c ****   {
 1472              		.loc 1 622 7 is_stmt 0 view .LVU524
 1473 0000 8022     		movs	r2, #128
 1474 0002 0B4B     		ldr	r3, .L106
 1475 0004 9200     		lsls	r2, r2, #2
 1476 0006 1968     		ldr	r1, [r3]
 622:../../../../..//Drivers/STM32G0xx_HAL_Driver/Src/stm32g0xx_hal_flash_ex.c ****   {
 1477              		.loc 1 622 6 view .LVU525
 1478 0008 1142     		tst	r1, r2
 1479 000a 0FD0     		beq	.L101
 625:../../../../..//Drivers/STM32G0xx_HAL_Driver/Src/stm32g0xx_hal_flash_ex.c ****     /* Reset instruction cache */
 1480              		.loc 1 625 5 is_stmt 1 view .LVU526
 1481 000c 1968     		ldr	r1, [r3]
 1482 000e 0948     		ldr	r0, .L106+4
 1483 0010 0140     		ands	r1, r0
 1484 0012 1960     		str	r1, [r3]
 627:../../../../..//Drivers/STM32G0xx_HAL_Driver/Src/stm32g0xx_hal_flash_ex.c ****     /* Enable instruction cache */
 1485              		.loc 1 627 5 view .LVU527
 627:../../../../..//Drivers/STM32G0xx_HAL_Driver/Src/stm32g0xx_hal_flash_ex.c ****     /* Enable instruction cache */
 1486              		.loc 1 627 5 view .LVU528
 1487 0014 8021     		movs	r1, #128
 1488 0016 1868     		ldr	r0, [r3]
 1489 0018 0901     		lsls	r1, r1, #4
 1490 001a 0143     		orrs	r1, r0
 1491 001c 1960     		str	r1, [r3]
 627:../../../../..//Drivers/STM32G0xx_HAL_Driver/Src/stm32g0xx_hal_flash_ex.c ****     /* Enable instruction cache */
 1492              		.loc 1 627 5 view .LVU529
 1493 001e 1968     		ldr	r1, [r3]
 1494 0020 0548     		ldr	r0, .L106+8
 1495 0022 0140     		ands	r1, r0
 1496 0024 1960     		str	r1, [r3]
 627:../../../../..//Drivers/STM32G0xx_HAL_Driver/Src/stm32g0xx_hal_flash_ex.c ****     /* Enable instruction cache */
 1497              		.loc 1 627 5 view .LVU530
 629:../../../../..//Drivers/STM32G0xx_HAL_Driver/Src/stm32g0xx_hal_flash_ex.c ****   }
 1498              		.loc 1 629 5 view .LVU531
 1499 0026 1968     		ldr	r1, [r3]
 1500 0028 0A43     		orrs	r2, r1
 1501 002a 1A60     		str	r2, [r3]
 1502              	.L101:
 631:../../../../..//Drivers/STM32G0xx_HAL_Driver/Src/stm32g0xx_hal_flash_ex.c **** 
 1503              		.loc 1 631 1 is_stmt 0 view .LVU532
 1504              		@ sp needed
 1505 002c 7047     		bx	lr
 1506              	.L107:
 1507 002e C046     		.align	2
ARM GAS  /tmp/cck6bGLc.s 			page 57


 1508              	.L106:
 1509 0030 00200240 		.word	1073881088
 1510 0034 FFFDFFFF 		.word	-513
 1511 0038 FFF7FFFF 		.word	-2049
 1512              		.cfi_endproc
 1513              	.LFE191:
 1515              		.text
 1516              	.Letext0:
 1517              		.file 2 "../../../../..//Drivers/CMSIS/Device/ST/STM32G0xx/Include/stm32g071xx.h"
 1518              		.file 3 "/usr/lib/gcc/arm-none-eabi/13.2.1/include/stdint.h"
 1519              		.file 4 "../../../../..//Drivers/STM32G0xx_HAL_Driver/Inc/stm32g0xx_hal_def.h"
 1520              		.file 5 "../../../../..//Drivers/STM32G0xx_HAL_Driver/Inc/stm32g0xx_hal_flash.h"
ARM GAS  /tmp/cck6bGLc.s 			page 58


DEFINED SYMBOLS
                            *ABS*:00000000 stm32g0xx_hal_flash_ex.c
     /tmp/cck6bGLc.s:19     .text.HAL_FLASHEx_OBProgram:00000000 $t
     /tmp/cck6bGLc.s:25     .text.HAL_FLASHEx_OBProgram:00000000 HAL_FLASHEx_OBProgram
     /tmp/cck6bGLc.s:532    .text.HAL_FLASHEx_OBProgram:00000130 $d
     /tmp/cck6bGLc.s:545    .text.HAL_FLASHEx_OBGetConfig:00000000 $t
     /tmp/cck6bGLc.s:551    .text.HAL_FLASHEx_OBGetConfig:00000000 HAL_FLASHEx_OBGetConfig
     /tmp/cck6bGLc.s:847    .text.HAL_FLASHEx_OBGetConfig:000000a0 $d
     /tmp/cck6bGLc.s:857    .text.HAL_FLASHEx_EnableDebugger:00000000 $t
     /tmp/cck6bGLc.s:863    .text.HAL_FLASHEx_EnableDebugger:00000000 HAL_FLASHEx_EnableDebugger
     /tmp/cck6bGLc.s:889    .text.HAL_FLASHEx_EnableDebugger:00000010 $d
     /tmp/cck6bGLc.s:894    .text.HAL_FLASHEx_DisableDebugger:00000000 $t
     /tmp/cck6bGLc.s:900    .text.HAL_FLASHEx_DisableDebugger:00000000 HAL_FLASHEx_DisableDebugger
     /tmp/cck6bGLc.s:924    .text.HAL_FLASHEx_DisableDebugger:0000000c $d
     /tmp/cck6bGLc.s:930    .text.HAL_FLASHEx_FlashEmptyCheck:00000000 $t
     /tmp/cck6bGLc.s:936    .text.HAL_FLASHEx_FlashEmptyCheck:00000000 HAL_FLASHEx_FlashEmptyCheck
     /tmp/cck6bGLc.s:959    .text.HAL_FLASHEx_FlashEmptyCheck:0000000c $d
     /tmp/cck6bGLc.s:964    .text.HAL_FLASHEx_ForceFlashEmpty:00000000 $t
     /tmp/cck6bGLc.s:970    .text.HAL_FLASHEx_ForceFlashEmpty:00000000 HAL_FLASHEx_ForceFlashEmpty
     /tmp/cck6bGLc.s:1004   .text.HAL_FLASHEx_ForceFlashEmpty:00000010 $d
     /tmp/cck6bGLc.s:1010   .text.HAL_FLASHEx_EnableSecMemProtection:00000000 $t
     /tmp/cck6bGLc.s:1016   .text.HAL_FLASHEx_EnableSecMemProtection:00000000 HAL_FLASHEx_EnableSecMemProtection
     /tmp/cck6bGLc.s:1044   .text.HAL_FLASHEx_EnableSecMemProtection:00000010 $d
     /tmp/cck6bGLc.s:1049   .text.FLASH_PageErase:00000000 $t
     /tmp/cck6bGLc.s:1055   .text.FLASH_PageErase:00000000 FLASH_PageErase
     /tmp/cck6bGLc.s:1097   .text.FLASH_PageErase:00000014 $d
     /tmp/cck6bGLc.s:1104   .text.HAL_FLASHEx_Erase:00000000 $t
     /tmp/cck6bGLc.s:1110   .text.HAL_FLASHEx_Erase:00000000 HAL_FLASHEx_Erase
     /tmp/cck6bGLc.s:1298   .text.HAL_FLASHEx_Erase:00000088 $d
     /tmp/cck6bGLc.s:1305   .text.HAL_FLASHEx_Erase_IT:00000000 $t
     /tmp/cck6bGLc.s:1311   .text.HAL_FLASHEx_Erase_IT:00000000 HAL_FLASHEx_Erase_IT
     /tmp/cck6bGLc.s:1451   .text.HAL_FLASHEx_Erase_IT:00000060 $d
     /tmp/cck6bGLc.s:1458   .text.FLASH_FlushCaches:00000000 $t
     /tmp/cck6bGLc.s:1464   .text.FLASH_FlushCaches:00000000 FLASH_FlushCaches
     /tmp/cck6bGLc.s:1509   .text.FLASH_FlushCaches:00000030 $d
                           .group:00000000 wm4.0.e310b2036dcc8a4d3b16f3fea9ebd0de
                           .group:00000000 wm4.stm32g0xx_hal_conf.h.21.2418b000d87b23231c37db35ad77d0ea
                           .group:00000000 wm4.stm32g0xx.h.37.aadb526b10f0f4555648bb8fa7c96b30
                           .group:00000000 wm4.stm32g071xx.h.36.9469a89bf1e6c2a2fe25d20581d0f58b
                           .group:00000000 wm4.stdint.h.29.6d480f4ba0f60596e88234283d42444f
                           .group:00000000 wm4.cmsis_version.h.32.0ac195c83bb4537824e6ad1c47474b79
                           .group:00000000 wm4.core_cm0plus.h.66.bb83319bcb10b4c5f12c477f85f2aa51
                           .group:00000000 wm4.cmsis_gcc.h.26.63926f8d3817e3a42e7f7ef2cd15156e
                           .group:00000000 wm4.core_cm0plus.h.127.cfee784d07c850b645554dc8add78e69
                           .group:00000000 wm4.mpu_armv7.h.32.83326921a797fa9d6f70449916b4b839
                           .group:00000000 wm4.stm32g071xx.h.155.9be12c2e48b47e8d66c20ceac374f1ee
                           .group:00000000 wm4.stm32g0xx.h.154.7f8452780a6fe1b4b4d5bfbf416cea0c
                           .group:00000000 wm4.stm32_hal_legacy.h.22.2f8f7f94da7216ffa6187bf113829094
                           .group:00000000 wm4.stddef.h.39.0dc9006b34572d4d9cae4c8b422c4971
                           .group:00000000 wm4.stm32g0xx_hal_def.h.57.7810ceeb3f277465a11a202f246b14c8
                           .group:00000000 wm4.stm32g0xx_ll_rcc.h.20.b48ad5e6c80881ce9d548f86592ad1d8
                           .group:00000000 wm4.stm32g0xx_hal_rcc.h.43.40a2deb1468b47dcb7de4a6adda92374
                           .group:00000000 wm4.stm32g0xx_hal_rcc_ex.h.20.c2035e135ea57d6c1c2839329f24a562
                           .group:00000000 wm4.stm32g0xx_hal_gpio.h.21.abd5f8c60de2afe2676b3cc6a4b2c068
                           .group:00000000 wm4.stm32g0xx_hal_gpio_ex.h.21.c1a1c19cef6d6a2cf049535a12fe7f6a
                           .group:00000000 wm4.stm32g0xx_hal_crc.h.21.8c2791752a3f5c79fed6a23e2361d260
                           .group:00000000 wm4.stm32g0xx_hal_crc_ex.h.21.13b666a67e761630a3250514972d9a47
ARM GAS  /tmp/cck6bGLc.s 			page 59


                           .group:00000000 wm4.stm32g0xx_hal_flash.h.20.e512dd9a8958277cc7dd512f2312ae8a
                           .group:00000000 wm4.stm32g0xx_hal_flash_ex.h.20.2a1daa1e7e7bd4a16651545fee4a1fbb
                           .group:00000000 wm4.stm32g0xx_hal_flash.h.874.3e4bc5d8948716c644009bcc9a4f3f60
                           .group:00000000 wm4.stm32g0xx_hal_pwr.h.21.7d5b107b2d1b54bfd27bcb92ed3281e0
                           .group:00000000 wm4.stm32g0xx_hal_pwr_ex.h.21.01c718c420189d18e9ec3e46e6e9261f
                           .group:00000000 wm4.stm32g0xx_hal.h.66.28db47a9e4ed9349693c6c0c6101689d

UNDEFINED SYMBOLS
FLASH_WaitForLastOperation
pFlash
