ARM GAS  /tmp/ccW7HcuX.s 			page 1


   1              		.cpu cortex-m0plus
   2              		.arch armv6s-m
   3              		.fpu softvfp
   4              		.eabi_attribute 20, 1
   5              		.eabi_attribute 21, 1
   6              		.eabi_attribute 23, 3
   7              		.eabi_attribute 24, 1
   8              		.eabi_attribute 25, 1
   9              		.eabi_attribute 26, 1
  10              		.eabi_attribute 30, 4
  11              		.eabi_attribute 34, 0
  12              		.eabi_attribute 18, 4
  13              		.file	"stm32g0xx_hal_flash.c"
  14              		.text
  15              	.Ltext0:
  16              		.cfi_sections	.debug_frame
  17              		.file 1 "../../../../..//Drivers/STM32G0xx_HAL_Driver/Src/stm32g0xx_hal_flash.c"
  18              		.section	.RamFunc,"ax",%progbits
  19              		.align	1
  20              		.syntax unified
  21              		.code	16
  22              		.thumb_func
  24              	FLASH_Program_Fast:
  25              	.LVL0:
  26              	.LFB193:
   1:../../../../..//Drivers/STM32G0xx_HAL_Driver/Src/stm32g0xx_hal_flash.c **** /**
   2:../../../../..//Drivers/STM32G0xx_HAL_Driver/Src/stm32g0xx_hal_flash.c ****   ******************************************************************************
   3:../../../../..//Drivers/STM32G0xx_HAL_Driver/Src/stm32g0xx_hal_flash.c ****   * @file    stm32g0xx_hal_flash.c
   4:../../../../..//Drivers/STM32G0xx_HAL_Driver/Src/stm32g0xx_hal_flash.c ****   * @author  MCD Application Team
   5:../../../../..//Drivers/STM32G0xx_HAL_Driver/Src/stm32g0xx_hal_flash.c ****   * @brief   FLASH HAL module driver.
   6:../../../../..//Drivers/STM32G0xx_HAL_Driver/Src/stm32g0xx_hal_flash.c ****   *          This file provides firmware functions to manage the following
   7:../../../../..//Drivers/STM32G0xx_HAL_Driver/Src/stm32g0xx_hal_flash.c ****   *          functionalities of the internal FLASH memory:
   8:../../../../..//Drivers/STM32G0xx_HAL_Driver/Src/stm32g0xx_hal_flash.c ****   *           + Program operations functions
   9:../../../../..//Drivers/STM32G0xx_HAL_Driver/Src/stm32g0xx_hal_flash.c ****   *           + Memory Control functions
  10:../../../../..//Drivers/STM32G0xx_HAL_Driver/Src/stm32g0xx_hal_flash.c ****   *           + Peripheral Errors functions
  11:../../../../..//Drivers/STM32G0xx_HAL_Driver/Src/stm32g0xx_hal_flash.c ****   *
  12:../../../../..//Drivers/STM32G0xx_HAL_Driver/Src/stm32g0xx_hal_flash.c ****  @verbatim
  13:../../../../..//Drivers/STM32G0xx_HAL_Driver/Src/stm32g0xx_hal_flash.c ****   ==============================================================================
  14:../../../../..//Drivers/STM32G0xx_HAL_Driver/Src/stm32g0xx_hal_flash.c ****                         ##### FLASH peripheral features #####
  15:../../../../..//Drivers/STM32G0xx_HAL_Driver/Src/stm32g0xx_hal_flash.c ****   ==============================================================================
  16:../../../../..//Drivers/STM32G0xx_HAL_Driver/Src/stm32g0xx_hal_flash.c **** 
  17:../../../../..//Drivers/STM32G0xx_HAL_Driver/Src/stm32g0xx_hal_flash.c ****   [..] The Flash memory interface manages CPU AHB I-Code and D-Code accesses
  18:../../../../..//Drivers/STM32G0xx_HAL_Driver/Src/stm32g0xx_hal_flash.c ****        to the Flash memory. It implements the erase and program Flash memory operations
  19:../../../../..//Drivers/STM32G0xx_HAL_Driver/Src/stm32g0xx_hal_flash.c ****        and the read and write protection mechanisms.
  20:../../../../..//Drivers/STM32G0xx_HAL_Driver/Src/stm32g0xx_hal_flash.c **** 
  21:../../../../..//Drivers/STM32G0xx_HAL_Driver/Src/stm32g0xx_hal_flash.c ****   [..] The Flash memory interface accelerates code execution with a system of instruction
  22:../../../../..//Drivers/STM32G0xx_HAL_Driver/Src/stm32g0xx_hal_flash.c ****        prefetch and cache lines.
  23:../../../../..//Drivers/STM32G0xx_HAL_Driver/Src/stm32g0xx_hal_flash.c **** 
  24:../../../../..//Drivers/STM32G0xx_HAL_Driver/Src/stm32g0xx_hal_flash.c ****   [..] The FLASH main features are:
  25:../../../../..//Drivers/STM32G0xx_HAL_Driver/Src/stm32g0xx_hal_flash.c ****       (+) Flash memory read operations
  26:../../../../..//Drivers/STM32G0xx_HAL_Driver/Src/stm32g0xx_hal_flash.c ****       (+) Flash memory program/erase operations
  27:../../../../..//Drivers/STM32G0xx_HAL_Driver/Src/stm32g0xx_hal_flash.c ****       (+) Read / write protections
  28:../../../../..//Drivers/STM32G0xx_HAL_Driver/Src/stm32g0xx_hal_flash.c ****       (+) Option bytes programming
  29:../../../../..//Drivers/STM32G0xx_HAL_Driver/Src/stm32g0xx_hal_flash.c ****       (+) Prefetch on I-Code
  30:../../../../..//Drivers/STM32G0xx_HAL_Driver/Src/stm32g0xx_hal_flash.c ****       (+) 32 cache lines of 4*64 bits on I-Code
  31:../../../../..//Drivers/STM32G0xx_HAL_Driver/Src/stm32g0xx_hal_flash.c ****       (+) Error code correction (ECC) : Data in flash are 72-bits word
  32:../../../../..//Drivers/STM32G0xx_HAL_Driver/Src/stm32g0xx_hal_flash.c ****           (8 bits added per double word)
ARM GAS  /tmp/ccW7HcuX.s 			page 2


  33:../../../../..//Drivers/STM32G0xx_HAL_Driver/Src/stm32g0xx_hal_flash.c **** 
  34:../../../../..//Drivers/STM32G0xx_HAL_Driver/Src/stm32g0xx_hal_flash.c ****                         ##### How to use this driver #####
  35:../../../../..//Drivers/STM32G0xx_HAL_Driver/Src/stm32g0xx_hal_flash.c ****  ==============================================================================
  36:../../../../..//Drivers/STM32G0xx_HAL_Driver/Src/stm32g0xx_hal_flash.c ****     [..]
  37:../../../../..//Drivers/STM32G0xx_HAL_Driver/Src/stm32g0xx_hal_flash.c ****       This driver provides functions and macros to configure and program the FLASH
  38:../../../../..//Drivers/STM32G0xx_HAL_Driver/Src/stm32g0xx_hal_flash.c ****       memory of all STM32G0xx devices.
  39:../../../../..//Drivers/STM32G0xx_HAL_Driver/Src/stm32g0xx_hal_flash.c **** 
  40:../../../../..//Drivers/STM32G0xx_HAL_Driver/Src/stm32g0xx_hal_flash.c ****       (#) Flash Memory IO Programming functions:
  41:../../../../..//Drivers/STM32G0xx_HAL_Driver/Src/stm32g0xx_hal_flash.c ****            (++) Lock and Unlock the FLASH interface using HAL_FLASH_Unlock() and
  42:../../../../..//Drivers/STM32G0xx_HAL_Driver/Src/stm32g0xx_hal_flash.c ****                 HAL_FLASH_Lock() functions
  43:../../../../..//Drivers/STM32G0xx_HAL_Driver/Src/stm32g0xx_hal_flash.c ****            (++) Program functions: double word and fast program (full row programming)
  44:../../../../..//Drivers/STM32G0xx_HAL_Driver/Src/stm32g0xx_hal_flash.c ****            (++) There are two modes of programming:
  45:../../../../..//Drivers/STM32G0xx_HAL_Driver/Src/stm32g0xx_hal_flash.c ****             (+++) Polling mode using HAL_FLASH_Program() function
  46:../../../../..//Drivers/STM32G0xx_HAL_Driver/Src/stm32g0xx_hal_flash.c ****             (+++) Interrupt mode using HAL_FLASH_Program_IT() function
  47:../../../../..//Drivers/STM32G0xx_HAL_Driver/Src/stm32g0xx_hal_flash.c **** 
  48:../../../../..//Drivers/STM32G0xx_HAL_Driver/Src/stm32g0xx_hal_flash.c ****       (#) Interrupts and flags management functions:
  49:../../../../..//Drivers/STM32G0xx_HAL_Driver/Src/stm32g0xx_hal_flash.c ****            (++) Handle FLASH interrupts by calling HAL_FLASH_IRQHandler()
  50:../../../../..//Drivers/STM32G0xx_HAL_Driver/Src/stm32g0xx_hal_flash.c ****            (++) Callback functions are called when the flash operations are finished :
  51:../../../../..//Drivers/STM32G0xx_HAL_Driver/Src/stm32g0xx_hal_flash.c ****                 HAL_FLASH_EndOfOperationCallback() when everything is ok, otherwise
  52:../../../../..//Drivers/STM32G0xx_HAL_Driver/Src/stm32g0xx_hal_flash.c ****                 HAL_FLASH_OperationErrorCallback()
  53:../../../../..//Drivers/STM32G0xx_HAL_Driver/Src/stm32g0xx_hal_flash.c ****            (++) Get error flag status by calling HAL_GetError()
  54:../../../../..//Drivers/STM32G0xx_HAL_Driver/Src/stm32g0xx_hal_flash.c **** 
  55:../../../../..//Drivers/STM32G0xx_HAL_Driver/Src/stm32g0xx_hal_flash.c ****       (#) Option bytes management functions :
  56:../../../../..//Drivers/STM32G0xx_HAL_Driver/Src/stm32g0xx_hal_flash.c ****            (++) Lock and Unlock the option bytes using HAL_FLASH_OB_Unlock() and
  57:../../../../..//Drivers/STM32G0xx_HAL_Driver/Src/stm32g0xx_hal_flash.c ****                 HAL_FLASH_OB_Lock() functions
  58:../../../../..//Drivers/STM32G0xx_HAL_Driver/Src/stm32g0xx_hal_flash.c ****            (++) Launch the reload of the option bytes using HAL_FLASH_OB_Launch() function.
  59:../../../../..//Drivers/STM32G0xx_HAL_Driver/Src/stm32g0xx_hal_flash.c ****                 In this case, a reset is generated
  60:../../../../..//Drivers/STM32G0xx_HAL_Driver/Src/stm32g0xx_hal_flash.c **** 
  61:../../../../..//Drivers/STM32G0xx_HAL_Driver/Src/stm32g0xx_hal_flash.c ****     [..]
  62:../../../../..//Drivers/STM32G0xx_HAL_Driver/Src/stm32g0xx_hal_flash.c ****       In addition to these functions, this driver includes a set of macros allowing
  63:../../../../..//Drivers/STM32G0xx_HAL_Driver/Src/stm32g0xx_hal_flash.c ****       to handle the following operations:
  64:../../../../..//Drivers/STM32G0xx_HAL_Driver/Src/stm32g0xx_hal_flash.c ****        (+) Set the latency
  65:../../../../..//Drivers/STM32G0xx_HAL_Driver/Src/stm32g0xx_hal_flash.c ****        (+) Enable/Disable the prefetch buffer
  66:../../../../..//Drivers/STM32G0xx_HAL_Driver/Src/stm32g0xx_hal_flash.c ****        (+) Enable/Disable the Instruction cache
  67:../../../../..//Drivers/STM32G0xx_HAL_Driver/Src/stm32g0xx_hal_flash.c ****        (+) Reset the Instruction cache
  68:../../../../..//Drivers/STM32G0xx_HAL_Driver/Src/stm32g0xx_hal_flash.c ****        (+) Enable/Disable the Flash power-down during low-power run and sleep modes
  69:../../../../..//Drivers/STM32G0xx_HAL_Driver/Src/stm32g0xx_hal_flash.c ****        (+) Enable/Disable the Flash interrupts
  70:../../../../..//Drivers/STM32G0xx_HAL_Driver/Src/stm32g0xx_hal_flash.c ****        (+) Monitor the Flash flags status
  71:../../../../..//Drivers/STM32G0xx_HAL_Driver/Src/stm32g0xx_hal_flash.c **** 
  72:../../../../..//Drivers/STM32G0xx_HAL_Driver/Src/stm32g0xx_hal_flash.c ****  @endverbatim
  73:../../../../..//Drivers/STM32G0xx_HAL_Driver/Src/stm32g0xx_hal_flash.c ****   ******************************************************************************
  74:../../../../..//Drivers/STM32G0xx_HAL_Driver/Src/stm32g0xx_hal_flash.c ****   * @attention
  75:../../../../..//Drivers/STM32G0xx_HAL_Driver/Src/stm32g0xx_hal_flash.c ****   *
  76:../../../../..//Drivers/STM32G0xx_HAL_Driver/Src/stm32g0xx_hal_flash.c ****   * Copyright (c) 2018 STMicroelectronics.
  77:../../../../..//Drivers/STM32G0xx_HAL_Driver/Src/stm32g0xx_hal_flash.c ****   * All rights reserved.
  78:../../../../..//Drivers/STM32G0xx_HAL_Driver/Src/stm32g0xx_hal_flash.c ****   *
  79:../../../../..//Drivers/STM32G0xx_HAL_Driver/Src/stm32g0xx_hal_flash.c ****   * This software is licensed under terms that can be found in the LICENSE file in
  80:../../../../..//Drivers/STM32G0xx_HAL_Driver/Src/stm32g0xx_hal_flash.c ****   * the root directory of this software component.
  81:../../../../..//Drivers/STM32G0xx_HAL_Driver/Src/stm32g0xx_hal_flash.c ****   * If no LICENSE file comes with this software, it is provided AS-IS.
  82:../../../../..//Drivers/STM32G0xx_HAL_Driver/Src/stm32g0xx_hal_flash.c ****   ******************************************************************************
  83:../../../../..//Drivers/STM32G0xx_HAL_Driver/Src/stm32g0xx_hal_flash.c ****   */
  84:../../../../..//Drivers/STM32G0xx_HAL_Driver/Src/stm32g0xx_hal_flash.c **** 
  85:../../../../..//Drivers/STM32G0xx_HAL_Driver/Src/stm32g0xx_hal_flash.c **** /* Includes ------------------------------------------------------------------*/
  86:../../../../..//Drivers/STM32G0xx_HAL_Driver/Src/stm32g0xx_hal_flash.c **** #include "stm32g0xx_hal.h"
  87:../../../../..//Drivers/STM32G0xx_HAL_Driver/Src/stm32g0xx_hal_flash.c **** 
  88:../../../../..//Drivers/STM32G0xx_HAL_Driver/Src/stm32g0xx_hal_flash.c **** /** @addtogroup STM32G0xx_HAL_Driver
  89:../../../../..//Drivers/STM32G0xx_HAL_Driver/Src/stm32g0xx_hal_flash.c ****   * @{
ARM GAS  /tmp/ccW7HcuX.s 			page 3


  90:../../../../..//Drivers/STM32G0xx_HAL_Driver/Src/stm32g0xx_hal_flash.c ****   */
  91:../../../../..//Drivers/STM32G0xx_HAL_Driver/Src/stm32g0xx_hal_flash.c **** 
  92:../../../../..//Drivers/STM32G0xx_HAL_Driver/Src/stm32g0xx_hal_flash.c **** /** @defgroup FLASH FLASH
  93:../../../../..//Drivers/STM32G0xx_HAL_Driver/Src/stm32g0xx_hal_flash.c ****   * @brief FLASH HAL module driver
  94:../../../../..//Drivers/STM32G0xx_HAL_Driver/Src/stm32g0xx_hal_flash.c ****   * @{
  95:../../../../..//Drivers/STM32G0xx_HAL_Driver/Src/stm32g0xx_hal_flash.c ****   */
  96:../../../../..//Drivers/STM32G0xx_HAL_Driver/Src/stm32g0xx_hal_flash.c **** 
  97:../../../../..//Drivers/STM32G0xx_HAL_Driver/Src/stm32g0xx_hal_flash.c **** #ifdef HAL_FLASH_MODULE_ENABLED
  98:../../../../..//Drivers/STM32G0xx_HAL_Driver/Src/stm32g0xx_hal_flash.c **** 
  99:../../../../..//Drivers/STM32G0xx_HAL_Driver/Src/stm32g0xx_hal_flash.c **** /* Private typedef -----------------------------------------------------------*/
 100:../../../../..//Drivers/STM32G0xx_HAL_Driver/Src/stm32g0xx_hal_flash.c **** /* Private defines -----------------------------------------------------------*/
 101:../../../../..//Drivers/STM32G0xx_HAL_Driver/Src/stm32g0xx_hal_flash.c **** /* Private macros ------------------------------------------------------------*/
 102:../../../../..//Drivers/STM32G0xx_HAL_Driver/Src/stm32g0xx_hal_flash.c **** /* Private variables ---------------------------------------------------------*/
 103:../../../../..//Drivers/STM32G0xx_HAL_Driver/Src/stm32g0xx_hal_flash.c **** /** @defgroup FLASH_Private_Variables FLASH Private Variables
 104:../../../../..//Drivers/STM32G0xx_HAL_Driver/Src/stm32g0xx_hal_flash.c ****   * @{
 105:../../../../..//Drivers/STM32G0xx_HAL_Driver/Src/stm32g0xx_hal_flash.c ****   */
 106:../../../../..//Drivers/STM32G0xx_HAL_Driver/Src/stm32g0xx_hal_flash.c **** /**
 107:../../../../..//Drivers/STM32G0xx_HAL_Driver/Src/stm32g0xx_hal_flash.c ****   * @brief  Variable used for Program/Erase sectors under interruption
 108:../../../../..//Drivers/STM32G0xx_HAL_Driver/Src/stm32g0xx_hal_flash.c ****   */
 109:../../../../..//Drivers/STM32G0xx_HAL_Driver/Src/stm32g0xx_hal_flash.c **** FLASH_ProcessTypeDef pFlash  = {.Lock = HAL_UNLOCKED, \
 110:../../../../..//Drivers/STM32G0xx_HAL_Driver/Src/stm32g0xx_hal_flash.c ****                                 .ErrorCode = HAL_FLASH_ERROR_NONE, \
 111:../../../../..//Drivers/STM32G0xx_HAL_Driver/Src/stm32g0xx_hal_flash.c ****                                 .ProcedureOnGoing = FLASH_TYPENONE, \
 112:../../../../..//Drivers/STM32G0xx_HAL_Driver/Src/stm32g0xx_hal_flash.c ****                                 .Address = 0U, \
 113:../../../../..//Drivers/STM32G0xx_HAL_Driver/Src/stm32g0xx_hal_flash.c ****                                 .Banks = 0U, \
 114:../../../../..//Drivers/STM32G0xx_HAL_Driver/Src/stm32g0xx_hal_flash.c ****                                 .Page = 0U, \
 115:../../../../..//Drivers/STM32G0xx_HAL_Driver/Src/stm32g0xx_hal_flash.c ****                                 .NbPagesToErase = 0U
 116:../../../../..//Drivers/STM32G0xx_HAL_Driver/Src/stm32g0xx_hal_flash.c ****                                };
 117:../../../../..//Drivers/STM32G0xx_HAL_Driver/Src/stm32g0xx_hal_flash.c **** /**
 118:../../../../..//Drivers/STM32G0xx_HAL_Driver/Src/stm32g0xx_hal_flash.c ****   * @}
 119:../../../../..//Drivers/STM32G0xx_HAL_Driver/Src/stm32g0xx_hal_flash.c ****   */
 120:../../../../..//Drivers/STM32G0xx_HAL_Driver/Src/stm32g0xx_hal_flash.c **** 
 121:../../../../..//Drivers/STM32G0xx_HAL_Driver/Src/stm32g0xx_hal_flash.c **** /* Private function prototypes -----------------------------------------------*/
 122:../../../../..//Drivers/STM32G0xx_HAL_Driver/Src/stm32g0xx_hal_flash.c **** /** @defgroup FLASH_Private_Functions FLASH Private Functions
 123:../../../../..//Drivers/STM32G0xx_HAL_Driver/Src/stm32g0xx_hal_flash.c ****   * @{
 124:../../../../..//Drivers/STM32G0xx_HAL_Driver/Src/stm32g0xx_hal_flash.c ****   */
 125:../../../../..//Drivers/STM32G0xx_HAL_Driver/Src/stm32g0xx_hal_flash.c **** static void          FLASH_Program_DoubleWord(uint32_t Address, uint64_t Data);
 126:../../../../..//Drivers/STM32G0xx_HAL_Driver/Src/stm32g0xx_hal_flash.c **** static void          FLASH_Program_Fast(uint32_t Address, uint32_t DataAddress);
 127:../../../../..//Drivers/STM32G0xx_HAL_Driver/Src/stm32g0xx_hal_flash.c **** /**
 128:../../../../..//Drivers/STM32G0xx_HAL_Driver/Src/stm32g0xx_hal_flash.c ****   * @}
 129:../../../../..//Drivers/STM32G0xx_HAL_Driver/Src/stm32g0xx_hal_flash.c ****   */
 130:../../../../..//Drivers/STM32G0xx_HAL_Driver/Src/stm32g0xx_hal_flash.c **** 
 131:../../../../..//Drivers/STM32G0xx_HAL_Driver/Src/stm32g0xx_hal_flash.c **** /* Exported functions --------------------------------------------------------*/
 132:../../../../..//Drivers/STM32G0xx_HAL_Driver/Src/stm32g0xx_hal_flash.c **** /** @defgroup FLASH_Exported_Functions FLASH Exported Functions
 133:../../../../..//Drivers/STM32G0xx_HAL_Driver/Src/stm32g0xx_hal_flash.c ****   * @{
 134:../../../../..//Drivers/STM32G0xx_HAL_Driver/Src/stm32g0xx_hal_flash.c ****   */
 135:../../../../..//Drivers/STM32G0xx_HAL_Driver/Src/stm32g0xx_hal_flash.c **** 
 136:../../../../..//Drivers/STM32G0xx_HAL_Driver/Src/stm32g0xx_hal_flash.c **** /** @defgroup FLASH_Exported_Functions_Group1 Programming operation functions
 137:../../../../..//Drivers/STM32G0xx_HAL_Driver/Src/stm32g0xx_hal_flash.c ****   *  @brief   Programming operation functions
 138:../../../../..//Drivers/STM32G0xx_HAL_Driver/Src/stm32g0xx_hal_flash.c ****   *
 139:../../../../..//Drivers/STM32G0xx_HAL_Driver/Src/stm32g0xx_hal_flash.c **** @verbatim
 140:../../../../..//Drivers/STM32G0xx_HAL_Driver/Src/stm32g0xx_hal_flash.c ****  ===============================================================================
 141:../../../../..//Drivers/STM32G0xx_HAL_Driver/Src/stm32g0xx_hal_flash.c ****                   ##### Programming operation functions #####
 142:../../../../..//Drivers/STM32G0xx_HAL_Driver/Src/stm32g0xx_hal_flash.c ****  ===============================================================================
 143:../../../../..//Drivers/STM32G0xx_HAL_Driver/Src/stm32g0xx_hal_flash.c ****     [..]
 144:../../../../..//Drivers/STM32G0xx_HAL_Driver/Src/stm32g0xx_hal_flash.c ****     This subsection provides a set of functions allowing to manage the FLASH
 145:../../../../..//Drivers/STM32G0xx_HAL_Driver/Src/stm32g0xx_hal_flash.c ****     program operations.
 146:../../../../..//Drivers/STM32G0xx_HAL_Driver/Src/stm32g0xx_hal_flash.c **** 
ARM GAS  /tmp/ccW7HcuX.s 			page 4


 147:../../../../..//Drivers/STM32G0xx_HAL_Driver/Src/stm32g0xx_hal_flash.c **** @endverbatim
 148:../../../../..//Drivers/STM32G0xx_HAL_Driver/Src/stm32g0xx_hal_flash.c ****   * @{
 149:../../../../..//Drivers/STM32G0xx_HAL_Driver/Src/stm32g0xx_hal_flash.c ****   */
 150:../../../../..//Drivers/STM32G0xx_HAL_Driver/Src/stm32g0xx_hal_flash.c **** 
 151:../../../../..//Drivers/STM32G0xx_HAL_Driver/Src/stm32g0xx_hal_flash.c **** /**
 152:../../../../..//Drivers/STM32G0xx_HAL_Driver/Src/stm32g0xx_hal_flash.c ****   * @brief  Program double word or fast program of a row at a specified address.
 153:../../../../..//Drivers/STM32G0xx_HAL_Driver/Src/stm32g0xx_hal_flash.c ****   * @param  TypeProgram Indicate the way to program at a specified address.
 154:../../../../..//Drivers/STM32G0xx_HAL_Driver/Src/stm32g0xx_hal_flash.c ****   *                      This parameter can be a value of @ref FLASH_Type_Program
 155:../../../../..//Drivers/STM32G0xx_HAL_Driver/Src/stm32g0xx_hal_flash.c ****   * @param  Address Specifies the address to be programmed.
 156:../../../../..//Drivers/STM32G0xx_HAL_Driver/Src/stm32g0xx_hal_flash.c ****   * @param  Data Specifies the data to be programmed
 157:../../../../..//Drivers/STM32G0xx_HAL_Driver/Src/stm32g0xx_hal_flash.c ****   *               This parameter is the data for the double word program and the address where
 158:../../../../..//Drivers/STM32G0xx_HAL_Driver/Src/stm32g0xx_hal_flash.c ****   *               are stored the data for the row fast program depending on the TypeProgram:
 159:../../../../..//Drivers/STM32G0xx_HAL_Driver/Src/stm32g0xx_hal_flash.c ****   *               TypeProgram = FLASH_TYPEPROGRAM_DOUBLEWORD (64-bit)
 160:../../../../..//Drivers/STM32G0xx_HAL_Driver/Src/stm32g0xx_hal_flash.c ****   *               TypeProgram = FLASH_TYPEPROGRAM_FAST (32-bit).
 161:../../../../..//Drivers/STM32G0xx_HAL_Driver/Src/stm32g0xx_hal_flash.c ****   *
 162:../../../../..//Drivers/STM32G0xx_HAL_Driver/Src/stm32g0xx_hal_flash.c ****   * @retval HAL_StatusTypeDef HAL Status
 163:../../../../..//Drivers/STM32G0xx_HAL_Driver/Src/stm32g0xx_hal_flash.c ****   */
 164:../../../../..//Drivers/STM32G0xx_HAL_Driver/Src/stm32g0xx_hal_flash.c **** HAL_StatusTypeDef HAL_FLASH_Program(uint32_t TypeProgram, uint32_t Address, uint64_t Data)
 165:../../../../..//Drivers/STM32G0xx_HAL_Driver/Src/stm32g0xx_hal_flash.c **** {
 166:../../../../..//Drivers/STM32G0xx_HAL_Driver/Src/stm32g0xx_hal_flash.c ****   HAL_StatusTypeDef status;
 167:../../../../..//Drivers/STM32G0xx_HAL_Driver/Src/stm32g0xx_hal_flash.c **** 
 168:../../../../..//Drivers/STM32G0xx_HAL_Driver/Src/stm32g0xx_hal_flash.c ****   /* Check the parameters */
 169:../../../../..//Drivers/STM32G0xx_HAL_Driver/Src/stm32g0xx_hal_flash.c ****   assert_param(IS_FLASH_TYPEPROGRAM(TypeProgram));
 170:../../../../..//Drivers/STM32G0xx_HAL_Driver/Src/stm32g0xx_hal_flash.c **** 
 171:../../../../..//Drivers/STM32G0xx_HAL_Driver/Src/stm32g0xx_hal_flash.c ****   /* Process Locked */
 172:../../../../..//Drivers/STM32G0xx_HAL_Driver/Src/stm32g0xx_hal_flash.c ****   __HAL_LOCK(&pFlash);
 173:../../../../..//Drivers/STM32G0xx_HAL_Driver/Src/stm32g0xx_hal_flash.c **** 
 174:../../../../..//Drivers/STM32G0xx_HAL_Driver/Src/stm32g0xx_hal_flash.c ****   /* Reset error code */
 175:../../../../..//Drivers/STM32G0xx_HAL_Driver/Src/stm32g0xx_hal_flash.c ****   pFlash.ErrorCode = HAL_FLASH_ERROR_NONE;
 176:../../../../..//Drivers/STM32G0xx_HAL_Driver/Src/stm32g0xx_hal_flash.c **** 
 177:../../../../..//Drivers/STM32G0xx_HAL_Driver/Src/stm32g0xx_hal_flash.c ****   /* Wait for last operation to be completed */
 178:../../../../..//Drivers/STM32G0xx_HAL_Driver/Src/stm32g0xx_hal_flash.c ****   status = FLASH_WaitForLastOperation(FLASH_TIMEOUT_VALUE);
 179:../../../../..//Drivers/STM32G0xx_HAL_Driver/Src/stm32g0xx_hal_flash.c **** 
 180:../../../../..//Drivers/STM32G0xx_HAL_Driver/Src/stm32g0xx_hal_flash.c ****   if (status == HAL_OK)
 181:../../../../..//Drivers/STM32G0xx_HAL_Driver/Src/stm32g0xx_hal_flash.c ****   {
 182:../../../../..//Drivers/STM32G0xx_HAL_Driver/Src/stm32g0xx_hal_flash.c ****     if (TypeProgram == FLASH_TYPEPROGRAM_DOUBLEWORD)
 183:../../../../..//Drivers/STM32G0xx_HAL_Driver/Src/stm32g0xx_hal_flash.c ****     {
 184:../../../../..//Drivers/STM32G0xx_HAL_Driver/Src/stm32g0xx_hal_flash.c ****       /* Check the parameters */
 185:../../../../..//Drivers/STM32G0xx_HAL_Driver/Src/stm32g0xx_hal_flash.c ****       assert_param(IS_FLASH_PROGRAM_ADDRESS(Address));
 186:../../../../..//Drivers/STM32G0xx_HAL_Driver/Src/stm32g0xx_hal_flash.c **** 
 187:../../../../..//Drivers/STM32G0xx_HAL_Driver/Src/stm32g0xx_hal_flash.c ****       /* Program double-word (64-bit) at a specified address */
 188:../../../../..//Drivers/STM32G0xx_HAL_Driver/Src/stm32g0xx_hal_flash.c ****       FLASH_Program_DoubleWord(Address, Data);
 189:../../../../..//Drivers/STM32G0xx_HAL_Driver/Src/stm32g0xx_hal_flash.c ****     }
 190:../../../../..//Drivers/STM32G0xx_HAL_Driver/Src/stm32g0xx_hal_flash.c ****     else
 191:../../../../..//Drivers/STM32G0xx_HAL_Driver/Src/stm32g0xx_hal_flash.c ****     {
 192:../../../../..//Drivers/STM32G0xx_HAL_Driver/Src/stm32g0xx_hal_flash.c ****       /* Check the parameters */
 193:../../../../..//Drivers/STM32G0xx_HAL_Driver/Src/stm32g0xx_hal_flash.c ****       assert_param(IS_FLASH_FAST_PROGRAM_ADDRESS(Address));
 194:../../../../..//Drivers/STM32G0xx_HAL_Driver/Src/stm32g0xx_hal_flash.c **** 
 195:../../../../..//Drivers/STM32G0xx_HAL_Driver/Src/stm32g0xx_hal_flash.c ****       /* Fast program a 32 row double-word (64-bit) at a specified address */
 196:../../../../..//Drivers/STM32G0xx_HAL_Driver/Src/stm32g0xx_hal_flash.c ****       FLASH_Program_Fast(Address, (uint32_t)Data);
 197:../../../../..//Drivers/STM32G0xx_HAL_Driver/Src/stm32g0xx_hal_flash.c ****     }
 198:../../../../..//Drivers/STM32G0xx_HAL_Driver/Src/stm32g0xx_hal_flash.c **** 
 199:../../../../..//Drivers/STM32G0xx_HAL_Driver/Src/stm32g0xx_hal_flash.c ****     /* Wait for last operation to be completed */
 200:../../../../..//Drivers/STM32G0xx_HAL_Driver/Src/stm32g0xx_hal_flash.c ****     status = FLASH_WaitForLastOperation(FLASH_TIMEOUT_VALUE);
 201:../../../../..//Drivers/STM32G0xx_HAL_Driver/Src/stm32g0xx_hal_flash.c **** 
 202:../../../../..//Drivers/STM32G0xx_HAL_Driver/Src/stm32g0xx_hal_flash.c ****     /* If the program operation is completed, disable the PG or FSTPG Bit */
 203:../../../../..//Drivers/STM32G0xx_HAL_Driver/Src/stm32g0xx_hal_flash.c ****     CLEAR_BIT(FLASH->CR, TypeProgram);
ARM GAS  /tmp/ccW7HcuX.s 			page 5


 204:../../../../..//Drivers/STM32G0xx_HAL_Driver/Src/stm32g0xx_hal_flash.c ****   }
 205:../../../../..//Drivers/STM32G0xx_HAL_Driver/Src/stm32g0xx_hal_flash.c **** 
 206:../../../../..//Drivers/STM32G0xx_HAL_Driver/Src/stm32g0xx_hal_flash.c ****   /* Process Unlocked */
 207:../../../../..//Drivers/STM32G0xx_HAL_Driver/Src/stm32g0xx_hal_flash.c ****   __HAL_UNLOCK(&pFlash);
 208:../../../../..//Drivers/STM32G0xx_HAL_Driver/Src/stm32g0xx_hal_flash.c **** 
 209:../../../../..//Drivers/STM32G0xx_HAL_Driver/Src/stm32g0xx_hal_flash.c ****   /* return status */
 210:../../../../..//Drivers/STM32G0xx_HAL_Driver/Src/stm32g0xx_hal_flash.c ****   return status;
 211:../../../../..//Drivers/STM32G0xx_HAL_Driver/Src/stm32g0xx_hal_flash.c **** }
 212:../../../../..//Drivers/STM32G0xx_HAL_Driver/Src/stm32g0xx_hal_flash.c **** 
 213:../../../../..//Drivers/STM32G0xx_HAL_Driver/Src/stm32g0xx_hal_flash.c **** /**
 214:../../../../..//Drivers/STM32G0xx_HAL_Driver/Src/stm32g0xx_hal_flash.c ****   * @brief  Program double word or fast program of a row at a specified address with interrupt enab
 215:../../../../..//Drivers/STM32G0xx_HAL_Driver/Src/stm32g0xx_hal_flash.c ****   * @param  TypeProgram Indicate the way to program at a specified address.
 216:../../../../..//Drivers/STM32G0xx_HAL_Driver/Src/stm32g0xx_hal_flash.c ****   *                      This parameter can be a value of @ref FLASH_Type_Program
 217:../../../../..//Drivers/STM32G0xx_HAL_Driver/Src/stm32g0xx_hal_flash.c ****   * @param  Address Specifies the address to be programmed.
 218:../../../../..//Drivers/STM32G0xx_HAL_Driver/Src/stm32g0xx_hal_flash.c ****   * @param  Data Specifies the data to be programmed
 219:../../../../..//Drivers/STM32G0xx_HAL_Driver/Src/stm32g0xx_hal_flash.c ****   *               This parameter is the data for the double word program and the address where
 220:../../../../..//Drivers/STM32G0xx_HAL_Driver/Src/stm32g0xx_hal_flash.c ****   *               are stored the data for the row fast program depending on the TypeProgram:
 221:../../../../..//Drivers/STM32G0xx_HAL_Driver/Src/stm32g0xx_hal_flash.c ****   *               TypeProgram = FLASH_TYPEPROGRAM_DOUBLEWORD (64-bit)
 222:../../../../..//Drivers/STM32G0xx_HAL_Driver/Src/stm32g0xx_hal_flash.c ****   *               TypeProgram = FLASH_TYPEPROGRAM_FAST (32-bit).
 223:../../../../..//Drivers/STM32G0xx_HAL_Driver/Src/stm32g0xx_hal_flash.c ****   *
 224:../../../../..//Drivers/STM32G0xx_HAL_Driver/Src/stm32g0xx_hal_flash.c ****   * @retval HAL Status
 225:../../../../..//Drivers/STM32G0xx_HAL_Driver/Src/stm32g0xx_hal_flash.c ****   */
 226:../../../../..//Drivers/STM32G0xx_HAL_Driver/Src/stm32g0xx_hal_flash.c **** HAL_StatusTypeDef HAL_FLASH_Program_IT(uint32_t TypeProgram, uint32_t Address, uint64_t Data)
 227:../../../../..//Drivers/STM32G0xx_HAL_Driver/Src/stm32g0xx_hal_flash.c **** {
 228:../../../../..//Drivers/STM32G0xx_HAL_Driver/Src/stm32g0xx_hal_flash.c ****   HAL_StatusTypeDef status;
 229:../../../../..//Drivers/STM32G0xx_HAL_Driver/Src/stm32g0xx_hal_flash.c **** 
 230:../../../../..//Drivers/STM32G0xx_HAL_Driver/Src/stm32g0xx_hal_flash.c ****   /* Check the parameters */
 231:../../../../..//Drivers/STM32G0xx_HAL_Driver/Src/stm32g0xx_hal_flash.c ****   assert_param(IS_FLASH_TYPEPROGRAM(TypeProgram));
 232:../../../../..//Drivers/STM32G0xx_HAL_Driver/Src/stm32g0xx_hal_flash.c **** 
 233:../../../../..//Drivers/STM32G0xx_HAL_Driver/Src/stm32g0xx_hal_flash.c ****   /* Process Locked */
 234:../../../../..//Drivers/STM32G0xx_HAL_Driver/Src/stm32g0xx_hal_flash.c ****   __HAL_LOCK(&pFlash);
 235:../../../../..//Drivers/STM32G0xx_HAL_Driver/Src/stm32g0xx_hal_flash.c **** 
 236:../../../../..//Drivers/STM32G0xx_HAL_Driver/Src/stm32g0xx_hal_flash.c ****   /* Reset error code */
 237:../../../../..//Drivers/STM32G0xx_HAL_Driver/Src/stm32g0xx_hal_flash.c ****   pFlash.ErrorCode = HAL_FLASH_ERROR_NONE;
 238:../../../../..//Drivers/STM32G0xx_HAL_Driver/Src/stm32g0xx_hal_flash.c **** 
 239:../../../../..//Drivers/STM32G0xx_HAL_Driver/Src/stm32g0xx_hal_flash.c ****   /* Wait for last operation to be completed */
 240:../../../../..//Drivers/STM32G0xx_HAL_Driver/Src/stm32g0xx_hal_flash.c ****   status = FLASH_WaitForLastOperation(FLASH_TIMEOUT_VALUE);
 241:../../../../..//Drivers/STM32G0xx_HAL_Driver/Src/stm32g0xx_hal_flash.c **** 
 242:../../../../..//Drivers/STM32G0xx_HAL_Driver/Src/stm32g0xx_hal_flash.c ****   if (status != HAL_OK)
 243:../../../../..//Drivers/STM32G0xx_HAL_Driver/Src/stm32g0xx_hal_flash.c ****   {
 244:../../../../..//Drivers/STM32G0xx_HAL_Driver/Src/stm32g0xx_hal_flash.c ****     /* Process Unlocked */
 245:../../../../..//Drivers/STM32G0xx_HAL_Driver/Src/stm32g0xx_hal_flash.c ****     __HAL_UNLOCK(&pFlash);
 246:../../../../..//Drivers/STM32G0xx_HAL_Driver/Src/stm32g0xx_hal_flash.c ****   }
 247:../../../../..//Drivers/STM32G0xx_HAL_Driver/Src/stm32g0xx_hal_flash.c ****   else
 248:../../../../..//Drivers/STM32G0xx_HAL_Driver/Src/stm32g0xx_hal_flash.c ****   {
 249:../../../../..//Drivers/STM32G0xx_HAL_Driver/Src/stm32g0xx_hal_flash.c ****     /* Set internal variables used by the IRQ handler */
 250:../../../../..//Drivers/STM32G0xx_HAL_Driver/Src/stm32g0xx_hal_flash.c ****     pFlash.ProcedureOnGoing = TypeProgram;
 251:../../../../..//Drivers/STM32G0xx_HAL_Driver/Src/stm32g0xx_hal_flash.c ****     pFlash.Address = Address;
 252:../../../../..//Drivers/STM32G0xx_HAL_Driver/Src/stm32g0xx_hal_flash.c **** 
 253:../../../../..//Drivers/STM32G0xx_HAL_Driver/Src/stm32g0xx_hal_flash.c ****     /* Enable End of Operation and Error interrupts */
 254:../../../../..//Drivers/STM32G0xx_HAL_Driver/Src/stm32g0xx_hal_flash.c ****     FLASH->CR |= FLASH_CR_EOPIE | FLASH_CR_ERRIE;
 255:../../../../..//Drivers/STM32G0xx_HAL_Driver/Src/stm32g0xx_hal_flash.c **** 
 256:../../../../..//Drivers/STM32G0xx_HAL_Driver/Src/stm32g0xx_hal_flash.c ****     if (TypeProgram == FLASH_TYPEPROGRAM_DOUBLEWORD)
 257:../../../../..//Drivers/STM32G0xx_HAL_Driver/Src/stm32g0xx_hal_flash.c ****     {
 258:../../../../..//Drivers/STM32G0xx_HAL_Driver/Src/stm32g0xx_hal_flash.c ****       /* Check the parameters */
 259:../../../../..//Drivers/STM32G0xx_HAL_Driver/Src/stm32g0xx_hal_flash.c ****       assert_param(IS_FLASH_PROGRAM_ADDRESS(Address));
 260:../../../../..//Drivers/STM32G0xx_HAL_Driver/Src/stm32g0xx_hal_flash.c **** 
ARM GAS  /tmp/ccW7HcuX.s 			page 6


 261:../../../../..//Drivers/STM32G0xx_HAL_Driver/Src/stm32g0xx_hal_flash.c ****       /* Program double-word (64-bit) at a specified address */
 262:../../../../..//Drivers/STM32G0xx_HAL_Driver/Src/stm32g0xx_hal_flash.c ****       FLASH_Program_DoubleWord(Address, Data);
 263:../../../../..//Drivers/STM32G0xx_HAL_Driver/Src/stm32g0xx_hal_flash.c ****     }
 264:../../../../..//Drivers/STM32G0xx_HAL_Driver/Src/stm32g0xx_hal_flash.c ****     else
 265:../../../../..//Drivers/STM32G0xx_HAL_Driver/Src/stm32g0xx_hal_flash.c ****     {
 266:../../../../..//Drivers/STM32G0xx_HAL_Driver/Src/stm32g0xx_hal_flash.c ****       /* Check the parameters */
 267:../../../../..//Drivers/STM32G0xx_HAL_Driver/Src/stm32g0xx_hal_flash.c ****       assert_param(IS_FLASH_FAST_PROGRAM_ADDRESS(Address));
 268:../../../../..//Drivers/STM32G0xx_HAL_Driver/Src/stm32g0xx_hal_flash.c **** 
 269:../../../../..//Drivers/STM32G0xx_HAL_Driver/Src/stm32g0xx_hal_flash.c ****       /* Fast program a 32 row double-word (64-bit) at a specified address */
 270:../../../../..//Drivers/STM32G0xx_HAL_Driver/Src/stm32g0xx_hal_flash.c ****       FLASH_Program_Fast(Address, (uint32_t)Data);
 271:../../../../..//Drivers/STM32G0xx_HAL_Driver/Src/stm32g0xx_hal_flash.c ****     }
 272:../../../../..//Drivers/STM32G0xx_HAL_Driver/Src/stm32g0xx_hal_flash.c ****   }
 273:../../../../..//Drivers/STM32G0xx_HAL_Driver/Src/stm32g0xx_hal_flash.c **** 
 274:../../../../..//Drivers/STM32G0xx_HAL_Driver/Src/stm32g0xx_hal_flash.c ****   /* return status */
 275:../../../../..//Drivers/STM32G0xx_HAL_Driver/Src/stm32g0xx_hal_flash.c ****   return status;
 276:../../../../..//Drivers/STM32G0xx_HAL_Driver/Src/stm32g0xx_hal_flash.c **** }
 277:../../../../..//Drivers/STM32G0xx_HAL_Driver/Src/stm32g0xx_hal_flash.c **** 
 278:../../../../..//Drivers/STM32G0xx_HAL_Driver/Src/stm32g0xx_hal_flash.c **** /**
 279:../../../../..//Drivers/STM32G0xx_HAL_Driver/Src/stm32g0xx_hal_flash.c ****   * @brief Handle FLASH interrupt request.
 280:../../../../..//Drivers/STM32G0xx_HAL_Driver/Src/stm32g0xx_hal_flash.c ****   * @retval None
 281:../../../../..//Drivers/STM32G0xx_HAL_Driver/Src/stm32g0xx_hal_flash.c ****   */
 282:../../../../..//Drivers/STM32G0xx_HAL_Driver/Src/stm32g0xx_hal_flash.c **** void HAL_FLASH_IRQHandler(void)
 283:../../../../..//Drivers/STM32G0xx_HAL_Driver/Src/stm32g0xx_hal_flash.c **** {
 284:../../../../..//Drivers/STM32G0xx_HAL_Driver/Src/stm32g0xx_hal_flash.c ****   uint32_t param;
 285:../../../../..//Drivers/STM32G0xx_HAL_Driver/Src/stm32g0xx_hal_flash.c ****   uint32_t error;
 286:../../../../..//Drivers/STM32G0xx_HAL_Driver/Src/stm32g0xx_hal_flash.c **** 
 287:../../../../..//Drivers/STM32G0xx_HAL_Driver/Src/stm32g0xx_hal_flash.c ****   /* Save flash errors. */
 288:../../../../..//Drivers/STM32G0xx_HAL_Driver/Src/stm32g0xx_hal_flash.c ****   error = (FLASH->SR & FLASH_SR_ERRORS);
 289:../../../../..//Drivers/STM32G0xx_HAL_Driver/Src/stm32g0xx_hal_flash.c **** 
 290:../../../../..//Drivers/STM32G0xx_HAL_Driver/Src/stm32g0xx_hal_flash.c ****   /* A] Set parameter for user or error callbacks */
 291:../../../../..//Drivers/STM32G0xx_HAL_Driver/Src/stm32g0xx_hal_flash.c ****   /* check operation was a program or erase */
 292:../../../../..//Drivers/STM32G0xx_HAL_Driver/Src/stm32g0xx_hal_flash.c ****   if ((pFlash.ProcedureOnGoing & FLASH_TYPEERASE_MASS) != 0x00U)
 293:../../../../..//Drivers/STM32G0xx_HAL_Driver/Src/stm32g0xx_hal_flash.c ****   {
 294:../../../../..//Drivers/STM32G0xx_HAL_Driver/Src/stm32g0xx_hal_flash.c ****     /* return bank number */
 295:../../../../..//Drivers/STM32G0xx_HAL_Driver/Src/stm32g0xx_hal_flash.c ****     param = pFlash.Banks;
 296:../../../../..//Drivers/STM32G0xx_HAL_Driver/Src/stm32g0xx_hal_flash.c ****   }
 297:../../../../..//Drivers/STM32G0xx_HAL_Driver/Src/stm32g0xx_hal_flash.c ****   else
 298:../../../../..//Drivers/STM32G0xx_HAL_Driver/Src/stm32g0xx_hal_flash.c ****   {
 299:../../../../..//Drivers/STM32G0xx_HAL_Driver/Src/stm32g0xx_hal_flash.c ****     /* Clear operation only for page erase or program */
 300:../../../../..//Drivers/STM32G0xx_HAL_Driver/Src/stm32g0xx_hal_flash.c ****     CLEAR_BIT(FLASH->CR, pFlash.ProcedureOnGoing);
 301:../../../../..//Drivers/STM32G0xx_HAL_Driver/Src/stm32g0xx_hal_flash.c **** 
 302:../../../../..//Drivers/STM32G0xx_HAL_Driver/Src/stm32g0xx_hal_flash.c ****     if ((pFlash.ProcedureOnGoing & (FLASH_TYPEPROGRAM_DOUBLEWORD | FLASH_TYPEPROGRAM_FAST)) != 0x00
 303:../../../../..//Drivers/STM32G0xx_HAL_Driver/Src/stm32g0xx_hal_flash.c ****     {
 304:../../../../..//Drivers/STM32G0xx_HAL_Driver/Src/stm32g0xx_hal_flash.c ****       /* return address being programmed */
 305:../../../../..//Drivers/STM32G0xx_HAL_Driver/Src/stm32g0xx_hal_flash.c ****       param = pFlash.Address;
 306:../../../../..//Drivers/STM32G0xx_HAL_Driver/Src/stm32g0xx_hal_flash.c ****     }
 307:../../../../..//Drivers/STM32G0xx_HAL_Driver/Src/stm32g0xx_hal_flash.c ****     else
 308:../../../../..//Drivers/STM32G0xx_HAL_Driver/Src/stm32g0xx_hal_flash.c ****     {
 309:../../../../..//Drivers/STM32G0xx_HAL_Driver/Src/stm32g0xx_hal_flash.c ****       /* return page number being erased */
 310:../../../../..//Drivers/STM32G0xx_HAL_Driver/Src/stm32g0xx_hal_flash.c ****       param = pFlash.Page;
 311:../../../../..//Drivers/STM32G0xx_HAL_Driver/Src/stm32g0xx_hal_flash.c ****     }
 312:../../../../..//Drivers/STM32G0xx_HAL_Driver/Src/stm32g0xx_hal_flash.c ****   }
 313:../../../../..//Drivers/STM32G0xx_HAL_Driver/Src/stm32g0xx_hal_flash.c **** 
 314:../../../../..//Drivers/STM32G0xx_HAL_Driver/Src/stm32g0xx_hal_flash.c ****   /* B] Check errors */
 315:../../../../..//Drivers/STM32G0xx_HAL_Driver/Src/stm32g0xx_hal_flash.c ****   if (error != 0x00U)
 316:../../../../..//Drivers/STM32G0xx_HAL_Driver/Src/stm32g0xx_hal_flash.c ****   {
 317:../../../../..//Drivers/STM32G0xx_HAL_Driver/Src/stm32g0xx_hal_flash.c ****     /*Save the error code*/
ARM GAS  /tmp/ccW7HcuX.s 			page 7


 318:../../../../..//Drivers/STM32G0xx_HAL_Driver/Src/stm32g0xx_hal_flash.c ****     pFlash.ErrorCode |= error;
 319:../../../../..//Drivers/STM32G0xx_HAL_Driver/Src/stm32g0xx_hal_flash.c **** 
 320:../../../../..//Drivers/STM32G0xx_HAL_Driver/Src/stm32g0xx_hal_flash.c ****     /* clear error flags */
 321:../../../../..//Drivers/STM32G0xx_HAL_Driver/Src/stm32g0xx_hal_flash.c ****     FLASH->SR = FLASH_SR_ERRORS;
 322:../../../../..//Drivers/STM32G0xx_HAL_Driver/Src/stm32g0xx_hal_flash.c **** 
 323:../../../../..//Drivers/STM32G0xx_HAL_Driver/Src/stm32g0xx_hal_flash.c ****     /*Stop the procedure ongoing*/
 324:../../../../..//Drivers/STM32G0xx_HAL_Driver/Src/stm32g0xx_hal_flash.c ****     pFlash.ProcedureOnGoing = FLASH_TYPENONE;
 325:../../../../..//Drivers/STM32G0xx_HAL_Driver/Src/stm32g0xx_hal_flash.c **** 
 326:../../../../..//Drivers/STM32G0xx_HAL_Driver/Src/stm32g0xx_hal_flash.c ****     /* Error callback */
 327:../../../../..//Drivers/STM32G0xx_HAL_Driver/Src/stm32g0xx_hal_flash.c ****     HAL_FLASH_OperationErrorCallback(param);
 328:../../../../..//Drivers/STM32G0xx_HAL_Driver/Src/stm32g0xx_hal_flash.c ****   }
 329:../../../../..//Drivers/STM32G0xx_HAL_Driver/Src/stm32g0xx_hal_flash.c **** 
 330:../../../../..//Drivers/STM32G0xx_HAL_Driver/Src/stm32g0xx_hal_flash.c ****   /* C] Check FLASH End of Operation flag */
 331:../../../../..//Drivers/STM32G0xx_HAL_Driver/Src/stm32g0xx_hal_flash.c ****   if ((FLASH->SR & FLASH_SR_EOP) != 0x00U)
 332:../../../../..//Drivers/STM32G0xx_HAL_Driver/Src/stm32g0xx_hal_flash.c ****   {
 333:../../../../..//Drivers/STM32G0xx_HAL_Driver/Src/stm32g0xx_hal_flash.c ****     /* Clear FLASH End of Operation pending bit */
 334:../../../../..//Drivers/STM32G0xx_HAL_Driver/Src/stm32g0xx_hal_flash.c ****     FLASH->SR = FLASH_SR_EOP;
 335:../../../../..//Drivers/STM32G0xx_HAL_Driver/Src/stm32g0xx_hal_flash.c **** 
 336:../../../../..//Drivers/STM32G0xx_HAL_Driver/Src/stm32g0xx_hal_flash.c ****     if (pFlash.ProcedureOnGoing == FLASH_TYPEERASE_PAGES)
 337:../../../../..//Drivers/STM32G0xx_HAL_Driver/Src/stm32g0xx_hal_flash.c ****     {
 338:../../../../..//Drivers/STM32G0xx_HAL_Driver/Src/stm32g0xx_hal_flash.c ****       /* Nb of pages to erased can be decreased */
 339:../../../../..//Drivers/STM32G0xx_HAL_Driver/Src/stm32g0xx_hal_flash.c ****       pFlash.NbPagesToErase--;
 340:../../../../..//Drivers/STM32G0xx_HAL_Driver/Src/stm32g0xx_hal_flash.c **** 
 341:../../../../..//Drivers/STM32G0xx_HAL_Driver/Src/stm32g0xx_hal_flash.c ****       /* Check if there are still pages to erase*/
 342:../../../../..//Drivers/STM32G0xx_HAL_Driver/Src/stm32g0xx_hal_flash.c ****       if (pFlash.NbPagesToErase != 0x00U)
 343:../../../../..//Drivers/STM32G0xx_HAL_Driver/Src/stm32g0xx_hal_flash.c ****       {
 344:../../../../..//Drivers/STM32G0xx_HAL_Driver/Src/stm32g0xx_hal_flash.c ****         /* Increment page number */
 345:../../../../..//Drivers/STM32G0xx_HAL_Driver/Src/stm32g0xx_hal_flash.c ****         pFlash.Page++;
 346:../../../../..//Drivers/STM32G0xx_HAL_Driver/Src/stm32g0xx_hal_flash.c ****         FLASH_PageErase(pFlash.Banks, pFlash.Page);
 347:../../../../..//Drivers/STM32G0xx_HAL_Driver/Src/stm32g0xx_hal_flash.c ****       }
 348:../../../../..//Drivers/STM32G0xx_HAL_Driver/Src/stm32g0xx_hal_flash.c ****       else
 349:../../../../..//Drivers/STM32G0xx_HAL_Driver/Src/stm32g0xx_hal_flash.c ****       {
 350:../../../../..//Drivers/STM32G0xx_HAL_Driver/Src/stm32g0xx_hal_flash.c ****         /* No more pages to erase: stop erase pages procedure */
 351:../../../../..//Drivers/STM32G0xx_HAL_Driver/Src/stm32g0xx_hal_flash.c ****         pFlash.ProcedureOnGoing = FLASH_TYPENONE;
 352:../../../../..//Drivers/STM32G0xx_HAL_Driver/Src/stm32g0xx_hal_flash.c ****       }
 353:../../../../..//Drivers/STM32G0xx_HAL_Driver/Src/stm32g0xx_hal_flash.c ****     }
 354:../../../../..//Drivers/STM32G0xx_HAL_Driver/Src/stm32g0xx_hal_flash.c ****     else
 355:../../../../..//Drivers/STM32G0xx_HAL_Driver/Src/stm32g0xx_hal_flash.c ****     {
 356:../../../../..//Drivers/STM32G0xx_HAL_Driver/Src/stm32g0xx_hal_flash.c ****       /*Stop the ongoing procedure */
 357:../../../../..//Drivers/STM32G0xx_HAL_Driver/Src/stm32g0xx_hal_flash.c ****       pFlash.ProcedureOnGoing = FLASH_TYPENONE;
 358:../../../../..//Drivers/STM32G0xx_HAL_Driver/Src/stm32g0xx_hal_flash.c ****     }
 359:../../../../..//Drivers/STM32G0xx_HAL_Driver/Src/stm32g0xx_hal_flash.c **** 
 360:../../../../..//Drivers/STM32G0xx_HAL_Driver/Src/stm32g0xx_hal_flash.c ****     /* User callback */
 361:../../../../..//Drivers/STM32G0xx_HAL_Driver/Src/stm32g0xx_hal_flash.c ****     HAL_FLASH_EndOfOperationCallback(param);
 362:../../../../..//Drivers/STM32G0xx_HAL_Driver/Src/stm32g0xx_hal_flash.c ****   }
 363:../../../../..//Drivers/STM32G0xx_HAL_Driver/Src/stm32g0xx_hal_flash.c **** 
 364:../../../../..//Drivers/STM32G0xx_HAL_Driver/Src/stm32g0xx_hal_flash.c ****   if (pFlash.ProcedureOnGoing == FLASH_TYPENONE)
 365:../../../../..//Drivers/STM32G0xx_HAL_Driver/Src/stm32g0xx_hal_flash.c ****   {
 366:../../../../..//Drivers/STM32G0xx_HAL_Driver/Src/stm32g0xx_hal_flash.c ****     /* Disable End of Operation and Error interrupts */
 367:../../../../..//Drivers/STM32G0xx_HAL_Driver/Src/stm32g0xx_hal_flash.c ****     FLASH->CR &= ~(FLASH_CR_EOPIE | FLASH_CR_ERRIE);
 368:../../../../..//Drivers/STM32G0xx_HAL_Driver/Src/stm32g0xx_hal_flash.c **** 
 369:../../../../..//Drivers/STM32G0xx_HAL_Driver/Src/stm32g0xx_hal_flash.c ****     /* Process Unlocked */
 370:../../../../..//Drivers/STM32G0xx_HAL_Driver/Src/stm32g0xx_hal_flash.c ****     __HAL_UNLOCK(&pFlash);
 371:../../../../..//Drivers/STM32G0xx_HAL_Driver/Src/stm32g0xx_hal_flash.c ****   }
 372:../../../../..//Drivers/STM32G0xx_HAL_Driver/Src/stm32g0xx_hal_flash.c **** }
 373:../../../../..//Drivers/STM32G0xx_HAL_Driver/Src/stm32g0xx_hal_flash.c **** 
 374:../../../../..//Drivers/STM32G0xx_HAL_Driver/Src/stm32g0xx_hal_flash.c **** /**
ARM GAS  /tmp/ccW7HcuX.s 			page 8


 375:../../../../..//Drivers/STM32G0xx_HAL_Driver/Src/stm32g0xx_hal_flash.c ****   * @brief  FLASH end of operation interrupt callback.
 376:../../../../..//Drivers/STM32G0xx_HAL_Driver/Src/stm32g0xx_hal_flash.c ****   * @param  ReturnValue The value saved in this parameter depends on the ongoing procedure
 377:../../../../..//Drivers/STM32G0xx_HAL_Driver/Src/stm32g0xx_hal_flash.c ****   *                  Mass Erase: 0
 378:../../../../..//Drivers/STM32G0xx_HAL_Driver/Src/stm32g0xx_hal_flash.c ****   *                  Page Erase: Page which has been erased
 379:../../../../..//Drivers/STM32G0xx_HAL_Driver/Src/stm32g0xx_hal_flash.c ****   *                  Program: Address which was selected for data program
 380:../../../../..//Drivers/STM32G0xx_HAL_Driver/Src/stm32g0xx_hal_flash.c ****   * @retval None
 381:../../../../..//Drivers/STM32G0xx_HAL_Driver/Src/stm32g0xx_hal_flash.c ****   */
 382:../../../../..//Drivers/STM32G0xx_HAL_Driver/Src/stm32g0xx_hal_flash.c **** __weak void HAL_FLASH_EndOfOperationCallback(uint32_t ReturnValue)
 383:../../../../..//Drivers/STM32G0xx_HAL_Driver/Src/stm32g0xx_hal_flash.c **** {
 384:../../../../..//Drivers/STM32G0xx_HAL_Driver/Src/stm32g0xx_hal_flash.c ****   /* Prevent unused argument(s) compilation warning */
 385:../../../../..//Drivers/STM32G0xx_HAL_Driver/Src/stm32g0xx_hal_flash.c ****   UNUSED(ReturnValue);
 386:../../../../..//Drivers/STM32G0xx_HAL_Driver/Src/stm32g0xx_hal_flash.c **** 
 387:../../../../..//Drivers/STM32G0xx_HAL_Driver/Src/stm32g0xx_hal_flash.c ****   /* NOTE : This function should not be modified, when the callback is needed,
 388:../../../../..//Drivers/STM32G0xx_HAL_Driver/Src/stm32g0xx_hal_flash.c ****             the HAL_FLASH_EndOfOperationCallback could be implemented in the user file
 389:../../../../..//Drivers/STM32G0xx_HAL_Driver/Src/stm32g0xx_hal_flash.c ****    */
 390:../../../../..//Drivers/STM32G0xx_HAL_Driver/Src/stm32g0xx_hal_flash.c **** }
 391:../../../../..//Drivers/STM32G0xx_HAL_Driver/Src/stm32g0xx_hal_flash.c **** 
 392:../../../../..//Drivers/STM32G0xx_HAL_Driver/Src/stm32g0xx_hal_flash.c **** /**
 393:../../../../..//Drivers/STM32G0xx_HAL_Driver/Src/stm32g0xx_hal_flash.c ****   * @brief  FLASH operation error interrupt callback.
 394:../../../../..//Drivers/STM32G0xx_HAL_Driver/Src/stm32g0xx_hal_flash.c ****   * @param  ReturnValue The value saved in this parameter depends on the ongoing procedure
 395:../../../../..//Drivers/STM32G0xx_HAL_Driver/Src/stm32g0xx_hal_flash.c ****   *                 Mass Erase: 0
 396:../../../../..//Drivers/STM32G0xx_HAL_Driver/Src/stm32g0xx_hal_flash.c ****   *                 Page Erase: Page number which returned an error
 397:../../../../..//Drivers/STM32G0xx_HAL_Driver/Src/stm32g0xx_hal_flash.c ****   *                 Program: Address which was selected for data program
 398:../../../../..//Drivers/STM32G0xx_HAL_Driver/Src/stm32g0xx_hal_flash.c ****   * @retval None
 399:../../../../..//Drivers/STM32G0xx_HAL_Driver/Src/stm32g0xx_hal_flash.c ****   */
 400:../../../../..//Drivers/STM32G0xx_HAL_Driver/Src/stm32g0xx_hal_flash.c **** __weak void HAL_FLASH_OperationErrorCallback(uint32_t ReturnValue)
 401:../../../../..//Drivers/STM32G0xx_HAL_Driver/Src/stm32g0xx_hal_flash.c **** {
 402:../../../../..//Drivers/STM32G0xx_HAL_Driver/Src/stm32g0xx_hal_flash.c ****   /* Prevent unused argument(s) compilation warning */
 403:../../../../..//Drivers/STM32G0xx_HAL_Driver/Src/stm32g0xx_hal_flash.c ****   UNUSED(ReturnValue);
 404:../../../../..//Drivers/STM32G0xx_HAL_Driver/Src/stm32g0xx_hal_flash.c **** 
 405:../../../../..//Drivers/STM32G0xx_HAL_Driver/Src/stm32g0xx_hal_flash.c ****   /* NOTE : This function should not be modified, when the callback is needed,
 406:../../../../..//Drivers/STM32G0xx_HAL_Driver/Src/stm32g0xx_hal_flash.c ****             the HAL_FLASH_OperationErrorCallback could be implemented in the user file
 407:../../../../..//Drivers/STM32G0xx_HAL_Driver/Src/stm32g0xx_hal_flash.c ****    */
 408:../../../../..//Drivers/STM32G0xx_HAL_Driver/Src/stm32g0xx_hal_flash.c **** }
 409:../../../../..//Drivers/STM32G0xx_HAL_Driver/Src/stm32g0xx_hal_flash.c **** 
 410:../../../../..//Drivers/STM32G0xx_HAL_Driver/Src/stm32g0xx_hal_flash.c **** /**
 411:../../../../..//Drivers/STM32G0xx_HAL_Driver/Src/stm32g0xx_hal_flash.c ****   * @}
 412:../../../../..//Drivers/STM32G0xx_HAL_Driver/Src/stm32g0xx_hal_flash.c ****   */
 413:../../../../..//Drivers/STM32G0xx_HAL_Driver/Src/stm32g0xx_hal_flash.c **** 
 414:../../../../..//Drivers/STM32G0xx_HAL_Driver/Src/stm32g0xx_hal_flash.c **** /** @defgroup FLASH_Exported_Functions_Group2 Peripheral Control functions
 415:../../../../..//Drivers/STM32G0xx_HAL_Driver/Src/stm32g0xx_hal_flash.c ****   *  @brief   Management functions
 416:../../../../..//Drivers/STM32G0xx_HAL_Driver/Src/stm32g0xx_hal_flash.c ****   *
 417:../../../../..//Drivers/STM32G0xx_HAL_Driver/Src/stm32g0xx_hal_flash.c **** @verbatim
 418:../../../../..//Drivers/STM32G0xx_HAL_Driver/Src/stm32g0xx_hal_flash.c ****  ===============================================================================
 419:../../../../..//Drivers/STM32G0xx_HAL_Driver/Src/stm32g0xx_hal_flash.c ****                       ##### Peripheral Control functions #####
 420:../../../../..//Drivers/STM32G0xx_HAL_Driver/Src/stm32g0xx_hal_flash.c ****  ===============================================================================
 421:../../../../..//Drivers/STM32G0xx_HAL_Driver/Src/stm32g0xx_hal_flash.c ****     [..]
 422:../../../../..//Drivers/STM32G0xx_HAL_Driver/Src/stm32g0xx_hal_flash.c ****     This subsection provides a set of functions allowing to control the FLASH
 423:../../../../..//Drivers/STM32G0xx_HAL_Driver/Src/stm32g0xx_hal_flash.c ****     memory operations.
 424:../../../../..//Drivers/STM32G0xx_HAL_Driver/Src/stm32g0xx_hal_flash.c **** 
 425:../../../../..//Drivers/STM32G0xx_HAL_Driver/Src/stm32g0xx_hal_flash.c **** @endverbatim
 426:../../../../..//Drivers/STM32G0xx_HAL_Driver/Src/stm32g0xx_hal_flash.c ****   * @{
 427:../../../../..//Drivers/STM32G0xx_HAL_Driver/Src/stm32g0xx_hal_flash.c ****   */
 428:../../../../..//Drivers/STM32G0xx_HAL_Driver/Src/stm32g0xx_hal_flash.c **** 
 429:../../../../..//Drivers/STM32G0xx_HAL_Driver/Src/stm32g0xx_hal_flash.c **** /**
 430:../../../../..//Drivers/STM32G0xx_HAL_Driver/Src/stm32g0xx_hal_flash.c ****   * @brief  Unlock the FLASH control register access.
 431:../../../../..//Drivers/STM32G0xx_HAL_Driver/Src/stm32g0xx_hal_flash.c ****   * @retval HAL Status
ARM GAS  /tmp/ccW7HcuX.s 			page 9


 432:../../../../..//Drivers/STM32G0xx_HAL_Driver/Src/stm32g0xx_hal_flash.c ****   */
 433:../../../../..//Drivers/STM32G0xx_HAL_Driver/Src/stm32g0xx_hal_flash.c **** HAL_StatusTypeDef HAL_FLASH_Unlock(void)
 434:../../../../..//Drivers/STM32G0xx_HAL_Driver/Src/stm32g0xx_hal_flash.c **** {
 435:../../../../..//Drivers/STM32G0xx_HAL_Driver/Src/stm32g0xx_hal_flash.c ****   HAL_StatusTypeDef status = HAL_OK;
 436:../../../../..//Drivers/STM32G0xx_HAL_Driver/Src/stm32g0xx_hal_flash.c **** 
 437:../../../../..//Drivers/STM32G0xx_HAL_Driver/Src/stm32g0xx_hal_flash.c ****   if (READ_BIT(FLASH->CR, FLASH_CR_LOCK) != 0x00U)
 438:../../../../..//Drivers/STM32G0xx_HAL_Driver/Src/stm32g0xx_hal_flash.c ****   {
 439:../../../../..//Drivers/STM32G0xx_HAL_Driver/Src/stm32g0xx_hal_flash.c ****     /* Authorize the FLASH Registers access */
 440:../../../../..//Drivers/STM32G0xx_HAL_Driver/Src/stm32g0xx_hal_flash.c ****     WRITE_REG(FLASH->KEYR, FLASH_KEY1);
 441:../../../../..//Drivers/STM32G0xx_HAL_Driver/Src/stm32g0xx_hal_flash.c ****     WRITE_REG(FLASH->KEYR, FLASH_KEY2);
 442:../../../../..//Drivers/STM32G0xx_HAL_Driver/Src/stm32g0xx_hal_flash.c **** 
 443:../../../../..//Drivers/STM32G0xx_HAL_Driver/Src/stm32g0xx_hal_flash.c ****     /* verify Flash is unlock */
 444:../../../../..//Drivers/STM32G0xx_HAL_Driver/Src/stm32g0xx_hal_flash.c ****     if (READ_BIT(FLASH->CR, FLASH_CR_LOCK) != 0x00U)
 445:../../../../..//Drivers/STM32G0xx_HAL_Driver/Src/stm32g0xx_hal_flash.c ****     {
 446:../../../../..//Drivers/STM32G0xx_HAL_Driver/Src/stm32g0xx_hal_flash.c ****       status = HAL_ERROR;
 447:../../../../..//Drivers/STM32G0xx_HAL_Driver/Src/stm32g0xx_hal_flash.c ****     }
 448:../../../../..//Drivers/STM32G0xx_HAL_Driver/Src/stm32g0xx_hal_flash.c ****   }
 449:../../../../..//Drivers/STM32G0xx_HAL_Driver/Src/stm32g0xx_hal_flash.c **** 
 450:../../../../..//Drivers/STM32G0xx_HAL_Driver/Src/stm32g0xx_hal_flash.c ****   return status;
 451:../../../../..//Drivers/STM32G0xx_HAL_Driver/Src/stm32g0xx_hal_flash.c **** }
 452:../../../../..//Drivers/STM32G0xx_HAL_Driver/Src/stm32g0xx_hal_flash.c **** 
 453:../../../../..//Drivers/STM32G0xx_HAL_Driver/Src/stm32g0xx_hal_flash.c **** /**
 454:../../../../..//Drivers/STM32G0xx_HAL_Driver/Src/stm32g0xx_hal_flash.c ****   * @brief  Lock the FLASH control register access.
 455:../../../../..//Drivers/STM32G0xx_HAL_Driver/Src/stm32g0xx_hal_flash.c ****   * @retval HAL Status
 456:../../../../..//Drivers/STM32G0xx_HAL_Driver/Src/stm32g0xx_hal_flash.c ****   */
 457:../../../../..//Drivers/STM32G0xx_HAL_Driver/Src/stm32g0xx_hal_flash.c **** HAL_StatusTypeDef HAL_FLASH_Lock(void)
 458:../../../../..//Drivers/STM32G0xx_HAL_Driver/Src/stm32g0xx_hal_flash.c **** {
 459:../../../../..//Drivers/STM32G0xx_HAL_Driver/Src/stm32g0xx_hal_flash.c ****   HAL_StatusTypeDef status = HAL_ERROR;
 460:../../../../..//Drivers/STM32G0xx_HAL_Driver/Src/stm32g0xx_hal_flash.c **** 
 461:../../../../..//Drivers/STM32G0xx_HAL_Driver/Src/stm32g0xx_hal_flash.c ****   /* Set the LOCK Bit to lock the FLASH Registers access */
 462:../../../../..//Drivers/STM32G0xx_HAL_Driver/Src/stm32g0xx_hal_flash.c ****   SET_BIT(FLASH->CR, FLASH_CR_LOCK);
 463:../../../../..//Drivers/STM32G0xx_HAL_Driver/Src/stm32g0xx_hal_flash.c **** 
 464:../../../../..//Drivers/STM32G0xx_HAL_Driver/Src/stm32g0xx_hal_flash.c ****   /* verify Flash is locked */
 465:../../../../..//Drivers/STM32G0xx_HAL_Driver/Src/stm32g0xx_hal_flash.c ****   if (READ_BIT(FLASH->CR, FLASH_CR_LOCK) != 0x00u)
 466:../../../../..//Drivers/STM32G0xx_HAL_Driver/Src/stm32g0xx_hal_flash.c ****   {
 467:../../../../..//Drivers/STM32G0xx_HAL_Driver/Src/stm32g0xx_hal_flash.c ****     status = HAL_OK;
 468:../../../../..//Drivers/STM32G0xx_HAL_Driver/Src/stm32g0xx_hal_flash.c ****   }
 469:../../../../..//Drivers/STM32G0xx_HAL_Driver/Src/stm32g0xx_hal_flash.c **** 
 470:../../../../..//Drivers/STM32G0xx_HAL_Driver/Src/stm32g0xx_hal_flash.c ****   return status;
 471:../../../../..//Drivers/STM32G0xx_HAL_Driver/Src/stm32g0xx_hal_flash.c **** }
 472:../../../../..//Drivers/STM32G0xx_HAL_Driver/Src/stm32g0xx_hal_flash.c **** 
 473:../../../../..//Drivers/STM32G0xx_HAL_Driver/Src/stm32g0xx_hal_flash.c **** /**
 474:../../../../..//Drivers/STM32G0xx_HAL_Driver/Src/stm32g0xx_hal_flash.c ****   * @brief  Unlock the FLASH Option Bytes Registers access.
 475:../../../../..//Drivers/STM32G0xx_HAL_Driver/Src/stm32g0xx_hal_flash.c ****   * @retval HAL Status
 476:../../../../..//Drivers/STM32G0xx_HAL_Driver/Src/stm32g0xx_hal_flash.c ****   */
 477:../../../../..//Drivers/STM32G0xx_HAL_Driver/Src/stm32g0xx_hal_flash.c **** HAL_StatusTypeDef HAL_FLASH_OB_Unlock(void)
 478:../../../../..//Drivers/STM32G0xx_HAL_Driver/Src/stm32g0xx_hal_flash.c **** {
 479:../../../../..//Drivers/STM32G0xx_HAL_Driver/Src/stm32g0xx_hal_flash.c ****   HAL_StatusTypeDef status = HAL_ERROR;
 480:../../../../..//Drivers/STM32G0xx_HAL_Driver/Src/stm32g0xx_hal_flash.c **** 
 481:../../../../..//Drivers/STM32G0xx_HAL_Driver/Src/stm32g0xx_hal_flash.c ****   if (READ_BIT(FLASH->CR, FLASH_CR_OPTLOCK) != 0x00U)
 482:../../../../..//Drivers/STM32G0xx_HAL_Driver/Src/stm32g0xx_hal_flash.c ****   {
 483:../../../../..//Drivers/STM32G0xx_HAL_Driver/Src/stm32g0xx_hal_flash.c ****     /* Authorizes the Option Byte register programming */
 484:../../../../..//Drivers/STM32G0xx_HAL_Driver/Src/stm32g0xx_hal_flash.c ****     WRITE_REG(FLASH->OPTKEYR, FLASH_OPTKEY1);
 485:../../../../..//Drivers/STM32G0xx_HAL_Driver/Src/stm32g0xx_hal_flash.c ****     WRITE_REG(FLASH->OPTKEYR, FLASH_OPTKEY2);
 486:../../../../..//Drivers/STM32G0xx_HAL_Driver/Src/stm32g0xx_hal_flash.c **** 
 487:../../../../..//Drivers/STM32G0xx_HAL_Driver/Src/stm32g0xx_hal_flash.c ****     /* verify option bytes are unlocked */
 488:../../../../..//Drivers/STM32G0xx_HAL_Driver/Src/stm32g0xx_hal_flash.c ****     if (READ_BIT(FLASH->CR, FLASH_CR_OPTLOCK) == 0x00U)
ARM GAS  /tmp/ccW7HcuX.s 			page 10


 489:../../../../..//Drivers/STM32G0xx_HAL_Driver/Src/stm32g0xx_hal_flash.c ****     {
 490:../../../../..//Drivers/STM32G0xx_HAL_Driver/Src/stm32g0xx_hal_flash.c ****       status = HAL_OK;
 491:../../../../..//Drivers/STM32G0xx_HAL_Driver/Src/stm32g0xx_hal_flash.c ****     }
 492:../../../../..//Drivers/STM32G0xx_HAL_Driver/Src/stm32g0xx_hal_flash.c ****   }
 493:../../../../..//Drivers/STM32G0xx_HAL_Driver/Src/stm32g0xx_hal_flash.c **** 
 494:../../../../..//Drivers/STM32G0xx_HAL_Driver/Src/stm32g0xx_hal_flash.c ****   return status;
 495:../../../../..//Drivers/STM32G0xx_HAL_Driver/Src/stm32g0xx_hal_flash.c **** }
 496:../../../../..//Drivers/STM32G0xx_HAL_Driver/Src/stm32g0xx_hal_flash.c **** 
 497:../../../../..//Drivers/STM32G0xx_HAL_Driver/Src/stm32g0xx_hal_flash.c **** /**
 498:../../../../..//Drivers/STM32G0xx_HAL_Driver/Src/stm32g0xx_hal_flash.c ****   * @brief  Lock the FLASH Option Bytes Registers access.
 499:../../../../..//Drivers/STM32G0xx_HAL_Driver/Src/stm32g0xx_hal_flash.c ****   * @retval HAL Status
 500:../../../../..//Drivers/STM32G0xx_HAL_Driver/Src/stm32g0xx_hal_flash.c ****   */
 501:../../../../..//Drivers/STM32G0xx_HAL_Driver/Src/stm32g0xx_hal_flash.c **** HAL_StatusTypeDef HAL_FLASH_OB_Lock(void)
 502:../../../../..//Drivers/STM32G0xx_HAL_Driver/Src/stm32g0xx_hal_flash.c **** {
 503:../../../../..//Drivers/STM32G0xx_HAL_Driver/Src/stm32g0xx_hal_flash.c ****   HAL_StatusTypeDef status = HAL_ERROR;
 504:../../../../..//Drivers/STM32G0xx_HAL_Driver/Src/stm32g0xx_hal_flash.c **** 
 505:../../../../..//Drivers/STM32G0xx_HAL_Driver/Src/stm32g0xx_hal_flash.c ****   /* Set the OPTLOCK Bit to lock the FLASH Option Byte Registers access */
 506:../../../../..//Drivers/STM32G0xx_HAL_Driver/Src/stm32g0xx_hal_flash.c ****   SET_BIT(FLASH->CR, FLASH_CR_OPTLOCK);
 507:../../../../..//Drivers/STM32G0xx_HAL_Driver/Src/stm32g0xx_hal_flash.c **** 
 508:../../../../..//Drivers/STM32G0xx_HAL_Driver/Src/stm32g0xx_hal_flash.c ****   /* verify option bytes are locked */
 509:../../../../..//Drivers/STM32G0xx_HAL_Driver/Src/stm32g0xx_hal_flash.c ****   if (READ_BIT(FLASH->CR, FLASH_CR_OPTLOCK) != 0x00u)
 510:../../../../..//Drivers/STM32G0xx_HAL_Driver/Src/stm32g0xx_hal_flash.c ****   {
 511:../../../../..//Drivers/STM32G0xx_HAL_Driver/Src/stm32g0xx_hal_flash.c ****     status = HAL_OK;
 512:../../../../..//Drivers/STM32G0xx_HAL_Driver/Src/stm32g0xx_hal_flash.c ****   }
 513:../../../../..//Drivers/STM32G0xx_HAL_Driver/Src/stm32g0xx_hal_flash.c **** 
 514:../../../../..//Drivers/STM32G0xx_HAL_Driver/Src/stm32g0xx_hal_flash.c ****   return status;
 515:../../../../..//Drivers/STM32G0xx_HAL_Driver/Src/stm32g0xx_hal_flash.c **** }
 516:../../../../..//Drivers/STM32G0xx_HAL_Driver/Src/stm32g0xx_hal_flash.c **** 
 517:../../../../..//Drivers/STM32G0xx_HAL_Driver/Src/stm32g0xx_hal_flash.c **** /**
 518:../../../../..//Drivers/STM32G0xx_HAL_Driver/Src/stm32g0xx_hal_flash.c ****   * @brief  Launch the option byte loading.
 519:../../../../..//Drivers/STM32G0xx_HAL_Driver/Src/stm32g0xx_hal_flash.c ****   * @retval HAL Status
 520:../../../../..//Drivers/STM32G0xx_HAL_Driver/Src/stm32g0xx_hal_flash.c ****   */
 521:../../../../..//Drivers/STM32G0xx_HAL_Driver/Src/stm32g0xx_hal_flash.c **** HAL_StatusTypeDef HAL_FLASH_OB_Launch(void)
 522:../../../../..//Drivers/STM32G0xx_HAL_Driver/Src/stm32g0xx_hal_flash.c **** {
 523:../../../../..//Drivers/STM32G0xx_HAL_Driver/Src/stm32g0xx_hal_flash.c ****   /* Set the bit to force the option byte reloading */
 524:../../../../..//Drivers/STM32G0xx_HAL_Driver/Src/stm32g0xx_hal_flash.c ****   SET_BIT(FLASH->CR, FLASH_CR_OBL_LAUNCH);
 525:../../../../..//Drivers/STM32G0xx_HAL_Driver/Src/stm32g0xx_hal_flash.c **** 
 526:../../../../..//Drivers/STM32G0xx_HAL_Driver/Src/stm32g0xx_hal_flash.c ****   /* We should not reach here : Option byte launch generates Option byte reset
 527:../../../../..//Drivers/STM32G0xx_HAL_Driver/Src/stm32g0xx_hal_flash.c ****      so return error */
 528:../../../../..//Drivers/STM32G0xx_HAL_Driver/Src/stm32g0xx_hal_flash.c ****   return HAL_ERROR;
 529:../../../../..//Drivers/STM32G0xx_HAL_Driver/Src/stm32g0xx_hal_flash.c **** }
 530:../../../../..//Drivers/STM32G0xx_HAL_Driver/Src/stm32g0xx_hal_flash.c **** 
 531:../../../../..//Drivers/STM32G0xx_HAL_Driver/Src/stm32g0xx_hal_flash.c **** /**
 532:../../../../..//Drivers/STM32G0xx_HAL_Driver/Src/stm32g0xx_hal_flash.c ****   * @}
 533:../../../../..//Drivers/STM32G0xx_HAL_Driver/Src/stm32g0xx_hal_flash.c ****   */
 534:../../../../..//Drivers/STM32G0xx_HAL_Driver/Src/stm32g0xx_hal_flash.c **** 
 535:../../../../..//Drivers/STM32G0xx_HAL_Driver/Src/stm32g0xx_hal_flash.c **** /** @defgroup FLASH_Exported_Functions_Group3 Peripheral State and Errors functions
 536:../../../../..//Drivers/STM32G0xx_HAL_Driver/Src/stm32g0xx_hal_flash.c ****   *  @brief   Peripheral Errors functions
 537:../../../../..//Drivers/STM32G0xx_HAL_Driver/Src/stm32g0xx_hal_flash.c ****   *
 538:../../../../..//Drivers/STM32G0xx_HAL_Driver/Src/stm32g0xx_hal_flash.c **** @verbatim
 539:../../../../..//Drivers/STM32G0xx_HAL_Driver/Src/stm32g0xx_hal_flash.c ****  ===============================================================================
 540:../../../../..//Drivers/STM32G0xx_HAL_Driver/Src/stm32g0xx_hal_flash.c ****                 ##### Peripheral Errors functions #####
 541:../../../../..//Drivers/STM32G0xx_HAL_Driver/Src/stm32g0xx_hal_flash.c ****  ===============================================================================
 542:../../../../..//Drivers/STM32G0xx_HAL_Driver/Src/stm32g0xx_hal_flash.c ****     [..]
 543:../../../../..//Drivers/STM32G0xx_HAL_Driver/Src/stm32g0xx_hal_flash.c ****     This subsection permits to get in run-time Errors of the FLASH peripheral.
 544:../../../../..//Drivers/STM32G0xx_HAL_Driver/Src/stm32g0xx_hal_flash.c **** 
 545:../../../../..//Drivers/STM32G0xx_HAL_Driver/Src/stm32g0xx_hal_flash.c **** @endverbatim
ARM GAS  /tmp/ccW7HcuX.s 			page 11


 546:../../../../..//Drivers/STM32G0xx_HAL_Driver/Src/stm32g0xx_hal_flash.c ****   * @{
 547:../../../../..//Drivers/STM32G0xx_HAL_Driver/Src/stm32g0xx_hal_flash.c ****   */
 548:../../../../..//Drivers/STM32G0xx_HAL_Driver/Src/stm32g0xx_hal_flash.c **** 
 549:../../../../..//Drivers/STM32G0xx_HAL_Driver/Src/stm32g0xx_hal_flash.c **** /**
 550:../../../../..//Drivers/STM32G0xx_HAL_Driver/Src/stm32g0xx_hal_flash.c ****   * @brief  Get the specific FLASH error flag.
 551:../../../../..//Drivers/STM32G0xx_HAL_Driver/Src/stm32g0xx_hal_flash.c ****   * @retval FLASH_ErrorCode The returned value can be
 552:../../../../..//Drivers/STM32G0xx_HAL_Driver/Src/stm32g0xx_hal_flash.c ****   *            @arg @ref HAL_FLASH_ERROR_NONE No error set
 553:../../../../..//Drivers/STM32G0xx_HAL_Driver/Src/stm32g0xx_hal_flash.c ****   *            @arg @ref HAL_FLASH_ERROR_OP Operation error
 554:../../../../..//Drivers/STM32G0xx_HAL_Driver/Src/stm32g0xx_hal_flash.c ****   *            @arg @ref HAL_FLASH_ERROR_PROG Programming error
 555:../../../../..//Drivers/STM32G0xx_HAL_Driver/Src/stm32g0xx_hal_flash.c ****   *            @arg @ref HAL_FLASH_ERROR_WRP Write protection error
 556:../../../../..//Drivers/STM32G0xx_HAL_Driver/Src/stm32g0xx_hal_flash.c ****   *            @arg @ref HAL_FLASH_ERROR_PGA Programming alignment error
 557:../../../../..//Drivers/STM32G0xx_HAL_Driver/Src/stm32g0xx_hal_flash.c ****   *            @arg @ref HAL_FLASH_ERROR_SIZ Size error
 558:../../../../..//Drivers/STM32G0xx_HAL_Driver/Src/stm32g0xx_hal_flash.c ****   *            @arg @ref HAL_FLASH_ERROR_PGS Programming sequence error
 559:../../../../..//Drivers/STM32G0xx_HAL_Driver/Src/stm32g0xx_hal_flash.c ****   *            @arg @ref HAL_FLASH_ERROR_MIS Fast programming data miss error
 560:../../../../..//Drivers/STM32G0xx_HAL_Driver/Src/stm32g0xx_hal_flash.c ****   *            @arg @ref HAL_FLASH_ERROR_FAST Fast programming error
 561:../../../../..//Drivers/STM32G0xx_HAL_Driver/Src/stm32g0xx_hal_flash.c ****   *            @arg @ref HAL_FLASH_ERROR_RD Read Protection error (PCROP)(*)
 562:../../../../..//Drivers/STM32G0xx_HAL_Driver/Src/stm32g0xx_hal_flash.c ****   *            @arg @ref HAL_FLASH_ERROR_OPTV Option validity error
 563:../../../../..//Drivers/STM32G0xx_HAL_Driver/Src/stm32g0xx_hal_flash.c ****   *            @arg @ref HAL_FLASH_ERROR_ECCD two ECC errors have been detected
 564:../../../../..//Drivers/STM32G0xx_HAL_Driver/Src/stm32g0xx_hal_flash.c ****   * @note (*) availability depends on devices
 565:../../../../..//Drivers/STM32G0xx_HAL_Driver/Src/stm32g0xx_hal_flash.c ****   */
 566:../../../../..//Drivers/STM32G0xx_HAL_Driver/Src/stm32g0xx_hal_flash.c **** uint32_t HAL_FLASH_GetError(void)
 567:../../../../..//Drivers/STM32G0xx_HAL_Driver/Src/stm32g0xx_hal_flash.c **** {
 568:../../../../..//Drivers/STM32G0xx_HAL_Driver/Src/stm32g0xx_hal_flash.c ****   return pFlash.ErrorCode;
 569:../../../../..//Drivers/STM32G0xx_HAL_Driver/Src/stm32g0xx_hal_flash.c **** }
 570:../../../../..//Drivers/STM32G0xx_HAL_Driver/Src/stm32g0xx_hal_flash.c **** 
 571:../../../../..//Drivers/STM32G0xx_HAL_Driver/Src/stm32g0xx_hal_flash.c **** /**
 572:../../../../..//Drivers/STM32G0xx_HAL_Driver/Src/stm32g0xx_hal_flash.c ****   * @}
 573:../../../../..//Drivers/STM32G0xx_HAL_Driver/Src/stm32g0xx_hal_flash.c ****   */
 574:../../../../..//Drivers/STM32G0xx_HAL_Driver/Src/stm32g0xx_hal_flash.c **** 
 575:../../../../..//Drivers/STM32G0xx_HAL_Driver/Src/stm32g0xx_hal_flash.c **** /**
 576:../../../../..//Drivers/STM32G0xx_HAL_Driver/Src/stm32g0xx_hal_flash.c ****   * @}
 577:../../../../..//Drivers/STM32G0xx_HAL_Driver/Src/stm32g0xx_hal_flash.c ****   */
 578:../../../../..//Drivers/STM32G0xx_HAL_Driver/Src/stm32g0xx_hal_flash.c **** 
 579:../../../../..//Drivers/STM32G0xx_HAL_Driver/Src/stm32g0xx_hal_flash.c **** /* Private functions ---------------------------------------------------------*/
 580:../../../../..//Drivers/STM32G0xx_HAL_Driver/Src/stm32g0xx_hal_flash.c **** 
 581:../../../../..//Drivers/STM32G0xx_HAL_Driver/Src/stm32g0xx_hal_flash.c **** /** @addtogroup FLASH_Private_Functions
 582:../../../../..//Drivers/STM32G0xx_HAL_Driver/Src/stm32g0xx_hal_flash.c ****   * @{
 583:../../../../..//Drivers/STM32G0xx_HAL_Driver/Src/stm32g0xx_hal_flash.c ****   */
 584:../../../../..//Drivers/STM32G0xx_HAL_Driver/Src/stm32g0xx_hal_flash.c **** 
 585:../../../../..//Drivers/STM32G0xx_HAL_Driver/Src/stm32g0xx_hal_flash.c **** /**
 586:../../../../..//Drivers/STM32G0xx_HAL_Driver/Src/stm32g0xx_hal_flash.c ****   * @brief  Wait for a FLASH operation to complete.
 587:../../../../..//Drivers/STM32G0xx_HAL_Driver/Src/stm32g0xx_hal_flash.c ****   * @param  Timeout maximum flash operation timeout
 588:../../../../..//Drivers/STM32G0xx_HAL_Driver/Src/stm32g0xx_hal_flash.c ****   * @retval HAL_StatusTypeDef HAL Status
 589:../../../../..//Drivers/STM32G0xx_HAL_Driver/Src/stm32g0xx_hal_flash.c ****   */
 590:../../../../..//Drivers/STM32G0xx_HAL_Driver/Src/stm32g0xx_hal_flash.c **** HAL_StatusTypeDef FLASH_WaitForLastOperation(uint32_t Timeout)
 591:../../../../..//Drivers/STM32G0xx_HAL_Driver/Src/stm32g0xx_hal_flash.c **** {
 592:../../../../..//Drivers/STM32G0xx_HAL_Driver/Src/stm32g0xx_hal_flash.c ****   uint32_t error;
 593:../../../../..//Drivers/STM32G0xx_HAL_Driver/Src/stm32g0xx_hal_flash.c ****   /* Wait for the FLASH operation to complete by polling on BUSY flag to be reset.
 594:../../../../..//Drivers/STM32G0xx_HAL_Driver/Src/stm32g0xx_hal_flash.c ****      Even if the FLASH operation fails, the BUSY flag will be reset and an error
 595:../../../../..//Drivers/STM32G0xx_HAL_Driver/Src/stm32g0xx_hal_flash.c ****      flag will be set */
 596:../../../../..//Drivers/STM32G0xx_HAL_Driver/Src/stm32g0xx_hal_flash.c ****   uint32_t timeout = HAL_GetTick() + Timeout;
 597:../../../../..//Drivers/STM32G0xx_HAL_Driver/Src/stm32g0xx_hal_flash.c **** 
 598:../../../../..//Drivers/STM32G0xx_HAL_Driver/Src/stm32g0xx_hal_flash.c ****   /* Wait if any operation is ongoing */
 599:../../../../..//Drivers/STM32G0xx_HAL_Driver/Src/stm32g0xx_hal_flash.c **** #if defined(FLASH_DBANK_SUPPORT)
 600:../../../../..//Drivers/STM32G0xx_HAL_Driver/Src/stm32g0xx_hal_flash.c ****   error = (FLASH_SR_BSY1 | FLASH_SR_BSY2);
 601:../../../../..//Drivers/STM32G0xx_HAL_Driver/Src/stm32g0xx_hal_flash.c **** #else
 602:../../../../..//Drivers/STM32G0xx_HAL_Driver/Src/stm32g0xx_hal_flash.c ****   error = FLASH_SR_BSY1;
ARM GAS  /tmp/ccW7HcuX.s 			page 12


 603:../../../../..//Drivers/STM32G0xx_HAL_Driver/Src/stm32g0xx_hal_flash.c **** #endif /* FLASH_DBANK_SUPPORT */
 604:../../../../..//Drivers/STM32G0xx_HAL_Driver/Src/stm32g0xx_hal_flash.c **** 
 605:../../../../..//Drivers/STM32G0xx_HAL_Driver/Src/stm32g0xx_hal_flash.c ****   while ((FLASH->SR & error) != 0x00U)
 606:../../../../..//Drivers/STM32G0xx_HAL_Driver/Src/stm32g0xx_hal_flash.c ****   {
 607:../../../../..//Drivers/STM32G0xx_HAL_Driver/Src/stm32g0xx_hal_flash.c ****     if (HAL_GetTick() >= timeout)
 608:../../../../..//Drivers/STM32G0xx_HAL_Driver/Src/stm32g0xx_hal_flash.c ****     {
 609:../../../../..//Drivers/STM32G0xx_HAL_Driver/Src/stm32g0xx_hal_flash.c ****       return HAL_TIMEOUT;
 610:../../../../..//Drivers/STM32G0xx_HAL_Driver/Src/stm32g0xx_hal_flash.c ****     }
 611:../../../../..//Drivers/STM32G0xx_HAL_Driver/Src/stm32g0xx_hal_flash.c ****   }
 612:../../../../..//Drivers/STM32G0xx_HAL_Driver/Src/stm32g0xx_hal_flash.c **** 
 613:../../../../..//Drivers/STM32G0xx_HAL_Driver/Src/stm32g0xx_hal_flash.c ****   /* check flash errors */
 614:../../../../..//Drivers/STM32G0xx_HAL_Driver/Src/stm32g0xx_hal_flash.c ****   error = (FLASH->SR & FLASH_SR_ERRORS);
 615:../../../../..//Drivers/STM32G0xx_HAL_Driver/Src/stm32g0xx_hal_flash.c **** 
 616:../../../../..//Drivers/STM32G0xx_HAL_Driver/Src/stm32g0xx_hal_flash.c ****   /* Clear SR register */
 617:../../../../..//Drivers/STM32G0xx_HAL_Driver/Src/stm32g0xx_hal_flash.c ****   FLASH->SR = FLASH_SR_CLEAR;
 618:../../../../..//Drivers/STM32G0xx_HAL_Driver/Src/stm32g0xx_hal_flash.c **** 
 619:../../../../..//Drivers/STM32G0xx_HAL_Driver/Src/stm32g0xx_hal_flash.c ****   if (error != 0x00U)
 620:../../../../..//Drivers/STM32G0xx_HAL_Driver/Src/stm32g0xx_hal_flash.c ****   {
 621:../../../../..//Drivers/STM32G0xx_HAL_Driver/Src/stm32g0xx_hal_flash.c ****     /*Save the error code*/
 622:../../../../..//Drivers/STM32G0xx_HAL_Driver/Src/stm32g0xx_hal_flash.c ****     pFlash.ErrorCode = error;
 623:../../../../..//Drivers/STM32G0xx_HAL_Driver/Src/stm32g0xx_hal_flash.c ****     return HAL_ERROR;
 624:../../../../..//Drivers/STM32G0xx_HAL_Driver/Src/stm32g0xx_hal_flash.c ****   }
 625:../../../../..//Drivers/STM32G0xx_HAL_Driver/Src/stm32g0xx_hal_flash.c **** 
 626:../../../../..//Drivers/STM32G0xx_HAL_Driver/Src/stm32g0xx_hal_flash.c ****   /* Wait for control register to be written */
 627:../../../../..//Drivers/STM32G0xx_HAL_Driver/Src/stm32g0xx_hal_flash.c ****   timeout = HAL_GetTick() + Timeout;
 628:../../../../..//Drivers/STM32G0xx_HAL_Driver/Src/stm32g0xx_hal_flash.c **** 
 629:../../../../..//Drivers/STM32G0xx_HAL_Driver/Src/stm32g0xx_hal_flash.c ****   while ((FLASH->SR & FLASH_SR_CFGBSY) != 0x00U)
 630:../../../../..//Drivers/STM32G0xx_HAL_Driver/Src/stm32g0xx_hal_flash.c ****   {
 631:../../../../..//Drivers/STM32G0xx_HAL_Driver/Src/stm32g0xx_hal_flash.c ****     if (HAL_GetTick() >= timeout)
 632:../../../../..//Drivers/STM32G0xx_HAL_Driver/Src/stm32g0xx_hal_flash.c ****     {
 633:../../../../..//Drivers/STM32G0xx_HAL_Driver/Src/stm32g0xx_hal_flash.c ****       return HAL_TIMEOUT;
 634:../../../../..//Drivers/STM32G0xx_HAL_Driver/Src/stm32g0xx_hal_flash.c ****     }
 635:../../../../..//Drivers/STM32G0xx_HAL_Driver/Src/stm32g0xx_hal_flash.c ****   }
 636:../../../../..//Drivers/STM32G0xx_HAL_Driver/Src/stm32g0xx_hal_flash.c **** 
 637:../../../../..//Drivers/STM32G0xx_HAL_Driver/Src/stm32g0xx_hal_flash.c ****   return HAL_OK;
 638:../../../../..//Drivers/STM32G0xx_HAL_Driver/Src/stm32g0xx_hal_flash.c **** }
 639:../../../../..//Drivers/STM32G0xx_HAL_Driver/Src/stm32g0xx_hal_flash.c **** 
 640:../../../../..//Drivers/STM32G0xx_HAL_Driver/Src/stm32g0xx_hal_flash.c **** /**
 641:../../../../..//Drivers/STM32G0xx_HAL_Driver/Src/stm32g0xx_hal_flash.c ****   * @brief  Program double-word (64-bit) at a specified address.
 642:../../../../..//Drivers/STM32G0xx_HAL_Driver/Src/stm32g0xx_hal_flash.c ****   * @param  Address Specifies the address to be programmed.
 643:../../../../..//Drivers/STM32G0xx_HAL_Driver/Src/stm32g0xx_hal_flash.c ****   * @param  Data Specifies the data to be programmed.
 644:../../../../..//Drivers/STM32G0xx_HAL_Driver/Src/stm32g0xx_hal_flash.c ****   * @retval None
 645:../../../../..//Drivers/STM32G0xx_HAL_Driver/Src/stm32g0xx_hal_flash.c ****   */
 646:../../../../..//Drivers/STM32G0xx_HAL_Driver/Src/stm32g0xx_hal_flash.c **** static void FLASH_Program_DoubleWord(uint32_t Address, uint64_t Data)
 647:../../../../..//Drivers/STM32G0xx_HAL_Driver/Src/stm32g0xx_hal_flash.c **** {
 648:../../../../..//Drivers/STM32G0xx_HAL_Driver/Src/stm32g0xx_hal_flash.c ****   /* Set PG bit */
 649:../../../../..//Drivers/STM32G0xx_HAL_Driver/Src/stm32g0xx_hal_flash.c ****   SET_BIT(FLASH->CR, FLASH_CR_PG);
 650:../../../../..//Drivers/STM32G0xx_HAL_Driver/Src/stm32g0xx_hal_flash.c **** 
 651:../../../../..//Drivers/STM32G0xx_HAL_Driver/Src/stm32g0xx_hal_flash.c ****   /* Program first word */
 652:../../../../..//Drivers/STM32G0xx_HAL_Driver/Src/stm32g0xx_hal_flash.c ****   *(uint32_t *)Address = (uint32_t)Data;
 653:../../../../..//Drivers/STM32G0xx_HAL_Driver/Src/stm32g0xx_hal_flash.c **** 
 654:../../../../..//Drivers/STM32G0xx_HAL_Driver/Src/stm32g0xx_hal_flash.c ****   /* Barrier to ensure programming is performed in 2 steps, in right order
 655:../../../../..//Drivers/STM32G0xx_HAL_Driver/Src/stm32g0xx_hal_flash.c ****     (independently of compiler optimization behavior) */
 656:../../../../..//Drivers/STM32G0xx_HAL_Driver/Src/stm32g0xx_hal_flash.c ****   __ISB();
 657:../../../../..//Drivers/STM32G0xx_HAL_Driver/Src/stm32g0xx_hal_flash.c **** 
 658:../../../../..//Drivers/STM32G0xx_HAL_Driver/Src/stm32g0xx_hal_flash.c ****   /* Program second word */
 659:../../../../..//Drivers/STM32G0xx_HAL_Driver/Src/stm32g0xx_hal_flash.c ****   *(uint32_t *)(Address + 4U) = (uint32_t)(Data >> 32U);
ARM GAS  /tmp/ccW7HcuX.s 			page 13


 660:../../../../..//Drivers/STM32G0xx_HAL_Driver/Src/stm32g0xx_hal_flash.c **** }
 661:../../../../..//Drivers/STM32G0xx_HAL_Driver/Src/stm32g0xx_hal_flash.c **** 
 662:../../../../..//Drivers/STM32G0xx_HAL_Driver/Src/stm32g0xx_hal_flash.c **** /**
 663:../../../../..//Drivers/STM32G0xx_HAL_Driver/Src/stm32g0xx_hal_flash.c ****   * @brief  Fast program a 32 row double-word (64-bit) at a specified address.
 664:../../../../..//Drivers/STM32G0xx_HAL_Driver/Src/stm32g0xx_hal_flash.c ****   * @param  Address Specifies the address to be programmed.
 665:../../../../..//Drivers/STM32G0xx_HAL_Driver/Src/stm32g0xx_hal_flash.c ****   * @param  DataAddress Specifies the address where the data are stored.
 666:../../../../..//Drivers/STM32G0xx_HAL_Driver/Src/stm32g0xx_hal_flash.c ****   * @retval None
 667:../../../../..//Drivers/STM32G0xx_HAL_Driver/Src/stm32g0xx_hal_flash.c ****   */
 668:../../../../..//Drivers/STM32G0xx_HAL_Driver/Src/stm32g0xx_hal_flash.c **** static __RAM_FUNC void FLASH_Program_Fast(uint32_t Address, uint32_t DataAddress)
 669:../../../../..//Drivers/STM32G0xx_HAL_Driver/Src/stm32g0xx_hal_flash.c **** {
  27              		.loc 1 669 1 view -0
  28              		.cfi_startproc
  29              		@ args = 0, pretend = 0, frame = 0
  30              		@ frame_needed = 0, uses_anonymous_args = 0
 670:../../../../..//Drivers/STM32G0xx_HAL_Driver/Src/stm32g0xx_hal_flash.c ****   uint8_t index = 0;
  31              		.loc 1 670 3 view .LVU1
 671:../../../../..//Drivers/STM32G0xx_HAL_Driver/Src/stm32g0xx_hal_flash.c ****   uint32_t dest = Address;
  32              		.loc 1 671 3 view .LVU2
 672:../../../../..//Drivers/STM32G0xx_HAL_Driver/Src/stm32g0xx_hal_flash.c ****   uint32_t src = DataAddress;
  33              		.loc 1 672 3 view .LVU3
 673:../../../../..//Drivers/STM32G0xx_HAL_Driver/Src/stm32g0xx_hal_flash.c ****   uint32_t primask_bit;
  34              		.loc 1 673 3 view .LVU4
 674:../../../../..//Drivers/STM32G0xx_HAL_Driver/Src/stm32g0xx_hal_flash.c **** 
 675:../../../../..//Drivers/STM32G0xx_HAL_Driver/Src/stm32g0xx_hal_flash.c ****   /* Set FSTPG bit */
 676:../../../../..//Drivers/STM32G0xx_HAL_Driver/Src/stm32g0xx_hal_flash.c ****   SET_BIT(FLASH->CR, FLASH_CR_FSTPG);
  35              		.loc 1 676 3 view .LVU5
  36 0000 8022     		movs	r2, #128
  37 0002 0C4B     		ldr	r3, .L6
 669:../../../../..//Drivers/STM32G0xx_HAL_Driver/Src/stm32g0xx_hal_flash.c ****   uint8_t index = 0;
  38              		.loc 1 669 1 is_stmt 0 view .LVU6
  39 0004 30B5     		push	{r4, r5, lr}
  40              	.LCFI0:
  41              		.cfi_def_cfa_offset 12
  42              		.cfi_offset 4, -12
  43              		.cfi_offset 5, -8
  44              		.cfi_offset 14, -4
  45              		.loc 1 676 3 view .LVU7
  46 0006 5C69     		ldr	r4, [r3, #20]
  47 0008 D202     		lsls	r2, r2, #11
  48 000a 2243     		orrs	r2, r4
  49 000c 5A61     		str	r2, [r3, #20]
 677:../../../../..//Drivers/STM32G0xx_HAL_Driver/Src/stm32g0xx_hal_flash.c **** 
 678:../../../../..//Drivers/STM32G0xx_HAL_Driver/Src/stm32g0xx_hal_flash.c ****   /* Enter critical section: row programming should not be longer than 7 ms */
 679:../../../../..//Drivers/STM32G0xx_HAL_Driver/Src/stm32g0xx_hal_flash.c ****   primask_bit = __get_PRIMASK();
  50              		.loc 1 679 3 is_stmt 1 view .LVU8
  51              	.LBB10:
  52              	.LBI10:
  53              		.file 2 "../../../../..//Drivers/CMSIS/Include/cmsis_gcc.h"
   1:../../../../..//Drivers/CMSIS/Include/cmsis_gcc.h **** /**************************************************************************//**
   2:../../../../..//Drivers/CMSIS/Include/cmsis_gcc.h ****  * @file     cmsis_gcc.h
   3:../../../../..//Drivers/CMSIS/Include/cmsis_gcc.h ****  * @brief    CMSIS compiler GCC header file
   4:../../../../..//Drivers/CMSIS/Include/cmsis_gcc.h ****  * @version  V5.4.1
   5:../../../../..//Drivers/CMSIS/Include/cmsis_gcc.h ****  * @date     27. May 2021
   6:../../../../..//Drivers/CMSIS/Include/cmsis_gcc.h ****  ******************************************************************************/
   7:../../../../..//Drivers/CMSIS/Include/cmsis_gcc.h **** /*
   8:../../../../..//Drivers/CMSIS/Include/cmsis_gcc.h ****  * Copyright (c) 2009-2021 Arm Limited. All rights reserved.
   9:../../../../..//Drivers/CMSIS/Include/cmsis_gcc.h ****  *
ARM GAS  /tmp/ccW7HcuX.s 			page 14


  10:../../../../..//Drivers/CMSIS/Include/cmsis_gcc.h ****  * SPDX-License-Identifier: Apache-2.0
  11:../../../../..//Drivers/CMSIS/Include/cmsis_gcc.h ****  *
  12:../../../../..//Drivers/CMSIS/Include/cmsis_gcc.h ****  * Licensed under the Apache License, Version 2.0 (the License); you may
  13:../../../../..//Drivers/CMSIS/Include/cmsis_gcc.h ****  * not use this file except in compliance with the License.
  14:../../../../..//Drivers/CMSIS/Include/cmsis_gcc.h ****  * You may obtain a copy of the License at
  15:../../../../..//Drivers/CMSIS/Include/cmsis_gcc.h ****  *
  16:../../../../..//Drivers/CMSIS/Include/cmsis_gcc.h ****  * www.apache.org/licenses/LICENSE-2.0
  17:../../../../..//Drivers/CMSIS/Include/cmsis_gcc.h ****  *
  18:../../../../..//Drivers/CMSIS/Include/cmsis_gcc.h ****  * Unless required by applicable law or agreed to in writing, software
  19:../../../../..//Drivers/CMSIS/Include/cmsis_gcc.h ****  * distributed under the License is distributed on an AS IS BASIS, WITHOUT
  20:../../../../..//Drivers/CMSIS/Include/cmsis_gcc.h ****  * WARRANTIES OR CONDITIONS OF ANY KIND, either express or implied.
  21:../../../../..//Drivers/CMSIS/Include/cmsis_gcc.h ****  * See the License for the specific language governing permissions and
  22:../../../../..//Drivers/CMSIS/Include/cmsis_gcc.h ****  * limitations under the License.
  23:../../../../..//Drivers/CMSIS/Include/cmsis_gcc.h ****  */
  24:../../../../..//Drivers/CMSIS/Include/cmsis_gcc.h **** 
  25:../../../../..//Drivers/CMSIS/Include/cmsis_gcc.h **** #ifndef __CMSIS_GCC_H
  26:../../../../..//Drivers/CMSIS/Include/cmsis_gcc.h **** #define __CMSIS_GCC_H
  27:../../../../..//Drivers/CMSIS/Include/cmsis_gcc.h **** 
  28:../../../../..//Drivers/CMSIS/Include/cmsis_gcc.h **** /* ignore some GCC warnings */
  29:../../../../..//Drivers/CMSIS/Include/cmsis_gcc.h **** #pragma GCC diagnostic push
  30:../../../../..//Drivers/CMSIS/Include/cmsis_gcc.h **** #pragma GCC diagnostic ignored "-Wsign-conversion"
  31:../../../../..//Drivers/CMSIS/Include/cmsis_gcc.h **** #pragma GCC diagnostic ignored "-Wconversion"
  32:../../../../..//Drivers/CMSIS/Include/cmsis_gcc.h **** #pragma GCC diagnostic ignored "-Wunused-parameter"
  33:../../../../..//Drivers/CMSIS/Include/cmsis_gcc.h **** 
  34:../../../../..//Drivers/CMSIS/Include/cmsis_gcc.h **** /* Fallback for __has_builtin */
  35:../../../../..//Drivers/CMSIS/Include/cmsis_gcc.h **** #ifndef __has_builtin
  36:../../../../..//Drivers/CMSIS/Include/cmsis_gcc.h ****   #define __has_builtin(x) (0)
  37:../../../../..//Drivers/CMSIS/Include/cmsis_gcc.h **** #endif
  38:../../../../..//Drivers/CMSIS/Include/cmsis_gcc.h **** 
  39:../../../../..//Drivers/CMSIS/Include/cmsis_gcc.h **** /* CMSIS compiler specific defines */
  40:../../../../..//Drivers/CMSIS/Include/cmsis_gcc.h **** #ifndef   __ASM
  41:../../../../..//Drivers/CMSIS/Include/cmsis_gcc.h ****   #define __ASM                                  __asm
  42:../../../../..//Drivers/CMSIS/Include/cmsis_gcc.h **** #endif
  43:../../../../..//Drivers/CMSIS/Include/cmsis_gcc.h **** #ifndef   __INLINE
  44:../../../../..//Drivers/CMSIS/Include/cmsis_gcc.h ****   #define __INLINE                               inline
  45:../../../../..//Drivers/CMSIS/Include/cmsis_gcc.h **** #endif
  46:../../../../..//Drivers/CMSIS/Include/cmsis_gcc.h **** #ifndef   __STATIC_INLINE
  47:../../../../..//Drivers/CMSIS/Include/cmsis_gcc.h ****   #define __STATIC_INLINE                        static inline
  48:../../../../..//Drivers/CMSIS/Include/cmsis_gcc.h **** #endif
  49:../../../../..//Drivers/CMSIS/Include/cmsis_gcc.h **** #ifndef   __STATIC_FORCEINLINE
  50:../../../../..//Drivers/CMSIS/Include/cmsis_gcc.h ****   #define __STATIC_FORCEINLINE                   __attribute__((always_inline)) static inline
  51:../../../../..//Drivers/CMSIS/Include/cmsis_gcc.h **** #endif
  52:../../../../..//Drivers/CMSIS/Include/cmsis_gcc.h **** #ifndef   __NO_RETURN
  53:../../../../..//Drivers/CMSIS/Include/cmsis_gcc.h ****   #define __NO_RETURN                            __attribute__((__noreturn__))
  54:../../../../..//Drivers/CMSIS/Include/cmsis_gcc.h **** #endif
  55:../../../../..//Drivers/CMSIS/Include/cmsis_gcc.h **** #ifndef   __USED
  56:../../../../..//Drivers/CMSIS/Include/cmsis_gcc.h ****   #define __USED                                 __attribute__((used))
  57:../../../../..//Drivers/CMSIS/Include/cmsis_gcc.h **** #endif
  58:../../../../..//Drivers/CMSIS/Include/cmsis_gcc.h **** #ifndef   __WEAK
  59:../../../../..//Drivers/CMSIS/Include/cmsis_gcc.h ****   #define __WEAK                                 __attribute__((weak))
  60:../../../../..//Drivers/CMSIS/Include/cmsis_gcc.h **** #endif
  61:../../../../..//Drivers/CMSIS/Include/cmsis_gcc.h **** #ifndef   __PACKED
  62:../../../../..//Drivers/CMSIS/Include/cmsis_gcc.h ****   #define __PACKED                               __attribute__((packed, aligned(1)))
  63:../../../../..//Drivers/CMSIS/Include/cmsis_gcc.h **** #endif
  64:../../../../..//Drivers/CMSIS/Include/cmsis_gcc.h **** #ifndef   __PACKED_STRUCT
  65:../../../../..//Drivers/CMSIS/Include/cmsis_gcc.h ****   #define __PACKED_STRUCT                        struct __attribute__((packed, aligned(1)))
  66:../../../../..//Drivers/CMSIS/Include/cmsis_gcc.h **** #endif
ARM GAS  /tmp/ccW7HcuX.s 			page 15


  67:../../../../..//Drivers/CMSIS/Include/cmsis_gcc.h **** #ifndef   __PACKED_UNION
  68:../../../../..//Drivers/CMSIS/Include/cmsis_gcc.h ****   #define __PACKED_UNION                         union __attribute__((packed, aligned(1)))
  69:../../../../..//Drivers/CMSIS/Include/cmsis_gcc.h **** #endif
  70:../../../../..//Drivers/CMSIS/Include/cmsis_gcc.h **** #ifndef   __UNALIGNED_UINT32        /* deprecated */
  71:../../../../..//Drivers/CMSIS/Include/cmsis_gcc.h ****   #pragma GCC diagnostic push
  72:../../../../..//Drivers/CMSIS/Include/cmsis_gcc.h ****   #pragma GCC diagnostic ignored "-Wpacked"
  73:../../../../..//Drivers/CMSIS/Include/cmsis_gcc.h ****   #pragma GCC diagnostic ignored "-Wattributes"
  74:../../../../..//Drivers/CMSIS/Include/cmsis_gcc.h ****   struct __attribute__((packed)) T_UINT32 { uint32_t v; };
  75:../../../../..//Drivers/CMSIS/Include/cmsis_gcc.h ****   #pragma GCC diagnostic pop
  76:../../../../..//Drivers/CMSIS/Include/cmsis_gcc.h ****   #define __UNALIGNED_UINT32(x)                  (((struct T_UINT32 *)(x))->v)
  77:../../../../..//Drivers/CMSIS/Include/cmsis_gcc.h **** #endif
  78:../../../../..//Drivers/CMSIS/Include/cmsis_gcc.h **** #ifndef   __UNALIGNED_UINT16_WRITE
  79:../../../../..//Drivers/CMSIS/Include/cmsis_gcc.h ****   #pragma GCC diagnostic push
  80:../../../../..//Drivers/CMSIS/Include/cmsis_gcc.h ****   #pragma GCC diagnostic ignored "-Wpacked"
  81:../../../../..//Drivers/CMSIS/Include/cmsis_gcc.h ****   #pragma GCC diagnostic ignored "-Wattributes"
  82:../../../../..//Drivers/CMSIS/Include/cmsis_gcc.h ****   __PACKED_STRUCT T_UINT16_WRITE { uint16_t v; };
  83:../../../../..//Drivers/CMSIS/Include/cmsis_gcc.h ****   #pragma GCC diagnostic pop
  84:../../../../..//Drivers/CMSIS/Include/cmsis_gcc.h ****   #define __UNALIGNED_UINT16_WRITE(addr, val)    (void)((((struct T_UINT16_WRITE *)(void *)(addr))-
  85:../../../../..//Drivers/CMSIS/Include/cmsis_gcc.h **** #endif
  86:../../../../..//Drivers/CMSIS/Include/cmsis_gcc.h **** #ifndef   __UNALIGNED_UINT16_READ
  87:../../../../..//Drivers/CMSIS/Include/cmsis_gcc.h ****   #pragma GCC diagnostic push
  88:../../../../..//Drivers/CMSIS/Include/cmsis_gcc.h ****   #pragma GCC diagnostic ignored "-Wpacked"
  89:../../../../..//Drivers/CMSIS/Include/cmsis_gcc.h ****   #pragma GCC diagnostic ignored "-Wattributes"
  90:../../../../..//Drivers/CMSIS/Include/cmsis_gcc.h ****   __PACKED_STRUCT T_UINT16_READ { uint16_t v; };
  91:../../../../..//Drivers/CMSIS/Include/cmsis_gcc.h ****   #pragma GCC diagnostic pop
  92:../../../../..//Drivers/CMSIS/Include/cmsis_gcc.h ****   #define __UNALIGNED_UINT16_READ(addr)          (((const struct T_UINT16_READ *)(const void *)(add
  93:../../../../..//Drivers/CMSIS/Include/cmsis_gcc.h **** #endif
  94:../../../../..//Drivers/CMSIS/Include/cmsis_gcc.h **** #ifndef   __UNALIGNED_UINT32_WRITE
  95:../../../../..//Drivers/CMSIS/Include/cmsis_gcc.h ****   #pragma GCC diagnostic push
  96:../../../../..//Drivers/CMSIS/Include/cmsis_gcc.h ****   #pragma GCC diagnostic ignored "-Wpacked"
  97:../../../../..//Drivers/CMSIS/Include/cmsis_gcc.h ****   #pragma GCC diagnostic ignored "-Wattributes"
  98:../../../../..//Drivers/CMSIS/Include/cmsis_gcc.h ****   __PACKED_STRUCT T_UINT32_WRITE { uint32_t v; };
  99:../../../../..//Drivers/CMSIS/Include/cmsis_gcc.h ****   #pragma GCC diagnostic pop
 100:../../../../..//Drivers/CMSIS/Include/cmsis_gcc.h ****   #define __UNALIGNED_UINT32_WRITE(addr, val)    (void)((((struct T_UINT32_WRITE *)(void *)(addr))-
 101:../../../../..//Drivers/CMSIS/Include/cmsis_gcc.h **** #endif
 102:../../../../..//Drivers/CMSIS/Include/cmsis_gcc.h **** #ifndef   __UNALIGNED_UINT32_READ
 103:../../../../..//Drivers/CMSIS/Include/cmsis_gcc.h ****   #pragma GCC diagnostic push
 104:../../../../..//Drivers/CMSIS/Include/cmsis_gcc.h ****   #pragma GCC diagnostic ignored "-Wpacked"
 105:../../../../..//Drivers/CMSIS/Include/cmsis_gcc.h ****   #pragma GCC diagnostic ignored "-Wattributes"
 106:../../../../..//Drivers/CMSIS/Include/cmsis_gcc.h ****   __PACKED_STRUCT T_UINT32_READ { uint32_t v; };
 107:../../../../..//Drivers/CMSIS/Include/cmsis_gcc.h ****   #pragma GCC diagnostic pop
 108:../../../../..//Drivers/CMSIS/Include/cmsis_gcc.h ****   #define __UNALIGNED_UINT32_READ(addr)          (((const struct T_UINT32_READ *)(const void *)(add
 109:../../../../..//Drivers/CMSIS/Include/cmsis_gcc.h **** #endif
 110:../../../../..//Drivers/CMSIS/Include/cmsis_gcc.h **** #ifndef   __ALIGNED
 111:../../../../..//Drivers/CMSIS/Include/cmsis_gcc.h ****   #define __ALIGNED(x)                           __attribute__((aligned(x)))
 112:../../../../..//Drivers/CMSIS/Include/cmsis_gcc.h **** #endif
 113:../../../../..//Drivers/CMSIS/Include/cmsis_gcc.h **** #ifndef   __RESTRICT
 114:../../../../..//Drivers/CMSIS/Include/cmsis_gcc.h ****   #define __RESTRICT                             __restrict
 115:../../../../..//Drivers/CMSIS/Include/cmsis_gcc.h **** #endif
 116:../../../../..//Drivers/CMSIS/Include/cmsis_gcc.h **** #ifndef   __COMPILER_BARRIER
 117:../../../../..//Drivers/CMSIS/Include/cmsis_gcc.h ****   #define __COMPILER_BARRIER()                   __ASM volatile("":::"memory")
 118:../../../../..//Drivers/CMSIS/Include/cmsis_gcc.h **** #endif
 119:../../../../..//Drivers/CMSIS/Include/cmsis_gcc.h **** 
 120:../../../../..//Drivers/CMSIS/Include/cmsis_gcc.h **** /* #########################  Startup and Lowlevel Init  ######################## */
 121:../../../../..//Drivers/CMSIS/Include/cmsis_gcc.h **** 
 122:../../../../..//Drivers/CMSIS/Include/cmsis_gcc.h **** #ifndef __PROGRAM_START
 123:../../../../..//Drivers/CMSIS/Include/cmsis_gcc.h **** 
ARM GAS  /tmp/ccW7HcuX.s 			page 16


 124:../../../../..//Drivers/CMSIS/Include/cmsis_gcc.h **** /**
 125:../../../../..//Drivers/CMSIS/Include/cmsis_gcc.h ****   \brief   Initializes data and bss sections
 126:../../../../..//Drivers/CMSIS/Include/cmsis_gcc.h ****   \details This default implementations initialized all data and additional bss
 127:../../../../..//Drivers/CMSIS/Include/cmsis_gcc.h ****            sections relying on .copy.table and .zero.table specified properly
 128:../../../../..//Drivers/CMSIS/Include/cmsis_gcc.h ****            in the used linker script.
 129:../../../../..//Drivers/CMSIS/Include/cmsis_gcc.h **** 
 130:../../../../..//Drivers/CMSIS/Include/cmsis_gcc.h ****  */
 131:../../../../..//Drivers/CMSIS/Include/cmsis_gcc.h **** __STATIC_FORCEINLINE __NO_RETURN void __cmsis_start(void)
 132:../../../../..//Drivers/CMSIS/Include/cmsis_gcc.h **** {
 133:../../../../..//Drivers/CMSIS/Include/cmsis_gcc.h ****   extern void _start(void) __NO_RETURN;
 134:../../../../..//Drivers/CMSIS/Include/cmsis_gcc.h **** 
 135:../../../../..//Drivers/CMSIS/Include/cmsis_gcc.h ****   typedef struct {
 136:../../../../..//Drivers/CMSIS/Include/cmsis_gcc.h ****     uint32_t const* src;
 137:../../../../..//Drivers/CMSIS/Include/cmsis_gcc.h ****     uint32_t* dest;
 138:../../../../..//Drivers/CMSIS/Include/cmsis_gcc.h ****     uint32_t  wlen;
 139:../../../../..//Drivers/CMSIS/Include/cmsis_gcc.h ****   } __copy_table_t;
 140:../../../../..//Drivers/CMSIS/Include/cmsis_gcc.h **** 
 141:../../../../..//Drivers/CMSIS/Include/cmsis_gcc.h ****   typedef struct {
 142:../../../../..//Drivers/CMSIS/Include/cmsis_gcc.h ****     uint32_t* dest;
 143:../../../../..//Drivers/CMSIS/Include/cmsis_gcc.h ****     uint32_t  wlen;
 144:../../../../..//Drivers/CMSIS/Include/cmsis_gcc.h ****   } __zero_table_t;
 145:../../../../..//Drivers/CMSIS/Include/cmsis_gcc.h **** 
 146:../../../../..//Drivers/CMSIS/Include/cmsis_gcc.h ****   extern const __copy_table_t __copy_table_start__;
 147:../../../../..//Drivers/CMSIS/Include/cmsis_gcc.h ****   extern const __copy_table_t __copy_table_end__;
 148:../../../../..//Drivers/CMSIS/Include/cmsis_gcc.h ****   extern const __zero_table_t __zero_table_start__;
 149:../../../../..//Drivers/CMSIS/Include/cmsis_gcc.h ****   extern const __zero_table_t __zero_table_end__;
 150:../../../../..//Drivers/CMSIS/Include/cmsis_gcc.h **** 
 151:../../../../..//Drivers/CMSIS/Include/cmsis_gcc.h ****   for (__copy_table_t const* pTable = &__copy_table_start__; pTable < &__copy_table_end__; ++pTable
 152:../../../../..//Drivers/CMSIS/Include/cmsis_gcc.h ****     for(uint32_t i=0u; i<pTable->wlen; ++i) {
 153:../../../../..//Drivers/CMSIS/Include/cmsis_gcc.h ****       pTable->dest[i] = pTable->src[i];
 154:../../../../..//Drivers/CMSIS/Include/cmsis_gcc.h ****     }
 155:../../../../..//Drivers/CMSIS/Include/cmsis_gcc.h ****   }
 156:../../../../..//Drivers/CMSIS/Include/cmsis_gcc.h **** 
 157:../../../../..//Drivers/CMSIS/Include/cmsis_gcc.h ****   for (__zero_table_t const* pTable = &__zero_table_start__; pTable < &__zero_table_end__; ++pTable
 158:../../../../..//Drivers/CMSIS/Include/cmsis_gcc.h ****     for(uint32_t i=0u; i<pTable->wlen; ++i) {
 159:../../../../..//Drivers/CMSIS/Include/cmsis_gcc.h ****       pTable->dest[i] = 0u;
 160:../../../../..//Drivers/CMSIS/Include/cmsis_gcc.h ****     }
 161:../../../../..//Drivers/CMSIS/Include/cmsis_gcc.h ****   }
 162:../../../../..//Drivers/CMSIS/Include/cmsis_gcc.h **** 
 163:../../../../..//Drivers/CMSIS/Include/cmsis_gcc.h ****   _start();
 164:../../../../..//Drivers/CMSIS/Include/cmsis_gcc.h **** }
 165:../../../../..//Drivers/CMSIS/Include/cmsis_gcc.h **** 
 166:../../../../..//Drivers/CMSIS/Include/cmsis_gcc.h **** #define __PROGRAM_START           __cmsis_start
 167:../../../../..//Drivers/CMSIS/Include/cmsis_gcc.h **** #endif
 168:../../../../..//Drivers/CMSIS/Include/cmsis_gcc.h **** 
 169:../../../../..//Drivers/CMSIS/Include/cmsis_gcc.h **** #ifndef __INITIAL_SP
 170:../../../../..//Drivers/CMSIS/Include/cmsis_gcc.h **** #define __INITIAL_SP              __StackTop
 171:../../../../..//Drivers/CMSIS/Include/cmsis_gcc.h **** #endif
 172:../../../../..//Drivers/CMSIS/Include/cmsis_gcc.h **** 
 173:../../../../..//Drivers/CMSIS/Include/cmsis_gcc.h **** #ifndef __STACK_LIMIT
 174:../../../../..//Drivers/CMSIS/Include/cmsis_gcc.h **** #define __STACK_LIMIT             __StackLimit
 175:../../../../..//Drivers/CMSIS/Include/cmsis_gcc.h **** #endif
 176:../../../../..//Drivers/CMSIS/Include/cmsis_gcc.h **** 
 177:../../../../..//Drivers/CMSIS/Include/cmsis_gcc.h **** #ifndef __VECTOR_TABLE
 178:../../../../..//Drivers/CMSIS/Include/cmsis_gcc.h **** #define __VECTOR_TABLE            __Vectors
 179:../../../../..//Drivers/CMSIS/Include/cmsis_gcc.h **** #endif
 180:../../../../..//Drivers/CMSIS/Include/cmsis_gcc.h **** 
ARM GAS  /tmp/ccW7HcuX.s 			page 17


 181:../../../../..//Drivers/CMSIS/Include/cmsis_gcc.h **** #ifndef __VECTOR_TABLE_ATTRIBUTE
 182:../../../../..//Drivers/CMSIS/Include/cmsis_gcc.h **** #define __VECTOR_TABLE_ATTRIBUTE  __attribute__((used, section(".vectors")))
 183:../../../../..//Drivers/CMSIS/Include/cmsis_gcc.h **** #endif
 184:../../../../..//Drivers/CMSIS/Include/cmsis_gcc.h **** 
 185:../../../../..//Drivers/CMSIS/Include/cmsis_gcc.h **** #if defined (__ARM_FEATURE_CMSE) && (__ARM_FEATURE_CMSE == 3U)
 186:../../../../..//Drivers/CMSIS/Include/cmsis_gcc.h **** #ifndef __STACK_SEAL
 187:../../../../..//Drivers/CMSIS/Include/cmsis_gcc.h **** #define __STACK_SEAL              __StackSeal
 188:../../../../..//Drivers/CMSIS/Include/cmsis_gcc.h **** #endif
 189:../../../../..//Drivers/CMSIS/Include/cmsis_gcc.h **** 
 190:../../../../..//Drivers/CMSIS/Include/cmsis_gcc.h **** #ifndef __TZ_STACK_SEAL_SIZE
 191:../../../../..//Drivers/CMSIS/Include/cmsis_gcc.h **** #define __TZ_STACK_SEAL_SIZE      8U
 192:../../../../..//Drivers/CMSIS/Include/cmsis_gcc.h **** #endif
 193:../../../../..//Drivers/CMSIS/Include/cmsis_gcc.h **** 
 194:../../../../..//Drivers/CMSIS/Include/cmsis_gcc.h **** #ifndef __TZ_STACK_SEAL_VALUE
 195:../../../../..//Drivers/CMSIS/Include/cmsis_gcc.h **** #define __TZ_STACK_SEAL_VALUE     0xFEF5EDA5FEF5EDA5ULL
 196:../../../../..//Drivers/CMSIS/Include/cmsis_gcc.h **** #endif
 197:../../../../..//Drivers/CMSIS/Include/cmsis_gcc.h **** 
 198:../../../../..//Drivers/CMSIS/Include/cmsis_gcc.h **** 
 199:../../../../..//Drivers/CMSIS/Include/cmsis_gcc.h **** __STATIC_FORCEINLINE void __TZ_set_STACKSEAL_S (uint32_t* stackTop) {
 200:../../../../..//Drivers/CMSIS/Include/cmsis_gcc.h ****   *((uint64_t *)stackTop) = __TZ_STACK_SEAL_VALUE;
 201:../../../../..//Drivers/CMSIS/Include/cmsis_gcc.h **** }
 202:../../../../..//Drivers/CMSIS/Include/cmsis_gcc.h **** #endif
 203:../../../../..//Drivers/CMSIS/Include/cmsis_gcc.h **** 
 204:../../../../..//Drivers/CMSIS/Include/cmsis_gcc.h **** 
 205:../../../../..//Drivers/CMSIS/Include/cmsis_gcc.h **** /* ##########################  Core Instruction Access  ######################### */
 206:../../../../..//Drivers/CMSIS/Include/cmsis_gcc.h **** /** \defgroup CMSIS_Core_InstructionInterface CMSIS Core Instruction Interface
 207:../../../../..//Drivers/CMSIS/Include/cmsis_gcc.h ****   Access to dedicated instructions
 208:../../../../..//Drivers/CMSIS/Include/cmsis_gcc.h ****   @{
 209:../../../../..//Drivers/CMSIS/Include/cmsis_gcc.h **** */
 210:../../../../..//Drivers/CMSIS/Include/cmsis_gcc.h **** 
 211:../../../../..//Drivers/CMSIS/Include/cmsis_gcc.h **** /* Define macros for porting to both thumb1 and thumb2.
 212:../../../../..//Drivers/CMSIS/Include/cmsis_gcc.h ****  * For thumb1, use low register (r0-r7), specified by constraint "l"
 213:../../../../..//Drivers/CMSIS/Include/cmsis_gcc.h ****  * Otherwise, use general registers, specified by constraint "r" */
 214:../../../../..//Drivers/CMSIS/Include/cmsis_gcc.h **** #if defined (__thumb__) && !defined (__thumb2__)
 215:../../../../..//Drivers/CMSIS/Include/cmsis_gcc.h **** #define __CMSIS_GCC_OUT_REG(r) "=l" (r)
 216:../../../../..//Drivers/CMSIS/Include/cmsis_gcc.h **** #define __CMSIS_GCC_RW_REG(r) "+l" (r)
 217:../../../../..//Drivers/CMSIS/Include/cmsis_gcc.h **** #define __CMSIS_GCC_USE_REG(r) "l" (r)
 218:../../../../..//Drivers/CMSIS/Include/cmsis_gcc.h **** #else
 219:../../../../..//Drivers/CMSIS/Include/cmsis_gcc.h **** #define __CMSIS_GCC_OUT_REG(r) "=r" (r)
 220:../../../../..//Drivers/CMSIS/Include/cmsis_gcc.h **** #define __CMSIS_GCC_RW_REG(r) "+r" (r)
 221:../../../../..//Drivers/CMSIS/Include/cmsis_gcc.h **** #define __CMSIS_GCC_USE_REG(r) "r" (r)
 222:../../../../..//Drivers/CMSIS/Include/cmsis_gcc.h **** #endif
 223:../../../../..//Drivers/CMSIS/Include/cmsis_gcc.h **** 
 224:../../../../..//Drivers/CMSIS/Include/cmsis_gcc.h **** /**
 225:../../../../..//Drivers/CMSIS/Include/cmsis_gcc.h ****   \brief   No Operation
 226:../../../../..//Drivers/CMSIS/Include/cmsis_gcc.h ****   \details No Operation does nothing. This instruction can be used for code alignment purposes.
 227:../../../../..//Drivers/CMSIS/Include/cmsis_gcc.h ****  */
 228:../../../../..//Drivers/CMSIS/Include/cmsis_gcc.h **** #define __NOP()                             __ASM volatile ("nop")
 229:../../../../..//Drivers/CMSIS/Include/cmsis_gcc.h **** 
 230:../../../../..//Drivers/CMSIS/Include/cmsis_gcc.h **** /**
 231:../../../../..//Drivers/CMSIS/Include/cmsis_gcc.h ****   \brief   Wait For Interrupt
 232:../../../../..//Drivers/CMSIS/Include/cmsis_gcc.h ****   \details Wait For Interrupt is a hint instruction that suspends execution until one of a number o
 233:../../../../..//Drivers/CMSIS/Include/cmsis_gcc.h ****  */
 234:../../../../..//Drivers/CMSIS/Include/cmsis_gcc.h **** #define __WFI()                             __ASM volatile ("wfi":::"memory")
 235:../../../../..//Drivers/CMSIS/Include/cmsis_gcc.h **** 
 236:../../../../..//Drivers/CMSIS/Include/cmsis_gcc.h **** 
 237:../../../../..//Drivers/CMSIS/Include/cmsis_gcc.h **** /**
ARM GAS  /tmp/ccW7HcuX.s 			page 18


 238:../../../../..//Drivers/CMSIS/Include/cmsis_gcc.h ****   \brief   Wait For Event
 239:../../../../..//Drivers/CMSIS/Include/cmsis_gcc.h ****   \details Wait For Event is a hint instruction that permits the processor to enter
 240:../../../../..//Drivers/CMSIS/Include/cmsis_gcc.h ****            a low-power state until one of a number of events occurs.
 241:../../../../..//Drivers/CMSIS/Include/cmsis_gcc.h ****  */
 242:../../../../..//Drivers/CMSIS/Include/cmsis_gcc.h **** #define __WFE()                             __ASM volatile ("wfe":::"memory")
 243:../../../../..//Drivers/CMSIS/Include/cmsis_gcc.h **** 
 244:../../../../..//Drivers/CMSIS/Include/cmsis_gcc.h **** 
 245:../../../../..//Drivers/CMSIS/Include/cmsis_gcc.h **** /**
 246:../../../../..//Drivers/CMSIS/Include/cmsis_gcc.h ****   \brief   Send Event
 247:../../../../..//Drivers/CMSIS/Include/cmsis_gcc.h ****   \details Send Event is a hint instruction. It causes an event to be signaled to the CPU.
 248:../../../../..//Drivers/CMSIS/Include/cmsis_gcc.h ****  */
 249:../../../../..//Drivers/CMSIS/Include/cmsis_gcc.h **** #define __SEV()                             __ASM volatile ("sev")
 250:../../../../..//Drivers/CMSIS/Include/cmsis_gcc.h **** 
 251:../../../../..//Drivers/CMSIS/Include/cmsis_gcc.h **** 
 252:../../../../..//Drivers/CMSIS/Include/cmsis_gcc.h **** /**
 253:../../../../..//Drivers/CMSIS/Include/cmsis_gcc.h ****   \brief   Instruction Synchronization Barrier
 254:../../../../..//Drivers/CMSIS/Include/cmsis_gcc.h ****   \details Instruction Synchronization Barrier flushes the pipeline in the processor,
 255:../../../../..//Drivers/CMSIS/Include/cmsis_gcc.h ****            so that all instructions following the ISB are fetched from cache or memory,
 256:../../../../..//Drivers/CMSIS/Include/cmsis_gcc.h ****            after the instruction has been completed.
 257:../../../../..//Drivers/CMSIS/Include/cmsis_gcc.h ****  */
 258:../../../../..//Drivers/CMSIS/Include/cmsis_gcc.h **** __STATIC_FORCEINLINE void __ISB(void)
 259:../../../../..//Drivers/CMSIS/Include/cmsis_gcc.h **** {
 260:../../../../..//Drivers/CMSIS/Include/cmsis_gcc.h ****   __ASM volatile ("isb 0xF":::"memory");
 261:../../../../..//Drivers/CMSIS/Include/cmsis_gcc.h **** }
 262:../../../../..//Drivers/CMSIS/Include/cmsis_gcc.h **** 
 263:../../../../..//Drivers/CMSIS/Include/cmsis_gcc.h **** 
 264:../../../../..//Drivers/CMSIS/Include/cmsis_gcc.h **** /**
 265:../../../../..//Drivers/CMSIS/Include/cmsis_gcc.h ****   \brief   Data Synchronization Barrier
 266:../../../../..//Drivers/CMSIS/Include/cmsis_gcc.h ****   \details Acts as a special kind of Data Memory Barrier.
 267:../../../../..//Drivers/CMSIS/Include/cmsis_gcc.h ****            It completes when all explicit memory accesses before this instruction complete.
 268:../../../../..//Drivers/CMSIS/Include/cmsis_gcc.h ****  */
 269:../../../../..//Drivers/CMSIS/Include/cmsis_gcc.h **** __STATIC_FORCEINLINE void __DSB(void)
 270:../../../../..//Drivers/CMSIS/Include/cmsis_gcc.h **** {
 271:../../../../..//Drivers/CMSIS/Include/cmsis_gcc.h ****   __ASM volatile ("dsb 0xF":::"memory");
 272:../../../../..//Drivers/CMSIS/Include/cmsis_gcc.h **** }
 273:../../../../..//Drivers/CMSIS/Include/cmsis_gcc.h **** 
 274:../../../../..//Drivers/CMSIS/Include/cmsis_gcc.h **** 
 275:../../../../..//Drivers/CMSIS/Include/cmsis_gcc.h **** /**
 276:../../../../..//Drivers/CMSIS/Include/cmsis_gcc.h ****   \brief   Data Memory Barrier
 277:../../../../..//Drivers/CMSIS/Include/cmsis_gcc.h ****   \details Ensures the apparent order of the explicit memory operations before
 278:../../../../..//Drivers/CMSIS/Include/cmsis_gcc.h ****            and after the instruction, without ensuring their completion.
 279:../../../../..//Drivers/CMSIS/Include/cmsis_gcc.h ****  */
 280:../../../../..//Drivers/CMSIS/Include/cmsis_gcc.h **** __STATIC_FORCEINLINE void __DMB(void)
 281:../../../../..//Drivers/CMSIS/Include/cmsis_gcc.h **** {
 282:../../../../..//Drivers/CMSIS/Include/cmsis_gcc.h ****   __ASM volatile ("dmb 0xF":::"memory");
 283:../../../../..//Drivers/CMSIS/Include/cmsis_gcc.h **** }
 284:../../../../..//Drivers/CMSIS/Include/cmsis_gcc.h **** 
 285:../../../../..//Drivers/CMSIS/Include/cmsis_gcc.h **** 
 286:../../../../..//Drivers/CMSIS/Include/cmsis_gcc.h **** /**
 287:../../../../..//Drivers/CMSIS/Include/cmsis_gcc.h ****   \brief   Reverse byte order (32 bit)
 288:../../../../..//Drivers/CMSIS/Include/cmsis_gcc.h ****   \details Reverses the byte order in unsigned integer value. For example, 0x12345678 becomes 0x785
 289:../../../../..//Drivers/CMSIS/Include/cmsis_gcc.h ****   \param [in]    value  Value to reverse
 290:../../../../..//Drivers/CMSIS/Include/cmsis_gcc.h ****   \return               Reversed value
 291:../../../../..//Drivers/CMSIS/Include/cmsis_gcc.h ****  */
 292:../../../../..//Drivers/CMSIS/Include/cmsis_gcc.h **** __STATIC_FORCEINLINE uint32_t __REV(uint32_t value)
 293:../../../../..//Drivers/CMSIS/Include/cmsis_gcc.h **** {
 294:../../../../..//Drivers/CMSIS/Include/cmsis_gcc.h **** #if (__GNUC__ > 4) || (__GNUC__ == 4 && __GNUC_MINOR__ >= 5)
ARM GAS  /tmp/ccW7HcuX.s 			page 19


 295:../../../../..//Drivers/CMSIS/Include/cmsis_gcc.h ****   return __builtin_bswap32(value);
 296:../../../../..//Drivers/CMSIS/Include/cmsis_gcc.h **** #else
 297:../../../../..//Drivers/CMSIS/Include/cmsis_gcc.h ****   uint32_t result;
 298:../../../../..//Drivers/CMSIS/Include/cmsis_gcc.h **** 
 299:../../../../..//Drivers/CMSIS/Include/cmsis_gcc.h ****   __ASM ("rev %0, %1" : __CMSIS_GCC_OUT_REG (result) : __CMSIS_GCC_USE_REG (value) );
 300:../../../../..//Drivers/CMSIS/Include/cmsis_gcc.h ****   return result;
 301:../../../../..//Drivers/CMSIS/Include/cmsis_gcc.h **** #endif
 302:../../../../..//Drivers/CMSIS/Include/cmsis_gcc.h **** }
 303:../../../../..//Drivers/CMSIS/Include/cmsis_gcc.h **** 
 304:../../../../..//Drivers/CMSIS/Include/cmsis_gcc.h **** 
 305:../../../../..//Drivers/CMSIS/Include/cmsis_gcc.h **** /**
 306:../../../../..//Drivers/CMSIS/Include/cmsis_gcc.h ****   \brief   Reverse byte order (16 bit)
 307:../../../../..//Drivers/CMSIS/Include/cmsis_gcc.h ****   \details Reverses the byte order within each halfword of a word. For example, 0x12345678 becomes 
 308:../../../../..//Drivers/CMSIS/Include/cmsis_gcc.h ****   \param [in]    value  Value to reverse
 309:../../../../..//Drivers/CMSIS/Include/cmsis_gcc.h ****   \return               Reversed value
 310:../../../../..//Drivers/CMSIS/Include/cmsis_gcc.h ****  */
 311:../../../../..//Drivers/CMSIS/Include/cmsis_gcc.h **** __STATIC_FORCEINLINE uint32_t __REV16(uint32_t value)
 312:../../../../..//Drivers/CMSIS/Include/cmsis_gcc.h **** {
 313:../../../../..//Drivers/CMSIS/Include/cmsis_gcc.h ****   uint32_t result;
 314:../../../../..//Drivers/CMSIS/Include/cmsis_gcc.h **** 
 315:../../../../..//Drivers/CMSIS/Include/cmsis_gcc.h ****   __ASM ("rev16 %0, %1" : __CMSIS_GCC_OUT_REG (result) : __CMSIS_GCC_USE_REG (value) );
 316:../../../../..//Drivers/CMSIS/Include/cmsis_gcc.h ****   return result;
 317:../../../../..//Drivers/CMSIS/Include/cmsis_gcc.h **** }
 318:../../../../..//Drivers/CMSIS/Include/cmsis_gcc.h **** 
 319:../../../../..//Drivers/CMSIS/Include/cmsis_gcc.h **** 
 320:../../../../..//Drivers/CMSIS/Include/cmsis_gcc.h **** /**
 321:../../../../..//Drivers/CMSIS/Include/cmsis_gcc.h ****   \brief   Reverse byte order (16 bit)
 322:../../../../..//Drivers/CMSIS/Include/cmsis_gcc.h ****   \details Reverses the byte order in a 16-bit value and returns the signed 16-bit result. For exam
 323:../../../../..//Drivers/CMSIS/Include/cmsis_gcc.h ****   \param [in]    value  Value to reverse
 324:../../../../..//Drivers/CMSIS/Include/cmsis_gcc.h ****   \return               Reversed value
 325:../../../../..//Drivers/CMSIS/Include/cmsis_gcc.h ****  */
 326:../../../../..//Drivers/CMSIS/Include/cmsis_gcc.h **** __STATIC_FORCEINLINE int16_t __REVSH(int16_t value)
 327:../../../../..//Drivers/CMSIS/Include/cmsis_gcc.h **** {
 328:../../../../..//Drivers/CMSIS/Include/cmsis_gcc.h **** #if (__GNUC__ > 4) || (__GNUC__ == 4 && __GNUC_MINOR__ >= 8)
 329:../../../../..//Drivers/CMSIS/Include/cmsis_gcc.h ****   return (int16_t)__builtin_bswap16(value);
 330:../../../../..//Drivers/CMSIS/Include/cmsis_gcc.h **** #else
 331:../../../../..//Drivers/CMSIS/Include/cmsis_gcc.h ****   int16_t result;
 332:../../../../..//Drivers/CMSIS/Include/cmsis_gcc.h **** 
 333:../../../../..//Drivers/CMSIS/Include/cmsis_gcc.h ****   __ASM ("revsh %0, %1" : __CMSIS_GCC_OUT_REG (result) : __CMSIS_GCC_USE_REG (value) );
 334:../../../../..//Drivers/CMSIS/Include/cmsis_gcc.h ****   return result;
 335:../../../../..//Drivers/CMSIS/Include/cmsis_gcc.h **** #endif
 336:../../../../..//Drivers/CMSIS/Include/cmsis_gcc.h **** }
 337:../../../../..//Drivers/CMSIS/Include/cmsis_gcc.h **** 
 338:../../../../..//Drivers/CMSIS/Include/cmsis_gcc.h **** 
 339:../../../../..//Drivers/CMSIS/Include/cmsis_gcc.h **** /**
 340:../../../../..//Drivers/CMSIS/Include/cmsis_gcc.h ****   \brief   Rotate Right in unsigned value (32 bit)
 341:../../../../..//Drivers/CMSIS/Include/cmsis_gcc.h ****   \details Rotate Right (immediate) provides the value of the contents of a register rotated by a v
 342:../../../../..//Drivers/CMSIS/Include/cmsis_gcc.h ****   \param [in]    op1  Value to rotate
 343:../../../../..//Drivers/CMSIS/Include/cmsis_gcc.h ****   \param [in]    op2  Number of Bits to rotate
 344:../../../../..//Drivers/CMSIS/Include/cmsis_gcc.h ****   \return               Rotated value
 345:../../../../..//Drivers/CMSIS/Include/cmsis_gcc.h ****  */
 346:../../../../..//Drivers/CMSIS/Include/cmsis_gcc.h **** __STATIC_FORCEINLINE uint32_t __ROR(uint32_t op1, uint32_t op2)
 347:../../../../..//Drivers/CMSIS/Include/cmsis_gcc.h **** {
 348:../../../../..//Drivers/CMSIS/Include/cmsis_gcc.h ****   op2 %= 32U;
 349:../../../../..//Drivers/CMSIS/Include/cmsis_gcc.h ****   if (op2 == 0U)
 350:../../../../..//Drivers/CMSIS/Include/cmsis_gcc.h ****   {
 351:../../../../..//Drivers/CMSIS/Include/cmsis_gcc.h ****     return op1;
ARM GAS  /tmp/ccW7HcuX.s 			page 20


 352:../../../../..//Drivers/CMSIS/Include/cmsis_gcc.h ****   }
 353:../../../../..//Drivers/CMSIS/Include/cmsis_gcc.h ****   return (op1 >> op2) | (op1 << (32U - op2));
 354:../../../../..//Drivers/CMSIS/Include/cmsis_gcc.h **** }
 355:../../../../..//Drivers/CMSIS/Include/cmsis_gcc.h **** 
 356:../../../../..//Drivers/CMSIS/Include/cmsis_gcc.h **** 
 357:../../../../..//Drivers/CMSIS/Include/cmsis_gcc.h **** /**
 358:../../../../..//Drivers/CMSIS/Include/cmsis_gcc.h ****   \brief   Breakpoint
 359:../../../../..//Drivers/CMSIS/Include/cmsis_gcc.h ****   \details Causes the processor to enter Debug state.
 360:../../../../..//Drivers/CMSIS/Include/cmsis_gcc.h ****            Debug tools can use this to investigate system state when the instruction at a particula
 361:../../../../..//Drivers/CMSIS/Include/cmsis_gcc.h ****   \param [in]    value  is ignored by the processor.
 362:../../../../..//Drivers/CMSIS/Include/cmsis_gcc.h ****                  If required, a debugger can use it to store additional information about the break
 363:../../../../..//Drivers/CMSIS/Include/cmsis_gcc.h ****  */
 364:../../../../..//Drivers/CMSIS/Include/cmsis_gcc.h **** #define __BKPT(value)                       __ASM volatile ("bkpt "#value)
 365:../../../../..//Drivers/CMSIS/Include/cmsis_gcc.h **** 
 366:../../../../..//Drivers/CMSIS/Include/cmsis_gcc.h **** 
 367:../../../../..//Drivers/CMSIS/Include/cmsis_gcc.h **** /**
 368:../../../../..//Drivers/CMSIS/Include/cmsis_gcc.h ****   \brief   Reverse bit order of value
 369:../../../../..//Drivers/CMSIS/Include/cmsis_gcc.h ****   \details Reverses the bit order of the given value.
 370:../../../../..//Drivers/CMSIS/Include/cmsis_gcc.h ****   \param [in]    value  Value to reverse
 371:../../../../..//Drivers/CMSIS/Include/cmsis_gcc.h ****   \return               Reversed value
 372:../../../../..//Drivers/CMSIS/Include/cmsis_gcc.h ****  */
 373:../../../../..//Drivers/CMSIS/Include/cmsis_gcc.h **** __STATIC_FORCEINLINE uint32_t __RBIT(uint32_t value)
 374:../../../../..//Drivers/CMSIS/Include/cmsis_gcc.h **** {
 375:../../../../..//Drivers/CMSIS/Include/cmsis_gcc.h ****   uint32_t result;
 376:../../../../..//Drivers/CMSIS/Include/cmsis_gcc.h **** 
 377:../../../../..//Drivers/CMSIS/Include/cmsis_gcc.h **** #if ((defined (__ARM_ARCH_7M__      ) && (__ARM_ARCH_7M__      == 1)) || \
 378:../../../../..//Drivers/CMSIS/Include/cmsis_gcc.h ****      (defined (__ARM_ARCH_7EM__     ) && (__ARM_ARCH_7EM__     == 1)) || \
 379:../../../../..//Drivers/CMSIS/Include/cmsis_gcc.h ****      (defined (__ARM_ARCH_8M_MAIN__ ) && (__ARM_ARCH_8M_MAIN__ == 1))    )
 380:../../../../..//Drivers/CMSIS/Include/cmsis_gcc.h ****    __ASM ("rbit %0, %1" : "=r" (result) : "r" (value) );
 381:../../../../..//Drivers/CMSIS/Include/cmsis_gcc.h **** #else
 382:../../../../..//Drivers/CMSIS/Include/cmsis_gcc.h ****   uint32_t s = (4U /*sizeof(v)*/ * 8U) - 1U; /* extra shift needed at end */
 383:../../../../..//Drivers/CMSIS/Include/cmsis_gcc.h **** 
 384:../../../../..//Drivers/CMSIS/Include/cmsis_gcc.h ****   result = value;                      /* r will be reversed bits of v; first get LSB of v */
 385:../../../../..//Drivers/CMSIS/Include/cmsis_gcc.h ****   for (value >>= 1U; value != 0U; value >>= 1U)
 386:../../../../..//Drivers/CMSIS/Include/cmsis_gcc.h ****   {
 387:../../../../..//Drivers/CMSIS/Include/cmsis_gcc.h ****     result <<= 1U;
 388:../../../../..//Drivers/CMSIS/Include/cmsis_gcc.h ****     result |= value & 1U;
 389:../../../../..//Drivers/CMSIS/Include/cmsis_gcc.h ****     s--;
 390:../../../../..//Drivers/CMSIS/Include/cmsis_gcc.h ****   }
 391:../../../../..//Drivers/CMSIS/Include/cmsis_gcc.h ****   result <<= s;                        /* shift when v's highest bits are zero */
 392:../../../../..//Drivers/CMSIS/Include/cmsis_gcc.h **** #endif
 393:../../../../..//Drivers/CMSIS/Include/cmsis_gcc.h ****   return result;
 394:../../../../..//Drivers/CMSIS/Include/cmsis_gcc.h **** }
 395:../../../../..//Drivers/CMSIS/Include/cmsis_gcc.h **** 
 396:../../../../..//Drivers/CMSIS/Include/cmsis_gcc.h **** 
 397:../../../../..//Drivers/CMSIS/Include/cmsis_gcc.h **** /**
 398:../../../../..//Drivers/CMSIS/Include/cmsis_gcc.h ****   \brief   Count leading zeros
 399:../../../../..//Drivers/CMSIS/Include/cmsis_gcc.h ****   \details Counts the number of leading zeros of a data value.
 400:../../../../..//Drivers/CMSIS/Include/cmsis_gcc.h ****   \param [in]  value  Value to count the leading zeros
 401:../../../../..//Drivers/CMSIS/Include/cmsis_gcc.h ****   \return             number of leading zeros in value
 402:../../../../..//Drivers/CMSIS/Include/cmsis_gcc.h ****  */
 403:../../../../..//Drivers/CMSIS/Include/cmsis_gcc.h **** __STATIC_FORCEINLINE uint8_t __CLZ(uint32_t value)
 404:../../../../..//Drivers/CMSIS/Include/cmsis_gcc.h **** {
 405:../../../../..//Drivers/CMSIS/Include/cmsis_gcc.h ****   /* Even though __builtin_clz produces a CLZ instruction on ARM, formally
 406:../../../../..//Drivers/CMSIS/Include/cmsis_gcc.h ****      __builtin_clz(0) is undefined behaviour, so handle this case specially.
 407:../../../../..//Drivers/CMSIS/Include/cmsis_gcc.h ****      This guarantees ARM-compatible results if happening to compile on a non-ARM
 408:../../../../..//Drivers/CMSIS/Include/cmsis_gcc.h ****      target, and ensures the compiler doesn't decide to activate any
ARM GAS  /tmp/ccW7HcuX.s 			page 21


 409:../../../../..//Drivers/CMSIS/Include/cmsis_gcc.h ****      optimisations using the logic "value was passed to __builtin_clz, so it
 410:../../../../..//Drivers/CMSIS/Include/cmsis_gcc.h ****      is non-zero".
 411:../../../../..//Drivers/CMSIS/Include/cmsis_gcc.h ****      ARM GCC 7.3 and possibly earlier will optimise this test away, leaving a
 412:../../../../..//Drivers/CMSIS/Include/cmsis_gcc.h ****      single CLZ instruction.
 413:../../../../..//Drivers/CMSIS/Include/cmsis_gcc.h ****    */
 414:../../../../..//Drivers/CMSIS/Include/cmsis_gcc.h ****   if (value == 0U)
 415:../../../../..//Drivers/CMSIS/Include/cmsis_gcc.h ****   {
 416:../../../../..//Drivers/CMSIS/Include/cmsis_gcc.h ****     return 32U;
 417:../../../../..//Drivers/CMSIS/Include/cmsis_gcc.h ****   }
 418:../../../../..//Drivers/CMSIS/Include/cmsis_gcc.h ****   return __builtin_clz(value);
 419:../../../../..//Drivers/CMSIS/Include/cmsis_gcc.h **** }
 420:../../../../..//Drivers/CMSIS/Include/cmsis_gcc.h **** 
 421:../../../../..//Drivers/CMSIS/Include/cmsis_gcc.h **** 
 422:../../../../..//Drivers/CMSIS/Include/cmsis_gcc.h **** #if ((defined (__ARM_ARCH_7M__      ) && (__ARM_ARCH_7M__      == 1)) || \
 423:../../../../..//Drivers/CMSIS/Include/cmsis_gcc.h ****      (defined (__ARM_ARCH_7EM__     ) && (__ARM_ARCH_7EM__     == 1)) || \
 424:../../../../..//Drivers/CMSIS/Include/cmsis_gcc.h ****      (defined (__ARM_ARCH_8M_MAIN__ ) && (__ARM_ARCH_8M_MAIN__ == 1)) || \
 425:../../../../..//Drivers/CMSIS/Include/cmsis_gcc.h ****      (defined (__ARM_ARCH_8M_BASE__ ) && (__ARM_ARCH_8M_BASE__ == 1))    )
 426:../../../../..//Drivers/CMSIS/Include/cmsis_gcc.h **** /**
 427:../../../../..//Drivers/CMSIS/Include/cmsis_gcc.h ****   \brief   LDR Exclusive (8 bit)
 428:../../../../..//Drivers/CMSIS/Include/cmsis_gcc.h ****   \details Executes a exclusive LDR instruction for 8 bit value.
 429:../../../../..//Drivers/CMSIS/Include/cmsis_gcc.h ****   \param [in]    ptr  Pointer to data
 430:../../../../..//Drivers/CMSIS/Include/cmsis_gcc.h ****   \return             value of type uint8_t at (*ptr)
 431:../../../../..//Drivers/CMSIS/Include/cmsis_gcc.h ****  */
 432:../../../../..//Drivers/CMSIS/Include/cmsis_gcc.h **** __STATIC_FORCEINLINE uint8_t __LDREXB(volatile uint8_t *addr)
 433:../../../../..//Drivers/CMSIS/Include/cmsis_gcc.h **** {
 434:../../../../..//Drivers/CMSIS/Include/cmsis_gcc.h ****     uint32_t result;
 435:../../../../..//Drivers/CMSIS/Include/cmsis_gcc.h **** 
 436:../../../../..//Drivers/CMSIS/Include/cmsis_gcc.h **** #if (__GNUC__ > 4) || (__GNUC__ == 4 && __GNUC_MINOR__ >= 8)
 437:../../../../..//Drivers/CMSIS/Include/cmsis_gcc.h ****    __ASM volatile ("ldrexb %0, %1" : "=r" (result) : "Q" (*addr) );
 438:../../../../..//Drivers/CMSIS/Include/cmsis_gcc.h **** #else
 439:../../../../..//Drivers/CMSIS/Include/cmsis_gcc.h ****     /* Prior to GCC 4.8, "Q" will be expanded to [rx, #0] which is not
 440:../../../../..//Drivers/CMSIS/Include/cmsis_gcc.h ****        accepted by assembler. So has to use following less efficient pattern.
 441:../../../../..//Drivers/CMSIS/Include/cmsis_gcc.h ****     */
 442:../../../../..//Drivers/CMSIS/Include/cmsis_gcc.h ****    __ASM volatile ("ldrexb %0, [%1]" : "=r" (result) : "r" (addr) : "memory" );
 443:../../../../..//Drivers/CMSIS/Include/cmsis_gcc.h **** #endif
 444:../../../../..//Drivers/CMSIS/Include/cmsis_gcc.h ****    return ((uint8_t) result);    /* Add explicit type cast here */
 445:../../../../..//Drivers/CMSIS/Include/cmsis_gcc.h **** }
 446:../../../../..//Drivers/CMSIS/Include/cmsis_gcc.h **** 
 447:../../../../..//Drivers/CMSIS/Include/cmsis_gcc.h **** 
 448:../../../../..//Drivers/CMSIS/Include/cmsis_gcc.h **** /**
 449:../../../../..//Drivers/CMSIS/Include/cmsis_gcc.h ****   \brief   LDR Exclusive (16 bit)
 450:../../../../..//Drivers/CMSIS/Include/cmsis_gcc.h ****   \details Executes a exclusive LDR instruction for 16 bit values.
 451:../../../../..//Drivers/CMSIS/Include/cmsis_gcc.h ****   \param [in]    ptr  Pointer to data
 452:../../../../..//Drivers/CMSIS/Include/cmsis_gcc.h ****   \return        value of type uint16_t at (*ptr)
 453:../../../../..//Drivers/CMSIS/Include/cmsis_gcc.h ****  */
 454:../../../../..//Drivers/CMSIS/Include/cmsis_gcc.h **** __STATIC_FORCEINLINE uint16_t __LDREXH(volatile uint16_t *addr)
 455:../../../../..//Drivers/CMSIS/Include/cmsis_gcc.h **** {
 456:../../../../..//Drivers/CMSIS/Include/cmsis_gcc.h ****     uint32_t result;
 457:../../../../..//Drivers/CMSIS/Include/cmsis_gcc.h **** 
 458:../../../../..//Drivers/CMSIS/Include/cmsis_gcc.h **** #if (__GNUC__ > 4) || (__GNUC__ == 4 && __GNUC_MINOR__ >= 8)
 459:../../../../..//Drivers/CMSIS/Include/cmsis_gcc.h ****    __ASM volatile ("ldrexh %0, %1" : "=r" (result) : "Q" (*addr) );
 460:../../../../..//Drivers/CMSIS/Include/cmsis_gcc.h **** #else
 461:../../../../..//Drivers/CMSIS/Include/cmsis_gcc.h ****     /* Prior to GCC 4.8, "Q" will be expanded to [rx, #0] which is not
 462:../../../../..//Drivers/CMSIS/Include/cmsis_gcc.h ****        accepted by assembler. So has to use following less efficient pattern.
 463:../../../../..//Drivers/CMSIS/Include/cmsis_gcc.h ****     */
 464:../../../../..//Drivers/CMSIS/Include/cmsis_gcc.h ****    __ASM volatile ("ldrexh %0, [%1]" : "=r" (result) : "r" (addr) : "memory" );
 465:../../../../..//Drivers/CMSIS/Include/cmsis_gcc.h **** #endif
ARM GAS  /tmp/ccW7HcuX.s 			page 22


 466:../../../../..//Drivers/CMSIS/Include/cmsis_gcc.h ****    return ((uint16_t) result);    /* Add explicit type cast here */
 467:../../../../..//Drivers/CMSIS/Include/cmsis_gcc.h **** }
 468:../../../../..//Drivers/CMSIS/Include/cmsis_gcc.h **** 
 469:../../../../..//Drivers/CMSIS/Include/cmsis_gcc.h **** 
 470:../../../../..//Drivers/CMSIS/Include/cmsis_gcc.h **** /**
 471:../../../../..//Drivers/CMSIS/Include/cmsis_gcc.h ****   \brief   LDR Exclusive (32 bit)
 472:../../../../..//Drivers/CMSIS/Include/cmsis_gcc.h ****   \details Executes a exclusive LDR instruction for 32 bit values.
 473:../../../../..//Drivers/CMSIS/Include/cmsis_gcc.h ****   \param [in]    ptr  Pointer to data
 474:../../../../..//Drivers/CMSIS/Include/cmsis_gcc.h ****   \return        value of type uint32_t at (*ptr)
 475:../../../../..//Drivers/CMSIS/Include/cmsis_gcc.h ****  */
 476:../../../../..//Drivers/CMSIS/Include/cmsis_gcc.h **** __STATIC_FORCEINLINE uint32_t __LDREXW(volatile uint32_t *addr)
 477:../../../../..//Drivers/CMSIS/Include/cmsis_gcc.h **** {
 478:../../../../..//Drivers/CMSIS/Include/cmsis_gcc.h ****     uint32_t result;
 479:../../../../..//Drivers/CMSIS/Include/cmsis_gcc.h **** 
 480:../../../../..//Drivers/CMSIS/Include/cmsis_gcc.h ****    __ASM volatile ("ldrex %0, %1" : "=r" (result) : "Q" (*addr) );
 481:../../../../..//Drivers/CMSIS/Include/cmsis_gcc.h ****    return(result);
 482:../../../../..//Drivers/CMSIS/Include/cmsis_gcc.h **** }
 483:../../../../..//Drivers/CMSIS/Include/cmsis_gcc.h **** 
 484:../../../../..//Drivers/CMSIS/Include/cmsis_gcc.h **** 
 485:../../../../..//Drivers/CMSIS/Include/cmsis_gcc.h **** /**
 486:../../../../..//Drivers/CMSIS/Include/cmsis_gcc.h ****   \brief   STR Exclusive (8 bit)
 487:../../../../..//Drivers/CMSIS/Include/cmsis_gcc.h ****   \details Executes a exclusive STR instruction for 8 bit values.
 488:../../../../..//Drivers/CMSIS/Include/cmsis_gcc.h ****   \param [in]  value  Value to store
 489:../../../../..//Drivers/CMSIS/Include/cmsis_gcc.h ****   \param [in]    ptr  Pointer to location
 490:../../../../..//Drivers/CMSIS/Include/cmsis_gcc.h ****   \return          0  Function succeeded
 491:../../../../..//Drivers/CMSIS/Include/cmsis_gcc.h ****   \return          1  Function failed
 492:../../../../..//Drivers/CMSIS/Include/cmsis_gcc.h ****  */
 493:../../../../..//Drivers/CMSIS/Include/cmsis_gcc.h **** __STATIC_FORCEINLINE uint32_t __STREXB(uint8_t value, volatile uint8_t *addr)
 494:../../../../..//Drivers/CMSIS/Include/cmsis_gcc.h **** {
 495:../../../../..//Drivers/CMSIS/Include/cmsis_gcc.h ****    uint32_t result;
 496:../../../../..//Drivers/CMSIS/Include/cmsis_gcc.h **** 
 497:../../../../..//Drivers/CMSIS/Include/cmsis_gcc.h ****    __ASM volatile ("strexb %0, %2, %1" : "=&r" (result), "=Q" (*addr) : "r" ((uint32_t)value) );
 498:../../../../..//Drivers/CMSIS/Include/cmsis_gcc.h ****    return(result);
 499:../../../../..//Drivers/CMSIS/Include/cmsis_gcc.h **** }
 500:../../../../..//Drivers/CMSIS/Include/cmsis_gcc.h **** 
 501:../../../../..//Drivers/CMSIS/Include/cmsis_gcc.h **** 
 502:../../../../..//Drivers/CMSIS/Include/cmsis_gcc.h **** /**
 503:../../../../..//Drivers/CMSIS/Include/cmsis_gcc.h ****   \brief   STR Exclusive (16 bit)
 504:../../../../..//Drivers/CMSIS/Include/cmsis_gcc.h ****   \details Executes a exclusive STR instruction for 16 bit values.
 505:../../../../..//Drivers/CMSIS/Include/cmsis_gcc.h ****   \param [in]  value  Value to store
 506:../../../../..//Drivers/CMSIS/Include/cmsis_gcc.h ****   \param [in]    ptr  Pointer to location
 507:../../../../..//Drivers/CMSIS/Include/cmsis_gcc.h ****   \return          0  Function succeeded
 508:../../../../..//Drivers/CMSIS/Include/cmsis_gcc.h ****   \return          1  Function failed
 509:../../../../..//Drivers/CMSIS/Include/cmsis_gcc.h ****  */
 510:../../../../..//Drivers/CMSIS/Include/cmsis_gcc.h **** __STATIC_FORCEINLINE uint32_t __STREXH(uint16_t value, volatile uint16_t *addr)
 511:../../../../..//Drivers/CMSIS/Include/cmsis_gcc.h **** {
 512:../../../../..//Drivers/CMSIS/Include/cmsis_gcc.h ****    uint32_t result;
 513:../../../../..//Drivers/CMSIS/Include/cmsis_gcc.h **** 
 514:../../../../..//Drivers/CMSIS/Include/cmsis_gcc.h ****    __ASM volatile ("strexh %0, %2, %1" : "=&r" (result), "=Q" (*addr) : "r" ((uint32_t)value) );
 515:../../../../..//Drivers/CMSIS/Include/cmsis_gcc.h ****    return(result);
 516:../../../../..//Drivers/CMSIS/Include/cmsis_gcc.h **** }
 517:../../../../..//Drivers/CMSIS/Include/cmsis_gcc.h **** 
 518:../../../../..//Drivers/CMSIS/Include/cmsis_gcc.h **** 
 519:../../../../..//Drivers/CMSIS/Include/cmsis_gcc.h **** /**
 520:../../../../..//Drivers/CMSIS/Include/cmsis_gcc.h ****   \brief   STR Exclusive (32 bit)
 521:../../../../..//Drivers/CMSIS/Include/cmsis_gcc.h ****   \details Executes a exclusive STR instruction for 32 bit values.
 522:../../../../..//Drivers/CMSIS/Include/cmsis_gcc.h ****   \param [in]  value  Value to store
ARM GAS  /tmp/ccW7HcuX.s 			page 23


 523:../../../../..//Drivers/CMSIS/Include/cmsis_gcc.h ****   \param [in]    ptr  Pointer to location
 524:../../../../..//Drivers/CMSIS/Include/cmsis_gcc.h ****   \return          0  Function succeeded
 525:../../../../..//Drivers/CMSIS/Include/cmsis_gcc.h ****   \return          1  Function failed
 526:../../../../..//Drivers/CMSIS/Include/cmsis_gcc.h ****  */
 527:../../../../..//Drivers/CMSIS/Include/cmsis_gcc.h **** __STATIC_FORCEINLINE uint32_t __STREXW(uint32_t value, volatile uint32_t *addr)
 528:../../../../..//Drivers/CMSIS/Include/cmsis_gcc.h **** {
 529:../../../../..//Drivers/CMSIS/Include/cmsis_gcc.h ****    uint32_t result;
 530:../../../../..//Drivers/CMSIS/Include/cmsis_gcc.h **** 
 531:../../../../..//Drivers/CMSIS/Include/cmsis_gcc.h ****    __ASM volatile ("strex %0, %2, %1" : "=&r" (result), "=Q" (*addr) : "r" (value) );
 532:../../../../..//Drivers/CMSIS/Include/cmsis_gcc.h ****    return(result);
 533:../../../../..//Drivers/CMSIS/Include/cmsis_gcc.h **** }
 534:../../../../..//Drivers/CMSIS/Include/cmsis_gcc.h **** 
 535:../../../../..//Drivers/CMSIS/Include/cmsis_gcc.h **** 
 536:../../../../..//Drivers/CMSIS/Include/cmsis_gcc.h **** /**
 537:../../../../..//Drivers/CMSIS/Include/cmsis_gcc.h ****   \brief   Remove the exclusive lock
 538:../../../../..//Drivers/CMSIS/Include/cmsis_gcc.h ****   \details Removes the exclusive lock which is created by LDREX.
 539:../../../../..//Drivers/CMSIS/Include/cmsis_gcc.h ****  */
 540:../../../../..//Drivers/CMSIS/Include/cmsis_gcc.h **** __STATIC_FORCEINLINE void __CLREX(void)
 541:../../../../..//Drivers/CMSIS/Include/cmsis_gcc.h **** {
 542:../../../../..//Drivers/CMSIS/Include/cmsis_gcc.h ****   __ASM volatile ("clrex" ::: "memory");
 543:../../../../..//Drivers/CMSIS/Include/cmsis_gcc.h **** }
 544:../../../../..//Drivers/CMSIS/Include/cmsis_gcc.h **** 
 545:../../../../..//Drivers/CMSIS/Include/cmsis_gcc.h **** #endif /* ((defined (__ARM_ARCH_7M__      ) && (__ARM_ARCH_7M__      == 1)) || \
 546:../../../../..//Drivers/CMSIS/Include/cmsis_gcc.h ****            (defined (__ARM_ARCH_7EM__     ) && (__ARM_ARCH_7EM__     == 1)) || \
 547:../../../../..//Drivers/CMSIS/Include/cmsis_gcc.h ****            (defined (__ARM_ARCH_8M_MAIN__ ) && (__ARM_ARCH_8M_MAIN__ == 1)) || \
 548:../../../../..//Drivers/CMSIS/Include/cmsis_gcc.h ****            (defined (__ARM_ARCH_8M_BASE__ ) && (__ARM_ARCH_8M_BASE__ == 1))    ) */
 549:../../../../..//Drivers/CMSIS/Include/cmsis_gcc.h **** 
 550:../../../../..//Drivers/CMSIS/Include/cmsis_gcc.h **** 
 551:../../../../..//Drivers/CMSIS/Include/cmsis_gcc.h **** #if ((defined (__ARM_ARCH_7M__      ) && (__ARM_ARCH_7M__      == 1)) || \
 552:../../../../..//Drivers/CMSIS/Include/cmsis_gcc.h ****      (defined (__ARM_ARCH_7EM__     ) && (__ARM_ARCH_7EM__     == 1)) || \
 553:../../../../..//Drivers/CMSIS/Include/cmsis_gcc.h ****      (defined (__ARM_ARCH_8M_MAIN__ ) && (__ARM_ARCH_8M_MAIN__ == 1))    )
 554:../../../../..//Drivers/CMSIS/Include/cmsis_gcc.h **** /**
 555:../../../../..//Drivers/CMSIS/Include/cmsis_gcc.h ****   \brief   Signed Saturate
 556:../../../../..//Drivers/CMSIS/Include/cmsis_gcc.h ****   \details Saturates a signed value.
 557:../../../../..//Drivers/CMSIS/Include/cmsis_gcc.h ****   \param [in]  ARG1  Value to be saturated
 558:../../../../..//Drivers/CMSIS/Include/cmsis_gcc.h ****   \param [in]  ARG2  Bit position to saturate to (1..32)
 559:../../../../..//Drivers/CMSIS/Include/cmsis_gcc.h ****   \return             Saturated value
 560:../../../../..//Drivers/CMSIS/Include/cmsis_gcc.h ****  */
 561:../../../../..//Drivers/CMSIS/Include/cmsis_gcc.h **** #define __SSAT(ARG1, ARG2) \
 562:../../../../..//Drivers/CMSIS/Include/cmsis_gcc.h **** __extension__ \
 563:../../../../..//Drivers/CMSIS/Include/cmsis_gcc.h **** ({                          \
 564:../../../../..//Drivers/CMSIS/Include/cmsis_gcc.h ****   int32_t __RES, __ARG1 = (ARG1); \
 565:../../../../..//Drivers/CMSIS/Include/cmsis_gcc.h ****   __ASM volatile ("ssat %0, %1, %2" : "=r" (__RES) :  "I" (ARG2), "r" (__ARG1) : "cc" ); \
 566:../../../../..//Drivers/CMSIS/Include/cmsis_gcc.h ****   __RES; \
 567:../../../../..//Drivers/CMSIS/Include/cmsis_gcc.h ****  })
 568:../../../../..//Drivers/CMSIS/Include/cmsis_gcc.h **** 
 569:../../../../..//Drivers/CMSIS/Include/cmsis_gcc.h **** 
 570:../../../../..//Drivers/CMSIS/Include/cmsis_gcc.h **** /**
 571:../../../../..//Drivers/CMSIS/Include/cmsis_gcc.h ****   \brief   Unsigned Saturate
 572:../../../../..//Drivers/CMSIS/Include/cmsis_gcc.h ****   \details Saturates an unsigned value.
 573:../../../../..//Drivers/CMSIS/Include/cmsis_gcc.h ****   \param [in]  ARG1  Value to be saturated
 574:../../../../..//Drivers/CMSIS/Include/cmsis_gcc.h ****   \param [in]  ARG2  Bit position to saturate to (0..31)
 575:../../../../..//Drivers/CMSIS/Include/cmsis_gcc.h ****   \return             Saturated value
 576:../../../../..//Drivers/CMSIS/Include/cmsis_gcc.h ****  */
 577:../../../../..//Drivers/CMSIS/Include/cmsis_gcc.h **** #define __USAT(ARG1, ARG2) \
 578:../../../../..//Drivers/CMSIS/Include/cmsis_gcc.h **** __extension__ \
 579:../../../../..//Drivers/CMSIS/Include/cmsis_gcc.h **** ({                          \
ARM GAS  /tmp/ccW7HcuX.s 			page 24


 580:../../../../..//Drivers/CMSIS/Include/cmsis_gcc.h ****   uint32_t __RES, __ARG1 = (ARG1); \
 581:../../../../..//Drivers/CMSIS/Include/cmsis_gcc.h ****   __ASM volatile ("usat %0, %1, %2" : "=r" (__RES) :  "I" (ARG2), "r" (__ARG1) : "cc" ); \
 582:../../../../..//Drivers/CMSIS/Include/cmsis_gcc.h ****   __RES; \
 583:../../../../..//Drivers/CMSIS/Include/cmsis_gcc.h ****  })
 584:../../../../..//Drivers/CMSIS/Include/cmsis_gcc.h **** 
 585:../../../../..//Drivers/CMSIS/Include/cmsis_gcc.h **** 
 586:../../../../..//Drivers/CMSIS/Include/cmsis_gcc.h **** /**
 587:../../../../..//Drivers/CMSIS/Include/cmsis_gcc.h ****   \brief   Rotate Right with Extend (32 bit)
 588:../../../../..//Drivers/CMSIS/Include/cmsis_gcc.h ****   \details Moves each bit of a bitstring right by one bit.
 589:../../../../..//Drivers/CMSIS/Include/cmsis_gcc.h ****            The carry input is shifted in at the left end of the bitstring.
 590:../../../../..//Drivers/CMSIS/Include/cmsis_gcc.h ****   \param [in]    value  Value to rotate
 591:../../../../..//Drivers/CMSIS/Include/cmsis_gcc.h ****   \return               Rotated value
 592:../../../../..//Drivers/CMSIS/Include/cmsis_gcc.h ****  */
 593:../../../../..//Drivers/CMSIS/Include/cmsis_gcc.h **** __STATIC_FORCEINLINE uint32_t __RRX(uint32_t value)
 594:../../../../..//Drivers/CMSIS/Include/cmsis_gcc.h **** {
 595:../../../../..//Drivers/CMSIS/Include/cmsis_gcc.h ****   uint32_t result;
 596:../../../../..//Drivers/CMSIS/Include/cmsis_gcc.h **** 
 597:../../../../..//Drivers/CMSIS/Include/cmsis_gcc.h ****   __ASM volatile ("rrx %0, %1" : __CMSIS_GCC_OUT_REG (result) : __CMSIS_GCC_USE_REG (value) );
 598:../../../../..//Drivers/CMSIS/Include/cmsis_gcc.h ****   return(result);
 599:../../../../..//Drivers/CMSIS/Include/cmsis_gcc.h **** }
 600:../../../../..//Drivers/CMSIS/Include/cmsis_gcc.h **** 
 601:../../../../..//Drivers/CMSIS/Include/cmsis_gcc.h **** 
 602:../../../../..//Drivers/CMSIS/Include/cmsis_gcc.h **** /**
 603:../../../../..//Drivers/CMSIS/Include/cmsis_gcc.h ****   \brief   LDRT Unprivileged (8 bit)
 604:../../../../..//Drivers/CMSIS/Include/cmsis_gcc.h ****   \details Executes a Unprivileged LDRT instruction for 8 bit value.
 605:../../../../..//Drivers/CMSIS/Include/cmsis_gcc.h ****   \param [in]    ptr  Pointer to data
 606:../../../../..//Drivers/CMSIS/Include/cmsis_gcc.h ****   \return             value of type uint8_t at (*ptr)
 607:../../../../..//Drivers/CMSIS/Include/cmsis_gcc.h ****  */
 608:../../../../..//Drivers/CMSIS/Include/cmsis_gcc.h **** __STATIC_FORCEINLINE uint8_t __LDRBT(volatile uint8_t *ptr)
 609:../../../../..//Drivers/CMSIS/Include/cmsis_gcc.h **** {
 610:../../../../..//Drivers/CMSIS/Include/cmsis_gcc.h ****     uint32_t result;
 611:../../../../..//Drivers/CMSIS/Include/cmsis_gcc.h **** 
 612:../../../../..//Drivers/CMSIS/Include/cmsis_gcc.h **** #if (__GNUC__ > 4) || (__GNUC__ == 4 && __GNUC_MINOR__ >= 8)
 613:../../../../..//Drivers/CMSIS/Include/cmsis_gcc.h ****    __ASM volatile ("ldrbt %0, %1" : "=r" (result) : "Q" (*ptr) );
 614:../../../../..//Drivers/CMSIS/Include/cmsis_gcc.h **** #else
 615:../../../../..//Drivers/CMSIS/Include/cmsis_gcc.h ****     /* Prior to GCC 4.8, "Q" will be expanded to [rx, #0] which is not
 616:../../../../..//Drivers/CMSIS/Include/cmsis_gcc.h ****        accepted by assembler. So has to use following less efficient pattern.
 617:../../../../..//Drivers/CMSIS/Include/cmsis_gcc.h ****     */
 618:../../../../..//Drivers/CMSIS/Include/cmsis_gcc.h ****    __ASM volatile ("ldrbt %0, [%1]" : "=r" (result) : "r" (ptr) : "memory" );
 619:../../../../..//Drivers/CMSIS/Include/cmsis_gcc.h **** #endif
 620:../../../../..//Drivers/CMSIS/Include/cmsis_gcc.h ****    return ((uint8_t) result);    /* Add explicit type cast here */
 621:../../../../..//Drivers/CMSIS/Include/cmsis_gcc.h **** }
 622:../../../../..//Drivers/CMSIS/Include/cmsis_gcc.h **** 
 623:../../../../..//Drivers/CMSIS/Include/cmsis_gcc.h **** 
 624:../../../../..//Drivers/CMSIS/Include/cmsis_gcc.h **** /**
 625:../../../../..//Drivers/CMSIS/Include/cmsis_gcc.h ****   \brief   LDRT Unprivileged (16 bit)
 626:../../../../..//Drivers/CMSIS/Include/cmsis_gcc.h ****   \details Executes a Unprivileged LDRT instruction for 16 bit values.
 627:../../../../..//Drivers/CMSIS/Include/cmsis_gcc.h ****   \param [in]    ptr  Pointer to data
 628:../../../../..//Drivers/CMSIS/Include/cmsis_gcc.h ****   \return        value of type uint16_t at (*ptr)
 629:../../../../..//Drivers/CMSIS/Include/cmsis_gcc.h ****  */
 630:../../../../..//Drivers/CMSIS/Include/cmsis_gcc.h **** __STATIC_FORCEINLINE uint16_t __LDRHT(volatile uint16_t *ptr)
 631:../../../../..//Drivers/CMSIS/Include/cmsis_gcc.h **** {
 632:../../../../..//Drivers/CMSIS/Include/cmsis_gcc.h ****     uint32_t result;
 633:../../../../..//Drivers/CMSIS/Include/cmsis_gcc.h **** 
 634:../../../../..//Drivers/CMSIS/Include/cmsis_gcc.h **** #if (__GNUC__ > 4) || (__GNUC__ == 4 && __GNUC_MINOR__ >= 8)
 635:../../../../..//Drivers/CMSIS/Include/cmsis_gcc.h ****    __ASM volatile ("ldrht %0, %1" : "=r" (result) : "Q" (*ptr) );
 636:../../../../..//Drivers/CMSIS/Include/cmsis_gcc.h **** #else
ARM GAS  /tmp/ccW7HcuX.s 			page 25


 637:../../../../..//Drivers/CMSIS/Include/cmsis_gcc.h ****     /* Prior to GCC 4.8, "Q" will be expanded to [rx, #0] which is not
 638:../../../../..//Drivers/CMSIS/Include/cmsis_gcc.h ****        accepted by assembler. So has to use following less efficient pattern.
 639:../../../../..//Drivers/CMSIS/Include/cmsis_gcc.h ****     */
 640:../../../../..//Drivers/CMSIS/Include/cmsis_gcc.h ****    __ASM volatile ("ldrht %0, [%1]" : "=r" (result) : "r" (ptr) : "memory" );
 641:../../../../..//Drivers/CMSIS/Include/cmsis_gcc.h **** #endif
 642:../../../../..//Drivers/CMSIS/Include/cmsis_gcc.h ****    return ((uint16_t) result);    /* Add explicit type cast here */
 643:../../../../..//Drivers/CMSIS/Include/cmsis_gcc.h **** }
 644:../../../../..//Drivers/CMSIS/Include/cmsis_gcc.h **** 
 645:../../../../..//Drivers/CMSIS/Include/cmsis_gcc.h **** 
 646:../../../../..//Drivers/CMSIS/Include/cmsis_gcc.h **** /**
 647:../../../../..//Drivers/CMSIS/Include/cmsis_gcc.h ****   \brief   LDRT Unprivileged (32 bit)
 648:../../../../..//Drivers/CMSIS/Include/cmsis_gcc.h ****   \details Executes a Unprivileged LDRT instruction for 32 bit values.
 649:../../../../..//Drivers/CMSIS/Include/cmsis_gcc.h ****   \param [in]    ptr  Pointer to data
 650:../../../../..//Drivers/CMSIS/Include/cmsis_gcc.h ****   \return        value of type uint32_t at (*ptr)
 651:../../../../..//Drivers/CMSIS/Include/cmsis_gcc.h ****  */
 652:../../../../..//Drivers/CMSIS/Include/cmsis_gcc.h **** __STATIC_FORCEINLINE uint32_t __LDRT(volatile uint32_t *ptr)
 653:../../../../..//Drivers/CMSIS/Include/cmsis_gcc.h **** {
 654:../../../../..//Drivers/CMSIS/Include/cmsis_gcc.h ****     uint32_t result;
 655:../../../../..//Drivers/CMSIS/Include/cmsis_gcc.h **** 
 656:../../../../..//Drivers/CMSIS/Include/cmsis_gcc.h ****    __ASM volatile ("ldrt %0, %1" : "=r" (result) : "Q" (*ptr) );
 657:../../../../..//Drivers/CMSIS/Include/cmsis_gcc.h ****    return(result);
 658:../../../../..//Drivers/CMSIS/Include/cmsis_gcc.h **** }
 659:../../../../..//Drivers/CMSIS/Include/cmsis_gcc.h **** 
 660:../../../../..//Drivers/CMSIS/Include/cmsis_gcc.h **** 
 661:../../../../..//Drivers/CMSIS/Include/cmsis_gcc.h **** /**
 662:../../../../..//Drivers/CMSIS/Include/cmsis_gcc.h ****   \brief   STRT Unprivileged (8 bit)
 663:../../../../..//Drivers/CMSIS/Include/cmsis_gcc.h ****   \details Executes a Unprivileged STRT instruction for 8 bit values.
 664:../../../../..//Drivers/CMSIS/Include/cmsis_gcc.h ****   \param [in]  value  Value to store
 665:../../../../..//Drivers/CMSIS/Include/cmsis_gcc.h ****   \param [in]    ptr  Pointer to location
 666:../../../../..//Drivers/CMSIS/Include/cmsis_gcc.h ****  */
 667:../../../../..//Drivers/CMSIS/Include/cmsis_gcc.h **** __STATIC_FORCEINLINE void __STRBT(uint8_t value, volatile uint8_t *ptr)
 668:../../../../..//Drivers/CMSIS/Include/cmsis_gcc.h **** {
 669:../../../../..//Drivers/CMSIS/Include/cmsis_gcc.h ****    __ASM volatile ("strbt %1, %0" : "=Q" (*ptr) : "r" ((uint32_t)value) );
 670:../../../../..//Drivers/CMSIS/Include/cmsis_gcc.h **** }
 671:../../../../..//Drivers/CMSIS/Include/cmsis_gcc.h **** 
 672:../../../../..//Drivers/CMSIS/Include/cmsis_gcc.h **** 
 673:../../../../..//Drivers/CMSIS/Include/cmsis_gcc.h **** /**
 674:../../../../..//Drivers/CMSIS/Include/cmsis_gcc.h ****   \brief   STRT Unprivileged (16 bit)
 675:../../../../..//Drivers/CMSIS/Include/cmsis_gcc.h ****   \details Executes a Unprivileged STRT instruction for 16 bit values.
 676:../../../../..//Drivers/CMSIS/Include/cmsis_gcc.h ****   \param [in]  value  Value to store
 677:../../../../..//Drivers/CMSIS/Include/cmsis_gcc.h ****   \param [in]    ptr  Pointer to location
 678:../../../../..//Drivers/CMSIS/Include/cmsis_gcc.h ****  */
 679:../../../../..//Drivers/CMSIS/Include/cmsis_gcc.h **** __STATIC_FORCEINLINE void __STRHT(uint16_t value, volatile uint16_t *ptr)
 680:../../../../..//Drivers/CMSIS/Include/cmsis_gcc.h **** {
 681:../../../../..//Drivers/CMSIS/Include/cmsis_gcc.h ****    __ASM volatile ("strht %1, %0" : "=Q" (*ptr) : "r" ((uint32_t)value) );
 682:../../../../..//Drivers/CMSIS/Include/cmsis_gcc.h **** }
 683:../../../../..//Drivers/CMSIS/Include/cmsis_gcc.h **** 
 684:../../../../..//Drivers/CMSIS/Include/cmsis_gcc.h **** 
 685:../../../../..//Drivers/CMSIS/Include/cmsis_gcc.h **** /**
 686:../../../../..//Drivers/CMSIS/Include/cmsis_gcc.h ****   \brief   STRT Unprivileged (32 bit)
 687:../../../../..//Drivers/CMSIS/Include/cmsis_gcc.h ****   \details Executes a Unprivileged STRT instruction for 32 bit values.
 688:../../../../..//Drivers/CMSIS/Include/cmsis_gcc.h ****   \param [in]  value  Value to store
 689:../../../../..//Drivers/CMSIS/Include/cmsis_gcc.h ****   \param [in]    ptr  Pointer to location
 690:../../../../..//Drivers/CMSIS/Include/cmsis_gcc.h ****  */
 691:../../../../..//Drivers/CMSIS/Include/cmsis_gcc.h **** __STATIC_FORCEINLINE void __STRT(uint32_t value, volatile uint32_t *ptr)
 692:../../../../..//Drivers/CMSIS/Include/cmsis_gcc.h **** {
 693:../../../../..//Drivers/CMSIS/Include/cmsis_gcc.h ****    __ASM volatile ("strt %1, %0" : "=Q" (*ptr) : "r" (value) );
ARM GAS  /tmp/ccW7HcuX.s 			page 26


 694:../../../../..//Drivers/CMSIS/Include/cmsis_gcc.h **** }
 695:../../../../..//Drivers/CMSIS/Include/cmsis_gcc.h **** 
 696:../../../../..//Drivers/CMSIS/Include/cmsis_gcc.h **** #else  /* ((defined (__ARM_ARCH_7M__      ) && (__ARM_ARCH_7M__      == 1)) || \
 697:../../../../..//Drivers/CMSIS/Include/cmsis_gcc.h ****            (defined (__ARM_ARCH_7EM__     ) && (__ARM_ARCH_7EM__     == 1)) || \
 698:../../../../..//Drivers/CMSIS/Include/cmsis_gcc.h ****            (defined (__ARM_ARCH_8M_MAIN__ ) && (__ARM_ARCH_8M_MAIN__ == 1))    ) */
 699:../../../../..//Drivers/CMSIS/Include/cmsis_gcc.h **** 
 700:../../../../..//Drivers/CMSIS/Include/cmsis_gcc.h **** /**
 701:../../../../..//Drivers/CMSIS/Include/cmsis_gcc.h ****   \brief   Signed Saturate
 702:../../../../..//Drivers/CMSIS/Include/cmsis_gcc.h ****   \details Saturates a signed value.
 703:../../../../..//Drivers/CMSIS/Include/cmsis_gcc.h ****   \param [in]  value  Value to be saturated
 704:../../../../..//Drivers/CMSIS/Include/cmsis_gcc.h ****   \param [in]    sat  Bit position to saturate to (1..32)
 705:../../../../..//Drivers/CMSIS/Include/cmsis_gcc.h ****   \return             Saturated value
 706:../../../../..//Drivers/CMSIS/Include/cmsis_gcc.h ****  */
 707:../../../../..//Drivers/CMSIS/Include/cmsis_gcc.h **** __STATIC_FORCEINLINE int32_t __SSAT(int32_t val, uint32_t sat)
 708:../../../../..//Drivers/CMSIS/Include/cmsis_gcc.h **** {
 709:../../../../..//Drivers/CMSIS/Include/cmsis_gcc.h ****   if ((sat >= 1U) && (sat <= 32U))
 710:../../../../..//Drivers/CMSIS/Include/cmsis_gcc.h ****   {
 711:../../../../..//Drivers/CMSIS/Include/cmsis_gcc.h ****     const int32_t max = (int32_t)((1U << (sat - 1U)) - 1U);
 712:../../../../..//Drivers/CMSIS/Include/cmsis_gcc.h ****     const int32_t min = -1 - max ;
 713:../../../../..//Drivers/CMSIS/Include/cmsis_gcc.h ****     if (val > max)
 714:../../../../..//Drivers/CMSIS/Include/cmsis_gcc.h ****     {
 715:../../../../..//Drivers/CMSIS/Include/cmsis_gcc.h ****       return max;
 716:../../../../..//Drivers/CMSIS/Include/cmsis_gcc.h ****     }
 717:../../../../..//Drivers/CMSIS/Include/cmsis_gcc.h ****     else if (val < min)
 718:../../../../..//Drivers/CMSIS/Include/cmsis_gcc.h ****     {
 719:../../../../..//Drivers/CMSIS/Include/cmsis_gcc.h ****       return min;
 720:../../../../..//Drivers/CMSIS/Include/cmsis_gcc.h ****     }
 721:../../../../..//Drivers/CMSIS/Include/cmsis_gcc.h ****   }
 722:../../../../..//Drivers/CMSIS/Include/cmsis_gcc.h ****   return val;
 723:../../../../..//Drivers/CMSIS/Include/cmsis_gcc.h **** }
 724:../../../../..//Drivers/CMSIS/Include/cmsis_gcc.h **** 
 725:../../../../..//Drivers/CMSIS/Include/cmsis_gcc.h **** /**
 726:../../../../..//Drivers/CMSIS/Include/cmsis_gcc.h ****   \brief   Unsigned Saturate
 727:../../../../..//Drivers/CMSIS/Include/cmsis_gcc.h ****   \details Saturates an unsigned value.
 728:../../../../..//Drivers/CMSIS/Include/cmsis_gcc.h ****   \param [in]  value  Value to be saturated
 729:../../../../..//Drivers/CMSIS/Include/cmsis_gcc.h ****   \param [in]    sat  Bit position to saturate to (0..31)
 730:../../../../..//Drivers/CMSIS/Include/cmsis_gcc.h ****   \return             Saturated value
 731:../../../../..//Drivers/CMSIS/Include/cmsis_gcc.h ****  */
 732:../../../../..//Drivers/CMSIS/Include/cmsis_gcc.h **** __STATIC_FORCEINLINE uint32_t __USAT(int32_t val, uint32_t sat)
 733:../../../../..//Drivers/CMSIS/Include/cmsis_gcc.h **** {
 734:../../../../..//Drivers/CMSIS/Include/cmsis_gcc.h ****   if (sat <= 31U)
 735:../../../../..//Drivers/CMSIS/Include/cmsis_gcc.h ****   {
 736:../../../../..//Drivers/CMSIS/Include/cmsis_gcc.h ****     const uint32_t max = ((1U << sat) - 1U);
 737:../../../../..//Drivers/CMSIS/Include/cmsis_gcc.h ****     if (val > (int32_t)max)
 738:../../../../..//Drivers/CMSIS/Include/cmsis_gcc.h ****     {
 739:../../../../..//Drivers/CMSIS/Include/cmsis_gcc.h ****       return max;
 740:../../../../..//Drivers/CMSIS/Include/cmsis_gcc.h ****     }
 741:../../../../..//Drivers/CMSIS/Include/cmsis_gcc.h ****     else if (val < 0)
 742:../../../../..//Drivers/CMSIS/Include/cmsis_gcc.h ****     {
 743:../../../../..//Drivers/CMSIS/Include/cmsis_gcc.h ****       return 0U;
 744:../../../../..//Drivers/CMSIS/Include/cmsis_gcc.h ****     }
 745:../../../../..//Drivers/CMSIS/Include/cmsis_gcc.h ****   }
 746:../../../../..//Drivers/CMSIS/Include/cmsis_gcc.h ****   return (uint32_t)val;
 747:../../../../..//Drivers/CMSIS/Include/cmsis_gcc.h **** }
 748:../../../../..//Drivers/CMSIS/Include/cmsis_gcc.h **** 
 749:../../../../..//Drivers/CMSIS/Include/cmsis_gcc.h **** #endif /* ((defined (__ARM_ARCH_7M__      ) && (__ARM_ARCH_7M__      == 1)) || \
 750:../../../../..//Drivers/CMSIS/Include/cmsis_gcc.h ****            (defined (__ARM_ARCH_7EM__     ) && (__ARM_ARCH_7EM__     == 1)) || \
ARM GAS  /tmp/ccW7HcuX.s 			page 27


 751:../../../../..//Drivers/CMSIS/Include/cmsis_gcc.h ****            (defined (__ARM_ARCH_8M_MAIN__ ) && (__ARM_ARCH_8M_MAIN__ == 1))    ) */
 752:../../../../..//Drivers/CMSIS/Include/cmsis_gcc.h **** 
 753:../../../../..//Drivers/CMSIS/Include/cmsis_gcc.h **** 
 754:../../../../..//Drivers/CMSIS/Include/cmsis_gcc.h **** #if ((defined (__ARM_ARCH_8M_MAIN__ ) && (__ARM_ARCH_8M_MAIN__ == 1)) || \
 755:../../../../..//Drivers/CMSIS/Include/cmsis_gcc.h ****      (defined (__ARM_ARCH_8M_BASE__ ) && (__ARM_ARCH_8M_BASE__ == 1))    )
 756:../../../../..//Drivers/CMSIS/Include/cmsis_gcc.h **** /**
 757:../../../../..//Drivers/CMSIS/Include/cmsis_gcc.h ****   \brief   Load-Acquire (8 bit)
 758:../../../../..//Drivers/CMSIS/Include/cmsis_gcc.h ****   \details Executes a LDAB instruction for 8 bit value.
 759:../../../../..//Drivers/CMSIS/Include/cmsis_gcc.h ****   \param [in]    ptr  Pointer to data
 760:../../../../..//Drivers/CMSIS/Include/cmsis_gcc.h ****   \return             value of type uint8_t at (*ptr)
 761:../../../../..//Drivers/CMSIS/Include/cmsis_gcc.h ****  */
 762:../../../../..//Drivers/CMSIS/Include/cmsis_gcc.h **** __STATIC_FORCEINLINE uint8_t __LDAB(volatile uint8_t *ptr)
 763:../../../../..//Drivers/CMSIS/Include/cmsis_gcc.h **** {
 764:../../../../..//Drivers/CMSIS/Include/cmsis_gcc.h ****     uint32_t result;
 765:../../../../..//Drivers/CMSIS/Include/cmsis_gcc.h **** 
 766:../../../../..//Drivers/CMSIS/Include/cmsis_gcc.h ****    __ASM volatile ("ldab %0, %1" : "=r" (result) : "Q" (*ptr) : "memory" );
 767:../../../../..//Drivers/CMSIS/Include/cmsis_gcc.h ****    return ((uint8_t) result);
 768:../../../../..//Drivers/CMSIS/Include/cmsis_gcc.h **** }
 769:../../../../..//Drivers/CMSIS/Include/cmsis_gcc.h **** 
 770:../../../../..//Drivers/CMSIS/Include/cmsis_gcc.h **** 
 771:../../../../..//Drivers/CMSIS/Include/cmsis_gcc.h **** /**
 772:../../../../..//Drivers/CMSIS/Include/cmsis_gcc.h ****   \brief   Load-Acquire (16 bit)
 773:../../../../..//Drivers/CMSIS/Include/cmsis_gcc.h ****   \details Executes a LDAH instruction for 16 bit values.
 774:../../../../..//Drivers/CMSIS/Include/cmsis_gcc.h ****   \param [in]    ptr  Pointer to data
 775:../../../../..//Drivers/CMSIS/Include/cmsis_gcc.h ****   \return        value of type uint16_t at (*ptr)
 776:../../../../..//Drivers/CMSIS/Include/cmsis_gcc.h ****  */
 777:../../../../..//Drivers/CMSIS/Include/cmsis_gcc.h **** __STATIC_FORCEINLINE uint16_t __LDAH(volatile uint16_t *ptr)
 778:../../../../..//Drivers/CMSIS/Include/cmsis_gcc.h **** {
 779:../../../../..//Drivers/CMSIS/Include/cmsis_gcc.h ****     uint32_t result;
 780:../../../../..//Drivers/CMSIS/Include/cmsis_gcc.h **** 
 781:../../../../..//Drivers/CMSIS/Include/cmsis_gcc.h ****    __ASM volatile ("ldah %0, %1" : "=r" (result) : "Q" (*ptr) : "memory" );
 782:../../../../..//Drivers/CMSIS/Include/cmsis_gcc.h ****    return ((uint16_t) result);
 783:../../../../..//Drivers/CMSIS/Include/cmsis_gcc.h **** }
 784:../../../../..//Drivers/CMSIS/Include/cmsis_gcc.h **** 
 785:../../../../..//Drivers/CMSIS/Include/cmsis_gcc.h **** 
 786:../../../../..//Drivers/CMSIS/Include/cmsis_gcc.h **** /**
 787:../../../../..//Drivers/CMSIS/Include/cmsis_gcc.h ****   \brief   Load-Acquire (32 bit)
 788:../../../../..//Drivers/CMSIS/Include/cmsis_gcc.h ****   \details Executes a LDA instruction for 32 bit values.
 789:../../../../..//Drivers/CMSIS/Include/cmsis_gcc.h ****   \param [in]    ptr  Pointer to data
 790:../../../../..//Drivers/CMSIS/Include/cmsis_gcc.h ****   \return        value of type uint32_t at (*ptr)
 791:../../../../..//Drivers/CMSIS/Include/cmsis_gcc.h ****  */
 792:../../../../..//Drivers/CMSIS/Include/cmsis_gcc.h **** __STATIC_FORCEINLINE uint32_t __LDA(volatile uint32_t *ptr)
 793:../../../../..//Drivers/CMSIS/Include/cmsis_gcc.h **** {
 794:../../../../..//Drivers/CMSIS/Include/cmsis_gcc.h ****     uint32_t result;
 795:../../../../..//Drivers/CMSIS/Include/cmsis_gcc.h **** 
 796:../../../../..//Drivers/CMSIS/Include/cmsis_gcc.h ****    __ASM volatile ("lda %0, %1" : "=r" (result) : "Q" (*ptr) : "memory" );
 797:../../../../..//Drivers/CMSIS/Include/cmsis_gcc.h ****    return(result);
 798:../../../../..//Drivers/CMSIS/Include/cmsis_gcc.h **** }
 799:../../../../..//Drivers/CMSIS/Include/cmsis_gcc.h **** 
 800:../../../../..//Drivers/CMSIS/Include/cmsis_gcc.h **** 
 801:../../../../..//Drivers/CMSIS/Include/cmsis_gcc.h **** /**
 802:../../../../..//Drivers/CMSIS/Include/cmsis_gcc.h ****   \brief   Store-Release (8 bit)
 803:../../../../..//Drivers/CMSIS/Include/cmsis_gcc.h ****   \details Executes a STLB instruction for 8 bit values.
 804:../../../../..//Drivers/CMSIS/Include/cmsis_gcc.h ****   \param [in]  value  Value to store
 805:../../../../..//Drivers/CMSIS/Include/cmsis_gcc.h ****   \param [in]    ptr  Pointer to location
 806:../../../../..//Drivers/CMSIS/Include/cmsis_gcc.h ****  */
 807:../../../../..//Drivers/CMSIS/Include/cmsis_gcc.h **** __STATIC_FORCEINLINE void __STLB(uint8_t value, volatile uint8_t *ptr)
ARM GAS  /tmp/ccW7HcuX.s 			page 28


 808:../../../../..//Drivers/CMSIS/Include/cmsis_gcc.h **** {
 809:../../../../..//Drivers/CMSIS/Include/cmsis_gcc.h ****    __ASM volatile ("stlb %1, %0" : "=Q" (*ptr) : "r" ((uint32_t)value) : "memory" );
 810:../../../../..//Drivers/CMSIS/Include/cmsis_gcc.h **** }
 811:../../../../..//Drivers/CMSIS/Include/cmsis_gcc.h **** 
 812:../../../../..//Drivers/CMSIS/Include/cmsis_gcc.h **** 
 813:../../../../..//Drivers/CMSIS/Include/cmsis_gcc.h **** /**
 814:../../../../..//Drivers/CMSIS/Include/cmsis_gcc.h ****   \brief   Store-Release (16 bit)
 815:../../../../..//Drivers/CMSIS/Include/cmsis_gcc.h ****   \details Executes a STLH instruction for 16 bit values.
 816:../../../../..//Drivers/CMSIS/Include/cmsis_gcc.h ****   \param [in]  value  Value to store
 817:../../../../..//Drivers/CMSIS/Include/cmsis_gcc.h ****   \param [in]    ptr  Pointer to location
 818:../../../../..//Drivers/CMSIS/Include/cmsis_gcc.h ****  */
 819:../../../../..//Drivers/CMSIS/Include/cmsis_gcc.h **** __STATIC_FORCEINLINE void __STLH(uint16_t value, volatile uint16_t *ptr)
 820:../../../../..//Drivers/CMSIS/Include/cmsis_gcc.h **** {
 821:../../../../..//Drivers/CMSIS/Include/cmsis_gcc.h ****    __ASM volatile ("stlh %1, %0" : "=Q" (*ptr) : "r" ((uint32_t)value) : "memory" );
 822:../../../../..//Drivers/CMSIS/Include/cmsis_gcc.h **** }
 823:../../../../..//Drivers/CMSIS/Include/cmsis_gcc.h **** 
 824:../../../../..//Drivers/CMSIS/Include/cmsis_gcc.h **** 
 825:../../../../..//Drivers/CMSIS/Include/cmsis_gcc.h **** /**
 826:../../../../..//Drivers/CMSIS/Include/cmsis_gcc.h ****   \brief   Store-Release (32 bit)
 827:../../../../..//Drivers/CMSIS/Include/cmsis_gcc.h ****   \details Executes a STL instruction for 32 bit values.
 828:../../../../..//Drivers/CMSIS/Include/cmsis_gcc.h ****   \param [in]  value  Value to store
 829:../../../../..//Drivers/CMSIS/Include/cmsis_gcc.h ****   \param [in]    ptr  Pointer to location
 830:../../../../..//Drivers/CMSIS/Include/cmsis_gcc.h ****  */
 831:../../../../..//Drivers/CMSIS/Include/cmsis_gcc.h **** __STATIC_FORCEINLINE void __STL(uint32_t value, volatile uint32_t *ptr)
 832:../../../../..//Drivers/CMSIS/Include/cmsis_gcc.h **** {
 833:../../../../..//Drivers/CMSIS/Include/cmsis_gcc.h ****    __ASM volatile ("stl %1, %0" : "=Q" (*ptr) : "r" ((uint32_t)value) : "memory" );
 834:../../../../..//Drivers/CMSIS/Include/cmsis_gcc.h **** }
 835:../../../../..//Drivers/CMSIS/Include/cmsis_gcc.h **** 
 836:../../../../..//Drivers/CMSIS/Include/cmsis_gcc.h **** 
 837:../../../../..//Drivers/CMSIS/Include/cmsis_gcc.h **** /**
 838:../../../../..//Drivers/CMSIS/Include/cmsis_gcc.h ****   \brief   Load-Acquire Exclusive (8 bit)
 839:../../../../..//Drivers/CMSIS/Include/cmsis_gcc.h ****   \details Executes a LDAB exclusive instruction for 8 bit value.
 840:../../../../..//Drivers/CMSIS/Include/cmsis_gcc.h ****   \param [in]    ptr  Pointer to data
 841:../../../../..//Drivers/CMSIS/Include/cmsis_gcc.h ****   \return             value of type uint8_t at (*ptr)
 842:../../../../..//Drivers/CMSIS/Include/cmsis_gcc.h ****  */
 843:../../../../..//Drivers/CMSIS/Include/cmsis_gcc.h **** __STATIC_FORCEINLINE uint8_t __LDAEXB(volatile uint8_t *ptr)
 844:../../../../..//Drivers/CMSIS/Include/cmsis_gcc.h **** {
 845:../../../../..//Drivers/CMSIS/Include/cmsis_gcc.h ****     uint32_t result;
 846:../../../../..//Drivers/CMSIS/Include/cmsis_gcc.h **** 
 847:../../../../..//Drivers/CMSIS/Include/cmsis_gcc.h ****    __ASM volatile ("ldaexb %0, %1" : "=r" (result) : "Q" (*ptr) : "memory" );
 848:../../../../..//Drivers/CMSIS/Include/cmsis_gcc.h ****    return ((uint8_t) result);
 849:../../../../..//Drivers/CMSIS/Include/cmsis_gcc.h **** }
 850:../../../../..//Drivers/CMSIS/Include/cmsis_gcc.h **** 
 851:../../../../..//Drivers/CMSIS/Include/cmsis_gcc.h **** 
 852:../../../../..//Drivers/CMSIS/Include/cmsis_gcc.h **** /**
 853:../../../../..//Drivers/CMSIS/Include/cmsis_gcc.h ****   \brief   Load-Acquire Exclusive (16 bit)
 854:../../../../..//Drivers/CMSIS/Include/cmsis_gcc.h ****   \details Executes a LDAH exclusive instruction for 16 bit values.
 855:../../../../..//Drivers/CMSIS/Include/cmsis_gcc.h ****   \param [in]    ptr  Pointer to data
 856:../../../../..//Drivers/CMSIS/Include/cmsis_gcc.h ****   \return        value of type uint16_t at (*ptr)
 857:../../../../..//Drivers/CMSIS/Include/cmsis_gcc.h ****  */
 858:../../../../..//Drivers/CMSIS/Include/cmsis_gcc.h **** __STATIC_FORCEINLINE uint16_t __LDAEXH(volatile uint16_t *ptr)
 859:../../../../..//Drivers/CMSIS/Include/cmsis_gcc.h **** {
 860:../../../../..//Drivers/CMSIS/Include/cmsis_gcc.h ****     uint32_t result;
 861:../../../../..//Drivers/CMSIS/Include/cmsis_gcc.h **** 
 862:../../../../..//Drivers/CMSIS/Include/cmsis_gcc.h ****    __ASM volatile ("ldaexh %0, %1" : "=r" (result) : "Q" (*ptr) : "memory" );
 863:../../../../..//Drivers/CMSIS/Include/cmsis_gcc.h ****    return ((uint16_t) result);
 864:../../../../..//Drivers/CMSIS/Include/cmsis_gcc.h **** }
ARM GAS  /tmp/ccW7HcuX.s 			page 29


 865:../../../../..//Drivers/CMSIS/Include/cmsis_gcc.h **** 
 866:../../../../..//Drivers/CMSIS/Include/cmsis_gcc.h **** 
 867:../../../../..//Drivers/CMSIS/Include/cmsis_gcc.h **** /**
 868:../../../../..//Drivers/CMSIS/Include/cmsis_gcc.h ****   \brief   Load-Acquire Exclusive (32 bit)
 869:../../../../..//Drivers/CMSIS/Include/cmsis_gcc.h ****   \details Executes a LDA exclusive instruction for 32 bit values.
 870:../../../../..//Drivers/CMSIS/Include/cmsis_gcc.h ****   \param [in]    ptr  Pointer to data
 871:../../../../..//Drivers/CMSIS/Include/cmsis_gcc.h ****   \return        value of type uint32_t at (*ptr)
 872:../../../../..//Drivers/CMSIS/Include/cmsis_gcc.h ****  */
 873:../../../../..//Drivers/CMSIS/Include/cmsis_gcc.h **** __STATIC_FORCEINLINE uint32_t __LDAEX(volatile uint32_t *ptr)
 874:../../../../..//Drivers/CMSIS/Include/cmsis_gcc.h **** {
 875:../../../../..//Drivers/CMSIS/Include/cmsis_gcc.h ****     uint32_t result;
 876:../../../../..//Drivers/CMSIS/Include/cmsis_gcc.h **** 
 877:../../../../..//Drivers/CMSIS/Include/cmsis_gcc.h ****    __ASM volatile ("ldaex %0, %1" : "=r" (result) : "Q" (*ptr) : "memory" );
 878:../../../../..//Drivers/CMSIS/Include/cmsis_gcc.h ****    return(result);
 879:../../../../..//Drivers/CMSIS/Include/cmsis_gcc.h **** }
 880:../../../../..//Drivers/CMSIS/Include/cmsis_gcc.h **** 
 881:../../../../..//Drivers/CMSIS/Include/cmsis_gcc.h **** 
 882:../../../../..//Drivers/CMSIS/Include/cmsis_gcc.h **** /**
 883:../../../../..//Drivers/CMSIS/Include/cmsis_gcc.h ****   \brief   Store-Release Exclusive (8 bit)
 884:../../../../..//Drivers/CMSIS/Include/cmsis_gcc.h ****   \details Executes a STLB exclusive instruction for 8 bit values.
 885:../../../../..//Drivers/CMSIS/Include/cmsis_gcc.h ****   \param [in]  value  Value to store
 886:../../../../..//Drivers/CMSIS/Include/cmsis_gcc.h ****   \param [in]    ptr  Pointer to location
 887:../../../../..//Drivers/CMSIS/Include/cmsis_gcc.h ****   \return          0  Function succeeded
 888:../../../../..//Drivers/CMSIS/Include/cmsis_gcc.h ****   \return          1  Function failed
 889:../../../../..//Drivers/CMSIS/Include/cmsis_gcc.h ****  */
 890:../../../../..//Drivers/CMSIS/Include/cmsis_gcc.h **** __STATIC_FORCEINLINE uint32_t __STLEXB(uint8_t value, volatile uint8_t *ptr)
 891:../../../../..//Drivers/CMSIS/Include/cmsis_gcc.h **** {
 892:../../../../..//Drivers/CMSIS/Include/cmsis_gcc.h ****    uint32_t result;
 893:../../../../..//Drivers/CMSIS/Include/cmsis_gcc.h **** 
 894:../../../../..//Drivers/CMSIS/Include/cmsis_gcc.h ****    __ASM volatile ("stlexb %0, %2, %1" : "=&r" (result), "=Q" (*ptr) : "r" ((uint32_t)value) : "mem
 895:../../../../..//Drivers/CMSIS/Include/cmsis_gcc.h ****    return(result);
 896:../../../../..//Drivers/CMSIS/Include/cmsis_gcc.h **** }
 897:../../../../..//Drivers/CMSIS/Include/cmsis_gcc.h **** 
 898:../../../../..//Drivers/CMSIS/Include/cmsis_gcc.h **** 
 899:../../../../..//Drivers/CMSIS/Include/cmsis_gcc.h **** /**
 900:../../../../..//Drivers/CMSIS/Include/cmsis_gcc.h ****   \brief   Store-Release Exclusive (16 bit)
 901:../../../../..//Drivers/CMSIS/Include/cmsis_gcc.h ****   \details Executes a STLH exclusive instruction for 16 bit values.
 902:../../../../..//Drivers/CMSIS/Include/cmsis_gcc.h ****   \param [in]  value  Value to store
 903:../../../../..//Drivers/CMSIS/Include/cmsis_gcc.h ****   \param [in]    ptr  Pointer to location
 904:../../../../..//Drivers/CMSIS/Include/cmsis_gcc.h ****   \return          0  Function succeeded
 905:../../../../..//Drivers/CMSIS/Include/cmsis_gcc.h ****   \return          1  Function failed
 906:../../../../..//Drivers/CMSIS/Include/cmsis_gcc.h ****  */
 907:../../../../..//Drivers/CMSIS/Include/cmsis_gcc.h **** __STATIC_FORCEINLINE uint32_t __STLEXH(uint16_t value, volatile uint16_t *ptr)
 908:../../../../..//Drivers/CMSIS/Include/cmsis_gcc.h **** {
 909:../../../../..//Drivers/CMSIS/Include/cmsis_gcc.h ****    uint32_t result;
 910:../../../../..//Drivers/CMSIS/Include/cmsis_gcc.h **** 
 911:../../../../..//Drivers/CMSIS/Include/cmsis_gcc.h ****    __ASM volatile ("stlexh %0, %2, %1" : "=&r" (result), "=Q" (*ptr) : "r" ((uint32_t)value) : "mem
 912:../../../../..//Drivers/CMSIS/Include/cmsis_gcc.h ****    return(result);
 913:../../../../..//Drivers/CMSIS/Include/cmsis_gcc.h **** }
 914:../../../../..//Drivers/CMSIS/Include/cmsis_gcc.h **** 
 915:../../../../..//Drivers/CMSIS/Include/cmsis_gcc.h **** 
 916:../../../../..//Drivers/CMSIS/Include/cmsis_gcc.h **** /**
 917:../../../../..//Drivers/CMSIS/Include/cmsis_gcc.h ****   \brief   Store-Release Exclusive (32 bit)
 918:../../../../..//Drivers/CMSIS/Include/cmsis_gcc.h ****   \details Executes a STL exclusive instruction for 32 bit values.
 919:../../../../..//Drivers/CMSIS/Include/cmsis_gcc.h ****   \param [in]  value  Value to store
 920:../../../../..//Drivers/CMSIS/Include/cmsis_gcc.h ****   \param [in]    ptr  Pointer to location
 921:../../../../..//Drivers/CMSIS/Include/cmsis_gcc.h ****   \return          0  Function succeeded
ARM GAS  /tmp/ccW7HcuX.s 			page 30


 922:../../../../..//Drivers/CMSIS/Include/cmsis_gcc.h ****   \return          1  Function failed
 923:../../../../..//Drivers/CMSIS/Include/cmsis_gcc.h ****  */
 924:../../../../..//Drivers/CMSIS/Include/cmsis_gcc.h **** __STATIC_FORCEINLINE uint32_t __STLEX(uint32_t value, volatile uint32_t *ptr)
 925:../../../../..//Drivers/CMSIS/Include/cmsis_gcc.h **** {
 926:../../../../..//Drivers/CMSIS/Include/cmsis_gcc.h ****    uint32_t result;
 927:../../../../..//Drivers/CMSIS/Include/cmsis_gcc.h **** 
 928:../../../../..//Drivers/CMSIS/Include/cmsis_gcc.h ****    __ASM volatile ("stlex %0, %2, %1" : "=&r" (result), "=Q" (*ptr) : "r" ((uint32_t)value) : "memo
 929:../../../../..//Drivers/CMSIS/Include/cmsis_gcc.h ****    return(result);
 930:../../../../..//Drivers/CMSIS/Include/cmsis_gcc.h **** }
 931:../../../../..//Drivers/CMSIS/Include/cmsis_gcc.h **** 
 932:../../../../..//Drivers/CMSIS/Include/cmsis_gcc.h **** #endif /* ((defined (__ARM_ARCH_8M_MAIN__ ) && (__ARM_ARCH_8M_MAIN__ == 1)) || \
 933:../../../../..//Drivers/CMSIS/Include/cmsis_gcc.h ****            (defined (__ARM_ARCH_8M_BASE__ ) && (__ARM_ARCH_8M_BASE__ == 1))    ) */
 934:../../../../..//Drivers/CMSIS/Include/cmsis_gcc.h **** 
 935:../../../../..//Drivers/CMSIS/Include/cmsis_gcc.h **** /*@}*/ /* end of group CMSIS_Core_InstructionInterface */
 936:../../../../..//Drivers/CMSIS/Include/cmsis_gcc.h **** 
 937:../../../../..//Drivers/CMSIS/Include/cmsis_gcc.h **** 
 938:../../../../..//Drivers/CMSIS/Include/cmsis_gcc.h **** /* ###########################  Core Function Access  ########################### */
 939:../../../../..//Drivers/CMSIS/Include/cmsis_gcc.h **** /** \ingroup  CMSIS_Core_FunctionInterface
 940:../../../../..//Drivers/CMSIS/Include/cmsis_gcc.h ****     \defgroup CMSIS_Core_RegAccFunctions CMSIS Core Register Access Functions
 941:../../../../..//Drivers/CMSIS/Include/cmsis_gcc.h ****   @{
 942:../../../../..//Drivers/CMSIS/Include/cmsis_gcc.h ****  */
 943:../../../../..//Drivers/CMSIS/Include/cmsis_gcc.h **** 
 944:../../../../..//Drivers/CMSIS/Include/cmsis_gcc.h **** /**
 945:../../../../..//Drivers/CMSIS/Include/cmsis_gcc.h ****   \brief   Enable IRQ Interrupts
 946:../../../../..//Drivers/CMSIS/Include/cmsis_gcc.h ****   \details Enables IRQ interrupts by clearing special-purpose register PRIMASK.
 947:../../../../..//Drivers/CMSIS/Include/cmsis_gcc.h ****            Can only be executed in Privileged modes.
 948:../../../../..//Drivers/CMSIS/Include/cmsis_gcc.h ****  */
 949:../../../../..//Drivers/CMSIS/Include/cmsis_gcc.h **** __STATIC_FORCEINLINE void __enable_irq(void)
 950:../../../../..//Drivers/CMSIS/Include/cmsis_gcc.h **** {
 951:../../../../..//Drivers/CMSIS/Include/cmsis_gcc.h ****   __ASM volatile ("cpsie i" : : : "memory");
 952:../../../../..//Drivers/CMSIS/Include/cmsis_gcc.h **** }
 953:../../../../..//Drivers/CMSIS/Include/cmsis_gcc.h **** 
 954:../../../../..//Drivers/CMSIS/Include/cmsis_gcc.h **** 
 955:../../../../..//Drivers/CMSIS/Include/cmsis_gcc.h **** /**
 956:../../../../..//Drivers/CMSIS/Include/cmsis_gcc.h ****   \brief   Disable IRQ Interrupts
 957:../../../../..//Drivers/CMSIS/Include/cmsis_gcc.h ****   \details Disables IRQ interrupts by setting special-purpose register PRIMASK.
 958:../../../../..//Drivers/CMSIS/Include/cmsis_gcc.h ****            Can only be executed in Privileged modes.
 959:../../../../..//Drivers/CMSIS/Include/cmsis_gcc.h ****  */
 960:../../../../..//Drivers/CMSIS/Include/cmsis_gcc.h **** __STATIC_FORCEINLINE void __disable_irq(void)
 961:../../../../..//Drivers/CMSIS/Include/cmsis_gcc.h **** {
 962:../../../../..//Drivers/CMSIS/Include/cmsis_gcc.h ****   __ASM volatile ("cpsid i" : : : "memory");
 963:../../../../..//Drivers/CMSIS/Include/cmsis_gcc.h **** }
 964:../../../../..//Drivers/CMSIS/Include/cmsis_gcc.h **** 
 965:../../../../..//Drivers/CMSIS/Include/cmsis_gcc.h **** 
 966:../../../../..//Drivers/CMSIS/Include/cmsis_gcc.h **** /**
 967:../../../../..//Drivers/CMSIS/Include/cmsis_gcc.h ****   \brief   Get Control Register
 968:../../../../..//Drivers/CMSIS/Include/cmsis_gcc.h ****   \details Returns the content of the Control Register.
 969:../../../../..//Drivers/CMSIS/Include/cmsis_gcc.h ****   \return               Control Register value
 970:../../../../..//Drivers/CMSIS/Include/cmsis_gcc.h ****  */
 971:../../../../..//Drivers/CMSIS/Include/cmsis_gcc.h **** __STATIC_FORCEINLINE uint32_t __get_CONTROL(void)
 972:../../../../..//Drivers/CMSIS/Include/cmsis_gcc.h **** {
 973:../../../../..//Drivers/CMSIS/Include/cmsis_gcc.h ****   uint32_t result;
 974:../../../../..//Drivers/CMSIS/Include/cmsis_gcc.h **** 
 975:../../../../..//Drivers/CMSIS/Include/cmsis_gcc.h ****   __ASM volatile ("MRS %0, control" : "=r" (result) );
 976:../../../../..//Drivers/CMSIS/Include/cmsis_gcc.h ****   return(result);
 977:../../../../..//Drivers/CMSIS/Include/cmsis_gcc.h **** }
 978:../../../../..//Drivers/CMSIS/Include/cmsis_gcc.h **** 
ARM GAS  /tmp/ccW7HcuX.s 			page 31


 979:../../../../..//Drivers/CMSIS/Include/cmsis_gcc.h **** 
 980:../../../../..//Drivers/CMSIS/Include/cmsis_gcc.h **** #if (defined (__ARM_FEATURE_CMSE ) && (__ARM_FEATURE_CMSE == 3))
 981:../../../../..//Drivers/CMSIS/Include/cmsis_gcc.h **** /**
 982:../../../../..//Drivers/CMSIS/Include/cmsis_gcc.h ****   \brief   Get Control Register (non-secure)
 983:../../../../..//Drivers/CMSIS/Include/cmsis_gcc.h ****   \details Returns the content of the non-secure Control Register when in secure mode.
 984:../../../../..//Drivers/CMSIS/Include/cmsis_gcc.h ****   \return               non-secure Control Register value
 985:../../../../..//Drivers/CMSIS/Include/cmsis_gcc.h ****  */
 986:../../../../..//Drivers/CMSIS/Include/cmsis_gcc.h **** __STATIC_FORCEINLINE uint32_t __TZ_get_CONTROL_NS(void)
 987:../../../../..//Drivers/CMSIS/Include/cmsis_gcc.h **** {
 988:../../../../..//Drivers/CMSIS/Include/cmsis_gcc.h ****   uint32_t result;
 989:../../../../..//Drivers/CMSIS/Include/cmsis_gcc.h **** 
 990:../../../../..//Drivers/CMSIS/Include/cmsis_gcc.h ****   __ASM volatile ("MRS %0, control_ns" : "=r" (result) );
 991:../../../../..//Drivers/CMSIS/Include/cmsis_gcc.h ****   return(result);
 992:../../../../..//Drivers/CMSIS/Include/cmsis_gcc.h **** }
 993:../../../../..//Drivers/CMSIS/Include/cmsis_gcc.h **** #endif
 994:../../../../..//Drivers/CMSIS/Include/cmsis_gcc.h **** 
 995:../../../../..//Drivers/CMSIS/Include/cmsis_gcc.h **** 
 996:../../../../..//Drivers/CMSIS/Include/cmsis_gcc.h **** /**
 997:../../../../..//Drivers/CMSIS/Include/cmsis_gcc.h ****   \brief   Set Control Register
 998:../../../../..//Drivers/CMSIS/Include/cmsis_gcc.h ****   \details Writes the given value to the Control Register.
 999:../../../../..//Drivers/CMSIS/Include/cmsis_gcc.h ****   \param [in]    control  Control Register value to set
1000:../../../../..//Drivers/CMSIS/Include/cmsis_gcc.h ****  */
1001:../../../../..//Drivers/CMSIS/Include/cmsis_gcc.h **** __STATIC_FORCEINLINE void __set_CONTROL(uint32_t control)
1002:../../../../..//Drivers/CMSIS/Include/cmsis_gcc.h **** {
1003:../../../../..//Drivers/CMSIS/Include/cmsis_gcc.h ****   __ASM volatile ("MSR control, %0" : : "r" (control) : "memory");
1004:../../../../..//Drivers/CMSIS/Include/cmsis_gcc.h ****   __ISB();
1005:../../../../..//Drivers/CMSIS/Include/cmsis_gcc.h **** }
1006:../../../../..//Drivers/CMSIS/Include/cmsis_gcc.h **** 
1007:../../../../..//Drivers/CMSIS/Include/cmsis_gcc.h **** 
1008:../../../../..//Drivers/CMSIS/Include/cmsis_gcc.h **** #if (defined (__ARM_FEATURE_CMSE ) && (__ARM_FEATURE_CMSE == 3))
1009:../../../../..//Drivers/CMSIS/Include/cmsis_gcc.h **** /**
1010:../../../../..//Drivers/CMSIS/Include/cmsis_gcc.h ****   \brief   Set Control Register (non-secure)
1011:../../../../..//Drivers/CMSIS/Include/cmsis_gcc.h ****   \details Writes the given value to the non-secure Control Register when in secure state.
1012:../../../../..//Drivers/CMSIS/Include/cmsis_gcc.h ****   \param [in]    control  Control Register value to set
1013:../../../../..//Drivers/CMSIS/Include/cmsis_gcc.h ****  */
1014:../../../../..//Drivers/CMSIS/Include/cmsis_gcc.h **** __STATIC_FORCEINLINE void __TZ_set_CONTROL_NS(uint32_t control)
1015:../../../../..//Drivers/CMSIS/Include/cmsis_gcc.h **** {
1016:../../../../..//Drivers/CMSIS/Include/cmsis_gcc.h ****   __ASM volatile ("MSR control_ns, %0" : : "r" (control) : "memory");
1017:../../../../..//Drivers/CMSIS/Include/cmsis_gcc.h ****   __ISB();
1018:../../../../..//Drivers/CMSIS/Include/cmsis_gcc.h **** }
1019:../../../../..//Drivers/CMSIS/Include/cmsis_gcc.h **** #endif
1020:../../../../..//Drivers/CMSIS/Include/cmsis_gcc.h **** 
1021:../../../../..//Drivers/CMSIS/Include/cmsis_gcc.h **** 
1022:../../../../..//Drivers/CMSIS/Include/cmsis_gcc.h **** /**
1023:../../../../..//Drivers/CMSIS/Include/cmsis_gcc.h ****   \brief   Get IPSR Register
1024:../../../../..//Drivers/CMSIS/Include/cmsis_gcc.h ****   \details Returns the content of the IPSR Register.
1025:../../../../..//Drivers/CMSIS/Include/cmsis_gcc.h ****   \return               IPSR Register value
1026:../../../../..//Drivers/CMSIS/Include/cmsis_gcc.h ****  */
1027:../../../../..//Drivers/CMSIS/Include/cmsis_gcc.h **** __STATIC_FORCEINLINE uint32_t __get_IPSR(void)
1028:../../../../..//Drivers/CMSIS/Include/cmsis_gcc.h **** {
1029:../../../../..//Drivers/CMSIS/Include/cmsis_gcc.h ****   uint32_t result;
1030:../../../../..//Drivers/CMSIS/Include/cmsis_gcc.h **** 
1031:../../../../..//Drivers/CMSIS/Include/cmsis_gcc.h ****   __ASM volatile ("MRS %0, ipsr" : "=r" (result) );
1032:../../../../..//Drivers/CMSIS/Include/cmsis_gcc.h ****   return(result);
1033:../../../../..//Drivers/CMSIS/Include/cmsis_gcc.h **** }
1034:../../../../..//Drivers/CMSIS/Include/cmsis_gcc.h **** 
1035:../../../../..//Drivers/CMSIS/Include/cmsis_gcc.h **** 
ARM GAS  /tmp/ccW7HcuX.s 			page 32


1036:../../../../..//Drivers/CMSIS/Include/cmsis_gcc.h **** /**
1037:../../../../..//Drivers/CMSIS/Include/cmsis_gcc.h ****   \brief   Get APSR Register
1038:../../../../..//Drivers/CMSIS/Include/cmsis_gcc.h ****   \details Returns the content of the APSR Register.
1039:../../../../..//Drivers/CMSIS/Include/cmsis_gcc.h ****   \return               APSR Register value
1040:../../../../..//Drivers/CMSIS/Include/cmsis_gcc.h ****  */
1041:../../../../..//Drivers/CMSIS/Include/cmsis_gcc.h **** __STATIC_FORCEINLINE uint32_t __get_APSR(void)
1042:../../../../..//Drivers/CMSIS/Include/cmsis_gcc.h **** {
1043:../../../../..//Drivers/CMSIS/Include/cmsis_gcc.h ****   uint32_t result;
1044:../../../../..//Drivers/CMSIS/Include/cmsis_gcc.h **** 
1045:../../../../..//Drivers/CMSIS/Include/cmsis_gcc.h ****   __ASM volatile ("MRS %0, apsr" : "=r" (result) );
1046:../../../../..//Drivers/CMSIS/Include/cmsis_gcc.h ****   return(result);
1047:../../../../..//Drivers/CMSIS/Include/cmsis_gcc.h **** }
1048:../../../../..//Drivers/CMSIS/Include/cmsis_gcc.h **** 
1049:../../../../..//Drivers/CMSIS/Include/cmsis_gcc.h **** 
1050:../../../../..//Drivers/CMSIS/Include/cmsis_gcc.h **** /**
1051:../../../../..//Drivers/CMSIS/Include/cmsis_gcc.h ****   \brief   Get xPSR Register
1052:../../../../..//Drivers/CMSIS/Include/cmsis_gcc.h ****   \details Returns the content of the xPSR Register.
1053:../../../../..//Drivers/CMSIS/Include/cmsis_gcc.h ****   \return               xPSR Register value
1054:../../../../..//Drivers/CMSIS/Include/cmsis_gcc.h ****  */
1055:../../../../..//Drivers/CMSIS/Include/cmsis_gcc.h **** __STATIC_FORCEINLINE uint32_t __get_xPSR(void)
1056:../../../../..//Drivers/CMSIS/Include/cmsis_gcc.h **** {
1057:../../../../..//Drivers/CMSIS/Include/cmsis_gcc.h ****   uint32_t result;
1058:../../../../..//Drivers/CMSIS/Include/cmsis_gcc.h **** 
1059:../../../../..//Drivers/CMSIS/Include/cmsis_gcc.h ****   __ASM volatile ("MRS %0, xpsr" : "=r" (result) );
1060:../../../../..//Drivers/CMSIS/Include/cmsis_gcc.h ****   return(result);
1061:../../../../..//Drivers/CMSIS/Include/cmsis_gcc.h **** }
1062:../../../../..//Drivers/CMSIS/Include/cmsis_gcc.h **** 
1063:../../../../..//Drivers/CMSIS/Include/cmsis_gcc.h **** 
1064:../../../../..//Drivers/CMSIS/Include/cmsis_gcc.h **** /**
1065:../../../../..//Drivers/CMSIS/Include/cmsis_gcc.h ****   \brief   Get Process Stack Pointer
1066:../../../../..//Drivers/CMSIS/Include/cmsis_gcc.h ****   \details Returns the current value of the Process Stack Pointer (PSP).
1067:../../../../..//Drivers/CMSIS/Include/cmsis_gcc.h ****   \return               PSP Register value
1068:../../../../..//Drivers/CMSIS/Include/cmsis_gcc.h ****  */
1069:../../../../..//Drivers/CMSIS/Include/cmsis_gcc.h **** __STATIC_FORCEINLINE uint32_t __get_PSP(void)
1070:../../../../..//Drivers/CMSIS/Include/cmsis_gcc.h **** {
1071:../../../../..//Drivers/CMSIS/Include/cmsis_gcc.h ****   uint32_t result;
1072:../../../../..//Drivers/CMSIS/Include/cmsis_gcc.h **** 
1073:../../../../..//Drivers/CMSIS/Include/cmsis_gcc.h ****   __ASM volatile ("MRS %0, psp"  : "=r" (result) );
1074:../../../../..//Drivers/CMSIS/Include/cmsis_gcc.h ****   return(result);
1075:../../../../..//Drivers/CMSIS/Include/cmsis_gcc.h **** }
1076:../../../../..//Drivers/CMSIS/Include/cmsis_gcc.h **** 
1077:../../../../..//Drivers/CMSIS/Include/cmsis_gcc.h **** 
1078:../../../../..//Drivers/CMSIS/Include/cmsis_gcc.h **** #if (defined (__ARM_FEATURE_CMSE ) && (__ARM_FEATURE_CMSE == 3))
1079:../../../../..//Drivers/CMSIS/Include/cmsis_gcc.h **** /**
1080:../../../../..//Drivers/CMSIS/Include/cmsis_gcc.h ****   \brief   Get Process Stack Pointer (non-secure)
1081:../../../../..//Drivers/CMSIS/Include/cmsis_gcc.h ****   \details Returns the current value of the non-secure Process Stack Pointer (PSP) when in secure s
1082:../../../../..//Drivers/CMSIS/Include/cmsis_gcc.h ****   \return               PSP Register value
1083:../../../../..//Drivers/CMSIS/Include/cmsis_gcc.h ****  */
1084:../../../../..//Drivers/CMSIS/Include/cmsis_gcc.h **** __STATIC_FORCEINLINE uint32_t __TZ_get_PSP_NS(void)
1085:../../../../..//Drivers/CMSIS/Include/cmsis_gcc.h **** {
1086:../../../../..//Drivers/CMSIS/Include/cmsis_gcc.h ****   uint32_t result;
1087:../../../../..//Drivers/CMSIS/Include/cmsis_gcc.h **** 
1088:../../../../..//Drivers/CMSIS/Include/cmsis_gcc.h ****   __ASM volatile ("MRS %0, psp_ns"  : "=r" (result) );
1089:../../../../..//Drivers/CMSIS/Include/cmsis_gcc.h ****   return(result);
1090:../../../../..//Drivers/CMSIS/Include/cmsis_gcc.h **** }
1091:../../../../..//Drivers/CMSIS/Include/cmsis_gcc.h **** #endif
1092:../../../../..//Drivers/CMSIS/Include/cmsis_gcc.h **** 
ARM GAS  /tmp/ccW7HcuX.s 			page 33


1093:../../../../..//Drivers/CMSIS/Include/cmsis_gcc.h **** 
1094:../../../../..//Drivers/CMSIS/Include/cmsis_gcc.h **** /**
1095:../../../../..//Drivers/CMSIS/Include/cmsis_gcc.h ****   \brief   Set Process Stack Pointer
1096:../../../../..//Drivers/CMSIS/Include/cmsis_gcc.h ****   \details Assigns the given value to the Process Stack Pointer (PSP).
1097:../../../../..//Drivers/CMSIS/Include/cmsis_gcc.h ****   \param [in]    topOfProcStack  Process Stack Pointer value to set
1098:../../../../..//Drivers/CMSIS/Include/cmsis_gcc.h ****  */
1099:../../../../..//Drivers/CMSIS/Include/cmsis_gcc.h **** __STATIC_FORCEINLINE void __set_PSP(uint32_t topOfProcStack)
1100:../../../../..//Drivers/CMSIS/Include/cmsis_gcc.h **** {
1101:../../../../..//Drivers/CMSIS/Include/cmsis_gcc.h ****   __ASM volatile ("MSR psp, %0" : : "r" (topOfProcStack) : );
1102:../../../../..//Drivers/CMSIS/Include/cmsis_gcc.h **** }
1103:../../../../..//Drivers/CMSIS/Include/cmsis_gcc.h **** 
1104:../../../../..//Drivers/CMSIS/Include/cmsis_gcc.h **** 
1105:../../../../..//Drivers/CMSIS/Include/cmsis_gcc.h **** #if (defined (__ARM_FEATURE_CMSE ) && (__ARM_FEATURE_CMSE == 3))
1106:../../../../..//Drivers/CMSIS/Include/cmsis_gcc.h **** /**
1107:../../../../..//Drivers/CMSIS/Include/cmsis_gcc.h ****   \brief   Set Process Stack Pointer (non-secure)
1108:../../../../..//Drivers/CMSIS/Include/cmsis_gcc.h ****   \details Assigns the given value to the non-secure Process Stack Pointer (PSP) when in secure sta
1109:../../../../..//Drivers/CMSIS/Include/cmsis_gcc.h ****   \param [in]    topOfProcStack  Process Stack Pointer value to set
1110:../../../../..//Drivers/CMSIS/Include/cmsis_gcc.h ****  */
1111:../../../../..//Drivers/CMSIS/Include/cmsis_gcc.h **** __STATIC_FORCEINLINE void __TZ_set_PSP_NS(uint32_t topOfProcStack)
1112:../../../../..//Drivers/CMSIS/Include/cmsis_gcc.h **** {
1113:../../../../..//Drivers/CMSIS/Include/cmsis_gcc.h ****   __ASM volatile ("MSR psp_ns, %0" : : "r" (topOfProcStack) : );
1114:../../../../..//Drivers/CMSIS/Include/cmsis_gcc.h **** }
1115:../../../../..//Drivers/CMSIS/Include/cmsis_gcc.h **** #endif
1116:../../../../..//Drivers/CMSIS/Include/cmsis_gcc.h **** 
1117:../../../../..//Drivers/CMSIS/Include/cmsis_gcc.h **** 
1118:../../../../..//Drivers/CMSIS/Include/cmsis_gcc.h **** /**
1119:../../../../..//Drivers/CMSIS/Include/cmsis_gcc.h ****   \brief   Get Main Stack Pointer
1120:../../../../..//Drivers/CMSIS/Include/cmsis_gcc.h ****   \details Returns the current value of the Main Stack Pointer (MSP).
1121:../../../../..//Drivers/CMSIS/Include/cmsis_gcc.h ****   \return               MSP Register value
1122:../../../../..//Drivers/CMSIS/Include/cmsis_gcc.h ****  */
1123:../../../../..//Drivers/CMSIS/Include/cmsis_gcc.h **** __STATIC_FORCEINLINE uint32_t __get_MSP(void)
1124:../../../../..//Drivers/CMSIS/Include/cmsis_gcc.h **** {
1125:../../../../..//Drivers/CMSIS/Include/cmsis_gcc.h ****   uint32_t result;
1126:../../../../..//Drivers/CMSIS/Include/cmsis_gcc.h **** 
1127:../../../../..//Drivers/CMSIS/Include/cmsis_gcc.h ****   __ASM volatile ("MRS %0, msp" : "=r" (result) );
1128:../../../../..//Drivers/CMSIS/Include/cmsis_gcc.h ****   return(result);
1129:../../../../..//Drivers/CMSIS/Include/cmsis_gcc.h **** }
1130:../../../../..//Drivers/CMSIS/Include/cmsis_gcc.h **** 
1131:../../../../..//Drivers/CMSIS/Include/cmsis_gcc.h **** 
1132:../../../../..//Drivers/CMSIS/Include/cmsis_gcc.h **** #if (defined (__ARM_FEATURE_CMSE ) && (__ARM_FEATURE_CMSE == 3))
1133:../../../../..//Drivers/CMSIS/Include/cmsis_gcc.h **** /**
1134:../../../../..//Drivers/CMSIS/Include/cmsis_gcc.h ****   \brief   Get Main Stack Pointer (non-secure)
1135:../../../../..//Drivers/CMSIS/Include/cmsis_gcc.h ****   \details Returns the current value of the non-secure Main Stack Pointer (MSP) when in secure stat
1136:../../../../..//Drivers/CMSIS/Include/cmsis_gcc.h ****   \return               MSP Register value
1137:../../../../..//Drivers/CMSIS/Include/cmsis_gcc.h ****  */
1138:../../../../..//Drivers/CMSIS/Include/cmsis_gcc.h **** __STATIC_FORCEINLINE uint32_t __TZ_get_MSP_NS(void)
1139:../../../../..//Drivers/CMSIS/Include/cmsis_gcc.h **** {
1140:../../../../..//Drivers/CMSIS/Include/cmsis_gcc.h ****   uint32_t result;
1141:../../../../..//Drivers/CMSIS/Include/cmsis_gcc.h **** 
1142:../../../../..//Drivers/CMSIS/Include/cmsis_gcc.h ****   __ASM volatile ("MRS %0, msp_ns" : "=r" (result) );
1143:../../../../..//Drivers/CMSIS/Include/cmsis_gcc.h ****   return(result);
1144:../../../../..//Drivers/CMSIS/Include/cmsis_gcc.h **** }
1145:../../../../..//Drivers/CMSIS/Include/cmsis_gcc.h **** #endif
1146:../../../../..//Drivers/CMSIS/Include/cmsis_gcc.h **** 
1147:../../../../..//Drivers/CMSIS/Include/cmsis_gcc.h **** 
1148:../../../../..//Drivers/CMSIS/Include/cmsis_gcc.h **** /**
1149:../../../../..//Drivers/CMSIS/Include/cmsis_gcc.h ****   \brief   Set Main Stack Pointer
ARM GAS  /tmp/ccW7HcuX.s 			page 34


1150:../../../../..//Drivers/CMSIS/Include/cmsis_gcc.h ****   \details Assigns the given value to the Main Stack Pointer (MSP).
1151:../../../../..//Drivers/CMSIS/Include/cmsis_gcc.h ****   \param [in]    topOfMainStack  Main Stack Pointer value to set
1152:../../../../..//Drivers/CMSIS/Include/cmsis_gcc.h ****  */
1153:../../../../..//Drivers/CMSIS/Include/cmsis_gcc.h **** __STATIC_FORCEINLINE void __set_MSP(uint32_t topOfMainStack)
1154:../../../../..//Drivers/CMSIS/Include/cmsis_gcc.h **** {
1155:../../../../..//Drivers/CMSIS/Include/cmsis_gcc.h ****   __ASM volatile ("MSR msp, %0" : : "r" (topOfMainStack) : );
1156:../../../../..//Drivers/CMSIS/Include/cmsis_gcc.h **** }
1157:../../../../..//Drivers/CMSIS/Include/cmsis_gcc.h **** 
1158:../../../../..//Drivers/CMSIS/Include/cmsis_gcc.h **** 
1159:../../../../..//Drivers/CMSIS/Include/cmsis_gcc.h **** #if (defined (__ARM_FEATURE_CMSE ) && (__ARM_FEATURE_CMSE == 3))
1160:../../../../..//Drivers/CMSIS/Include/cmsis_gcc.h **** /**
1161:../../../../..//Drivers/CMSIS/Include/cmsis_gcc.h ****   \brief   Set Main Stack Pointer (non-secure)
1162:../../../../..//Drivers/CMSIS/Include/cmsis_gcc.h ****   \details Assigns the given value to the non-secure Main Stack Pointer (MSP) when in secure state.
1163:../../../../..//Drivers/CMSIS/Include/cmsis_gcc.h ****   \param [in]    topOfMainStack  Main Stack Pointer value to set
1164:../../../../..//Drivers/CMSIS/Include/cmsis_gcc.h ****  */
1165:../../../../..//Drivers/CMSIS/Include/cmsis_gcc.h **** __STATIC_FORCEINLINE void __TZ_set_MSP_NS(uint32_t topOfMainStack)
1166:../../../../..//Drivers/CMSIS/Include/cmsis_gcc.h **** {
1167:../../../../..//Drivers/CMSIS/Include/cmsis_gcc.h ****   __ASM volatile ("MSR msp_ns, %0" : : "r" (topOfMainStack) : );
1168:../../../../..//Drivers/CMSIS/Include/cmsis_gcc.h **** }
1169:../../../../..//Drivers/CMSIS/Include/cmsis_gcc.h **** #endif
1170:../../../../..//Drivers/CMSIS/Include/cmsis_gcc.h **** 
1171:../../../../..//Drivers/CMSIS/Include/cmsis_gcc.h **** 
1172:../../../../..//Drivers/CMSIS/Include/cmsis_gcc.h **** #if (defined (__ARM_FEATURE_CMSE ) && (__ARM_FEATURE_CMSE == 3))
1173:../../../../..//Drivers/CMSIS/Include/cmsis_gcc.h **** /**
1174:../../../../..//Drivers/CMSIS/Include/cmsis_gcc.h ****   \brief   Get Stack Pointer (non-secure)
1175:../../../../..//Drivers/CMSIS/Include/cmsis_gcc.h ****   \details Returns the current value of the non-secure Stack Pointer (SP) when in secure state.
1176:../../../../..//Drivers/CMSIS/Include/cmsis_gcc.h ****   \return               SP Register value
1177:../../../../..//Drivers/CMSIS/Include/cmsis_gcc.h ****  */
1178:../../../../..//Drivers/CMSIS/Include/cmsis_gcc.h **** __STATIC_FORCEINLINE uint32_t __TZ_get_SP_NS(void)
1179:../../../../..//Drivers/CMSIS/Include/cmsis_gcc.h **** {
1180:../../../../..//Drivers/CMSIS/Include/cmsis_gcc.h ****   uint32_t result;
1181:../../../../..//Drivers/CMSIS/Include/cmsis_gcc.h **** 
1182:../../../../..//Drivers/CMSIS/Include/cmsis_gcc.h ****   __ASM volatile ("MRS %0, sp_ns" : "=r" (result) );
1183:../../../../..//Drivers/CMSIS/Include/cmsis_gcc.h ****   return(result);
1184:../../../../..//Drivers/CMSIS/Include/cmsis_gcc.h **** }
1185:../../../../..//Drivers/CMSIS/Include/cmsis_gcc.h **** 
1186:../../../../..//Drivers/CMSIS/Include/cmsis_gcc.h **** 
1187:../../../../..//Drivers/CMSIS/Include/cmsis_gcc.h **** /**
1188:../../../../..//Drivers/CMSIS/Include/cmsis_gcc.h ****   \brief   Set Stack Pointer (non-secure)
1189:../../../../..//Drivers/CMSIS/Include/cmsis_gcc.h ****   \details Assigns the given value to the non-secure Stack Pointer (SP) when in secure state.
1190:../../../../..//Drivers/CMSIS/Include/cmsis_gcc.h ****   \param [in]    topOfStack  Stack Pointer value to set
1191:../../../../..//Drivers/CMSIS/Include/cmsis_gcc.h ****  */
1192:../../../../..//Drivers/CMSIS/Include/cmsis_gcc.h **** __STATIC_FORCEINLINE void __TZ_set_SP_NS(uint32_t topOfStack)
1193:../../../../..//Drivers/CMSIS/Include/cmsis_gcc.h **** {
1194:../../../../..//Drivers/CMSIS/Include/cmsis_gcc.h ****   __ASM volatile ("MSR sp_ns, %0" : : "r" (topOfStack) : );
1195:../../../../..//Drivers/CMSIS/Include/cmsis_gcc.h **** }
1196:../../../../..//Drivers/CMSIS/Include/cmsis_gcc.h **** #endif
1197:../../../../..//Drivers/CMSIS/Include/cmsis_gcc.h **** 
1198:../../../../..//Drivers/CMSIS/Include/cmsis_gcc.h **** 
1199:../../../../..//Drivers/CMSIS/Include/cmsis_gcc.h **** /**
1200:../../../../..//Drivers/CMSIS/Include/cmsis_gcc.h ****   \brief   Get Priority Mask
1201:../../../../..//Drivers/CMSIS/Include/cmsis_gcc.h ****   \details Returns the current state of the priority mask bit from the Priority Mask Register.
1202:../../../../..//Drivers/CMSIS/Include/cmsis_gcc.h ****   \return               Priority Mask value
1203:../../../../..//Drivers/CMSIS/Include/cmsis_gcc.h ****  */
1204:../../../../..//Drivers/CMSIS/Include/cmsis_gcc.h **** __STATIC_FORCEINLINE uint32_t __get_PRIMASK(void)
  54              		.loc 2 1204 31 view .LVU9
  55              	.LBB11:
ARM GAS  /tmp/ccW7HcuX.s 			page 35


1205:../../../../..//Drivers/CMSIS/Include/cmsis_gcc.h **** {
1206:../../../../..//Drivers/CMSIS/Include/cmsis_gcc.h ****   uint32_t result;
  56              		.loc 2 1206 3 view .LVU10
1207:../../../../..//Drivers/CMSIS/Include/cmsis_gcc.h **** 
1208:../../../../..//Drivers/CMSIS/Include/cmsis_gcc.h ****   __ASM volatile ("MRS %0, primask" : "=r" (result) );
  57              		.loc 2 1208 3 view .LVU11
  58              		.syntax divided
  59              	@ 1208 "../../../../..//Drivers/CMSIS/Include/cmsis_gcc.h" 1
  60 000e EFF31082 		MRS r2, primask
  61              	@ 0 "" 2
  62              	.LVL1:
1209:../../../../..//Drivers/CMSIS/Include/cmsis_gcc.h ****   return(result);
  63              		.loc 2 1209 3 view .LVU12
  64              		.loc 2 1209 3 is_stmt 0 view .LVU13
  65              		.thumb
  66              		.syntax unified
  67              	.LBE11:
  68              	.LBE10:
 680:../../../../..//Drivers/STM32G0xx_HAL_Driver/Src/stm32g0xx_hal_flash.c ****   __disable_irq();
  69              		.loc 1 680 3 is_stmt 1 view .LVU14
  70              	.LBB12:
  71              	.LBI12:
 960:../../../../..//Drivers/CMSIS/Include/cmsis_gcc.h **** {
  72              		.loc 2 960 27 view .LVU15
  73              	.LBB13:
 962:../../../../..//Drivers/CMSIS/Include/cmsis_gcc.h **** }
  74              		.loc 2 962 3 view .LVU16
  75              		.syntax divided
  76              	@ 962 "../../../../..//Drivers/CMSIS/Include/cmsis_gcc.h" 1
  77 0012 72B6     		cpsid i
  78              	@ 0 "" 2
  79              		.thumb
  80              		.syntax unified
  81              	.LBE13:
  82              	.LBE12:
 681:../../../../..//Drivers/STM32G0xx_HAL_Driver/Src/stm32g0xx_hal_flash.c **** 
 682:../../../../..//Drivers/STM32G0xx_HAL_Driver/Src/stm32g0xx_hal_flash.c ****   /* Fast Program : 64 words */
 683:../../../../..//Drivers/STM32G0xx_HAL_Driver/Src/stm32g0xx_hal_flash.c ****   while (index < 64U)
  83              		.loc 1 683 3 view .LVU17
  84              		.loc 1 683 16 view .LVU18
  85 0014 4C1C     		adds	r4, r1, #1
  86 0016 FF34     		adds	r4, r4, #255
 684:../../../../..//Drivers/STM32G0xx_HAL_Driver/Src/stm32g0xx_hal_flash.c ****   {
 685:../../../../..//Drivers/STM32G0xx_HAL_Driver/Src/stm32g0xx_hal_flash.c ****     *(uint32_t *)dest = *(uint32_t *)src;
  87              		.loc 1 685 6 is_stmt 0 view .LVU19
  88 0018 401A     		subs	r0, r0, r1
  89              	.LVL2:
  90              	.L2:
  91              		.loc 1 685 5 is_stmt 1 view .LVU20
  92              		.loc 1 685 25 is_stmt 0 view .LVU21
  93 001a 0D68     		ldr	r5, [r1]
  94              		.loc 1 685 23 view .LVU22
  95 001c 4550     		str	r5, [r0, r1]
 686:../../../../..//Drivers/STM32G0xx_HAL_Driver/Src/stm32g0xx_hal_flash.c ****     src += 4U;
  96              		.loc 1 686 5 is_stmt 1 view .LVU23
  97              		.loc 1 686 9 is_stmt 0 view .LVU24
  98 001e 0431     		adds	r1, r1, #4
ARM GAS  /tmp/ccW7HcuX.s 			page 36


  99              	.LVL3:
 687:../../../../..//Drivers/STM32G0xx_HAL_Driver/Src/stm32g0xx_hal_flash.c ****     dest += 4U;
 100              		.loc 1 687 5 is_stmt 1 view .LVU25
 688:../../../../..//Drivers/STM32G0xx_HAL_Driver/Src/stm32g0xx_hal_flash.c ****     index++;
 101              		.loc 1 688 5 view .LVU26
 683:../../../../..//Drivers/STM32G0xx_HAL_Driver/Src/stm32g0xx_hal_flash.c ****   {
 102              		.loc 1 683 16 view .LVU27
 103 0020 A142     		cmp	r1, r4
 104 0022 FAD1     		bne	.L2
 689:../../../../..//Drivers/STM32G0xx_HAL_Driver/Src/stm32g0xx_hal_flash.c ****   }
 690:../../../../..//Drivers/STM32G0xx_HAL_Driver/Src/stm32g0xx_hal_flash.c **** 
 691:../../../../..//Drivers/STM32G0xx_HAL_Driver/Src/stm32g0xx_hal_flash.c ****   /* wait for BSY1 in order to be sure that flash operation is ended befoire
 692:../../../../..//Drivers/STM32G0xx_HAL_Driver/Src/stm32g0xx_hal_flash.c ****      allowing prefetch in flash. Timeout does not return status, as it will
 693:../../../../..//Drivers/STM32G0xx_HAL_Driver/Src/stm32g0xx_hal_flash.c ****      be anyway done later */
 694:../../../../..//Drivers/STM32G0xx_HAL_Driver/Src/stm32g0xx_hal_flash.c **** 
 695:../../../../..//Drivers/STM32G0xx_HAL_Driver/Src/stm32g0xx_hal_flash.c **** #if defined(FLASH_DBANK_SUPPORT)
 696:../../../../..//Drivers/STM32G0xx_HAL_Driver/Src/stm32g0xx_hal_flash.c ****   while ((FLASH->SR & (FLASH_SR_BSY1 | FLASH_SR_BSY2)) != 0x00U)
 697:../../../../..//Drivers/STM32G0xx_HAL_Driver/Src/stm32g0xx_hal_flash.c **** #else
 698:../../../../..//Drivers/STM32G0xx_HAL_Driver/Src/stm32g0xx_hal_flash.c ****   while ((FLASH->SR & FLASH_SR_BSY1) != 0x00U)
 105              		.loc 1 698 21 is_stmt 0 discriminator 1 view .LVU28
 106 0024 8021     		movs	r1, #128
 107              	.LVL4:
 108              		.loc 1 698 21 discriminator 1 view .LVU29
 109 0026 4902     		lsls	r1, r1, #9
 110              	.L3:
 699:../../../../..//Drivers/STM32G0xx_HAL_Driver/Src/stm32g0xx_hal_flash.c **** #endif /* FLASH_DBANK_SUPPORT */
 700:../../../../..//Drivers/STM32G0xx_HAL_Driver/Src/stm32g0xx_hal_flash.c ****   {
 701:../../../../..//Drivers/STM32G0xx_HAL_Driver/Src/stm32g0xx_hal_flash.c ****   }
 111              		.loc 1 701 3 is_stmt 1 view .LVU30
 698:../../../../..//Drivers/STM32G0xx_HAL_Driver/Src/stm32g0xx_hal_flash.c **** #endif /* FLASH_DBANK_SUPPORT */
 112              		.loc 1 698 38 discriminator 1 view .LVU31
 698:../../../../..//Drivers/STM32G0xx_HAL_Driver/Src/stm32g0xx_hal_flash.c **** #endif /* FLASH_DBANK_SUPPORT */
 113              		.loc 1 698 16 is_stmt 0 discriminator 1 view .LVU32
 114 0028 1869     		ldr	r0, [r3, #16]
 698:../../../../..//Drivers/STM32G0xx_HAL_Driver/Src/stm32g0xx_hal_flash.c **** #endif /* FLASH_DBANK_SUPPORT */
 115              		.loc 1 698 38 discriminator 1 view .LVU33
 116 002a 0842     		tst	r0, r1
 117 002c FCD1     		bne	.L3
 702:../../../../..//Drivers/STM32G0xx_HAL_Driver/Src/stm32g0xx_hal_flash.c **** 
 703:../../../../..//Drivers/STM32G0xx_HAL_Driver/Src/stm32g0xx_hal_flash.c ****   /* Exit critical section: restore previous priority mask */
 704:../../../../..//Drivers/STM32G0xx_HAL_Driver/Src/stm32g0xx_hal_flash.c ****   __set_PRIMASK(primask_bit);
 118              		.loc 1 704 3 is_stmt 1 view .LVU34
 119              	.LVL5:
 120              	.LBB14:
 121              	.LBI14:
1210:../../../../..//Drivers/CMSIS/Include/cmsis_gcc.h **** }
1211:../../../../..//Drivers/CMSIS/Include/cmsis_gcc.h **** 
1212:../../../../..//Drivers/CMSIS/Include/cmsis_gcc.h **** 
1213:../../../../..//Drivers/CMSIS/Include/cmsis_gcc.h **** #if (defined (__ARM_FEATURE_CMSE ) && (__ARM_FEATURE_CMSE == 3))
1214:../../../../..//Drivers/CMSIS/Include/cmsis_gcc.h **** /**
1215:../../../../..//Drivers/CMSIS/Include/cmsis_gcc.h ****   \brief   Get Priority Mask (non-secure)
1216:../../../../..//Drivers/CMSIS/Include/cmsis_gcc.h ****   \details Returns the current state of the non-secure priority mask bit from the Priority Mask Reg
1217:../../../../..//Drivers/CMSIS/Include/cmsis_gcc.h ****   \return               Priority Mask value
1218:../../../../..//Drivers/CMSIS/Include/cmsis_gcc.h ****  */
1219:../../../../..//Drivers/CMSIS/Include/cmsis_gcc.h **** __STATIC_FORCEINLINE uint32_t __TZ_get_PRIMASK_NS(void)
1220:../../../../..//Drivers/CMSIS/Include/cmsis_gcc.h **** {
1221:../../../../..//Drivers/CMSIS/Include/cmsis_gcc.h ****   uint32_t result;
ARM GAS  /tmp/ccW7HcuX.s 			page 37


1222:../../../../..//Drivers/CMSIS/Include/cmsis_gcc.h **** 
1223:../../../../..//Drivers/CMSIS/Include/cmsis_gcc.h ****   __ASM volatile ("MRS %0, primask_ns" : "=r" (result) );
1224:../../../../..//Drivers/CMSIS/Include/cmsis_gcc.h ****   return(result);
1225:../../../../..//Drivers/CMSIS/Include/cmsis_gcc.h **** }
1226:../../../../..//Drivers/CMSIS/Include/cmsis_gcc.h **** #endif
1227:../../../../..//Drivers/CMSIS/Include/cmsis_gcc.h **** 
1228:../../../../..//Drivers/CMSIS/Include/cmsis_gcc.h **** 
1229:../../../../..//Drivers/CMSIS/Include/cmsis_gcc.h **** /**
1230:../../../../..//Drivers/CMSIS/Include/cmsis_gcc.h ****   \brief   Set Priority Mask
1231:../../../../..//Drivers/CMSIS/Include/cmsis_gcc.h ****   \details Assigns the given value to the Priority Mask Register.
1232:../../../../..//Drivers/CMSIS/Include/cmsis_gcc.h ****   \param [in]    priMask  Priority Mask
1233:../../../../..//Drivers/CMSIS/Include/cmsis_gcc.h ****  */
1234:../../../../..//Drivers/CMSIS/Include/cmsis_gcc.h **** __STATIC_FORCEINLINE void __set_PRIMASK(uint32_t priMask)
 122              		.loc 2 1234 27 view .LVU35
 123              	.LBB15:
1235:../../../../..//Drivers/CMSIS/Include/cmsis_gcc.h **** {
1236:../../../../..//Drivers/CMSIS/Include/cmsis_gcc.h ****   __ASM volatile ("MSR primask, %0" : : "r" (priMask) : "memory");
 124              		.loc 2 1236 3 view .LVU36
 125              		.syntax divided
 126              	@ 1236 "../../../../..//Drivers/CMSIS/Include/cmsis_gcc.h" 1
 127 002e 82F31088 		MSR primask, r2
 128              	@ 0 "" 2
 129              	.LVL6:
 130              		.loc 2 1236 3 is_stmt 0 view .LVU37
 131              		.thumb
 132              		.syntax unified
 133              	.LBE15:
 134              	.LBE14:
 705:../../../../..//Drivers/STM32G0xx_HAL_Driver/Src/stm32g0xx_hal_flash.c **** }
 135              		.loc 1 705 1 view .LVU38
 136              		@ sp needed
 137              	.LVL7:
 138              		.loc 1 705 1 view .LVU39
 139 0032 30BD     		pop	{r4, r5, pc}
 140              	.L7:
 141              		.align	2
 142              	.L6:
 143 0034 00200240 		.word	1073881088
 144              		.cfi_endproc
 145              	.LFE193:
 147              		.section	.text.HAL_FLASH_EndOfOperationCallback,"ax",%progbits
 148              		.align	1
 149              		.weak	HAL_FLASH_EndOfOperationCallback
 150              		.syntax unified
 151              		.code	16
 152              		.thumb_func
 154              	HAL_FLASH_EndOfOperationCallback:
 155              	.LVL8:
 156              	.LFB183:
 383:../../../../..//Drivers/STM32G0xx_HAL_Driver/Src/stm32g0xx_hal_flash.c ****   /* Prevent unused argument(s) compilation warning */
 157              		.loc 1 383 1 is_stmt 1 view -0
 158              		.cfi_startproc
 159              		@ args = 0, pretend = 0, frame = 0
 160              		@ frame_needed = 0, uses_anonymous_args = 0
 161              		@ link register save eliminated.
 385:../../../../..//Drivers/STM32G0xx_HAL_Driver/Src/stm32g0xx_hal_flash.c **** 
 162              		.loc 1 385 3 view .LVU41
ARM GAS  /tmp/ccW7HcuX.s 			page 38


 390:../../../../..//Drivers/STM32G0xx_HAL_Driver/Src/stm32g0xx_hal_flash.c **** 
 163              		.loc 1 390 1 is_stmt 0 view .LVU42
 164              		@ sp needed
 165 0000 7047     		bx	lr
 166              		.cfi_endproc
 167              	.LFE183:
 169              		.section	.text.HAL_FLASH_OperationErrorCallback,"ax",%progbits
 170              		.align	1
 171              		.weak	HAL_FLASH_OperationErrorCallback
 172              		.syntax unified
 173              		.code	16
 174              		.thumb_func
 176              	HAL_FLASH_OperationErrorCallback:
 177              	.LFB195:
 178              		.cfi_startproc
 400:../../../../..//Drivers/STM32G0xx_HAL_Driver/Src/stm32g0xx_hal_flash.c **** {
 179              		.loc 1 400 13 is_stmt 1 view -0
 180              		@ args = 0, pretend = 0, frame = 0
 181              		@ frame_needed = 0, uses_anonymous_args = 0
 182              		@ link register save eliminated.
 183              		@ sp needed
 184 0000 7047     		bx	lr
 185              		.cfi_endproc
 186              	.LFE195:
 188              		.section	.text.HAL_FLASH_IRQHandler,"ax",%progbits
 189              		.align	1
 190              		.global	HAL_FLASH_IRQHandler
 191              		.syntax unified
 192              		.code	16
 193              		.thumb_func
 195              	HAL_FLASH_IRQHandler:
 196              	.LFB182:
 283:../../../../..//Drivers/STM32G0xx_HAL_Driver/Src/stm32g0xx_hal_flash.c ****   uint32_t param;
 197              		.loc 1 283 1 view -0
 198              		.cfi_startproc
 199              		@ args = 0, pretend = 0, frame = 0
 200              		@ frame_needed = 0, uses_anonymous_args = 0
 284:../../../../..//Drivers/STM32G0xx_HAL_Driver/Src/stm32g0xx_hal_flash.c ****   uint32_t error;
 201              		.loc 1 284 3 view .LVU45
 285:../../../../..//Drivers/STM32G0xx_HAL_Driver/Src/stm32g0xx_hal_flash.c **** 
 202              		.loc 1 285 3 view .LVU46
 288:../../../../..//Drivers/STM32G0xx_HAL_Driver/Src/stm32g0xx_hal_flash.c **** 
 203              		.loc 1 288 3 view .LVU47
 283:../../../../..//Drivers/STM32G0xx_HAL_Driver/Src/stm32g0xx_hal_flash.c ****   uint32_t param;
 204              		.loc 1 283 1 is_stmt 0 view .LVU48
 205 0000 70B5     		push	{r4, r5, r6, lr}
 206              	.LCFI1:
 207              		.cfi_def_cfa_offset 16
 208              		.cfi_offset 4, -16
 209              		.cfi_offset 5, -12
 210              		.cfi_offset 6, -8
 211              		.cfi_offset 14, -4
 288:../../../../..//Drivers/STM32G0xx_HAL_Driver/Src/stm32g0xx_hal_flash.c **** 
 212              		.loc 1 288 17 view .LVU49
 213 0002 204D     		ldr	r5, .L28
 292:../../../../..//Drivers/STM32G0xx_HAL_Driver/Src/stm32g0xx_hal_flash.c ****   {
 214              		.loc 1 292 14 view .LVU50
ARM GAS  /tmp/ccW7HcuX.s 			page 39


 215 0004 204C     		ldr	r4, .L28+4
 288:../../../../..//Drivers/STM32G0xx_HAL_Driver/Src/stm32g0xx_hal_flash.c **** 
 216              		.loc 1 288 17 view .LVU51
 217 0006 2B69     		ldr	r3, [r5, #16]
 288:../../../../..//Drivers/STM32G0xx_HAL_Driver/Src/stm32g0xx_hal_flash.c **** 
 218              		.loc 1 288 9 view .LVU52
 219 0008 2048     		ldr	r0, .L28+8
 292:../../../../..//Drivers/STM32G0xx_HAL_Driver/Src/stm32g0xx_hal_flash.c ****   {
 220              		.loc 1 292 14 view .LVU53
 221 000a A268     		ldr	r2, [r4, #8]
 288:../../../../..//Drivers/STM32G0xx_HAL_Driver/Src/stm32g0xx_hal_flash.c **** 
 222              		.loc 1 288 9 view .LVU54
 223 000c 0340     		ands	r3, r0
 224              	.LVL9:
 292:../../../../..//Drivers/STM32G0xx_HAL_Driver/Src/stm32g0xx_hal_flash.c ****   {
 225              		.loc 1 292 3 is_stmt 1 view .LVU55
 292:../../../../..//Drivers/STM32G0xx_HAL_Driver/Src/stm32g0xx_hal_flash.c ****   {
 226              		.loc 1 292 6 is_stmt 0 view .LVU56
 227 000e 5107     		lsls	r1, r2, #29
 228 0010 2AD5     		bpl	.L11
 295:../../../../..//Drivers/STM32G0xx_HAL_Driver/Src/stm32g0xx_hal_flash.c ****   }
 229              		.loc 1 295 5 is_stmt 1 view .LVU57
 295:../../../../..//Drivers/STM32G0xx_HAL_Driver/Src/stm32g0xx_hal_flash.c ****   }
 230              		.loc 1 295 11 is_stmt 0 view .LVU58
 231 0012 2669     		ldr	r6, [r4, #16]
 232              	.LVL10:
 233              	.L12:
 315:../../../../..//Drivers/STM32G0xx_HAL_Driver/Src/stm32g0xx_hal_flash.c ****   {
 234              		.loc 1 315 3 is_stmt 1 view .LVU59
 315:../../../../..//Drivers/STM32G0xx_HAL_Driver/Src/stm32g0xx_hal_flash.c ****   {
 235              		.loc 1 315 6 is_stmt 0 view .LVU60
 236 0014 002B     		cmp	r3, #0
 237 0016 08D0     		beq	.L14
 318:../../../../..//Drivers/STM32G0xx_HAL_Driver/Src/stm32g0xx_hal_flash.c **** 
 238              		.loc 1 318 5 is_stmt 1 view .LVU61
 318:../../../../..//Drivers/STM32G0xx_HAL_Driver/Src/stm32g0xx_hal_flash.c **** 
 239              		.loc 1 318 22 is_stmt 0 view .LVU62
 240 0018 6268     		ldr	r2, [r4, #4]
 241 001a 1343     		orrs	r3, r2
 242              	.LVL11:
 318:../../../../..//Drivers/STM32G0xx_HAL_Driver/Src/stm32g0xx_hal_flash.c **** 
 243              		.loc 1 318 22 view .LVU63
 244 001c 6360     		str	r3, [r4, #4]
 321:../../../../..//Drivers/STM32G0xx_HAL_Driver/Src/stm32g0xx_hal_flash.c **** 
 245              		.loc 1 321 5 is_stmt 1 view .LVU64
 324:../../../../..//Drivers/STM32G0xx_HAL_Driver/Src/stm32g0xx_hal_flash.c **** 
 246              		.loc 1 324 29 is_stmt 0 view .LVU65
 247 001e 0023     		movs	r3, #0
 321:../../../../..//Drivers/STM32G0xx_HAL_Driver/Src/stm32g0xx_hal_flash.c **** 
 248              		.loc 1 321 15 view .LVU66
 249 0020 2861     		str	r0, [r5, #16]
 324:../../../../..//Drivers/STM32G0xx_HAL_Driver/Src/stm32g0xx_hal_flash.c **** 
 250              		.loc 1 324 5 is_stmt 1 view .LVU67
 327:../../../../..//Drivers/STM32G0xx_HAL_Driver/Src/stm32g0xx_hal_flash.c ****   }
 251              		.loc 1 327 5 is_stmt 0 view .LVU68
 252 0022 3000     		movs	r0, r6
 324:../../../../..//Drivers/STM32G0xx_HAL_Driver/Src/stm32g0xx_hal_flash.c **** 
ARM GAS  /tmp/ccW7HcuX.s 			page 40


 253              		.loc 1 324 29 view .LVU69
 254 0024 A360     		str	r3, [r4, #8]
 327:../../../../..//Drivers/STM32G0xx_HAL_Driver/Src/stm32g0xx_hal_flash.c ****   }
 255              		.loc 1 327 5 is_stmt 1 view .LVU70
 256 0026 FFF7FEFF 		bl	HAL_FLASH_OperationErrorCallback
 257              	.LVL12:
 258              	.L14:
 331:../../../../..//Drivers/STM32G0xx_HAL_Driver/Src/stm32g0xx_hal_flash.c ****   {
 259              		.loc 1 331 3 view .LVU71
 331:../../../../..//Drivers/STM32G0xx_HAL_Driver/Src/stm32g0xx_hal_flash.c ****   {
 260              		.loc 1 331 18 is_stmt 0 view .LVU72
 261 002a 0123     		movs	r3, #1
 331:../../../../..//Drivers/STM32G0xx_HAL_Driver/Src/stm32g0xx_hal_flash.c ****   {
 262              		.loc 1 331 13 view .LVU73
 263 002c 2A69     		ldr	r2, [r5, #16]
 331:../../../../..//Drivers/STM32G0xx_HAL_Driver/Src/stm32g0xx_hal_flash.c ****   {
 264              		.loc 1 331 6 view .LVU74
 265 002e 1A42     		tst	r2, r3
 266 0030 11D0     		beq	.L15
 336:../../../../..//Drivers/STM32G0xx_HAL_Driver/Src/stm32g0xx_hal_flash.c ****     {
 267              		.loc 1 336 15 view .LVU75
 268 0032 A268     		ldr	r2, [r4, #8]
 334:../../../../..//Drivers/STM32G0xx_HAL_Driver/Src/stm32g0xx_hal_flash.c **** 
 269              		.loc 1 334 5 is_stmt 1 view .LVU76
 334:../../../../..//Drivers/STM32G0xx_HAL_Driver/Src/stm32g0xx_hal_flash.c **** 
 270              		.loc 1 334 15 is_stmt 0 view .LVU77
 271 0034 2B61     		str	r3, [r5, #16]
 336:../../../../..//Drivers/STM32G0xx_HAL_Driver/Src/stm32g0xx_hal_flash.c ****     {
 272              		.loc 1 336 5 is_stmt 1 view .LVU78
 336:../../../../..//Drivers/STM32G0xx_HAL_Driver/Src/stm32g0xx_hal_flash.c ****     {
 273              		.loc 1 336 8 is_stmt 0 view .LVU79
 274 0036 022A     		cmp	r2, #2
 275 0038 20D1     		bne	.L16
 339:../../../../..//Drivers/STM32G0xx_HAL_Driver/Src/stm32g0xx_hal_flash.c **** 
 276              		.loc 1 339 7 is_stmt 1 view .LVU80
 339:../../../../..//Drivers/STM32G0xx_HAL_Driver/Src/stm32g0xx_hal_flash.c **** 
 277              		.loc 1 339 28 is_stmt 0 view .LVU81
 278 003a A369     		ldr	r3, [r4, #24]
 279 003c 013B     		subs	r3, r3, #1
 280 003e A361     		str	r3, [r4, #24]
 342:../../../../..//Drivers/STM32G0xx_HAL_Driver/Src/stm32g0xx_hal_flash.c ****       {
 281              		.loc 1 342 7 is_stmt 1 view .LVU82
 342:../../../../..//Drivers/STM32G0xx_HAL_Driver/Src/stm32g0xx_hal_flash.c ****       {
 282              		.loc 1 342 10 is_stmt 0 view .LVU83
 283 0040 002B     		cmp	r3, #0
 284 0042 1BD0     		beq	.L16
 345:../../../../..//Drivers/STM32G0xx_HAL_Driver/Src/stm32g0xx_hal_flash.c ****         FLASH_PageErase(pFlash.Banks, pFlash.Page);
 285              		.loc 1 345 9 is_stmt 1 view .LVU84
 345:../../../../..//Drivers/STM32G0xx_HAL_Driver/Src/stm32g0xx_hal_flash.c ****         FLASH_PageErase(pFlash.Banks, pFlash.Page);
 286              		.loc 1 345 20 is_stmt 0 view .LVU85
 287 0044 6169     		ldr	r1, [r4, #20]
 346:../../../../..//Drivers/STM32G0xx_HAL_Driver/Src/stm32g0xx_hal_flash.c ****       }
 288              		.loc 1 346 9 view .LVU86
 289 0046 2069     		ldr	r0, [r4, #16]
 345:../../../../..//Drivers/STM32G0xx_HAL_Driver/Src/stm32g0xx_hal_flash.c ****         FLASH_PageErase(pFlash.Banks, pFlash.Page);
 290              		.loc 1 345 20 view .LVU87
 291 0048 0131     		adds	r1, r1, #1
ARM GAS  /tmp/ccW7HcuX.s 			page 41


 292 004a 6161     		str	r1, [r4, #20]
 346:../../../../..//Drivers/STM32G0xx_HAL_Driver/Src/stm32g0xx_hal_flash.c ****       }
 293              		.loc 1 346 9 is_stmt 1 view .LVU88
 294 004c FFF7FEFF 		bl	FLASH_PageErase
 295              	.LVL13:
 296              	.L17:
 361:../../../../..//Drivers/STM32G0xx_HAL_Driver/Src/stm32g0xx_hal_flash.c ****   }
 297              		.loc 1 361 5 view .LVU89
 298 0050 3000     		movs	r0, r6
 299 0052 FFF7FEFF 		bl	HAL_FLASH_EndOfOperationCallback
 300              	.LVL14:
 301              	.L15:
 364:../../../../..//Drivers/STM32G0xx_HAL_Driver/Src/stm32g0xx_hal_flash.c ****   {
 302              		.loc 1 364 3 view .LVU90
 364:../../../../..//Drivers/STM32G0xx_HAL_Driver/Src/stm32g0xx_hal_flash.c ****   {
 303              		.loc 1 364 6 is_stmt 0 view .LVU91
 304 0056 A268     		ldr	r2, [r4, #8]
 305 0058 002A     		cmp	r2, #0
 306 005a 04D1     		bne	.L10
 367:../../../../..//Drivers/STM32G0xx_HAL_Driver/Src/stm32g0xx_hal_flash.c **** 
 307              		.loc 1 367 5 is_stmt 1 view .LVU92
 367:../../../../..//Drivers/STM32G0xx_HAL_Driver/Src/stm32g0xx_hal_flash.c **** 
 308              		.loc 1 367 10 is_stmt 0 view .LVU93
 309 005c 6B69     		ldr	r3, [r5, #20]
 367:../../../../..//Drivers/STM32G0xx_HAL_Driver/Src/stm32g0xx_hal_flash.c **** 
 310              		.loc 1 367 15 view .LVU94
 311 005e 0C49     		ldr	r1, .L28+12
 312 0060 0B40     		ands	r3, r1
 313 0062 6B61     		str	r3, [r5, #20]
 370:../../../../..//Drivers/STM32G0xx_HAL_Driver/Src/stm32g0xx_hal_flash.c ****   }
 314              		.loc 1 370 5 is_stmt 1 view .LVU95
 370:../../../../..//Drivers/STM32G0xx_HAL_Driver/Src/stm32g0xx_hal_flash.c ****   }
 315              		.loc 1 370 5 view .LVU96
 316 0064 2270     		strb	r2, [r4]
 370:../../../../..//Drivers/STM32G0xx_HAL_Driver/Src/stm32g0xx_hal_flash.c ****   }
 317              		.loc 1 370 5 discriminator 1 view .LVU97
 318              	.L10:
 372:../../../../..//Drivers/STM32G0xx_HAL_Driver/Src/stm32g0xx_hal_flash.c **** 
 319              		.loc 1 372 1 is_stmt 0 view .LVU98
 320              		@ sp needed
 321              	.LVL15:
 372:../../../../..//Drivers/STM32G0xx_HAL_Driver/Src/stm32g0xx_hal_flash.c **** 
 322              		.loc 1 372 1 view .LVU99
 323 0066 70BD     		pop	{r4, r5, r6, pc}
 324              	.LVL16:
 325              	.L11:
 300:../../../../..//Drivers/STM32G0xx_HAL_Driver/Src/stm32g0xx_hal_flash.c **** 
 326              		.loc 1 300 5 is_stmt 1 view .LVU100
 327 0068 6969     		ldr	r1, [r5, #20]
 328 006a 9143     		bics	r1, r2
 329 006c 6961     		str	r1, [r5, #20]
 302:../../../../..//Drivers/STM32G0xx_HAL_Driver/Src/stm32g0xx_hal_flash.c ****     {
 330              		.loc 1 302 5 view .LVU101
 302:../../../../..//Drivers/STM32G0xx_HAL_Driver/Src/stm32g0xx_hal_flash.c ****     {
 331              		.loc 1 302 34 is_stmt 0 view .LVU102
 332 006e 0949     		ldr	r1, .L28+16
 302:../../../../..//Drivers/STM32G0xx_HAL_Driver/Src/stm32g0xx_hal_flash.c ****     {
ARM GAS  /tmp/ccW7HcuX.s 			page 42


 333              		.loc 1 302 8 view .LVU103
 334 0070 0A42     		tst	r2, r1
 335 0072 01D0     		beq	.L13
 305:../../../../..//Drivers/STM32G0xx_HAL_Driver/Src/stm32g0xx_hal_flash.c ****     }
 336              		.loc 1 305 7 is_stmt 1 view .LVU104
 305:../../../../..//Drivers/STM32G0xx_HAL_Driver/Src/stm32g0xx_hal_flash.c ****     }
 337              		.loc 1 305 13 is_stmt 0 view .LVU105
 338 0074 E668     		ldr	r6, [r4, #12]
 339              	.LVL17:
 305:../../../../..//Drivers/STM32G0xx_HAL_Driver/Src/stm32g0xx_hal_flash.c ****     }
 340              		.loc 1 305 13 view .LVU106
 341 0076 CDE7     		b	.L12
 342              	.LVL18:
 343              	.L13:
 310:../../../../..//Drivers/STM32G0xx_HAL_Driver/Src/stm32g0xx_hal_flash.c ****     }
 344              		.loc 1 310 7 is_stmt 1 view .LVU107
 310:../../../../..//Drivers/STM32G0xx_HAL_Driver/Src/stm32g0xx_hal_flash.c ****     }
 345              		.loc 1 310 13 is_stmt 0 view .LVU108
 346 0078 6669     		ldr	r6, [r4, #20]
 347              	.LVL19:
 310:../../../../..//Drivers/STM32G0xx_HAL_Driver/Src/stm32g0xx_hal_flash.c ****     }
 348              		.loc 1 310 13 view .LVU109
 349 007a CBE7     		b	.L12
 350              	.LVL20:
 351              	.L16:
 351:../../../../..//Drivers/STM32G0xx_HAL_Driver/Src/stm32g0xx_hal_flash.c ****       }
 352              		.loc 1 351 9 is_stmt 1 view .LVU110
 351:../../../../..//Drivers/STM32G0xx_HAL_Driver/Src/stm32g0xx_hal_flash.c ****       }
 353              		.loc 1 351 33 is_stmt 0 view .LVU111
 354 007c 0023     		movs	r3, #0
 355 007e A360     		str	r3, [r4, #8]
 356 0080 E6E7     		b	.L17
 357              	.L29:
 358 0082 C046     		.align	2
 359              	.L28:
 360 0084 00200240 		.word	1073881088
 361 0088 00000000 		.word	pFlash
 362 008c FAC30000 		.word	50170
 363 0090 FFFFFFFC 		.word	-50331649
 364 0094 01000400 		.word	262145
 365              		.cfi_endproc
 366              	.LFE182:
 368              		.section	.text.HAL_FLASH_Unlock,"ax",%progbits
 369              		.align	1
 370              		.global	HAL_FLASH_Unlock
 371              		.syntax unified
 372              		.code	16
 373              		.thumb_func
 375              	HAL_FLASH_Unlock:
 376              	.LFB185:
 434:../../../../..//Drivers/STM32G0xx_HAL_Driver/Src/stm32g0xx_hal_flash.c ****   HAL_StatusTypeDef status = HAL_OK;
 377              		.loc 1 434 1 is_stmt 1 view -0
 378              		.cfi_startproc
 379              		@ args = 0, pretend = 0, frame = 0
 380              		@ frame_needed = 0, uses_anonymous_args = 0
 381              		@ link register save eliminated.
 435:../../../../..//Drivers/STM32G0xx_HAL_Driver/Src/stm32g0xx_hal_flash.c **** 
ARM GAS  /tmp/ccW7HcuX.s 			page 43


 382              		.loc 1 435 3 view .LVU113
 383              	.LVL21:
 437:../../../../..//Drivers/STM32G0xx_HAL_Driver/Src/stm32g0xx_hal_flash.c ****   {
 384              		.loc 1 437 3 view .LVU114
 435:../../../../..//Drivers/STM32G0xx_HAL_Driver/Src/stm32g0xx_hal_flash.c **** 
 385              		.loc 1 435 21 is_stmt 0 view .LVU115
 386 0000 0020     		movs	r0, #0
 437:../../../../..//Drivers/STM32G0xx_HAL_Driver/Src/stm32g0xx_hal_flash.c ****   {
 387              		.loc 1 437 7 view .LVU116
 388 0002 054B     		ldr	r3, .L33
 389 0004 5A69     		ldr	r2, [r3, #20]
 437:../../../../..//Drivers/STM32G0xx_HAL_Driver/Src/stm32g0xx_hal_flash.c ****   {
 390              		.loc 1 437 6 view .LVU117
 391 0006 8242     		cmp	r2, r0
 392 0008 05DA     		bge	.L31
 440:../../../../..//Drivers/STM32G0xx_HAL_Driver/Src/stm32g0xx_hal_flash.c ****     WRITE_REG(FLASH->KEYR, FLASH_KEY2);
 393              		.loc 1 440 5 is_stmt 1 view .LVU118
 394 000a 044A     		ldr	r2, .L33+4
 395 000c 9A60     		str	r2, [r3, #8]
 441:../../../../..//Drivers/STM32G0xx_HAL_Driver/Src/stm32g0xx_hal_flash.c **** 
 396              		.loc 1 441 5 view .LVU119
 397 000e 044A     		ldr	r2, .L33+8
 398 0010 9A60     		str	r2, [r3, #8]
 444:../../../../..//Drivers/STM32G0xx_HAL_Driver/Src/stm32g0xx_hal_flash.c ****     {
 399              		.loc 1 444 5 view .LVU120
 444:../../../../..//Drivers/STM32G0xx_HAL_Driver/Src/stm32g0xx_hal_flash.c ****     {
 400              		.loc 1 444 9 is_stmt 0 view .LVU121
 401 0012 5869     		ldr	r0, [r3, #20]
 444:../../../../..//Drivers/STM32G0xx_HAL_Driver/Src/stm32g0xx_hal_flash.c ****     {
 402              		.loc 1 444 8 view .LVU122
 403 0014 C00F     		lsrs	r0, r0, #31
 404              	.L31:
 405              	.LVL22:
 450:../../../../..//Drivers/STM32G0xx_HAL_Driver/Src/stm32g0xx_hal_flash.c **** }
 406              		.loc 1 450 3 is_stmt 1 view .LVU123
 451:../../../../..//Drivers/STM32G0xx_HAL_Driver/Src/stm32g0xx_hal_flash.c **** 
 407              		.loc 1 451 1 is_stmt 0 view .LVU124
 408              		@ sp needed
 409 0016 7047     		bx	lr
 410              	.L34:
 411              		.align	2
 412              	.L33:
 413 0018 00200240 		.word	1073881088
 414 001c 23016745 		.word	1164378403
 415 0020 AB89EFCD 		.word	-839939669
 416              		.cfi_endproc
 417              	.LFE185:
 419              		.section	.text.HAL_FLASH_Lock,"ax",%progbits
 420              		.align	1
 421              		.global	HAL_FLASH_Lock
 422              		.syntax unified
 423              		.code	16
 424              		.thumb_func
 426              	HAL_FLASH_Lock:
 427              	.LFB186:
 458:../../../../..//Drivers/STM32G0xx_HAL_Driver/Src/stm32g0xx_hal_flash.c ****   HAL_StatusTypeDef status = HAL_ERROR;
 428              		.loc 1 458 1 is_stmt 1 view -0
ARM GAS  /tmp/ccW7HcuX.s 			page 44


 429              		.cfi_startproc
 430              		@ args = 0, pretend = 0, frame = 0
 431              		@ frame_needed = 0, uses_anonymous_args = 0
 432              		@ link register save eliminated.
 459:../../../../..//Drivers/STM32G0xx_HAL_Driver/Src/stm32g0xx_hal_flash.c **** 
 433              		.loc 1 459 3 view .LVU126
 434              	.LVL23:
 462:../../../../..//Drivers/STM32G0xx_HAL_Driver/Src/stm32g0xx_hal_flash.c **** 
 435              		.loc 1 462 3 view .LVU127
 436 0000 8022     		movs	r2, #128
 471:../../../../..//Drivers/STM32G0xx_HAL_Driver/Src/stm32g0xx_hal_flash.c **** 
 437              		.loc 1 471 1 is_stmt 0 view .LVU128
 438              		@ sp needed
 462:../../../../..//Drivers/STM32G0xx_HAL_Driver/Src/stm32g0xx_hal_flash.c **** 
 439              		.loc 1 462 3 view .LVU129
 440 0002 044B     		ldr	r3, .L36
 441 0004 1206     		lsls	r2, r2, #24
 442 0006 5969     		ldr	r1, [r3, #20]
 443 0008 0A43     		orrs	r2, r1
 444 000a 5A61     		str	r2, [r3, #20]
 465:../../../../..//Drivers/STM32G0xx_HAL_Driver/Src/stm32g0xx_hal_flash.c ****   {
 445              		.loc 1 465 3 is_stmt 1 view .LVU130
 465:../../../../..//Drivers/STM32G0xx_HAL_Driver/Src/stm32g0xx_hal_flash.c ****   {
 446              		.loc 1 465 7 is_stmt 0 view .LVU131
 447 000c 5869     		ldr	r0, [r3, #20]
 448              	.LVL24:
 470:../../../../..//Drivers/STM32G0xx_HAL_Driver/Src/stm32g0xx_hal_flash.c **** }
 449              		.loc 1 470 3 is_stmt 1 view .LVU132
 465:../../../../..//Drivers/STM32G0xx_HAL_Driver/Src/stm32g0xx_hal_flash.c ****   {
 450              		.loc 1 465 6 is_stmt 0 view .LVU133
 451 000e C043     		mvns	r0, r0
 452              	.LVL25:
 470:../../../../..//Drivers/STM32G0xx_HAL_Driver/Src/stm32g0xx_hal_flash.c **** }
 453              		.loc 1 470 10 discriminator 1 view .LVU134
 454 0010 C00F     		lsrs	r0, r0, #31
 455              	.LVL26:
 471:../../../../..//Drivers/STM32G0xx_HAL_Driver/Src/stm32g0xx_hal_flash.c **** 
 456              		.loc 1 471 1 view .LVU135
 457 0012 7047     		bx	lr
 458              	.L37:
 459              		.align	2
 460              	.L36:
 461 0014 00200240 		.word	1073881088
 462              		.cfi_endproc
 463              	.LFE186:
 465              		.section	.text.HAL_FLASH_OB_Unlock,"ax",%progbits
 466              		.align	1
 467              		.global	HAL_FLASH_OB_Unlock
 468              		.syntax unified
 469              		.code	16
 470              		.thumb_func
 472              	HAL_FLASH_OB_Unlock:
 473              	.LFB187:
 478:../../../../..//Drivers/STM32G0xx_HAL_Driver/Src/stm32g0xx_hal_flash.c ****   HAL_StatusTypeDef status = HAL_ERROR;
 474              		.loc 1 478 1 is_stmt 1 view -0
 475              		.cfi_startproc
 476              		@ args = 0, pretend = 0, frame = 0
ARM GAS  /tmp/ccW7HcuX.s 			page 45


 477              		@ frame_needed = 0, uses_anonymous_args = 0
 478              		@ link register save eliminated.
 479:../../../../..//Drivers/STM32G0xx_HAL_Driver/Src/stm32g0xx_hal_flash.c **** 
 479              		.loc 1 479 3 view .LVU137
 480              	.LVL27:
 481:../../../../..//Drivers/STM32G0xx_HAL_Driver/Src/stm32g0xx_hal_flash.c ****   {
 481              		.loc 1 481 3 view .LVU138
 481:../../../../..//Drivers/STM32G0xx_HAL_Driver/Src/stm32g0xx_hal_flash.c ****   {
 482              		.loc 1 481 7 is_stmt 0 view .LVU139
 483 0000 064B     		ldr	r3, .L43
 479:../../../../..//Drivers/STM32G0xx_HAL_Driver/Src/stm32g0xx_hal_flash.c **** 
 484              		.loc 1 479 21 view .LVU140
 485 0002 0120     		movs	r0, #1
 481:../../../../..//Drivers/STM32G0xx_HAL_Driver/Src/stm32g0xx_hal_flash.c ****   {
 486              		.loc 1 481 7 view .LVU141
 487 0004 5A69     		ldr	r2, [r3, #20]
 481:../../../../..//Drivers/STM32G0xx_HAL_Driver/Src/stm32g0xx_hal_flash.c ****   {
 488              		.loc 1 481 6 view .LVU142
 489 0006 5200     		lsls	r2, r2, #1
 490 0008 06D5     		bpl	.L39
 484:../../../../..//Drivers/STM32G0xx_HAL_Driver/Src/stm32g0xx_hal_flash.c ****     WRITE_REG(FLASH->OPTKEYR, FLASH_OPTKEY2);
 491              		.loc 1 484 5 is_stmt 1 view .LVU143
 492 000a 054A     		ldr	r2, .L43+4
 493 000c DA60     		str	r2, [r3, #12]
 485:../../../../..//Drivers/STM32G0xx_HAL_Driver/Src/stm32g0xx_hal_flash.c **** 
 494              		.loc 1 485 5 view .LVU144
 495 000e 054A     		ldr	r2, .L43+8
 496 0010 DA60     		str	r2, [r3, #12]
 488:../../../../..//Drivers/STM32G0xx_HAL_Driver/Src/stm32g0xx_hal_flash.c ****     {
 497              		.loc 1 488 5 view .LVU145
 488:../../../../..//Drivers/STM32G0xx_HAL_Driver/Src/stm32g0xx_hal_flash.c ****     {
 498              		.loc 1 488 9 is_stmt 0 view .LVU146
 499 0012 5B69     		ldr	r3, [r3, #20]
 488:../../../../..//Drivers/STM32G0xx_HAL_Driver/Src/stm32g0xx_hal_flash.c ****     {
 500              		.loc 1 488 8 view .LVU147
 501 0014 9B0F     		lsrs	r3, r3, #30
 502 0016 1840     		ands	r0, r3
 503              	.L39:
 504              	.LVL28:
 494:../../../../..//Drivers/STM32G0xx_HAL_Driver/Src/stm32g0xx_hal_flash.c **** }
 505              		.loc 1 494 3 is_stmt 1 view .LVU148
 495:../../../../..//Drivers/STM32G0xx_HAL_Driver/Src/stm32g0xx_hal_flash.c **** 
 506              		.loc 1 495 1 is_stmt 0 view .LVU149
 507              		@ sp needed
 508 0018 7047     		bx	lr
 509              	.L44:
 510 001a C046     		.align	2
 511              	.L43:
 512 001c 00200240 		.word	1073881088
 513 0020 3B2A1908 		.word	135866939
 514 0024 7F6E5D4C 		.word	1281191551
 515              		.cfi_endproc
 516              	.LFE187:
 518              		.section	.text.HAL_FLASH_OB_Lock,"ax",%progbits
 519              		.align	1
 520              		.global	HAL_FLASH_OB_Lock
 521              		.syntax unified
ARM GAS  /tmp/ccW7HcuX.s 			page 46


 522              		.code	16
 523              		.thumb_func
 525              	HAL_FLASH_OB_Lock:
 526              	.LFB188:
 502:../../../../..//Drivers/STM32G0xx_HAL_Driver/Src/stm32g0xx_hal_flash.c ****   HAL_StatusTypeDef status = HAL_ERROR;
 527              		.loc 1 502 1 is_stmt 1 view -0
 528              		.cfi_startproc
 529              		@ args = 0, pretend = 0, frame = 0
 530              		@ frame_needed = 0, uses_anonymous_args = 0
 531              		@ link register save eliminated.
 503:../../../../..//Drivers/STM32G0xx_HAL_Driver/Src/stm32g0xx_hal_flash.c **** 
 532              		.loc 1 503 3 view .LVU151
 533              	.LVL29:
 506:../../../../..//Drivers/STM32G0xx_HAL_Driver/Src/stm32g0xx_hal_flash.c **** 
 534              		.loc 1 506 3 view .LVU152
 535 0000 8022     		movs	r2, #128
 515:../../../../..//Drivers/STM32G0xx_HAL_Driver/Src/stm32g0xx_hal_flash.c **** 
 536              		.loc 1 515 1 is_stmt 0 view .LVU153
 537              		@ sp needed
 514:../../../../..//Drivers/STM32G0xx_HAL_Driver/Src/stm32g0xx_hal_flash.c **** }
 538              		.loc 1 514 10 discriminator 1 view .LVU154
 539 0002 0120     		movs	r0, #1
 506:../../../../..//Drivers/STM32G0xx_HAL_Driver/Src/stm32g0xx_hal_flash.c **** 
 540              		.loc 1 506 3 view .LVU155
 541 0004 044B     		ldr	r3, .L46
 542 0006 D205     		lsls	r2, r2, #23
 543 0008 5969     		ldr	r1, [r3, #20]
 544 000a 0A43     		orrs	r2, r1
 545 000c 5A61     		str	r2, [r3, #20]
 509:../../../../..//Drivers/STM32G0xx_HAL_Driver/Src/stm32g0xx_hal_flash.c ****   {
 546              		.loc 1 509 3 is_stmt 1 view .LVU156
 509:../../../../..//Drivers/STM32G0xx_HAL_Driver/Src/stm32g0xx_hal_flash.c ****   {
 547              		.loc 1 509 7 is_stmt 0 view .LVU157
 548 000e 5B69     		ldr	r3, [r3, #20]
 549              	.LVL30:
 514:../../../../..//Drivers/STM32G0xx_HAL_Driver/Src/stm32g0xx_hal_flash.c **** }
 550              		.loc 1 514 3 is_stmt 1 view .LVU158
 509:../../../../..//Drivers/STM32G0xx_HAL_Driver/Src/stm32g0xx_hal_flash.c ****   {
 551              		.loc 1 509 6 is_stmt 0 view .LVU159
 552 0010 9B0F     		lsrs	r3, r3, #30
 553              	.LVL31:
 514:../../../../..//Drivers/STM32G0xx_HAL_Driver/Src/stm32g0xx_hal_flash.c **** }
 554              		.loc 1 514 10 discriminator 1 view .LVU160
 555 0012 9843     		bics	r0, r3
 515:../../../../..//Drivers/STM32G0xx_HAL_Driver/Src/stm32g0xx_hal_flash.c **** 
 556              		.loc 1 515 1 view .LVU161
 557 0014 7047     		bx	lr
 558              	.L47:
 559 0016 C046     		.align	2
 560              	.L46:
 561 0018 00200240 		.word	1073881088
 562              		.cfi_endproc
 563              	.LFE188:
 565              		.section	.text.HAL_FLASH_OB_Launch,"ax",%progbits
 566              		.align	1
 567              		.global	HAL_FLASH_OB_Launch
 568              		.syntax unified
ARM GAS  /tmp/ccW7HcuX.s 			page 47


 569              		.code	16
 570              		.thumb_func
 572              	HAL_FLASH_OB_Launch:
 573              	.LFB189:
 522:../../../../..//Drivers/STM32G0xx_HAL_Driver/Src/stm32g0xx_hal_flash.c ****   /* Set the bit to force the option byte reloading */
 574              		.loc 1 522 1 is_stmt 1 view -0
 575              		.cfi_startproc
 576              		@ args = 0, pretend = 0, frame = 0
 577              		@ frame_needed = 0, uses_anonymous_args = 0
 578              		@ link register save eliminated.
 524:../../../../..//Drivers/STM32G0xx_HAL_Driver/Src/stm32g0xx_hal_flash.c **** 
 579              		.loc 1 524 3 view .LVU163
 580 0000 8023     		movs	r3, #128
 529:../../../../..//Drivers/STM32G0xx_HAL_Driver/Src/stm32g0xx_hal_flash.c **** 
 581              		.loc 1 529 1 is_stmt 0 view .LVU164
 582              		@ sp needed
 524:../../../../..//Drivers/STM32G0xx_HAL_Driver/Src/stm32g0xx_hal_flash.c **** 
 583              		.loc 1 524 3 view .LVU165
 584 0002 034A     		ldr	r2, .L49
 585 0004 1B05     		lsls	r3, r3, #20
 586 0006 5169     		ldr	r1, [r2, #20]
 529:../../../../..//Drivers/STM32G0xx_HAL_Driver/Src/stm32g0xx_hal_flash.c **** 
 587              		.loc 1 529 1 view .LVU166
 588 0008 0120     		movs	r0, #1
 524:../../../../..//Drivers/STM32G0xx_HAL_Driver/Src/stm32g0xx_hal_flash.c **** 
 589              		.loc 1 524 3 view .LVU167
 590 000a 0B43     		orrs	r3, r1
 591 000c 5361     		str	r3, [r2, #20]
 528:../../../../..//Drivers/STM32G0xx_HAL_Driver/Src/stm32g0xx_hal_flash.c **** }
 592              		.loc 1 528 3 is_stmt 1 view .LVU168
 529:../../../../..//Drivers/STM32G0xx_HAL_Driver/Src/stm32g0xx_hal_flash.c **** 
 593              		.loc 1 529 1 is_stmt 0 view .LVU169
 594 000e 7047     		bx	lr
 595              	.L50:
 596              		.align	2
 597              	.L49:
 598 0010 00200240 		.word	1073881088
 599              		.cfi_endproc
 600              	.LFE189:
 602              		.section	.text.HAL_FLASH_GetError,"ax",%progbits
 603              		.align	1
 604              		.global	HAL_FLASH_GetError
 605              		.syntax unified
 606              		.code	16
 607              		.thumb_func
 609              	HAL_FLASH_GetError:
 610              	.LFB190:
 567:../../../../..//Drivers/STM32G0xx_HAL_Driver/Src/stm32g0xx_hal_flash.c ****   return pFlash.ErrorCode;
 611              		.loc 1 567 1 is_stmt 1 view -0
 612              		.cfi_startproc
 613              		@ args = 0, pretend = 0, frame = 0
 614              		@ frame_needed = 0, uses_anonymous_args = 0
 615              		@ link register save eliminated.
 568:../../../../..//Drivers/STM32G0xx_HAL_Driver/Src/stm32g0xx_hal_flash.c **** }
 616              		.loc 1 568 3 view .LVU171
 568:../../../../..//Drivers/STM32G0xx_HAL_Driver/Src/stm32g0xx_hal_flash.c **** }
 617              		.loc 1 568 16 is_stmt 0 view .LVU172
ARM GAS  /tmp/ccW7HcuX.s 			page 48


 618 0000 014B     		ldr	r3, .L52
 569:../../../../..//Drivers/STM32G0xx_HAL_Driver/Src/stm32g0xx_hal_flash.c **** 
 619              		.loc 1 569 1 view .LVU173
 620              		@ sp needed
 568:../../../../..//Drivers/STM32G0xx_HAL_Driver/Src/stm32g0xx_hal_flash.c **** }
 621              		.loc 1 568 16 discriminator 1 view .LVU174
 622 0002 5868     		ldr	r0, [r3, #4]
 569:../../../../..//Drivers/STM32G0xx_HAL_Driver/Src/stm32g0xx_hal_flash.c **** 
 623              		.loc 1 569 1 view .LVU175
 624 0004 7047     		bx	lr
 625              	.L53:
 626 0006 C046     		.align	2
 627              	.L52:
 628 0008 00000000 		.word	pFlash
 629              		.cfi_endproc
 630              	.LFE190:
 632              		.section	.text.FLASH_WaitForLastOperation,"ax",%progbits
 633              		.align	1
 634              		.global	FLASH_WaitForLastOperation
 635              		.syntax unified
 636              		.code	16
 637              		.thumb_func
 639              	FLASH_WaitForLastOperation:
 640              	.LVL32:
 641              	.LFB191:
 591:../../../../..//Drivers/STM32G0xx_HAL_Driver/Src/stm32g0xx_hal_flash.c ****   uint32_t error;
 642              		.loc 1 591 1 is_stmt 1 view -0
 643              		.cfi_startproc
 644              		@ args = 0, pretend = 0, frame = 0
 645              		@ frame_needed = 0, uses_anonymous_args = 0
 592:../../../../..//Drivers/STM32G0xx_HAL_Driver/Src/stm32g0xx_hal_flash.c ****   /* Wait for the FLASH operation to complete by polling on BUSY flag to be reset.
 646              		.loc 1 592 3 view .LVU177
 596:../../../../..//Drivers/STM32G0xx_HAL_Driver/Src/stm32g0xx_hal_flash.c **** 
 647              		.loc 1 596 3 view .LVU178
 591:../../../../..//Drivers/STM32G0xx_HAL_Driver/Src/stm32g0xx_hal_flash.c ****   uint32_t error;
 648              		.loc 1 591 1 is_stmt 0 view .LVU179
 649 0000 F8B5     		push	{r3, r4, r5, r6, r7, lr}
 650              	.LCFI2:
 651              		.cfi_def_cfa_offset 24
 652              		.cfi_offset 3, -24
 653              		.cfi_offset 4, -20
 654              		.cfi_offset 5, -16
 655              		.cfi_offset 6, -12
 656              		.cfi_offset 7, -8
 657              		.cfi_offset 14, -4
 591:../../../../..//Drivers/STM32G0xx_HAL_Driver/Src/stm32g0xx_hal_flash.c ****   uint32_t error;
 658              		.loc 1 591 1 view .LVU180
 659 0002 0500     		movs	r5, r0
 605:../../../../..//Drivers/STM32G0xx_HAL_Driver/Src/stm32g0xx_hal_flash.c ****   {
 660              		.loc 1 605 21 view .LVU181
 661 0004 8027     		movs	r7, #128
 596:../../../../..//Drivers/STM32G0xx_HAL_Driver/Src/stm32g0xx_hal_flash.c **** 
 662              		.loc 1 596 22 view .LVU182
 663 0006 FFF7FEFF 		bl	HAL_GetTick
 664              	.LVL33:
 605:../../../../..//Drivers/STM32G0xx_HAL_Driver/Src/stm32g0xx_hal_flash.c ****   {
 665              		.loc 1 605 21 view .LVU183
ARM GAS  /tmp/ccW7HcuX.s 			page 49


 666 000a 7F02     		lsls	r7, r7, #9
 596:../../../../..//Drivers/STM32G0xx_HAL_Driver/Src/stm32g0xx_hal_flash.c **** 
 667              		.loc 1 596 12 discriminator 1 view .LVU184
 668 000c 4619     		adds	r6, r0, r5
 669              	.LVL34:
 602:../../../../..//Drivers/STM32G0xx_HAL_Driver/Src/stm32g0xx_hal_flash.c **** #endif /* FLASH_DBANK_SUPPORT */
 670              		.loc 1 602 3 is_stmt 1 view .LVU185
 605:../../../../..//Drivers/STM32G0xx_HAL_Driver/Src/stm32g0xx_hal_flash.c ****   {
 671              		.loc 1 605 3 view .LVU186
 672              	.L55:
 605:../../../../..//Drivers/STM32G0xx_HAL_Driver/Src/stm32g0xx_hal_flash.c ****   {
 673              		.loc 1 605 30 view .LVU187
 605:../../../../..//Drivers/STM32G0xx_HAL_Driver/Src/stm32g0xx_hal_flash.c ****   {
 674              		.loc 1 605 16 is_stmt 0 view .LVU188
 675 000e 124C     		ldr	r4, .L63
 676 0010 2369     		ldr	r3, [r4, #16]
 605:../../../../..//Drivers/STM32G0xx_HAL_Driver/Src/stm32g0xx_hal_flash.c ****   {
 677              		.loc 1 605 30 view .LVU189
 678 0012 3B42     		tst	r3, r7
 679 0014 0BD1     		bne	.L57
 614:../../../../..//Drivers/STM32G0xx_HAL_Driver/Src/stm32g0xx_hal_flash.c **** 
 680              		.loc 1 614 3 is_stmt 1 view .LVU190
 614:../../../../..//Drivers/STM32G0xx_HAL_Driver/Src/stm32g0xx_hal_flash.c **** 
 681              		.loc 1 614 17 is_stmt 0 view .LVU191
 682 0016 2269     		ldr	r2, [r4, #16]
 614:../../../../..//Drivers/STM32G0xx_HAL_Driver/Src/stm32g0xx_hal_flash.c **** 
 683              		.loc 1 614 9 view .LVU192
 684 0018 104B     		ldr	r3, .L63+4
 685 001a 1100     		movs	r1, r2
 617:../../../../..//Drivers/STM32G0xx_HAL_Driver/Src/stm32g0xx_hal_flash.c **** 
 686              		.loc 1 617 13 view .LVU193
 687 001c 1048     		ldr	r0, .L63+8
 614:../../../../..//Drivers/STM32G0xx_HAL_Driver/Src/stm32g0xx_hal_flash.c **** 
 688              		.loc 1 614 9 view .LVU194
 689 001e 1940     		ands	r1, r3
 690              	.LVL35:
 617:../../../../..//Drivers/STM32G0xx_HAL_Driver/Src/stm32g0xx_hal_flash.c **** 
 691              		.loc 1 617 3 is_stmt 1 view .LVU195
 617:../../../../..//Drivers/STM32G0xx_HAL_Driver/Src/stm32g0xx_hal_flash.c **** 
 692              		.loc 1 617 13 is_stmt 0 view .LVU196
 693 0020 2061     		str	r0, [r4, #16]
 619:../../../../..//Drivers/STM32G0xx_HAL_Driver/Src/stm32g0xx_hal_flash.c ****   {
 694              		.loc 1 619 3 is_stmt 1 view .LVU197
 619:../../../../..//Drivers/STM32G0xx_HAL_Driver/Src/stm32g0xx_hal_flash.c ****   {
 695              		.loc 1 619 6 is_stmt 0 view .LVU198
 696 0022 1A42     		tst	r2, r3
 697 0024 09D0     		beq	.L58
 622:../../../../..//Drivers/STM32G0xx_HAL_Driver/Src/stm32g0xx_hal_flash.c ****     return HAL_ERROR;
 698              		.loc 1 622 5 is_stmt 1 view .LVU199
 622:../../../../..//Drivers/STM32G0xx_HAL_Driver/Src/stm32g0xx_hal_flash.c ****     return HAL_ERROR;
 699              		.loc 1 622 22 is_stmt 0 view .LVU200
 700 0026 0F4B     		ldr	r3, .L63+12
 623:../../../../..//Drivers/STM32G0xx_HAL_Driver/Src/stm32g0xx_hal_flash.c ****   }
 701              		.loc 1 623 12 view .LVU201
 702 0028 0120     		movs	r0, #1
 622:../../../../..//Drivers/STM32G0xx_HAL_Driver/Src/stm32g0xx_hal_flash.c ****     return HAL_ERROR;
 703              		.loc 1 622 22 view .LVU202
ARM GAS  /tmp/ccW7HcuX.s 			page 50


 704 002a 5960     		str	r1, [r3, #4]
 623:../../../../..//Drivers/STM32G0xx_HAL_Driver/Src/stm32g0xx_hal_flash.c ****   }
 705              		.loc 1 623 5 is_stmt 1 view .LVU203
 623:../../../../..//Drivers/STM32G0xx_HAL_Driver/Src/stm32g0xx_hal_flash.c ****   }
 706              		.loc 1 623 12 is_stmt 0 view .LVU204
 707 002c 04E0     		b	.L56
 708              	.LVL36:
 709              	.L57:
 607:../../../../..//Drivers/STM32G0xx_HAL_Driver/Src/stm32g0xx_hal_flash.c ****     {
 710              		.loc 1 607 5 is_stmt 1 view .LVU205
 607:../../../../..//Drivers/STM32G0xx_HAL_Driver/Src/stm32g0xx_hal_flash.c ****     {
 711              		.loc 1 607 9 is_stmt 0 view .LVU206
 712 002e FFF7FEFF 		bl	HAL_GetTick
 713              	.LVL37:
 607:../../../../..//Drivers/STM32G0xx_HAL_Driver/Src/stm32g0xx_hal_flash.c ****     {
 714              		.loc 1 607 8 discriminator 1 view .LVU207
 715 0032 B042     		cmp	r0, r6
 716 0034 EBD3     		bcc	.L55
 717              	.LVL38:
 718              	.L60:
 609:../../../../..//Drivers/STM32G0xx_HAL_Driver/Src/stm32g0xx_hal_flash.c ****     }
 719              		.loc 1 609 14 view .LVU208
 720 0036 0320     		movs	r0, #3
 721              	.L56:
 638:../../../../..//Drivers/STM32G0xx_HAL_Driver/Src/stm32g0xx_hal_flash.c **** 
 722              		.loc 1 638 1 view .LVU209
 723              		@ sp needed
 724 0038 F8BD     		pop	{r3, r4, r5, r6, r7, pc}
 725              	.LVL39:
 726              	.L58:
 627:../../../../..//Drivers/STM32G0xx_HAL_Driver/Src/stm32g0xx_hal_flash.c **** 
 727              		.loc 1 627 3 is_stmt 1 view .LVU210
 627:../../../../..//Drivers/STM32G0xx_HAL_Driver/Src/stm32g0xx_hal_flash.c **** 
 728              		.loc 1 627 13 is_stmt 0 view .LVU211
 729 003a FFF7FEFF 		bl	HAL_GetTick
 730              	.LVL40:
 629:../../../../..//Drivers/STM32G0xx_HAL_Driver/Src/stm32g0xx_hal_flash.c ****   {
 731              		.loc 1 629 21 view .LVU212
 732 003e 8026     		movs	r6, #128
 733              	.LVL41:
 627:../../../../..//Drivers/STM32G0xx_HAL_Driver/Src/stm32g0xx_hal_flash.c **** 
 734              		.loc 1 627 11 discriminator 1 view .LVU213
 735 0040 4519     		adds	r5, r0, r5
 736              	.LVL42:
 629:../../../../..//Drivers/STM32G0xx_HAL_Driver/Src/stm32g0xx_hal_flash.c ****   {
 737              		.loc 1 629 3 is_stmt 1 view .LVU214
 629:../../../../..//Drivers/STM32G0xx_HAL_Driver/Src/stm32g0xx_hal_flash.c ****   {
 738              		.loc 1 629 21 is_stmt 0 view .LVU215
 739 0042 F602     		lsls	r6, r6, #11
 740              	.L59:
 629:../../../../..//Drivers/STM32G0xx_HAL_Driver/Src/stm32g0xx_hal_flash.c ****   {
 741              		.loc 1 629 40 is_stmt 1 view .LVU216
 629:../../../../..//Drivers/STM32G0xx_HAL_Driver/Src/stm32g0xx_hal_flash.c ****   {
 742              		.loc 1 629 16 is_stmt 0 view .LVU217
 743 0044 2369     		ldr	r3, [r4, #16]
 629:../../../../..//Drivers/STM32G0xx_HAL_Driver/Src/stm32g0xx_hal_flash.c ****   {
 744              		.loc 1 629 21 view .LVU218
ARM GAS  /tmp/ccW7HcuX.s 			page 51


 745 0046 1800     		movs	r0, r3
 746 0048 3040     		ands	r0, r6
 629:../../../../..//Drivers/STM32G0xx_HAL_Driver/Src/stm32g0xx_hal_flash.c ****   {
 747              		.loc 1 629 40 view .LVU219
 748 004a 3342     		tst	r3, r6
 749 004c F4D0     		beq	.L56
 631:../../../../..//Drivers/STM32G0xx_HAL_Driver/Src/stm32g0xx_hal_flash.c ****     {
 750              		.loc 1 631 5 is_stmt 1 view .LVU220
 631:../../../../..//Drivers/STM32G0xx_HAL_Driver/Src/stm32g0xx_hal_flash.c ****     {
 751              		.loc 1 631 9 is_stmt 0 view .LVU221
 752 004e FFF7FEFF 		bl	HAL_GetTick
 753              	.LVL43:
 631:../../../../..//Drivers/STM32G0xx_HAL_Driver/Src/stm32g0xx_hal_flash.c ****     {
 754              		.loc 1 631 8 discriminator 1 view .LVU222
 755 0052 A842     		cmp	r0, r5
 756 0054 F6D3     		bcc	.L59
 757 0056 EEE7     		b	.L60
 758              	.L64:
 759              		.align	2
 760              	.L63:
 761 0058 00200240 		.word	1073881088
 762 005c FAC30000 		.word	50170
 763 0060 FBC30000 		.word	50171
 764 0064 00000000 		.word	pFlash
 765              		.cfi_endproc
 766              	.LFE191:
 768              		.section	.text.HAL_FLASH_Program,"ax",%progbits
 769              		.align	1
 770              		.global	HAL_FLASH_Program
 771              		.syntax unified
 772              		.code	16
 773              		.thumb_func
 775              	HAL_FLASH_Program:
 776              	.LVL44:
 777              	.LFB180:
 165:../../../../..//Drivers/STM32G0xx_HAL_Driver/Src/stm32g0xx_hal_flash.c ****   HAL_StatusTypeDef status;
 778              		.loc 1 165 1 is_stmt 1 view -0
 779              		.cfi_startproc
 780              		@ args = 0, pretend = 0, frame = 8
 781              		@ frame_needed = 0, uses_anonymous_args = 0
 165:../../../../..//Drivers/STM32G0xx_HAL_Driver/Src/stm32g0xx_hal_flash.c ****   HAL_StatusTypeDef status;
 782              		.loc 1 165 1 is_stmt 0 view .LVU224
 783 0000 F7B5     		push	{r0, r1, r2, r4, r5, r6, r7, lr}
 784              	.LCFI3:
 785              		.cfi_def_cfa_offset 32
 786              		.cfi_offset 0, -32
 787              		.cfi_offset 1, -28
 788              		.cfi_offset 2, -24
 789              		.cfi_offset 4, -20
 790              		.cfi_offset 5, -16
 791              		.cfi_offset 6, -12
 792              		.cfi_offset 7, -8
 793              		.cfi_offset 14, -4
 172:../../../../..//Drivers/STM32G0xx_HAL_Driver/Src/stm32g0xx_hal_flash.c **** 
 794              		.loc 1 172 3 view .LVU225
 795 0002 174E     		ldr	r6, .L71
 165:../../../../..//Drivers/STM32G0xx_HAL_Driver/Src/stm32g0xx_hal_flash.c ****   HAL_StatusTypeDef status;
ARM GAS  /tmp/ccW7HcuX.s 			page 52


 796              		.loc 1 165 1 view .LVU226
 797 0004 0193     		str	r3, [sp, #4]
 172:../../../../..//Drivers/STM32G0xx_HAL_Driver/Src/stm32g0xx_hal_flash.c **** 
 798              		.loc 1 172 3 view .LVU227
 799 0006 3378     		ldrb	r3, [r6]
 165:../../../../..//Drivers/STM32G0xx_HAL_Driver/Src/stm32g0xx_hal_flash.c ****   HAL_StatusTypeDef status;
 800              		.loc 1 165 1 view .LVU228
 801 0008 0400     		movs	r4, r0
 802 000a 0D00     		movs	r5, r1
 166:../../../../..//Drivers/STM32G0xx_HAL_Driver/Src/stm32g0xx_hal_flash.c **** 
 803              		.loc 1 166 3 is_stmt 1 view .LVU229
 169:../../../../..//Drivers/STM32G0xx_HAL_Driver/Src/stm32g0xx_hal_flash.c **** 
 804              		.loc 1 169 3 view .LVU230
 172:../../../../..//Drivers/STM32G0xx_HAL_Driver/Src/stm32g0xx_hal_flash.c **** 
 805              		.loc 1 172 3 view .LVU231
 172:../../../../..//Drivers/STM32G0xx_HAL_Driver/Src/stm32g0xx_hal_flash.c **** 
 806              		.loc 1 172 3 view .LVU232
 172:../../../../..//Drivers/STM32G0xx_HAL_Driver/Src/stm32g0xx_hal_flash.c **** 
 807              		.loc 1 172 3 is_stmt 0 discriminator 1 view .LVU233
 808 000c 0220     		movs	r0, #2
 809              	.LVL45:
 165:../../../../..//Drivers/STM32G0xx_HAL_Driver/Src/stm32g0xx_hal_flash.c ****   HAL_StatusTypeDef status;
 810              		.loc 1 165 1 view .LVU234
 811 000e 0092     		str	r2, [sp]
 172:../../../../..//Drivers/STM32G0xx_HAL_Driver/Src/stm32g0xx_hal_flash.c **** 
 812              		.loc 1 172 3 view .LVU235
 813 0010 012B     		cmp	r3, #1
 814 0012 1ED0     		beq	.L66
 172:../../../../..//Drivers/STM32G0xx_HAL_Driver/Src/stm32g0xx_hal_flash.c **** 
 815              		.loc 1 172 3 is_stmt 1 discriminator 2 view .LVU236
 816 0014 0123     		movs	r3, #1
 178:../../../../..//Drivers/STM32G0xx_HAL_Driver/Src/stm32g0xx_hal_flash.c **** 
 817              		.loc 1 178 12 is_stmt 0 view .LVU237
 818 0016 FA20     		movs	r0, #250
 172:../../../../..//Drivers/STM32G0xx_HAL_Driver/Src/stm32g0xx_hal_flash.c **** 
 819              		.loc 1 172 3 discriminator 2 view .LVU238
 820 0018 3370     		strb	r3, [r6]
 172:../../../../..//Drivers/STM32G0xx_HAL_Driver/Src/stm32g0xx_hal_flash.c **** 
 821              		.loc 1 172 3 is_stmt 1 discriminator 2 view .LVU239
 175:../../../../..//Drivers/STM32G0xx_HAL_Driver/Src/stm32g0xx_hal_flash.c **** 
 822              		.loc 1 175 3 view .LVU240
 175:../../../../..//Drivers/STM32G0xx_HAL_Driver/Src/stm32g0xx_hal_flash.c **** 
 823              		.loc 1 175 20 is_stmt 0 view .LVU241
 824 001a 0023     		movs	r3, #0
 178:../../../../..//Drivers/STM32G0xx_HAL_Driver/Src/stm32g0xx_hal_flash.c **** 
 825              		.loc 1 178 12 view .LVU242
 826 001c 8000     		lsls	r0, r0, #2
 175:../../../../..//Drivers/STM32G0xx_HAL_Driver/Src/stm32g0xx_hal_flash.c **** 
 827              		.loc 1 175 20 view .LVU243
 828 001e 7360     		str	r3, [r6, #4]
 178:../../../../..//Drivers/STM32G0xx_HAL_Driver/Src/stm32g0xx_hal_flash.c **** 
 829              		.loc 1 178 3 is_stmt 1 view .LVU244
 178:../../../../..//Drivers/STM32G0xx_HAL_Driver/Src/stm32g0xx_hal_flash.c **** 
 830              		.loc 1 178 12 is_stmt 0 view .LVU245
 831 0020 FFF7FEFF 		bl	FLASH_WaitForLastOperation
 832              	.LVL46:
 180:../../../../..//Drivers/STM32G0xx_HAL_Driver/Src/stm32g0xx_hal_flash.c ****   {
ARM GAS  /tmp/ccW7HcuX.s 			page 53


 833              		.loc 1 180 3 is_stmt 1 view .LVU246
 180:../../../../..//Drivers/STM32G0xx_HAL_Driver/Src/stm32g0xx_hal_flash.c ****   {
 834              		.loc 1 180 6 is_stmt 0 view .LVU247
 835 0024 0028     		cmp	r0, #0
 836 0026 12D1     		bne	.L67
 182:../../../../..//Drivers/STM32G0xx_HAL_Driver/Src/stm32g0xx_hal_flash.c ****     {
 837              		.loc 1 182 5 is_stmt 1 view .LVU248
 838 0028 0E4F     		ldr	r7, .L71+4
 182:../../../../..//Drivers/STM32G0xx_HAL_Driver/Src/stm32g0xx_hal_flash.c ****     {
 839              		.loc 1 182 8 is_stmt 0 view .LVU249
 840 002a 012C     		cmp	r4, #1
 841 002c 12D1     		bne	.L68
 185:../../../../..//Drivers/STM32G0xx_HAL_Driver/Src/stm32g0xx_hal_flash.c **** 
 842              		.loc 1 185 7 is_stmt 1 view .LVU250
 188:../../../../..//Drivers/STM32G0xx_HAL_Driver/Src/stm32g0xx_hal_flash.c ****     }
 843              		.loc 1 188 7 view .LVU251
 844              	.LVL47:
 845              	.LBB20:
 846              	.LBI20:
 646:../../../../..//Drivers/STM32G0xx_HAL_Driver/Src/stm32g0xx_hal_flash.c **** {
 847              		.loc 1 646 13 view .LVU252
 848              	.LBB21:
 649:../../../../..//Drivers/STM32G0xx_HAL_Driver/Src/stm32g0xx_hal_flash.c **** 
 849              		.loc 1 649 3 view .LVU253
 850 002e 7B69     		ldr	r3, [r7, #20]
 851 0030 2343     		orrs	r3, r4
 852 0032 7B61     		str	r3, [r7, #20]
 652:../../../../..//Drivers/STM32G0xx_HAL_Driver/Src/stm32g0xx_hal_flash.c **** 
 853              		.loc 1 652 3 view .LVU254
 652:../../../../..//Drivers/STM32G0xx_HAL_Driver/Src/stm32g0xx_hal_flash.c **** 
 854              		.loc 1 652 24 is_stmt 0 view .LVU255
 855 0034 009B     		ldr	r3, [sp]
 856 0036 2B60     		str	r3, [r5]
 656:../../../../..//Drivers/STM32G0xx_HAL_Driver/Src/stm32g0xx_hal_flash.c **** 
 857              		.loc 1 656 3 is_stmt 1 view .LVU256
 858              	.LBB22:
 859              	.LBI22:
 258:../../../../..//Drivers/CMSIS/Include/cmsis_gcc.h **** {
 860              		.loc 2 258 27 view .LVU257
 861              	.LBB23:
 260:../../../../..//Drivers/CMSIS/Include/cmsis_gcc.h **** }
 862              		.loc 2 260 3 view .LVU258
 863              		.syntax divided
 864              	@ 260 "../../../../..//Drivers/CMSIS/Include/cmsis_gcc.h" 1
 865 0038 BFF36F8F 		isb 0xF
 866              	@ 0 "" 2
 867              		.thumb
 868              		.syntax unified
 869              	.LBE23:
 870              	.LBE22:
 659:../../../../..//Drivers/STM32G0xx_HAL_Driver/Src/stm32g0xx_hal_flash.c **** }
 871              		.loc 1 659 3 view .LVU259
 659:../../../../..//Drivers/STM32G0xx_HAL_Driver/Src/stm32g0xx_hal_flash.c **** }
 872              		.loc 1 659 33 is_stmt 0 view .LVU260
 873 003c 019B     		ldr	r3, [sp, #4]
 874 003e 6B60     		str	r3, [r5, #4]
 875              	.LVL48:
ARM GAS  /tmp/ccW7HcuX.s 			page 54


 876              	.L69:
 659:../../../../..//Drivers/STM32G0xx_HAL_Driver/Src/stm32g0xx_hal_flash.c **** }
 877              		.loc 1 659 33 view .LVU261
 878              	.LBE21:
 879              	.LBE20:
 200:../../../../..//Drivers/STM32G0xx_HAL_Driver/Src/stm32g0xx_hal_flash.c **** 
 880              		.loc 1 200 5 is_stmt 1 view .LVU262
 200:../../../../..//Drivers/STM32G0xx_HAL_Driver/Src/stm32g0xx_hal_flash.c **** 
 881              		.loc 1 200 14 is_stmt 0 view .LVU263
 882 0040 FA20     		movs	r0, #250
 883 0042 8000     		lsls	r0, r0, #2
 884 0044 FFF7FEFF 		bl	FLASH_WaitForLastOperation
 885              	.LVL49:
 203:../../../../..//Drivers/STM32G0xx_HAL_Driver/Src/stm32g0xx_hal_flash.c ****   }
 886              		.loc 1 203 5 is_stmt 1 view .LVU264
 887 0048 7B69     		ldr	r3, [r7, #20]
 888 004a A343     		bics	r3, r4
 889 004c 7B61     		str	r3, [r7, #20]
 890              	.LVL50:
 891              	.L67:
 207:../../../../..//Drivers/STM32G0xx_HAL_Driver/Src/stm32g0xx_hal_flash.c **** 
 892              		.loc 1 207 3 view .LVU265
 207:../../../../..//Drivers/STM32G0xx_HAL_Driver/Src/stm32g0xx_hal_flash.c **** 
 893              		.loc 1 207 3 view .LVU266
 894 004e 0023     		movs	r3, #0
 895 0050 3370     		strb	r3, [r6]
 207:../../../../..//Drivers/STM32G0xx_HAL_Driver/Src/stm32g0xx_hal_flash.c **** 
 896              		.loc 1 207 3 view .LVU267
 210:../../../../..//Drivers/STM32G0xx_HAL_Driver/Src/stm32g0xx_hal_flash.c **** }
 897              		.loc 1 210 3 view .LVU268
 898              	.LVL51:
 899              	.L66:
 211:../../../../..//Drivers/STM32G0xx_HAL_Driver/Src/stm32g0xx_hal_flash.c **** 
 900              		.loc 1 211 1 is_stmt 0 view .LVU269
 901              		@ sp needed
 902              	.LVL52:
 903              	.LVL53:
 211:../../../../..//Drivers/STM32G0xx_HAL_Driver/Src/stm32g0xx_hal_flash.c **** 
 904              		.loc 1 211 1 view .LVU270
 905 0052 FEBD     		pop	{r1, r2, r3, r4, r5, r6, r7, pc}
 906              	.LVL54:
 907              	.L68:
 193:../../../../..//Drivers/STM32G0xx_HAL_Driver/Src/stm32g0xx_hal_flash.c **** 
 908              		.loc 1 193 7 is_stmt 1 view .LVU271
 196:../../../../..//Drivers/STM32G0xx_HAL_Driver/Src/stm32g0xx_hal_flash.c ****     }
 909              		.loc 1 196 7 view .LVU272
 910 0054 2800     		movs	r0, r5
 911              	.LVL55:
 196:../../../../..//Drivers/STM32G0xx_HAL_Driver/Src/stm32g0xx_hal_flash.c ****     }
 912              		.loc 1 196 7 is_stmt 0 view .LVU273
 913 0056 0099     		ldr	r1, [sp]
 914 0058 FFF7FEFF 		bl	FLASH_Program_Fast
 915              	.LVL56:
 916 005c F0E7     		b	.L69
 917              	.L72:
 918 005e C046     		.align	2
 919              	.L71:
ARM GAS  /tmp/ccW7HcuX.s 			page 55


 920 0060 00000000 		.word	pFlash
 921 0064 00200240 		.word	1073881088
 922              		.cfi_endproc
 923              	.LFE180:
 925              		.section	.text.HAL_FLASH_Program_IT,"ax",%progbits
 926              		.align	1
 927              		.global	HAL_FLASH_Program_IT
 928              		.syntax unified
 929              		.code	16
 930              		.thumb_func
 932              	HAL_FLASH_Program_IT:
 933              	.LVL57:
 934              	.LFB181:
 227:../../../../..//Drivers/STM32G0xx_HAL_Driver/Src/stm32g0xx_hal_flash.c ****   HAL_StatusTypeDef status;
 935              		.loc 1 227 1 is_stmt 1 view -0
 936              		.cfi_startproc
 937              		@ args = 0, pretend = 0, frame = 8
 938              		@ frame_needed = 0, uses_anonymous_args = 0
 227:../../../../..//Drivers/STM32G0xx_HAL_Driver/Src/stm32g0xx_hal_flash.c ****   HAL_StatusTypeDef status;
 939              		.loc 1 227 1 is_stmt 0 view .LVU275
 940 0000 F7B5     		push	{r0, r1, r2, r4, r5, r6, r7, lr}
 941              	.LCFI4:
 942              		.cfi_def_cfa_offset 32
 943              		.cfi_offset 0, -32
 944              		.cfi_offset 1, -28
 945              		.cfi_offset 2, -24
 946              		.cfi_offset 4, -20
 947              		.cfi_offset 5, -16
 948              		.cfi_offset 6, -12
 949              		.cfi_offset 7, -8
 950              		.cfi_offset 14, -4
 234:../../../../..//Drivers/STM32G0xx_HAL_Driver/Src/stm32g0xx_hal_flash.c **** 
 951              		.loc 1 234 3 view .LVU276
 952 0002 184E     		ldr	r6, .L79
 227:../../../../..//Drivers/STM32G0xx_HAL_Driver/Src/stm32g0xx_hal_flash.c ****   HAL_StatusTypeDef status;
 953              		.loc 1 227 1 view .LVU277
 954 0004 0193     		str	r3, [sp, #4]
 234:../../../../..//Drivers/STM32G0xx_HAL_Driver/Src/stm32g0xx_hal_flash.c **** 
 955              		.loc 1 234 3 view .LVU278
 956 0006 3378     		ldrb	r3, [r6]
 227:../../../../..//Drivers/STM32G0xx_HAL_Driver/Src/stm32g0xx_hal_flash.c ****   HAL_StatusTypeDef status;
 957              		.loc 1 227 1 view .LVU279
 958 0008 0400     		movs	r4, r0
 959 000a 0D00     		movs	r5, r1
 228:../../../../..//Drivers/STM32G0xx_HAL_Driver/Src/stm32g0xx_hal_flash.c **** 
 960              		.loc 1 228 3 is_stmt 1 view .LVU280
 231:../../../../..//Drivers/STM32G0xx_HAL_Driver/Src/stm32g0xx_hal_flash.c **** 
 961              		.loc 1 231 3 view .LVU281
 234:../../../../..//Drivers/STM32G0xx_HAL_Driver/Src/stm32g0xx_hal_flash.c **** 
 962              		.loc 1 234 3 view .LVU282
 234:../../../../..//Drivers/STM32G0xx_HAL_Driver/Src/stm32g0xx_hal_flash.c **** 
 963              		.loc 1 234 3 view .LVU283
 234:../../../../..//Drivers/STM32G0xx_HAL_Driver/Src/stm32g0xx_hal_flash.c **** 
 964              		.loc 1 234 3 is_stmt 0 discriminator 1 view .LVU284
 965 000c 0227     		movs	r7, #2
 227:../../../../..//Drivers/STM32G0xx_HAL_Driver/Src/stm32g0xx_hal_flash.c ****   HAL_StatusTypeDef status;
 966              		.loc 1 227 1 view .LVU285
ARM GAS  /tmp/ccW7HcuX.s 			page 56


 967 000e 0092     		str	r2, [sp]
 234:../../../../..//Drivers/STM32G0xx_HAL_Driver/Src/stm32g0xx_hal_flash.c **** 
 968              		.loc 1 234 3 view .LVU286
 969 0010 012B     		cmp	r3, #1
 970 0012 0BD0     		beq	.L74
 234:../../../../..//Drivers/STM32G0xx_HAL_Driver/Src/stm32g0xx_hal_flash.c **** 
 971              		.loc 1 234 3 is_stmt 1 discriminator 2 view .LVU287
 972 0014 0123     		movs	r3, #1
 240:../../../../..//Drivers/STM32G0xx_HAL_Driver/Src/stm32g0xx_hal_flash.c **** 
 973              		.loc 1 240 12 is_stmt 0 view .LVU288
 974 0016 FA20     		movs	r0, #250
 975              	.LVL58:
 234:../../../../..//Drivers/STM32G0xx_HAL_Driver/Src/stm32g0xx_hal_flash.c **** 
 976              		.loc 1 234 3 discriminator 2 view .LVU289
 977 0018 3370     		strb	r3, [r6]
 234:../../../../..//Drivers/STM32G0xx_HAL_Driver/Src/stm32g0xx_hal_flash.c **** 
 978              		.loc 1 234 3 is_stmt 1 discriminator 2 view .LVU290
 237:../../../../..//Drivers/STM32G0xx_HAL_Driver/Src/stm32g0xx_hal_flash.c **** 
 979              		.loc 1 237 3 view .LVU291
 237:../../../../..//Drivers/STM32G0xx_HAL_Driver/Src/stm32g0xx_hal_flash.c **** 
 980              		.loc 1 237 20 is_stmt 0 view .LVU292
 981 001a 0023     		movs	r3, #0
 240:../../../../..//Drivers/STM32G0xx_HAL_Driver/Src/stm32g0xx_hal_flash.c **** 
 982              		.loc 1 240 12 view .LVU293
 983 001c 8000     		lsls	r0, r0, #2
 237:../../../../..//Drivers/STM32G0xx_HAL_Driver/Src/stm32g0xx_hal_flash.c **** 
 984              		.loc 1 237 20 view .LVU294
 985 001e 7360     		str	r3, [r6, #4]
 240:../../../../..//Drivers/STM32G0xx_HAL_Driver/Src/stm32g0xx_hal_flash.c **** 
 986              		.loc 1 240 3 is_stmt 1 view .LVU295
 240:../../../../..//Drivers/STM32G0xx_HAL_Driver/Src/stm32g0xx_hal_flash.c **** 
 987              		.loc 1 240 12 is_stmt 0 view .LVU296
 988 0020 FFF7FEFF 		bl	FLASH_WaitForLastOperation
 989              	.LVL59:
 240:../../../../..//Drivers/STM32G0xx_HAL_Driver/Src/stm32g0xx_hal_flash.c **** 
 990              		.loc 1 240 12 view .LVU297
 991 0024 071E     		subs	r7, r0, #0
 992              	.LVL60:
 242:../../../../..//Drivers/STM32G0xx_HAL_Driver/Src/stm32g0xx_hal_flash.c ****   {
 993              		.loc 1 242 3 is_stmt 1 view .LVU298
 242:../../../../..//Drivers/STM32G0xx_HAL_Driver/Src/stm32g0xx_hal_flash.c ****   {
 994              		.loc 1 242 6 is_stmt 0 view .LVU299
 995 0026 03D0     		beq	.L75
 245:../../../../..//Drivers/STM32G0xx_HAL_Driver/Src/stm32g0xx_hal_flash.c ****   }
 996              		.loc 1 245 5 is_stmt 1 view .LVU300
 245:../../../../..//Drivers/STM32G0xx_HAL_Driver/Src/stm32g0xx_hal_flash.c ****   }
 997              		.loc 1 245 5 view .LVU301
 998 0028 0023     		movs	r3, #0
 999 002a 3370     		strb	r3, [r6]
 245:../../../../..//Drivers/STM32G0xx_HAL_Driver/Src/stm32g0xx_hal_flash.c ****   }
 1000              		.loc 1 245 5 view .LVU302
 1001              	.LVL61:
 1002              	.L74:
 276:../../../../..//Drivers/STM32G0xx_HAL_Driver/Src/stm32g0xx_hal_flash.c **** 
 1003              		.loc 1 276 1 is_stmt 0 view .LVU303
 1004 002c 3800     		movs	r0, r7
 1005              		@ sp needed
ARM GAS  /tmp/ccW7HcuX.s 			page 57


 1006              	.LVL62:
 276:../../../../..//Drivers/STM32G0xx_HAL_Driver/Src/stm32g0xx_hal_flash.c **** 
 1007              		.loc 1 276 1 view .LVU304
 1008 002e FEBD     		pop	{r1, r2, r3, r4, r5, r6, r7, pc}
 1009              	.LVL63:
 1010              	.L75:
 250:../../../../..//Drivers/STM32G0xx_HAL_Driver/Src/stm32g0xx_hal_flash.c ****     pFlash.Address = Address;
 1011              		.loc 1 250 5 is_stmt 1 view .LVU305
 254:../../../../..//Drivers/STM32G0xx_HAL_Driver/Src/stm32g0xx_hal_flash.c **** 
 1012              		.loc 1 254 15 is_stmt 0 view .LVU306
 1013 0030 C022     		movs	r2, #192
 254:../../../../..//Drivers/STM32G0xx_HAL_Driver/Src/stm32g0xx_hal_flash.c **** 
 1014              		.loc 1 254 10 view .LVU307
 1015 0032 0D4B     		ldr	r3, .L79+4
 250:../../../../..//Drivers/STM32G0xx_HAL_Driver/Src/stm32g0xx_hal_flash.c ****     pFlash.Address = Address;
 1016              		.loc 1 250 29 view .LVU308
 1017 0034 B460     		str	r4, [r6, #8]
 251:../../../../..//Drivers/STM32G0xx_HAL_Driver/Src/stm32g0xx_hal_flash.c **** 
 1018              		.loc 1 251 5 is_stmt 1 view .LVU309
 251:../../../../..//Drivers/STM32G0xx_HAL_Driver/Src/stm32g0xx_hal_flash.c **** 
 1019              		.loc 1 251 20 is_stmt 0 view .LVU310
 1020 0036 F560     		str	r5, [r6, #12]
 254:../../../../..//Drivers/STM32G0xx_HAL_Driver/Src/stm32g0xx_hal_flash.c **** 
 1021              		.loc 1 254 5 is_stmt 1 view .LVU311
 254:../../../../..//Drivers/STM32G0xx_HAL_Driver/Src/stm32g0xx_hal_flash.c **** 
 1022              		.loc 1 254 10 is_stmt 0 view .LVU312
 1023 0038 5969     		ldr	r1, [r3, #20]
 254:../../../../..//Drivers/STM32G0xx_HAL_Driver/Src/stm32g0xx_hal_flash.c **** 
 1024              		.loc 1 254 15 view .LVU313
 1025 003a 9204     		lsls	r2, r2, #18
 1026 003c 0A43     		orrs	r2, r1
 1027 003e 5A61     		str	r2, [r3, #20]
 256:../../../../..//Drivers/STM32G0xx_HAL_Driver/Src/stm32g0xx_hal_flash.c ****     {
 1028              		.loc 1 256 5 is_stmt 1 view .LVU314
 256:../../../../..//Drivers/STM32G0xx_HAL_Driver/Src/stm32g0xx_hal_flash.c ****     {
 1029              		.loc 1 256 8 is_stmt 0 view .LVU315
 1030 0040 012C     		cmp	r4, #1
 1031 0042 09D1     		bne	.L76
 259:../../../../..//Drivers/STM32G0xx_HAL_Driver/Src/stm32g0xx_hal_flash.c **** 
 1032              		.loc 1 259 7 is_stmt 1 view .LVU316
 262:../../../../..//Drivers/STM32G0xx_HAL_Driver/Src/stm32g0xx_hal_flash.c ****     }
 1033              		.loc 1 262 7 view .LVU317
 1034              	.LVL64:
 1035              	.LBB28:
 1036              	.LBI28:
 646:../../../../..//Drivers/STM32G0xx_HAL_Driver/Src/stm32g0xx_hal_flash.c **** {
 1037              		.loc 1 646 13 view .LVU318
 1038              	.LBB29:
 649:../../../../..//Drivers/STM32G0xx_HAL_Driver/Src/stm32g0xx_hal_flash.c **** 
 1039              		.loc 1 649 3 view .LVU319
 1040 0044 5A69     		ldr	r2, [r3, #20]
 1041 0046 1443     		orrs	r4, r2
 1042              	.LVL65:
 649:../../../../..//Drivers/STM32G0xx_HAL_Driver/Src/stm32g0xx_hal_flash.c **** 
 1043              		.loc 1 649 3 is_stmt 0 view .LVU320
 1044 0048 5C61     		str	r4, [r3, #20]
 652:../../../../..//Drivers/STM32G0xx_HAL_Driver/Src/stm32g0xx_hal_flash.c **** 
ARM GAS  /tmp/ccW7HcuX.s 			page 58


 1045              		.loc 1 652 3 is_stmt 1 view .LVU321
 652:../../../../..//Drivers/STM32G0xx_HAL_Driver/Src/stm32g0xx_hal_flash.c **** 
 1046              		.loc 1 652 24 is_stmt 0 view .LVU322
 1047 004a 009B     		ldr	r3, [sp]
 1048 004c 2B60     		str	r3, [r5]
 1049              	.LVL66:
 656:../../../../..//Drivers/STM32G0xx_HAL_Driver/Src/stm32g0xx_hal_flash.c **** 
 1050              		.loc 1 656 3 is_stmt 1 view .LVU323
 1051              	.LBB30:
 1052              	.LBI30:
 258:../../../../..//Drivers/CMSIS/Include/cmsis_gcc.h **** {
 1053              		.loc 2 258 27 view .LVU324
 1054              	.LBB31:
 260:../../../../..//Drivers/CMSIS/Include/cmsis_gcc.h **** }
 1055              		.loc 2 260 3 view .LVU325
 1056              		.syntax divided
 1057              	@ 260 "../../../../..//Drivers/CMSIS/Include/cmsis_gcc.h" 1
 1058 004e BFF36F8F 		isb 0xF
 1059              	@ 0 "" 2
 1060              		.thumb
 1061              		.syntax unified
 1062              	.LBE31:
 1063              	.LBE30:
 659:../../../../..//Drivers/STM32G0xx_HAL_Driver/Src/stm32g0xx_hal_flash.c **** }
 1064              		.loc 1 659 3 view .LVU326
 659:../../../../..//Drivers/STM32G0xx_HAL_Driver/Src/stm32g0xx_hal_flash.c **** }
 1065              		.loc 1 659 33 is_stmt 0 view .LVU327
 1066 0052 019B     		ldr	r3, [sp, #4]
 1067 0054 6B60     		str	r3, [r5, #4]
 1068              	.LVL67:
 660:../../../../..//Drivers/STM32G0xx_HAL_Driver/Src/stm32g0xx_hal_flash.c **** 
 1069              		.loc 1 660 1 view .LVU328
 1070 0056 E9E7     		b	.L74
 1071              	.LVL68:
 1072              	.L76:
 660:../../../../..//Drivers/STM32G0xx_HAL_Driver/Src/stm32g0xx_hal_flash.c **** 
 1073              		.loc 1 660 1 view .LVU329
 1074              	.LBE29:
 1075              	.LBE28:
 267:../../../../..//Drivers/STM32G0xx_HAL_Driver/Src/stm32g0xx_hal_flash.c **** 
 1076              		.loc 1 267 7 is_stmt 1 view .LVU330
 270:../../../../..//Drivers/STM32G0xx_HAL_Driver/Src/stm32g0xx_hal_flash.c ****     }
 1077              		.loc 1 270 7 view .LVU331
 1078 0058 2800     		movs	r0, r5
 1079              	.LVL69:
 270:../../../../..//Drivers/STM32G0xx_HAL_Driver/Src/stm32g0xx_hal_flash.c ****     }
 1080              		.loc 1 270 7 is_stmt 0 view .LVU332
 1081 005a 0099     		ldr	r1, [sp]
 1082 005c FFF7FEFF 		bl	FLASH_Program_Fast
 1083              	.LVL70:
 1084 0060 E4E7     		b	.L74
 1085              	.L80:
 1086 0062 C046     		.align	2
 1087              	.L79:
 1088 0064 00000000 		.word	pFlash
 1089 0068 00200240 		.word	1073881088
 1090              		.cfi_endproc
ARM GAS  /tmp/ccW7HcuX.s 			page 59


 1091              	.LFE181:
 1093              		.global	pFlash
 1094              		.section	.bss.pFlash,"aw",%nobits
 1095              		.align	2
 1098              	pFlash:
 1099 0000 00000000 		.space	28
 1099      00000000 
 1099      00000000 
 1099      00000000 
 1099      00000000 
 1100              		.text
 1101              	.Letext0:
 1102              		.file 3 "/usr/lib/gcc/arm-none-eabi/13.2.1/include/stdint.h"
 1103              		.file 4 "../../../../..//Drivers/CMSIS/Device/ST/STM32G0xx/Include/stm32g071xx.h"
 1104              		.file 5 "../../../../..//Drivers/STM32G0xx_HAL_Driver/Inc/stm32g0xx_hal_def.h"
 1105              		.file 6 "../../../../..//Drivers/STM32G0xx_HAL_Driver/Inc/stm32g0xx_hal_flash.h"
 1106              		.file 7 "../../../../..//Drivers/STM32G0xx_HAL_Driver/Inc/stm32g0xx_hal_flash_ex.h"
 1107              		.file 8 "../../../../..//Drivers/STM32G0xx_HAL_Driver/Inc/stm32g0xx_hal.h"
ARM GAS  /tmp/ccW7HcuX.s 			page 60


DEFINED SYMBOLS
                            *ABS*:00000000 stm32g0xx_hal_flash.c
     /tmp/ccW7HcuX.s:19     .RamFunc:00000000 $t
     /tmp/ccW7HcuX.s:24     .RamFunc:00000000 FLASH_Program_Fast
     /tmp/ccW7HcuX.s:143    .RamFunc:00000034 $d
     /tmp/ccW7HcuX.s:148    .text.HAL_FLASH_EndOfOperationCallback:00000000 $t
     /tmp/ccW7HcuX.s:154    .text.HAL_FLASH_EndOfOperationCallback:00000000 HAL_FLASH_EndOfOperationCallback
     /tmp/ccW7HcuX.s:170    .text.HAL_FLASH_OperationErrorCallback:00000000 $t
     /tmp/ccW7HcuX.s:176    .text.HAL_FLASH_OperationErrorCallback:00000000 HAL_FLASH_OperationErrorCallback
     /tmp/ccW7HcuX.s:189    .text.HAL_FLASH_IRQHandler:00000000 $t
     /tmp/ccW7HcuX.s:195    .text.HAL_FLASH_IRQHandler:00000000 HAL_FLASH_IRQHandler
     /tmp/ccW7HcuX.s:360    .text.HAL_FLASH_IRQHandler:00000084 $d
     /tmp/ccW7HcuX.s:1098   .bss.pFlash:00000000 pFlash
     /tmp/ccW7HcuX.s:369    .text.HAL_FLASH_Unlock:00000000 $t
     /tmp/ccW7HcuX.s:375    .text.HAL_FLASH_Unlock:00000000 HAL_FLASH_Unlock
     /tmp/ccW7HcuX.s:413    .text.HAL_FLASH_Unlock:00000018 $d
     /tmp/ccW7HcuX.s:420    .text.HAL_FLASH_Lock:00000000 $t
     /tmp/ccW7HcuX.s:426    .text.HAL_FLASH_Lock:00000000 HAL_FLASH_Lock
     /tmp/ccW7HcuX.s:461    .text.HAL_FLASH_Lock:00000014 $d
     /tmp/ccW7HcuX.s:466    .text.HAL_FLASH_OB_Unlock:00000000 $t
     /tmp/ccW7HcuX.s:472    .text.HAL_FLASH_OB_Unlock:00000000 HAL_FLASH_OB_Unlock
     /tmp/ccW7HcuX.s:512    .text.HAL_FLASH_OB_Unlock:0000001c $d
     /tmp/ccW7HcuX.s:519    .text.HAL_FLASH_OB_Lock:00000000 $t
     /tmp/ccW7HcuX.s:525    .text.HAL_FLASH_OB_Lock:00000000 HAL_FLASH_OB_Lock
     /tmp/ccW7HcuX.s:561    .text.HAL_FLASH_OB_Lock:00000018 $d
     /tmp/ccW7HcuX.s:566    .text.HAL_FLASH_OB_Launch:00000000 $t
     /tmp/ccW7HcuX.s:572    .text.HAL_FLASH_OB_Launch:00000000 HAL_FLASH_OB_Launch
     /tmp/ccW7HcuX.s:598    .text.HAL_FLASH_OB_Launch:00000010 $d
     /tmp/ccW7HcuX.s:603    .text.HAL_FLASH_GetError:00000000 $t
     /tmp/ccW7HcuX.s:609    .text.HAL_FLASH_GetError:00000000 HAL_FLASH_GetError
     /tmp/ccW7HcuX.s:628    .text.HAL_FLASH_GetError:00000008 $d
     /tmp/ccW7HcuX.s:633    .text.FLASH_WaitForLastOperation:00000000 $t
     /tmp/ccW7HcuX.s:639    .text.FLASH_WaitForLastOperation:00000000 FLASH_WaitForLastOperation
     /tmp/ccW7HcuX.s:761    .text.FLASH_WaitForLastOperation:00000058 $d
     /tmp/ccW7HcuX.s:769    .text.HAL_FLASH_Program:00000000 $t
     /tmp/ccW7HcuX.s:775    .text.HAL_FLASH_Program:00000000 HAL_FLASH_Program
     /tmp/ccW7HcuX.s:920    .text.HAL_FLASH_Program:00000060 $d
     /tmp/ccW7HcuX.s:926    .text.HAL_FLASH_Program_IT:00000000 $t
     /tmp/ccW7HcuX.s:932    .text.HAL_FLASH_Program_IT:00000000 HAL_FLASH_Program_IT
     /tmp/ccW7HcuX.s:1088   .text.HAL_FLASH_Program_IT:00000064 $d
     /tmp/ccW7HcuX.s:1095   .bss.pFlash:00000000 $d
                           .group:00000000 wm4.0.e310b2036dcc8a4d3b16f3fea9ebd0de
                           .group:00000000 wm4.stm32g0xx_hal_conf.h.21.2418b000d87b23231c37db35ad77d0ea
                           .group:00000000 wm4.stm32g0xx.h.37.aadb526b10f0f4555648bb8fa7c96b30
                           .group:00000000 wm4.stm32g071xx.h.36.9469a89bf1e6c2a2fe25d20581d0f58b
                           .group:00000000 wm4.stdint.h.29.6d480f4ba0f60596e88234283d42444f
                           .group:00000000 wm4.cmsis_version.h.32.0ac195c83bb4537824e6ad1c47474b79
                           .group:00000000 wm4.core_cm0plus.h.66.bb83319bcb10b4c5f12c477f85f2aa51
                           .group:00000000 wm4.cmsis_gcc.h.26.63926f8d3817e3a42e7f7ef2cd15156e
                           .group:00000000 wm4.core_cm0plus.h.127.cfee784d07c850b645554dc8add78e69
                           .group:00000000 wm4.mpu_armv7.h.32.83326921a797fa9d6f70449916b4b839
                           .group:00000000 wm4.stm32g071xx.h.155.9be12c2e48b47e8d66c20ceac374f1ee
                           .group:00000000 wm4.stm32g0xx.h.154.7f8452780a6fe1b4b4d5bfbf416cea0c
                           .group:00000000 wm4.stm32_hal_legacy.h.22.2f8f7f94da7216ffa6187bf113829094
                           .group:00000000 wm4.stddef.h.39.0dc9006b34572d4d9cae4c8b422c4971
                           .group:00000000 wm4.stm32g0xx_hal_def.h.57.7810ceeb3f277465a11a202f246b14c8
                           .group:00000000 wm4.stm32g0xx_ll_rcc.h.20.b48ad5e6c80881ce9d548f86592ad1d8
ARM GAS  /tmp/ccW7HcuX.s 			page 61


                           .group:00000000 wm4.stm32g0xx_hal_rcc.h.43.40a2deb1468b47dcb7de4a6adda92374
                           .group:00000000 wm4.stm32g0xx_hal_rcc_ex.h.20.c2035e135ea57d6c1c2839329f24a562
                           .group:00000000 wm4.stm32g0xx_hal_gpio.h.21.abd5f8c60de2afe2676b3cc6a4b2c068
                           .group:00000000 wm4.stm32g0xx_hal_gpio_ex.h.21.c1a1c19cef6d6a2cf049535a12fe7f6a
                           .group:00000000 wm4.stm32g0xx_hal_crc.h.21.8c2791752a3f5c79fed6a23e2361d260
                           .group:00000000 wm4.stm32g0xx_hal_crc_ex.h.21.13b666a67e761630a3250514972d9a47
                           .group:00000000 wm4.stm32g0xx_hal_flash.h.20.e512dd9a8958277cc7dd512f2312ae8a
                           .group:00000000 wm4.stm32g0xx_hal_flash_ex.h.20.2a1daa1e7e7bd4a16651545fee4a1fbb
                           .group:00000000 wm4.stm32g0xx_hal_flash.h.874.3e4bc5d8948716c644009bcc9a4f3f60
                           .group:00000000 wm4.stm32g0xx_hal_pwr.h.21.7d5b107b2d1b54bfd27bcb92ed3281e0
                           .group:00000000 wm4.stm32g0xx_hal_pwr_ex.h.21.01c718c420189d18e9ec3e46e6e9261f
                           .group:00000000 wm4.stm32g0xx_hal.h.66.28db47a9e4ed9349693c6c0c6101689d

UNDEFINED SYMBOLS
FLASH_PageErase
HAL_GetTick
