ARM GAS  /tmp/ccMVeFq7.s 			page 1


   1              		.cpu cortex-m0plus
   2              		.arch armv6s-m
   3              		.fpu softvfp
   4              		.eabi_attribute 20, 1
   5              		.eabi_attribute 21, 1
   6              		.eabi_attribute 23, 3
   7              		.eabi_attribute 24, 1
   8              		.eabi_attribute 25, 1
   9              		.eabi_attribute 26, 1
  10              		.eabi_attribute 30, 4
  11              		.eabi_attribute 34, 0
  12              		.eabi_attribute 18, 4
  13              		.file	"stm32g0xx_hal_rcc_ex.c"
  14              		.text
  15              	.Ltext0:
  16              		.cfi_sections	.debug_frame
  17              		.file 1 "../../../../..//Drivers/STM32G0xx_HAL_Driver/Src/stm32g0xx_hal_rcc_ex.c"
  18              		.section	.text.HAL_RCCEx_PeriphCLKConfig,"ax",%progbits
  19              		.align	1
  20              		.global	HAL_RCCEx_PeriphCLKConfig
  21              		.syntax unified
  22              		.code	16
  23              		.thumb_func
  25              	HAL_RCCEx_PeriphCLKConfig:
  26              	.LVL0:
  27              	.LFB180:
   1:../../../../..//Drivers/STM32G0xx_HAL_Driver/Src/stm32g0xx_hal_rcc_ex.c **** /**
   2:../../../../..//Drivers/STM32G0xx_HAL_Driver/Src/stm32g0xx_hal_rcc_ex.c ****   ******************************************************************************
   3:../../../../..//Drivers/STM32G0xx_HAL_Driver/Src/stm32g0xx_hal_rcc_ex.c ****   * @file    stm32g0xx_hal_rcc_ex.c
   4:../../../../..//Drivers/STM32G0xx_HAL_Driver/Src/stm32g0xx_hal_rcc_ex.c ****   * @author  MCD Application Team
   5:../../../../..//Drivers/STM32G0xx_HAL_Driver/Src/stm32g0xx_hal_rcc_ex.c ****   * @brief   Extended RCC HAL module driver.
   6:../../../../..//Drivers/STM32G0xx_HAL_Driver/Src/stm32g0xx_hal_rcc_ex.c ****   *          This file provides firmware functions to manage the following
   7:../../../../..//Drivers/STM32G0xx_HAL_Driver/Src/stm32g0xx_hal_rcc_ex.c ****   *          functionalities RCC extended peripheral:
   8:../../../../..//Drivers/STM32G0xx_HAL_Driver/Src/stm32g0xx_hal_rcc_ex.c ****   *           + Extended Peripheral Control functions
   9:../../../../..//Drivers/STM32G0xx_HAL_Driver/Src/stm32g0xx_hal_rcc_ex.c ****   *           + Extended Clock management functions
  10:../../../../..//Drivers/STM32G0xx_HAL_Driver/Src/stm32g0xx_hal_rcc_ex.c ****   *           + Extended Clock Recovery System Control functions
  11:../../../../..//Drivers/STM32G0xx_HAL_Driver/Src/stm32g0xx_hal_rcc_ex.c ****   *
  12:../../../../..//Drivers/STM32G0xx_HAL_Driver/Src/stm32g0xx_hal_rcc_ex.c ****   ******************************************************************************
  13:../../../../..//Drivers/STM32G0xx_HAL_Driver/Src/stm32g0xx_hal_rcc_ex.c ****   * @attention
  14:../../../../..//Drivers/STM32G0xx_HAL_Driver/Src/stm32g0xx_hal_rcc_ex.c ****   *
  15:../../../../..//Drivers/STM32G0xx_HAL_Driver/Src/stm32g0xx_hal_rcc_ex.c ****   * Copyright (c) 2018 STMicroelectronics.
  16:../../../../..//Drivers/STM32G0xx_HAL_Driver/Src/stm32g0xx_hal_rcc_ex.c ****   * All rights reserved.
  17:../../../../..//Drivers/STM32G0xx_HAL_Driver/Src/stm32g0xx_hal_rcc_ex.c ****   *
  18:../../../../..//Drivers/STM32G0xx_HAL_Driver/Src/stm32g0xx_hal_rcc_ex.c ****   * This software is licensed under terms that can be found in the LICENSE file in
  19:../../../../..//Drivers/STM32G0xx_HAL_Driver/Src/stm32g0xx_hal_rcc_ex.c ****   * the root directory of this software component.
  20:../../../../..//Drivers/STM32G0xx_HAL_Driver/Src/stm32g0xx_hal_rcc_ex.c ****   * If no LICENSE file comes with this software, it is provided AS-IS.
  21:../../../../..//Drivers/STM32G0xx_HAL_Driver/Src/stm32g0xx_hal_rcc_ex.c ****   ******************************************************************************
  22:../../../../..//Drivers/STM32G0xx_HAL_Driver/Src/stm32g0xx_hal_rcc_ex.c ****   */
  23:../../../../..//Drivers/STM32G0xx_HAL_Driver/Src/stm32g0xx_hal_rcc_ex.c **** 
  24:../../../../..//Drivers/STM32G0xx_HAL_Driver/Src/stm32g0xx_hal_rcc_ex.c **** /* Includes ------------------------------------------------------------------*/
  25:../../../../..//Drivers/STM32G0xx_HAL_Driver/Src/stm32g0xx_hal_rcc_ex.c **** #include "stm32g0xx_hal.h"
  26:../../../../..//Drivers/STM32G0xx_HAL_Driver/Src/stm32g0xx_hal_rcc_ex.c **** 
  27:../../../../..//Drivers/STM32G0xx_HAL_Driver/Src/stm32g0xx_hal_rcc_ex.c **** /** @addtogroup STM32G0xx_HAL_Driver
  28:../../../../..//Drivers/STM32G0xx_HAL_Driver/Src/stm32g0xx_hal_rcc_ex.c ****   * @{
  29:../../../../..//Drivers/STM32G0xx_HAL_Driver/Src/stm32g0xx_hal_rcc_ex.c ****   */
  30:../../../../..//Drivers/STM32G0xx_HAL_Driver/Src/stm32g0xx_hal_rcc_ex.c **** 
  31:../../../../..//Drivers/STM32G0xx_HAL_Driver/Src/stm32g0xx_hal_rcc_ex.c **** /** @defgroup RCCEx RCCEx
ARM GAS  /tmp/ccMVeFq7.s 			page 2


  32:../../../../..//Drivers/STM32G0xx_HAL_Driver/Src/stm32g0xx_hal_rcc_ex.c ****   * @brief RCC Extended HAL module driver
  33:../../../../..//Drivers/STM32G0xx_HAL_Driver/Src/stm32g0xx_hal_rcc_ex.c ****   * @{
  34:../../../../..//Drivers/STM32G0xx_HAL_Driver/Src/stm32g0xx_hal_rcc_ex.c ****   */
  35:../../../../..//Drivers/STM32G0xx_HAL_Driver/Src/stm32g0xx_hal_rcc_ex.c **** 
  36:../../../../..//Drivers/STM32G0xx_HAL_Driver/Src/stm32g0xx_hal_rcc_ex.c **** #ifdef HAL_RCC_MODULE_ENABLED
  37:../../../../..//Drivers/STM32G0xx_HAL_Driver/Src/stm32g0xx_hal_rcc_ex.c **** 
  38:../../../../..//Drivers/STM32G0xx_HAL_Driver/Src/stm32g0xx_hal_rcc_ex.c **** /* Private typedef -----------------------------------------------------------*/
  39:../../../../..//Drivers/STM32G0xx_HAL_Driver/Src/stm32g0xx_hal_rcc_ex.c **** /* Private defines -----------------------------------------------------------*/
  40:../../../../..//Drivers/STM32G0xx_HAL_Driver/Src/stm32g0xx_hal_rcc_ex.c **** /** @defgroup RCCEx_Private_Constants RCCEx Private Constants
  41:../../../../..//Drivers/STM32G0xx_HAL_Driver/Src/stm32g0xx_hal_rcc_ex.c ****   * @{
  42:../../../../..//Drivers/STM32G0xx_HAL_Driver/Src/stm32g0xx_hal_rcc_ex.c ****   */
  43:../../../../..//Drivers/STM32G0xx_HAL_Driver/Src/stm32g0xx_hal_rcc_ex.c **** #define PLL_TIMEOUT_VALUE        100U /* 100 ms (minimum Tick + 1)  */
  44:../../../../..//Drivers/STM32G0xx_HAL_Driver/Src/stm32g0xx_hal_rcc_ex.c **** 
  45:../../../../..//Drivers/STM32G0xx_HAL_Driver/Src/stm32g0xx_hal_rcc_ex.c **** #define LSCO_CLK_ENABLE()     __HAL_RCC_GPIOA_CLK_ENABLE()
  46:../../../../..//Drivers/STM32G0xx_HAL_Driver/Src/stm32g0xx_hal_rcc_ex.c **** #define LSCO_GPIO_PORT        GPIOA
  47:../../../../..//Drivers/STM32G0xx_HAL_Driver/Src/stm32g0xx_hal_rcc_ex.c **** #define LSCO_PIN              GPIO_PIN_2
  48:../../../../..//Drivers/STM32G0xx_HAL_Driver/Src/stm32g0xx_hal_rcc_ex.c **** /**
  49:../../../../..//Drivers/STM32G0xx_HAL_Driver/Src/stm32g0xx_hal_rcc_ex.c ****   * @}
  50:../../../../..//Drivers/STM32G0xx_HAL_Driver/Src/stm32g0xx_hal_rcc_ex.c ****   */
  51:../../../../..//Drivers/STM32G0xx_HAL_Driver/Src/stm32g0xx_hal_rcc_ex.c **** 
  52:../../../../..//Drivers/STM32G0xx_HAL_Driver/Src/stm32g0xx_hal_rcc_ex.c **** /* Private macros ------------------------------------------------------------*/
  53:../../../../..//Drivers/STM32G0xx_HAL_Driver/Src/stm32g0xx_hal_rcc_ex.c **** /* Private variables ---------------------------------------------------------*/
  54:../../../../..//Drivers/STM32G0xx_HAL_Driver/Src/stm32g0xx_hal_rcc_ex.c **** /* Private function prototypes -----------------------------------------------*/
  55:../../../../..//Drivers/STM32G0xx_HAL_Driver/Src/stm32g0xx_hal_rcc_ex.c **** /* Exported functions --------------------------------------------------------*/
  56:../../../../..//Drivers/STM32G0xx_HAL_Driver/Src/stm32g0xx_hal_rcc_ex.c **** 
  57:../../../../..//Drivers/STM32G0xx_HAL_Driver/Src/stm32g0xx_hal_rcc_ex.c **** /** @defgroup RCCEx_Exported_Functions RCCEx Exported Functions
  58:../../../../..//Drivers/STM32G0xx_HAL_Driver/Src/stm32g0xx_hal_rcc_ex.c ****   * @{
  59:../../../../..//Drivers/STM32G0xx_HAL_Driver/Src/stm32g0xx_hal_rcc_ex.c ****   */
  60:../../../../..//Drivers/STM32G0xx_HAL_Driver/Src/stm32g0xx_hal_rcc_ex.c **** 
  61:../../../../..//Drivers/STM32G0xx_HAL_Driver/Src/stm32g0xx_hal_rcc_ex.c **** /** @defgroup RCCEx_Exported_Functions_Group1 Extended Peripheral Control functions
  62:../../../../..//Drivers/STM32G0xx_HAL_Driver/Src/stm32g0xx_hal_rcc_ex.c ****   * @brief  Extended Peripheral Control functions
  63:../../../../..//Drivers/STM32G0xx_HAL_Driver/Src/stm32g0xx_hal_rcc_ex.c ****   *
  64:../../../../..//Drivers/STM32G0xx_HAL_Driver/Src/stm32g0xx_hal_rcc_ex.c **** @verbatim
  65:../../../../..//Drivers/STM32G0xx_HAL_Driver/Src/stm32g0xx_hal_rcc_ex.c ****  ===============================================================================
  66:../../../../..//Drivers/STM32G0xx_HAL_Driver/Src/stm32g0xx_hal_rcc_ex.c ****                 ##### Extended Peripheral Control functions  #####
  67:../../../../..//Drivers/STM32G0xx_HAL_Driver/Src/stm32g0xx_hal_rcc_ex.c ****  ===============================================================================
  68:../../../../..//Drivers/STM32G0xx_HAL_Driver/Src/stm32g0xx_hal_rcc_ex.c ****     [..]
  69:../../../../..//Drivers/STM32G0xx_HAL_Driver/Src/stm32g0xx_hal_rcc_ex.c ****     This subsection provides a set of functions allowing to control the RCC Clocks
  70:../../../../..//Drivers/STM32G0xx_HAL_Driver/Src/stm32g0xx_hal_rcc_ex.c ****     frequencies.
  71:../../../../..//Drivers/STM32G0xx_HAL_Driver/Src/stm32g0xx_hal_rcc_ex.c ****     [..]
  72:../../../../..//Drivers/STM32G0xx_HAL_Driver/Src/stm32g0xx_hal_rcc_ex.c ****     (@) Important note: Care must be taken when HAL_RCCEx_PeriphCLKConfig() is used to
  73:../../../../..//Drivers/STM32G0xx_HAL_Driver/Src/stm32g0xx_hal_rcc_ex.c ****         select the RTC clock source; in this case the Backup domain will be reset in
  74:../../../../..//Drivers/STM32G0xx_HAL_Driver/Src/stm32g0xx_hal_rcc_ex.c ****         order to modify the RTC Clock source, as consequence RTC registers (including
  75:../../../../..//Drivers/STM32G0xx_HAL_Driver/Src/stm32g0xx_hal_rcc_ex.c ****         the backup registers) and RCC_BDCR register are set to their reset values.
  76:../../../../..//Drivers/STM32G0xx_HAL_Driver/Src/stm32g0xx_hal_rcc_ex.c **** 
  77:../../../../..//Drivers/STM32G0xx_HAL_Driver/Src/stm32g0xx_hal_rcc_ex.c **** @endverbatim
  78:../../../../..//Drivers/STM32G0xx_HAL_Driver/Src/stm32g0xx_hal_rcc_ex.c ****   * @{
  79:../../../../..//Drivers/STM32G0xx_HAL_Driver/Src/stm32g0xx_hal_rcc_ex.c ****   */
  80:../../../../..//Drivers/STM32G0xx_HAL_Driver/Src/stm32g0xx_hal_rcc_ex.c **** /**
  81:../../../../..//Drivers/STM32G0xx_HAL_Driver/Src/stm32g0xx_hal_rcc_ex.c ****   * @brief  Initialize the RCC extended peripherals clocks according to the specified
  82:../../../../..//Drivers/STM32G0xx_HAL_Driver/Src/stm32g0xx_hal_rcc_ex.c ****   *         parameters in the @ref RCC_PeriphCLKInitTypeDef.
  83:../../../../..//Drivers/STM32G0xx_HAL_Driver/Src/stm32g0xx_hal_rcc_ex.c ****   * @param  PeriphClkInit  pointer to a @ref RCC_PeriphCLKInitTypeDef structure that
  84:../../../../..//Drivers/STM32G0xx_HAL_Driver/Src/stm32g0xx_hal_rcc_ex.c ****   *         contains a field PeriphClockSelection which can be a combination of the following value
  85:../../../../..//Drivers/STM32G0xx_HAL_Driver/Src/stm32g0xx_hal_rcc_ex.c ****   *            @arg @ref RCC_PERIPHCLK_RTC     RTC peripheral clock
  86:../../../../..//Drivers/STM32G0xx_HAL_Driver/Src/stm32g0xx_hal_rcc_ex.c ****   *            @arg @ref RCC_PERIPHCLK_ADC     ADC peripheral clock
  87:../../../../..//Drivers/STM32G0xx_HAL_Driver/Src/stm32g0xx_hal_rcc_ex.c ****   *            @arg @ref RCC_PERIPHCLK_I2C1    I2C1 peripheral clock
  88:../../../../..//Drivers/STM32G0xx_HAL_Driver/Src/stm32g0xx_hal_rcc_ex.c ****   *            @arg @ref RCC_PERIPHCLK_I2C2    I2C2 peripheral clock (2)
ARM GAS  /tmp/ccMVeFq7.s 			page 3


  89:../../../../..//Drivers/STM32G0xx_HAL_Driver/Src/stm32g0xx_hal_rcc_ex.c ****   *            @arg @ref RCC_PERIPHCLK_I2S1    I2S1 peripheral clock
  90:../../../../..//Drivers/STM32G0xx_HAL_Driver/Src/stm32g0xx_hal_rcc_ex.c ****   *            @arg @ref RCC_PERIPHCLK_I2S2    I2S2 peripheral clock (1)
  91:../../../../..//Drivers/STM32G0xx_HAL_Driver/Src/stm32g0xx_hal_rcc_ex.c ****   *            @arg @ref RCC_PERIPHCLK_USART1  USART1 peripheral clock
  92:../../../../..//Drivers/STM32G0xx_HAL_Driver/Src/stm32g0xx_hal_rcc_ex.c ****   *            @arg @ref RCC_PERIPHCLK_CEC     CEC peripheral clock     (1)
  93:../../../../..//Drivers/STM32G0xx_HAL_Driver/Src/stm32g0xx_hal_rcc_ex.c ****   *            @arg @ref RCC_PERIPHCLK_LPTIM1  LPTIM1 peripheral clock  (1)
  94:../../../../..//Drivers/STM32G0xx_HAL_Driver/Src/stm32g0xx_hal_rcc_ex.c ****   *            @arg @ref RCC_PERIPHCLK_LPTIM2  LPTIM2 peripheral clock  (1)
  95:../../../../..//Drivers/STM32G0xx_HAL_Driver/Src/stm32g0xx_hal_rcc_ex.c ****   *            @arg @ref RCC_PERIPHCLK_LPUART1 LPUART1 peripheral clock (1)
  96:../../../../..//Drivers/STM32G0xx_HAL_Driver/Src/stm32g0xx_hal_rcc_ex.c ****   *            @arg @ref RCC_PERIPHCLK_LPUART2 LPUART2 peripheral clock (1)
  97:../../../../..//Drivers/STM32G0xx_HAL_Driver/Src/stm32g0xx_hal_rcc_ex.c ****   *            @arg @ref RCC_PERIPHCLK_RNG     RNG peripheral clock     (1)
  98:../../../../..//Drivers/STM32G0xx_HAL_Driver/Src/stm32g0xx_hal_rcc_ex.c ****   *            @arg @ref RCC_PERIPHCLK_TIM1    TIM1 peripheral clock    (1)(2)
  99:../../../../..//Drivers/STM32G0xx_HAL_Driver/Src/stm32g0xx_hal_rcc_ex.c ****   *            @arg @ref RCC_PERIPHCLK_TIM15   TIM15 peripheral clock   (1)(2)
 100:../../../../..//Drivers/STM32G0xx_HAL_Driver/Src/stm32g0xx_hal_rcc_ex.c ****   *            @arg @ref RCC_PERIPHCLK_USART2  USART2 peripheral clock     (2)
 101:../../../../..//Drivers/STM32G0xx_HAL_Driver/Src/stm32g0xx_hal_rcc_ex.c ****   *            @arg @ref RCC_PERIPHCLK_USART3  USART3 peripheral clock     (2)
 102:../../../../..//Drivers/STM32G0xx_HAL_Driver/Src/stm32g0xx_hal_rcc_ex.c ****   *            @arg @ref RCC_PERIPHCLK_FDCAN   FDCAN peripheral clock   (1)
 103:../../../../..//Drivers/STM32G0xx_HAL_Driver/Src/stm32g0xx_hal_rcc_ex.c ****   *            @arg @ref RCC_PERIPHCLK_USB     USB peripheral clock     (1)
 104:../../../../..//Drivers/STM32G0xx_HAL_Driver/Src/stm32g0xx_hal_rcc_ex.c ****   *
 105:../../../../..//Drivers/STM32G0xx_HAL_Driver/Src/stm32g0xx_hal_rcc_ex.c ****   * @note   (1) Peripherals are not available on all devices
 106:../../../../..//Drivers/STM32G0xx_HAL_Driver/Src/stm32g0xx_hal_rcc_ex.c ****   * @note   (2) Peripherals clock selection is not available on all devices
 107:../../../../..//Drivers/STM32G0xx_HAL_Driver/Src/stm32g0xx_hal_rcc_ex.c ****   * @note   Care must be taken when @ref HAL_RCCEx_PeriphCLKConfig() is used to select
 108:../../../../..//Drivers/STM32G0xx_HAL_Driver/Src/stm32g0xx_hal_rcc_ex.c ****   *         the RTC clock source: in this case the access to Backup domain is enabled.
 109:../../../../..//Drivers/STM32G0xx_HAL_Driver/Src/stm32g0xx_hal_rcc_ex.c ****   *
 110:../../../../..//Drivers/STM32G0xx_HAL_Driver/Src/stm32g0xx_hal_rcc_ex.c ****   * @retval HAL status
 111:../../../../..//Drivers/STM32G0xx_HAL_Driver/Src/stm32g0xx_hal_rcc_ex.c ****   */
 112:../../../../..//Drivers/STM32G0xx_HAL_Driver/Src/stm32g0xx_hal_rcc_ex.c **** HAL_StatusTypeDef HAL_RCCEx_PeriphCLKConfig(RCC_PeriphCLKInitTypeDef  *PeriphClkInit)
 113:../../../../..//Drivers/STM32G0xx_HAL_Driver/Src/stm32g0xx_hal_rcc_ex.c **** {
  28              		.loc 1 113 1 view -0
  29              		.cfi_startproc
  30              		@ args = 0, pretend = 0, frame = 16
  31              		@ frame_needed = 0, uses_anonymous_args = 0
 114:../../../../..//Drivers/STM32G0xx_HAL_Driver/Src/stm32g0xx_hal_rcc_ex.c ****   uint32_t tmpregister;
  32              		.loc 1 114 3 view .LVU1
 115:../../../../..//Drivers/STM32G0xx_HAL_Driver/Src/stm32g0xx_hal_rcc_ex.c ****   uint32_t tickstart;
  33              		.loc 1 115 3 view .LVU2
 116:../../../../..//Drivers/STM32G0xx_HAL_Driver/Src/stm32g0xx_hal_rcc_ex.c ****   HAL_StatusTypeDef ret    = HAL_OK;   /* Intermediate status */
  34              		.loc 1 116 3 view .LVU3
 117:../../../../..//Drivers/STM32G0xx_HAL_Driver/Src/stm32g0xx_hal_rcc_ex.c ****   HAL_StatusTypeDef status = HAL_OK;   /* Final status */
  35              		.loc 1 117 3 view .LVU4
 118:../../../../..//Drivers/STM32G0xx_HAL_Driver/Src/stm32g0xx_hal_rcc_ex.c **** 
 119:../../../../..//Drivers/STM32G0xx_HAL_Driver/Src/stm32g0xx_hal_rcc_ex.c ****   /* Check the parameters */
 120:../../../../..//Drivers/STM32G0xx_HAL_Driver/Src/stm32g0xx_hal_rcc_ex.c ****   assert_param(IS_RCC_PERIPHCLOCK(PeriphClkInit->PeriphClockSelection));
  36              		.loc 1 120 3 view .LVU5
 121:../../../../..//Drivers/STM32G0xx_HAL_Driver/Src/stm32g0xx_hal_rcc_ex.c **** 
 122:../../../../..//Drivers/STM32G0xx_HAL_Driver/Src/stm32g0xx_hal_rcc_ex.c ****   /*-------------------------- RTC clock source configuration ----------------------*/
 123:../../../../..//Drivers/STM32G0xx_HAL_Driver/Src/stm32g0xx_hal_rcc_ex.c ****   if ((PeriphClkInit->PeriphClockSelection & RCC_PERIPHCLK_RTC) == RCC_PERIPHCLK_RTC)
  37              		.loc 1 123 3 view .LVU6
 113:../../../../..//Drivers/STM32G0xx_HAL_Driver/Src/stm32g0xx_hal_rcc_ex.c ****   uint32_t tmpregister;
  38              		.loc 1 113 1 is_stmt 0 view .LVU7
  39 0000 F0B5     		push	{r4, r5, r6, r7, lr}
  40              	.LCFI0:
  41              		.cfi_def_cfa_offset 20
  42              		.cfi_offset 4, -20
  43              		.cfi_offset 5, -16
  44              		.cfi_offset 6, -12
  45              		.cfi_offset 7, -8
  46              		.cfi_offset 14, -4
  47              		.loc 1 123 44 view .LVU8
  48 0002 0368     		ldr	r3, [r0]
ARM GAS  /tmp/ccMVeFq7.s 			page 4


 113:../../../../..//Drivers/STM32G0xx_HAL_Driver/Src/stm32g0xx_hal_rcc_ex.c ****   uint32_t tmpregister;
  49              		.loc 1 113 1 view .LVU9
  50 0004 0400     		movs	r4, r0
  51 0006 85B0     		sub	sp, sp, #20
  52              	.LCFI1:
  53              		.cfi_def_cfa_offset 40
 117:../../../../..//Drivers/STM32G0xx_HAL_Driver/Src/stm32g0xx_hal_rcc_ex.c **** 
  54              		.loc 1 117 21 view .LVU10
  55 0008 0020     		movs	r0, #0
  56              	.LVL1:
  57              		.loc 1 123 6 view .LVU11
  58 000a 9B03     		lsls	r3, r3, #14
  59 000c 52D5     		bpl	.L2
  60              	.LBB2:
 124:../../../../..//Drivers/STM32G0xx_HAL_Driver/Src/stm32g0xx_hal_rcc_ex.c ****   {
 125:../../../../..//Drivers/STM32G0xx_HAL_Driver/Src/stm32g0xx_hal_rcc_ex.c ****     FlagStatus       pwrclkchanged = RESET;
  61              		.loc 1 125 5 is_stmt 1 view .LVU12
  62              	.LVL2:
 126:../../../../..//Drivers/STM32G0xx_HAL_Driver/Src/stm32g0xx_hal_rcc_ex.c **** 
 127:../../../../..//Drivers/STM32G0xx_HAL_Driver/Src/stm32g0xx_hal_rcc_ex.c ****     /* Check for RTC Parameters used to output RTCCLK */
 128:../../../../..//Drivers/STM32G0xx_HAL_Driver/Src/stm32g0xx_hal_rcc_ex.c ****     assert_param(IS_RCC_RTCCLKSOURCE(PeriphClkInit->RTCClockSelection));
  63              		.loc 1 128 5 view .LVU13
 129:../../../../..//Drivers/STM32G0xx_HAL_Driver/Src/stm32g0xx_hal_rcc_ex.c **** 
 130:../../../../..//Drivers/STM32G0xx_HAL_Driver/Src/stm32g0xx_hal_rcc_ex.c ****     /* Enable Power Clock */
 131:../../../../..//Drivers/STM32G0xx_HAL_Driver/Src/stm32g0xx_hal_rcc_ex.c ****     if (__HAL_RCC_PWR_IS_CLK_DISABLED())
  64              		.loc 1 131 5 view .LVU14
  65              		.loc 1 131 9 is_stmt 0 view .LVU15
  66 000e 8022     		movs	r2, #128
  67 0010 704D     		ldr	r5, .L75
  68 0012 5205     		lsls	r2, r2, #21
  69 0014 EB6B     		ldr	r3, [r5, #60]
 125:../../../../..//Drivers/STM32G0xx_HAL_Driver/Src/stm32g0xx_hal_rcc_ex.c **** 
  70              		.loc 1 125 22 view .LVU16
  71 0016 0090     		str	r0, [sp]
  72              		.loc 1 131 8 view .LVU17
  73 0018 1342     		tst	r3, r2
  74 001a 08D1     		bne	.L3
 132:../../../../..//Drivers/STM32G0xx_HAL_Driver/Src/stm32g0xx_hal_rcc_ex.c ****     {
 133:../../../../..//Drivers/STM32G0xx_HAL_Driver/Src/stm32g0xx_hal_rcc_ex.c ****       __HAL_RCC_PWR_CLK_ENABLE();
  75              		.loc 1 133 7 is_stmt 1 view .LVU18
  76              	.LBB3:
  77              		.loc 1 133 7 view .LVU19
  78              		.loc 1 133 7 view .LVU20
  79 001c EB6B     		ldr	r3, [r5, #60]
  80 001e 1343     		orrs	r3, r2
  81 0020 EB63     		str	r3, [r5, #60]
  82              		.loc 1 133 7 view .LVU21
  83 0022 EB6B     		ldr	r3, [r5, #60]
  84 0024 1340     		ands	r3, r2
  85 0026 0393     		str	r3, [sp, #12]
  86              		.loc 1 133 7 view .LVU22
  87 0028 039B     		ldr	r3, [sp, #12]
  88              	.LBE3:
  89              		.loc 1 133 7 view .LVU23
 134:../../../../..//Drivers/STM32G0xx_HAL_Driver/Src/stm32g0xx_hal_rcc_ex.c ****       pwrclkchanged = SET;
  90              		.loc 1 134 7 view .LVU24
  91              	.LVL3:
ARM GAS  /tmp/ccMVeFq7.s 			page 5


  92              		.loc 1 134 21 is_stmt 0 view .LVU25
  93 002a 0123     		movs	r3, #1
  94 002c 0093     		str	r3, [sp]
  95              	.LVL4:
  96              	.L3:
 135:../../../../..//Drivers/STM32G0xx_HAL_Driver/Src/stm32g0xx_hal_rcc_ex.c ****     }
 136:../../../../..//Drivers/STM32G0xx_HAL_Driver/Src/stm32g0xx_hal_rcc_ex.c **** 
 137:../../../../..//Drivers/STM32G0xx_HAL_Driver/Src/stm32g0xx_hal_rcc_ex.c ****     /* Enable write access to Backup domain */
 138:../../../../..//Drivers/STM32G0xx_HAL_Driver/Src/stm32g0xx_hal_rcc_ex.c ****     SET_BIT(PWR->CR1, PWR_CR1_DBP);
  97              		.loc 1 138 5 is_stmt 1 view .LVU26
  98 002e 8027     		movs	r7, #128
  99 0030 694E     		ldr	r6, .L75+4
 100 0032 7F00     		lsls	r7, r7, #1
 101 0034 3368     		ldr	r3, [r6]
 102 0036 3B43     		orrs	r3, r7
 103 0038 3360     		str	r3, [r6]
 139:../../../../..//Drivers/STM32G0xx_HAL_Driver/Src/stm32g0xx_hal_rcc_ex.c **** 
 140:../../../../..//Drivers/STM32G0xx_HAL_Driver/Src/stm32g0xx_hal_rcc_ex.c ****     /* Wait for Backup domain Write protection disable */
 141:../../../../..//Drivers/STM32G0xx_HAL_Driver/Src/stm32g0xx_hal_rcc_ex.c ****     tickstart = HAL_GetTick();
 104              		.loc 1 141 5 view .LVU27
 105              		.loc 1 141 17 is_stmt 0 view .LVU28
 106 003a FFF7FEFF 		bl	HAL_GetTick
 107              	.LVL5:
 108 003e 0190     		str	r0, [sp, #4]
 109              	.LVL6:
 142:../../../../..//Drivers/STM32G0xx_HAL_Driver/Src/stm32g0xx_hal_rcc_ex.c **** 
 143:../../../../..//Drivers/STM32G0xx_HAL_Driver/Src/stm32g0xx_hal_rcc_ex.c ****     while ((PWR->CR1 & PWR_CR1_DBP) == 0U)
 110              		.loc 1 143 5 is_stmt 1 view .LVU29
 111              	.L4:
 112              		.loc 1 143 37 view .LVU30
 113              		.loc 1 143 16 is_stmt 0 view .LVU31
 114 0040 3368     		ldr	r3, [r6]
 115              		.loc 1 143 37 view .LVU32
 116 0042 3B42     		tst	r3, r7
 117 0044 28D0     		beq	.L6
 144:../../../../..//Drivers/STM32G0xx_HAL_Driver/Src/stm32g0xx_hal_rcc_ex.c ****     {
 145:../../../../..//Drivers/STM32G0xx_HAL_Driver/Src/stm32g0xx_hal_rcc_ex.c ****       if ((HAL_GetTick() - tickstart) > RCC_DBP_TIMEOUT_VALUE)
 146:../../../../..//Drivers/STM32G0xx_HAL_Driver/Src/stm32g0xx_hal_rcc_ex.c ****       {
 147:../../../../..//Drivers/STM32G0xx_HAL_Driver/Src/stm32g0xx_hal_rcc_ex.c ****         ret = HAL_TIMEOUT;
 148:../../../../..//Drivers/STM32G0xx_HAL_Driver/Src/stm32g0xx_hal_rcc_ex.c ****         break;
 149:../../../../..//Drivers/STM32G0xx_HAL_Driver/Src/stm32g0xx_hal_rcc_ex.c ****       }
 150:../../../../..//Drivers/STM32G0xx_HAL_Driver/Src/stm32g0xx_hal_rcc_ex.c ****     }
 151:../../../../..//Drivers/STM32G0xx_HAL_Driver/Src/stm32g0xx_hal_rcc_ex.c **** 
 152:../../../../..//Drivers/STM32G0xx_HAL_Driver/Src/stm32g0xx_hal_rcc_ex.c ****     if (ret == HAL_OK)
 118              		.loc 1 152 5 is_stmt 1 view .LVU33
 153:../../../../..//Drivers/STM32G0xx_HAL_Driver/Src/stm32g0xx_hal_rcc_ex.c ****     {
 154:../../../../..//Drivers/STM32G0xx_HAL_Driver/Src/stm32g0xx_hal_rcc_ex.c ****       /* Reset the Backup domain only if the RTC Clock source selection is modified from default */
 155:../../../../..//Drivers/STM32G0xx_HAL_Driver/Src/stm32g0xx_hal_rcc_ex.c ****       tmpregister = READ_BIT(RCC->BDCR, RCC_BDCR_RTCSEL);
 119              		.loc 1 155 7 view .LVU34
 120              		.loc 1 155 21 is_stmt 0 view .LVU35
 121 0046 EA6D     		ldr	r2, [r5, #92]
 122              		.loc 1 155 19 view .LVU36
 123 0048 C023     		movs	r3, #192
 124 004a 1000     		movs	r0, r2
 125 004c 9B00     		lsls	r3, r3, #2
 156:../../../../..//Drivers/STM32G0xx_HAL_Driver/Src/stm32g0xx_hal_rcc_ex.c **** 
 157:../../../../..//Drivers/STM32G0xx_HAL_Driver/Src/stm32g0xx_hal_rcc_ex.c ****       /* Reset the Backup domain only if the RTC Clock source selection is modified */
ARM GAS  /tmp/ccMVeFq7.s 			page 6


 158:../../../../..//Drivers/STM32G0xx_HAL_Driver/Src/stm32g0xx_hal_rcc_ex.c ****       if ((tmpregister != RCC_RTCCLKSOURCE_NONE) && (tmpregister != PeriphClkInit->RTCClockSelectio
 126              		.loc 1 158 82 discriminator 1 view .LVU37
 127 004e 216B     		ldr	r1, [r4, #48]
 128 0050 624E     		ldr	r6, .L75+8
 155:../../../../..//Drivers/STM32G0xx_HAL_Driver/Src/stm32g0xx_hal_rcc_ex.c **** 
 129              		.loc 1 155 19 view .LVU38
 130 0052 1840     		ands	r0, r3
 131              	.LVL7:
 132              		.loc 1 158 7 is_stmt 1 view .LVU39
 133              		.loc 1 158 10 is_stmt 0 view .LVU40
 134 0054 1A42     		tst	r2, r3
 135 0056 18D0     		beq	.L9
 136              		.loc 1 158 50 discriminator 1 view .LVU41
 137 0058 8842     		cmp	r0, r1
 138 005a 16D0     		beq	.L9
 159:../../../../..//Drivers/STM32G0xx_HAL_Driver/Src/stm32g0xx_hal_rcc_ex.c ****       {
 160:../../../../..//Drivers/STM32G0xx_HAL_Driver/Src/stm32g0xx_hal_rcc_ex.c ****         /* Store the content of BDCR register before the reset of Backup Domain */
 161:../../../../..//Drivers/STM32G0xx_HAL_Driver/Src/stm32g0xx_hal_rcc_ex.c ****         tmpregister = READ_BIT(RCC->BDCR, ~(RCC_BDCR_RTCSEL));
 139              		.loc 1 161 9 is_stmt 1 view .LVU42
 162:../../../../..//Drivers/STM32G0xx_HAL_Driver/Src/stm32g0xx_hal_rcc_ex.c ****         /* RTC Clock selection can be changed only if the Backup Domain is reset */
 163:../../../../..//Drivers/STM32G0xx_HAL_Driver/Src/stm32g0xx_hal_rcc_ex.c ****         __HAL_RCC_BACKUPRESET_FORCE();
 140              		.loc 1 163 9 is_stmt 0 view .LVU43
 141 005c 8022     		movs	r2, #128
 161:../../../../..//Drivers/STM32G0xx_HAL_Driver/Src/stm32g0xx_hal_rcc_ex.c ****         /* RTC Clock selection can be changed only if the Backup Domain is reset */
 142              		.loc 1 161 23 view .LVU44
 143 005e EB6D     		ldr	r3, [r5, #92]
 144              		.loc 1 163 9 view .LVU45
 145 0060 E86D     		ldr	r0, [r5, #92]
 146              	.LVL8:
 161:../../../../..//Drivers/STM32G0xx_HAL_Driver/Src/stm32g0xx_hal_rcc_ex.c ****         /* RTC Clock selection can be changed only if the Backup Domain is reset */
 147              		.loc 1 161 21 view .LVU46
 148 0062 1900     		movs	r1, r3
 149              		.loc 1 163 9 view .LVU47
 150 0064 5202     		lsls	r2, r2, #9
 151 0066 0243     		orrs	r2, r0
 152 0068 EA65     		str	r2, [r5, #92]
 164:../../../../..//Drivers/STM32G0xx_HAL_Driver/Src/stm32g0xx_hal_rcc_ex.c ****         __HAL_RCC_BACKUPRESET_RELEASE();
 153              		.loc 1 164 9 view .LVU48
 154 006a EA6D     		ldr	r2, [r5, #92]
 155 006c 5C48     		ldr	r0, .L75+12
 161:../../../../..//Drivers/STM32G0xx_HAL_Driver/Src/stm32g0xx_hal_rcc_ex.c ****         /* RTC Clock selection can be changed only if the Backup Domain is reset */
 156              		.loc 1 161 21 view .LVU49
 157 006e 3140     		ands	r1, r6
 158              	.LVL9:
 163:../../../../..//Drivers/STM32G0xx_HAL_Driver/Src/stm32g0xx_hal_rcc_ex.c ****         __HAL_RCC_BACKUPRESET_RELEASE();
 159              		.loc 1 163 9 is_stmt 1 view .LVU50
 160              		.loc 1 164 9 view .LVU51
 161 0070 0240     		ands	r2, r0
 162 0072 EA65     		str	r2, [r5, #92]
 165:../../../../..//Drivers/STM32G0xx_HAL_Driver/Src/stm32g0xx_hal_rcc_ex.c ****         /* Restore the Content of BDCR register */
 166:../../../../..//Drivers/STM32G0xx_HAL_Driver/Src/stm32g0xx_hal_rcc_ex.c ****         RCC->BDCR = tmpregister;
 163              		.loc 1 166 9 view .LVU52
 164              		.loc 1 166 19 is_stmt 0 view .LVU53
 165 0074 E965     		str	r1, [r5, #92]
 167:../../../../..//Drivers/STM32G0xx_HAL_Driver/Src/stm32g0xx_hal_rcc_ex.c ****       }
 168:../../../../..//Drivers/STM32G0xx_HAL_Driver/Src/stm32g0xx_hal_rcc_ex.c **** 
 169:../../../../..//Drivers/STM32G0xx_HAL_Driver/Src/stm32g0xx_hal_rcc_ex.c ****       /* Wait for LSE reactivation if LSE was enable prior to Backup Domain reset */
ARM GAS  /tmp/ccMVeFq7.s 			page 7


 170:../../../../..//Drivers/STM32G0xx_HAL_Driver/Src/stm32g0xx_hal_rcc_ex.c ****       if (HAL_IS_BIT_SET(tmpregister, RCC_BDCR_LSEON))
 166              		.loc 1 170 7 is_stmt 1 view .LVU54
 167              		.loc 1 170 10 is_stmt 0 view .LVU55
 168 0076 DB07     		lsls	r3, r3, #31
 169 0078 07D5     		bpl	.L9
 171:../../../../..//Drivers/STM32G0xx_HAL_Driver/Src/stm32g0xx_hal_rcc_ex.c ****       {
 172:../../../../..//Drivers/STM32G0xx_HAL_Driver/Src/stm32g0xx_hal_rcc_ex.c ****         /* Get Start Tick*/
 173:../../../../..//Drivers/STM32G0xx_HAL_Driver/Src/stm32g0xx_hal_rcc_ex.c ****         tickstart = HAL_GetTick();
 170              		.loc 1 173 9 is_stmt 1 view .LVU56
 171              		.loc 1 173 21 is_stmt 0 view .LVU57
 172 007a FFF7FEFF 		bl	HAL_GetTick
 173              	.LVL10:
 174              		.loc 1 173 21 view .LVU58
 175 007e 0700     		movs	r7, r0
 176              	.LVL11:
 174:../../../../..//Drivers/STM32G0xx_HAL_Driver/Src/stm32g0xx_hal_rcc_ex.c **** 
 175:../../../../..//Drivers/STM32G0xx_HAL_Driver/Src/stm32g0xx_hal_rcc_ex.c ****         /* Wait till LSE is ready */
 176:../../../../..//Drivers/STM32G0xx_HAL_Driver/Src/stm32g0xx_hal_rcc_ex.c ****         while (READ_BIT(RCC->BDCR, RCC_BDCR_LSERDY) == 0U)
 177              		.loc 1 176 9 is_stmt 1 view .LVU59
 178              	.L10:
 179              		.loc 1 176 53 view .LVU60
 180 0080 0222     		movs	r2, #2
 181              		.loc 1 176 16 is_stmt 0 view .LVU61
 182 0082 EB6D     		ldr	r3, [r5, #92]
 183              		.loc 1 176 53 view .LVU62
 184 0084 1342     		tst	r3, r2
 185 0086 00D1     		bne	.LCB145
 186 0088 9CE0     		b	.L11	@long jump
 187              	.LCB145:
 188              	.LVL12:
 189              	.L9:
 177:../../../../..//Drivers/STM32G0xx_HAL_Driver/Src/stm32g0xx_hal_rcc_ex.c ****         {
 178:../../../../..//Drivers/STM32G0xx_HAL_Driver/Src/stm32g0xx_hal_rcc_ex.c ****           if ((HAL_GetTick() - tickstart) > RCC_LSE_TIMEOUT_VALUE)
 179:../../../../..//Drivers/STM32G0xx_HAL_Driver/Src/stm32g0xx_hal_rcc_ex.c ****           {
 180:../../../../..//Drivers/STM32G0xx_HAL_Driver/Src/stm32g0xx_hal_rcc_ex.c ****             ret = HAL_TIMEOUT;
 181:../../../../..//Drivers/STM32G0xx_HAL_Driver/Src/stm32g0xx_hal_rcc_ex.c ****             break;
 182:../../../../..//Drivers/STM32G0xx_HAL_Driver/Src/stm32g0xx_hal_rcc_ex.c ****           }
 183:../../../../..//Drivers/STM32G0xx_HAL_Driver/Src/stm32g0xx_hal_rcc_ex.c ****         }
 184:../../../../..//Drivers/STM32G0xx_HAL_Driver/Src/stm32g0xx_hal_rcc_ex.c ****       }
 185:../../../../..//Drivers/STM32G0xx_HAL_Driver/Src/stm32g0xx_hal_rcc_ex.c **** 
 186:../../../../..//Drivers/STM32G0xx_HAL_Driver/Src/stm32g0xx_hal_rcc_ex.c ****       if (ret == HAL_OK)
 187:../../../../..//Drivers/STM32G0xx_HAL_Driver/Src/stm32g0xx_hal_rcc_ex.c ****       {
 188:../../../../..//Drivers/STM32G0xx_HAL_Driver/Src/stm32g0xx_hal_rcc_ex.c ****         /* Apply new RTC clock source selection */
 189:../../../../..//Drivers/STM32G0xx_HAL_Driver/Src/stm32g0xx_hal_rcc_ex.c ****         __HAL_RCC_RTC_CONFIG(PeriphClkInit->RTCClockSelection);
 190              		.loc 1 189 9 is_stmt 1 view .LVU63
 191 008a EB6D     		ldr	r3, [r5, #92]
 192 008c 226B     		ldr	r2, [r4, #48]
 193 008e 3340     		ands	r3, r6
 194 0090 1343     		orrs	r3, r2
 195              	.LBE2:
 117:../../../../..//Drivers/STM32G0xx_HAL_Driver/Src/stm32g0xx_hal_rcc_ex.c **** 
 196              		.loc 1 117 21 is_stmt 0 view .LVU64
 197 0092 0020     		movs	r0, #0
 198              	.LBB4:
 199              		.loc 1 189 9 view .LVU65
 200 0094 EB65     		str	r3, [r5, #92]
 201 0096 06E0     		b	.L8
ARM GAS  /tmp/ccMVeFq7.s 			page 8


 202              	.LVL13:
 203              	.L6:
 145:../../../../..//Drivers/STM32G0xx_HAL_Driver/Src/stm32g0xx_hal_rcc_ex.c ****       {
 204              		.loc 1 145 7 is_stmt 1 view .LVU66
 145:../../../../..//Drivers/STM32G0xx_HAL_Driver/Src/stm32g0xx_hal_rcc_ex.c ****       {
 205              		.loc 1 145 12 is_stmt 0 view .LVU67
 206 0098 FFF7FEFF 		bl	HAL_GetTick
 207              	.LVL14:
 145:../../../../..//Drivers/STM32G0xx_HAL_Driver/Src/stm32g0xx_hal_rcc_ex.c ****       {
 208              		.loc 1 145 26 discriminator 1 view .LVU68
 209 009c 019B     		ldr	r3, [sp, #4]
 210 009e C01A     		subs	r0, r0, r3
 145:../../../../..//Drivers/STM32G0xx_HAL_Driver/Src/stm32g0xx_hal_rcc_ex.c ****       {
 211              		.loc 1 145 10 discriminator 1 view .LVU69
 212 00a0 0228     		cmp	r0, #2
 213 00a2 CDD9     		bls	.L4
 214              	.LVL15:
 215              	.L5:
 190:../../../../..//Drivers/STM32G0xx_HAL_Driver/Src/stm32g0xx_hal_rcc_ex.c ****       }
 191:../../../../..//Drivers/STM32G0xx_HAL_Driver/Src/stm32g0xx_hal_rcc_ex.c ****       else
 192:../../../../..//Drivers/STM32G0xx_HAL_Driver/Src/stm32g0xx_hal_rcc_ex.c ****       {
 193:../../../../..//Drivers/STM32G0xx_HAL_Driver/Src/stm32g0xx_hal_rcc_ex.c ****         /* set overall return value */
 194:../../../../..//Drivers/STM32G0xx_HAL_Driver/Src/stm32g0xx_hal_rcc_ex.c ****         status = ret;
 216              		.loc 1 194 16 view .LVU70
 217 00a4 0320     		movs	r0, #3
 218              	.L8:
 219              	.LVL16:
 195:../../../../..//Drivers/STM32G0xx_HAL_Driver/Src/stm32g0xx_hal_rcc_ex.c ****       }
 196:../../../../..//Drivers/STM32G0xx_HAL_Driver/Src/stm32g0xx_hal_rcc_ex.c ****     }
 197:../../../../..//Drivers/STM32G0xx_HAL_Driver/Src/stm32g0xx_hal_rcc_ex.c ****     else
 198:../../../../..//Drivers/STM32G0xx_HAL_Driver/Src/stm32g0xx_hal_rcc_ex.c ****     {
 199:../../../../..//Drivers/STM32G0xx_HAL_Driver/Src/stm32g0xx_hal_rcc_ex.c ****       /* set overall return value */
 200:../../../../..//Drivers/STM32G0xx_HAL_Driver/Src/stm32g0xx_hal_rcc_ex.c ****       status = ret;
 201:../../../../..//Drivers/STM32G0xx_HAL_Driver/Src/stm32g0xx_hal_rcc_ex.c ****     }
 202:../../../../..//Drivers/STM32G0xx_HAL_Driver/Src/stm32g0xx_hal_rcc_ex.c **** 
 203:../../../../..//Drivers/STM32G0xx_HAL_Driver/Src/stm32g0xx_hal_rcc_ex.c ****     /* Restore clock configuration if changed */
 204:../../../../..//Drivers/STM32G0xx_HAL_Driver/Src/stm32g0xx_hal_rcc_ex.c ****     if (pwrclkchanged == SET)
 220              		.loc 1 204 5 is_stmt 1 view .LVU71
 221              		.loc 1 204 8 is_stmt 0 view .LVU72
 222 00a6 009B     		ldr	r3, [sp]
 223 00a8 012B     		cmp	r3, #1
 224 00aa 03D1     		bne	.L2
 205:../../../../..//Drivers/STM32G0xx_HAL_Driver/Src/stm32g0xx_hal_rcc_ex.c ****     {
 206:../../../../..//Drivers/STM32G0xx_HAL_Driver/Src/stm32g0xx_hal_rcc_ex.c ****       __HAL_RCC_PWR_CLK_DISABLE();
 225              		.loc 1 206 7 is_stmt 1 view .LVU73
 226 00ac EB6B     		ldr	r3, [r5, #60]
 227 00ae 4D4A     		ldr	r2, .L75+16
 228 00b0 1340     		ands	r3, r2
 229 00b2 EB63     		str	r3, [r5, #60]
 230              	.LVL17:
 231              	.L2:
 232              		.loc 1 206 7 is_stmt 0 view .LVU74
 233              	.LBE4:
 207:../../../../..//Drivers/STM32G0xx_HAL_Driver/Src/stm32g0xx_hal_rcc_ex.c ****     }
 208:../../../../..//Drivers/STM32G0xx_HAL_Driver/Src/stm32g0xx_hal_rcc_ex.c ****   }
 209:../../../../..//Drivers/STM32G0xx_HAL_Driver/Src/stm32g0xx_hal_rcc_ex.c **** 
 210:../../../../..//Drivers/STM32G0xx_HAL_Driver/Src/stm32g0xx_hal_rcc_ex.c ****   /*-------------------------- USART1 clock source configuration -------------------*/
ARM GAS  /tmp/ccMVeFq7.s 			page 9


 211:../../../../..//Drivers/STM32G0xx_HAL_Driver/Src/stm32g0xx_hal_rcc_ex.c ****   if (((PeriphClkInit->PeriphClockSelection) & RCC_PERIPHCLK_USART1) == RCC_PERIPHCLK_USART1)
 234              		.loc 1 211 3 is_stmt 1 view .LVU75
 235              		.loc 1 211 22 is_stmt 0 view .LVU76
 236 00b4 2368     		ldr	r3, [r4]
 237              		.loc 1 211 6 view .LVU77
 238 00b6 DA07     		lsls	r2, r3, #31
 239 00b8 06D5     		bpl	.L13
 212:../../../../..//Drivers/STM32G0xx_HAL_Driver/Src/stm32g0xx_hal_rcc_ex.c ****   {
 213:../../../../..//Drivers/STM32G0xx_HAL_Driver/Src/stm32g0xx_hal_rcc_ex.c ****     /* Check the parameters */
 214:../../../../..//Drivers/STM32G0xx_HAL_Driver/Src/stm32g0xx_hal_rcc_ex.c ****     assert_param(IS_RCC_USART1CLKSOURCE(PeriphClkInit->Usart1ClockSelection));
 240              		.loc 1 214 5 is_stmt 1 view .LVU78
 215:../../../../..//Drivers/STM32G0xx_HAL_Driver/Src/stm32g0xx_hal_rcc_ex.c **** 
 216:../../../../..//Drivers/STM32G0xx_HAL_Driver/Src/stm32g0xx_hal_rcc_ex.c ****     /* Configure the USART1 clock source */
 217:../../../../..//Drivers/STM32G0xx_HAL_Driver/Src/stm32g0xx_hal_rcc_ex.c ****     __HAL_RCC_USART1_CONFIG(PeriphClkInit->Usart1ClockSelection);
 241              		.loc 1 217 5 view .LVU79
 242 00ba 0325     		movs	r5, #3
 243 00bc 4549     		ldr	r1, .L75
 244 00be 4A6D     		ldr	r2, [r1, #84]
 245 00c0 AA43     		bics	r2, r5
 246 00c2 6568     		ldr	r5, [r4, #4]
 247 00c4 2A43     		orrs	r2, r5
 248 00c6 4A65     		str	r2, [r1, #84]
 249              	.L13:
 218:../../../../..//Drivers/STM32G0xx_HAL_Driver/Src/stm32g0xx_hal_rcc_ex.c ****   }
 219:../../../../..//Drivers/STM32G0xx_HAL_Driver/Src/stm32g0xx_hal_rcc_ex.c **** 
 220:../../../../..//Drivers/STM32G0xx_HAL_Driver/Src/stm32g0xx_hal_rcc_ex.c **** #if defined(RCC_CCIPR_USART2SEL)
 221:../../../../..//Drivers/STM32G0xx_HAL_Driver/Src/stm32g0xx_hal_rcc_ex.c ****   /*-------------------------- USART2 clock source configuration -------------------*/
 222:../../../../..//Drivers/STM32G0xx_HAL_Driver/Src/stm32g0xx_hal_rcc_ex.c ****   if (((PeriphClkInit->PeriphClockSelection) & RCC_PERIPHCLK_USART2) == RCC_PERIPHCLK_USART2)
 250              		.loc 1 222 3 view .LVU80
 251              		.loc 1 222 6 is_stmt 0 view .LVU81
 252 00c8 9A07     		lsls	r2, r3, #30
 253 00ca 06D5     		bpl	.L14
 223:../../../../..//Drivers/STM32G0xx_HAL_Driver/Src/stm32g0xx_hal_rcc_ex.c ****   {
 224:../../../../..//Drivers/STM32G0xx_HAL_Driver/Src/stm32g0xx_hal_rcc_ex.c ****     /* Check the parameters */
 225:../../../../..//Drivers/STM32G0xx_HAL_Driver/Src/stm32g0xx_hal_rcc_ex.c ****     assert_param(IS_RCC_USART2CLKSOURCE(PeriphClkInit->Usart2ClockSelection));
 254              		.loc 1 225 5 is_stmt 1 view .LVU82
 226:../../../../..//Drivers/STM32G0xx_HAL_Driver/Src/stm32g0xx_hal_rcc_ex.c **** 
 227:../../../../..//Drivers/STM32G0xx_HAL_Driver/Src/stm32g0xx_hal_rcc_ex.c ****     /* Configure the USART2 clock source */
 228:../../../../..//Drivers/STM32G0xx_HAL_Driver/Src/stm32g0xx_hal_rcc_ex.c ****     __HAL_RCC_USART2_CONFIG(PeriphClkInit->Usart2ClockSelection);
 255              		.loc 1 228 5 view .LVU83
 256 00cc 0C25     		movs	r5, #12
 257 00ce 4149     		ldr	r1, .L75
 258 00d0 4A6D     		ldr	r2, [r1, #84]
 259 00d2 AA43     		bics	r2, r5
 260 00d4 A568     		ldr	r5, [r4, #8]
 261 00d6 2A43     		orrs	r2, r5
 262 00d8 4A65     		str	r2, [r1, #84]
 263              	.L14:
 229:../../../../..//Drivers/STM32G0xx_HAL_Driver/Src/stm32g0xx_hal_rcc_ex.c ****   }
 230:../../../../..//Drivers/STM32G0xx_HAL_Driver/Src/stm32g0xx_hal_rcc_ex.c **** #endif /* RCC_CCIPR_USART2SEL */
 231:../../../../..//Drivers/STM32G0xx_HAL_Driver/Src/stm32g0xx_hal_rcc_ex.c **** 
 232:../../../../..//Drivers/STM32G0xx_HAL_Driver/Src/stm32g0xx_hal_rcc_ex.c **** #if defined(RCC_CCIPR_USART3SEL)
 233:../../../../..//Drivers/STM32G0xx_HAL_Driver/Src/stm32g0xx_hal_rcc_ex.c ****   /*-------------------------- USART3 clock source configuration -------------------*/
 234:../../../../..//Drivers/STM32G0xx_HAL_Driver/Src/stm32g0xx_hal_rcc_ex.c ****   if (((PeriphClkInit->PeriphClockSelection) & RCC_PERIPHCLK_USART3) == RCC_PERIPHCLK_USART3)
 235:../../../../..//Drivers/STM32G0xx_HAL_Driver/Src/stm32g0xx_hal_rcc_ex.c ****   {
 236:../../../../..//Drivers/STM32G0xx_HAL_Driver/Src/stm32g0xx_hal_rcc_ex.c ****     /* Check the parameters */
 237:../../../../..//Drivers/STM32G0xx_HAL_Driver/Src/stm32g0xx_hal_rcc_ex.c ****     assert_param(IS_RCC_USART3CLKSOURCE(PeriphClkInit->Usart3ClockSelection));
ARM GAS  /tmp/ccMVeFq7.s 			page 10


 238:../../../../..//Drivers/STM32G0xx_HAL_Driver/Src/stm32g0xx_hal_rcc_ex.c **** 
 239:../../../../..//Drivers/STM32G0xx_HAL_Driver/Src/stm32g0xx_hal_rcc_ex.c ****     /* Configure the USART3 clock source */
 240:../../../../..//Drivers/STM32G0xx_HAL_Driver/Src/stm32g0xx_hal_rcc_ex.c ****     __HAL_RCC_USART3_CONFIG(PeriphClkInit->Usart3ClockSelection);
 241:../../../../..//Drivers/STM32G0xx_HAL_Driver/Src/stm32g0xx_hal_rcc_ex.c ****   }
 242:../../../../..//Drivers/STM32G0xx_HAL_Driver/Src/stm32g0xx_hal_rcc_ex.c **** #endif /* RCC_CCIPR_USART3SEL */
 243:../../../../..//Drivers/STM32G0xx_HAL_Driver/Src/stm32g0xx_hal_rcc_ex.c **** 
 244:../../../../..//Drivers/STM32G0xx_HAL_Driver/Src/stm32g0xx_hal_rcc_ex.c **** #if defined(LPUART1)
 245:../../../../..//Drivers/STM32G0xx_HAL_Driver/Src/stm32g0xx_hal_rcc_ex.c ****   /*-------------------------- LPUART1 clock source configuration ------------------*/
 246:../../../../..//Drivers/STM32G0xx_HAL_Driver/Src/stm32g0xx_hal_rcc_ex.c ****   if (((PeriphClkInit->PeriphClockSelection) & RCC_PERIPHCLK_LPUART1) == RCC_PERIPHCLK_LPUART1)
 264              		.loc 1 246 3 view .LVU84
 265              		.loc 1 246 6 is_stmt 0 view .LVU85
 266 00da DA06     		lsls	r2, r3, #27
 267 00dc 06D5     		bpl	.L15
 247:../../../../..//Drivers/STM32G0xx_HAL_Driver/Src/stm32g0xx_hal_rcc_ex.c ****   {
 248:../../../../..//Drivers/STM32G0xx_HAL_Driver/Src/stm32g0xx_hal_rcc_ex.c ****     /* Check the parameters */
 249:../../../../..//Drivers/STM32G0xx_HAL_Driver/Src/stm32g0xx_hal_rcc_ex.c ****     assert_param(IS_RCC_LPUART1CLKSOURCE(PeriphClkInit->Lpuart1ClockSelection));
 268              		.loc 1 249 5 is_stmt 1 view .LVU86
 250:../../../../..//Drivers/STM32G0xx_HAL_Driver/Src/stm32g0xx_hal_rcc_ex.c **** 
 251:../../../../..//Drivers/STM32G0xx_HAL_Driver/Src/stm32g0xx_hal_rcc_ex.c ****     /* Configure the LPUART1 clock source */
 252:../../../../..//Drivers/STM32G0xx_HAL_Driver/Src/stm32g0xx_hal_rcc_ex.c ****     __HAL_RCC_LPUART1_CONFIG(PeriphClkInit->Lpuart1ClockSelection);
 269              		.loc 1 252 5 view .LVU87
 270 00de 3D49     		ldr	r1, .L75
 271 00e0 414D     		ldr	r5, .L75+20
 272 00e2 4A6D     		ldr	r2, [r1, #84]
 273 00e4 2A40     		ands	r2, r5
 274 00e6 E568     		ldr	r5, [r4, #12]
 275 00e8 2A43     		orrs	r2, r5
 276 00ea 4A65     		str	r2, [r1, #84]
 277              	.L15:
 253:../../../../..//Drivers/STM32G0xx_HAL_Driver/Src/stm32g0xx_hal_rcc_ex.c ****   }
 254:../../../../..//Drivers/STM32G0xx_HAL_Driver/Src/stm32g0xx_hal_rcc_ex.c **** #endif /* LPUART1 */
 255:../../../../..//Drivers/STM32G0xx_HAL_Driver/Src/stm32g0xx_hal_rcc_ex.c **** 
 256:../../../../..//Drivers/STM32G0xx_HAL_Driver/Src/stm32g0xx_hal_rcc_ex.c **** #if defined(LPUART2)
 257:../../../../..//Drivers/STM32G0xx_HAL_Driver/Src/stm32g0xx_hal_rcc_ex.c ****   /*-------------------------- LPUART2 clock source configuration ------------------*/
 258:../../../../..//Drivers/STM32G0xx_HAL_Driver/Src/stm32g0xx_hal_rcc_ex.c ****   if (((PeriphClkInit->PeriphClockSelection) & RCC_PERIPHCLK_LPUART2) == RCC_PERIPHCLK_LPUART2)
 259:../../../../..//Drivers/STM32G0xx_HAL_Driver/Src/stm32g0xx_hal_rcc_ex.c ****   {
 260:../../../../..//Drivers/STM32G0xx_HAL_Driver/Src/stm32g0xx_hal_rcc_ex.c ****     /* Check the parameters */
 261:../../../../..//Drivers/STM32G0xx_HAL_Driver/Src/stm32g0xx_hal_rcc_ex.c ****     assert_param(IS_RCC_LPUART2CLKSOURCE(PeriphClkInit->Lpuart2ClockSelection));
 262:../../../../..//Drivers/STM32G0xx_HAL_Driver/Src/stm32g0xx_hal_rcc_ex.c **** 
 263:../../../../..//Drivers/STM32G0xx_HAL_Driver/Src/stm32g0xx_hal_rcc_ex.c ****     /* Configure the LPUART clock source */
 264:../../../../..//Drivers/STM32G0xx_HAL_Driver/Src/stm32g0xx_hal_rcc_ex.c ****     __HAL_RCC_LPUART2_CONFIG(PeriphClkInit->Lpuart2ClockSelection);
 265:../../../../..//Drivers/STM32G0xx_HAL_Driver/Src/stm32g0xx_hal_rcc_ex.c ****   }
 266:../../../../..//Drivers/STM32G0xx_HAL_Driver/Src/stm32g0xx_hal_rcc_ex.c **** #endif /* LPUART2 */
 267:../../../../..//Drivers/STM32G0xx_HAL_Driver/Src/stm32g0xx_hal_rcc_ex.c **** 
 268:../../../../..//Drivers/STM32G0xx_HAL_Driver/Src/stm32g0xx_hal_rcc_ex.c **** #if defined(RCC_CCIPR_LPTIM1SEL)
 269:../../../../..//Drivers/STM32G0xx_HAL_Driver/Src/stm32g0xx_hal_rcc_ex.c ****   /*-------------------------- LPTIM1 clock source configuration -------------------*/
 270:../../../../..//Drivers/STM32G0xx_HAL_Driver/Src/stm32g0xx_hal_rcc_ex.c ****   if (((PeriphClkInit->PeriphClockSelection) & RCC_PERIPHCLK_LPTIM1) == (RCC_PERIPHCLK_LPTIM1))
 278              		.loc 1 270 3 view .LVU88
 279              		.loc 1 270 6 is_stmt 0 view .LVU89
 280 00ec 9A05     		lsls	r2, r3, #22
 281 00ee 06D5     		bpl	.L16
 271:../../../../..//Drivers/STM32G0xx_HAL_Driver/Src/stm32g0xx_hal_rcc_ex.c ****   {
 272:../../../../..//Drivers/STM32G0xx_HAL_Driver/Src/stm32g0xx_hal_rcc_ex.c ****     assert_param(IS_RCC_LPTIM1CLKSOURCE(PeriphClkInit->Lptim1ClockSelection));
 282              		.loc 1 272 5 is_stmt 1 view .LVU90
 273:../../../../..//Drivers/STM32G0xx_HAL_Driver/Src/stm32g0xx_hal_rcc_ex.c ****     __HAL_RCC_LPTIM1_CONFIG(PeriphClkInit->Lptim1ClockSelection);
 283              		.loc 1 273 5 view .LVU91
 284 00f0 3849     		ldr	r1, .L75
ARM GAS  /tmp/ccMVeFq7.s 			page 11


 285 00f2 3E4D     		ldr	r5, .L75+24
 286 00f4 4A6D     		ldr	r2, [r1, #84]
 287 00f6 2A40     		ands	r2, r5
 288 00f8 A569     		ldr	r5, [r4, #24]
 289 00fa 2A43     		orrs	r2, r5
 290 00fc 4A65     		str	r2, [r1, #84]
 291              	.L16:
 274:../../../../..//Drivers/STM32G0xx_HAL_Driver/Src/stm32g0xx_hal_rcc_ex.c ****   }
 275:../../../../..//Drivers/STM32G0xx_HAL_Driver/Src/stm32g0xx_hal_rcc_ex.c **** #endif /* RCC_CCIPR_LPTIM1SEL */
 276:../../../../..//Drivers/STM32G0xx_HAL_Driver/Src/stm32g0xx_hal_rcc_ex.c **** 
 277:../../../../..//Drivers/STM32G0xx_HAL_Driver/Src/stm32g0xx_hal_rcc_ex.c **** #if defined(RCC_CCIPR_LPTIM2SEL)
 278:../../../../..//Drivers/STM32G0xx_HAL_Driver/Src/stm32g0xx_hal_rcc_ex.c ****   /*-------------------------- LPTIM2 clock source configuration -------------------*/
 279:../../../../..//Drivers/STM32G0xx_HAL_Driver/Src/stm32g0xx_hal_rcc_ex.c ****   if (((PeriphClkInit->PeriphClockSelection) & RCC_PERIPHCLK_LPTIM2) == (RCC_PERIPHCLK_LPTIM2))
 292              		.loc 1 279 3 view .LVU92
 293              		.loc 1 279 6 is_stmt 0 view .LVU93
 294 00fe 5A05     		lsls	r2, r3, #21
 295 0100 06D5     		bpl	.L17
 280:../../../../..//Drivers/STM32G0xx_HAL_Driver/Src/stm32g0xx_hal_rcc_ex.c ****   {
 281:../../../../..//Drivers/STM32G0xx_HAL_Driver/Src/stm32g0xx_hal_rcc_ex.c ****     assert_param(IS_RCC_LPTIM2CLKSOURCE(PeriphClkInit->Lptim2ClockSelection));
 296              		.loc 1 281 5 is_stmt 1 view .LVU94
 282:../../../../..//Drivers/STM32G0xx_HAL_Driver/Src/stm32g0xx_hal_rcc_ex.c ****     __HAL_RCC_LPTIM2_CONFIG(PeriphClkInit->Lptim2ClockSelection);
 297              		.loc 1 282 5 view .LVU95
 298 0102 3449     		ldr	r1, .L75
 299 0104 3A4D     		ldr	r5, .L75+28
 300 0106 4A6D     		ldr	r2, [r1, #84]
 301 0108 2A40     		ands	r2, r5
 302 010a E569     		ldr	r5, [r4, #28]
 303 010c 2A43     		orrs	r2, r5
 304 010e 4A65     		str	r2, [r1, #84]
 305              	.L17:
 283:../../../../..//Drivers/STM32G0xx_HAL_Driver/Src/stm32g0xx_hal_rcc_ex.c ****   }
 284:../../../../..//Drivers/STM32G0xx_HAL_Driver/Src/stm32g0xx_hal_rcc_ex.c **** #endif /* RCC_CCIPR_LPTIM2SEL */
 285:../../../../..//Drivers/STM32G0xx_HAL_Driver/Src/stm32g0xx_hal_rcc_ex.c **** 
 286:../../../../..//Drivers/STM32G0xx_HAL_Driver/Src/stm32g0xx_hal_rcc_ex.c ****   /*-------------------------- I2C1 clock source configuration ---------------------*/
 287:../../../../..//Drivers/STM32G0xx_HAL_Driver/Src/stm32g0xx_hal_rcc_ex.c ****   if (((PeriphClkInit->PeriphClockSelection) & RCC_PERIPHCLK_I2C1) == RCC_PERIPHCLK_I2C1)
 306              		.loc 1 287 3 view .LVU96
 307              		.loc 1 287 6 is_stmt 0 view .LVU97
 308 0110 9A06     		lsls	r2, r3, #26
 309 0112 06D5     		bpl	.L18
 288:../../../../..//Drivers/STM32G0xx_HAL_Driver/Src/stm32g0xx_hal_rcc_ex.c ****   {
 289:../../../../..//Drivers/STM32G0xx_HAL_Driver/Src/stm32g0xx_hal_rcc_ex.c ****     /* Check the parameters */
 290:../../../../..//Drivers/STM32G0xx_HAL_Driver/Src/stm32g0xx_hal_rcc_ex.c ****     assert_param(IS_RCC_I2C1CLKSOURCE(PeriphClkInit->I2c1ClockSelection));
 310              		.loc 1 290 5 is_stmt 1 view .LVU98
 291:../../../../..//Drivers/STM32G0xx_HAL_Driver/Src/stm32g0xx_hal_rcc_ex.c **** 
 292:../../../../..//Drivers/STM32G0xx_HAL_Driver/Src/stm32g0xx_hal_rcc_ex.c ****     /* Configure the I2C1 clock source */
 293:../../../../..//Drivers/STM32G0xx_HAL_Driver/Src/stm32g0xx_hal_rcc_ex.c ****     __HAL_RCC_I2C1_CONFIG(PeriphClkInit->I2c1ClockSelection);
 311              		.loc 1 293 5 view .LVU99
 312 0114 2F49     		ldr	r1, .L75
 313 0116 374D     		ldr	r5, .L75+32
 314 0118 4A6D     		ldr	r2, [r1, #84]
 315 011a 2A40     		ands	r2, r5
 316 011c 2569     		ldr	r5, [r4, #16]
 317 011e 2A43     		orrs	r2, r5
 318 0120 4A65     		str	r2, [r1, #84]
 319              	.L18:
 294:../../../../..//Drivers/STM32G0xx_HAL_Driver/Src/stm32g0xx_hal_rcc_ex.c ****   }
 295:../../../../..//Drivers/STM32G0xx_HAL_Driver/Src/stm32g0xx_hal_rcc_ex.c **** 
ARM GAS  /tmp/ccMVeFq7.s 			page 12


 296:../../../../..//Drivers/STM32G0xx_HAL_Driver/Src/stm32g0xx_hal_rcc_ex.c **** #if defined(RCC_CCIPR_I2C2SEL)
 297:../../../../..//Drivers/STM32G0xx_HAL_Driver/Src/stm32g0xx_hal_rcc_ex.c ****   /*-------------------------- I2C2 clock source configuration ---------------------*/
 298:../../../../..//Drivers/STM32G0xx_HAL_Driver/Src/stm32g0xx_hal_rcc_ex.c ****   if (((PeriphClkInit->PeriphClockSelection) & RCC_PERIPHCLK_I2C2) == RCC_PERIPHCLK_I2C2)
 299:../../../../..//Drivers/STM32G0xx_HAL_Driver/Src/stm32g0xx_hal_rcc_ex.c ****   {
 300:../../../../..//Drivers/STM32G0xx_HAL_Driver/Src/stm32g0xx_hal_rcc_ex.c ****     /* Check the parameters */
 301:../../../../..//Drivers/STM32G0xx_HAL_Driver/Src/stm32g0xx_hal_rcc_ex.c ****     assert_param(IS_RCC_I2C2CLKSOURCE(PeriphClkInit->I2c2ClockSelection));
 302:../../../../..//Drivers/STM32G0xx_HAL_Driver/Src/stm32g0xx_hal_rcc_ex.c **** 
 303:../../../../..//Drivers/STM32G0xx_HAL_Driver/Src/stm32g0xx_hal_rcc_ex.c ****     /* Configure the I2C2 clock source */
 304:../../../../..//Drivers/STM32G0xx_HAL_Driver/Src/stm32g0xx_hal_rcc_ex.c ****     __HAL_RCC_I2C2_CONFIG(PeriphClkInit->I2c2ClockSelection);
 305:../../../../..//Drivers/STM32G0xx_HAL_Driver/Src/stm32g0xx_hal_rcc_ex.c ****   }
 306:../../../../..//Drivers/STM32G0xx_HAL_Driver/Src/stm32g0xx_hal_rcc_ex.c **** #endif /* (RCC_CCIPR_I2C2SEL */
 307:../../../../..//Drivers/STM32G0xx_HAL_Driver/Src/stm32g0xx_hal_rcc_ex.c **** 
 308:../../../../..//Drivers/STM32G0xx_HAL_Driver/Src/stm32g0xx_hal_rcc_ex.c **** #if defined(RNG)
 309:../../../../..//Drivers/STM32G0xx_HAL_Driver/Src/stm32g0xx_hal_rcc_ex.c ****   /*-------------------------- RNG clock source configuration ----------------------*/
 310:../../../../..//Drivers/STM32G0xx_HAL_Driver/Src/stm32g0xx_hal_rcc_ex.c ****   if (((PeriphClkInit->PeriphClockSelection) & RCC_PERIPHCLK_RNG) == (RCC_PERIPHCLK_RNG))
 311:../../../../..//Drivers/STM32G0xx_HAL_Driver/Src/stm32g0xx_hal_rcc_ex.c ****   {
 312:../../../../..//Drivers/STM32G0xx_HAL_Driver/Src/stm32g0xx_hal_rcc_ex.c ****     assert_param(IS_RCC_RNGCLKSOURCE(PeriphClkInit->RngClockSelection));
 313:../../../../..//Drivers/STM32G0xx_HAL_Driver/Src/stm32g0xx_hal_rcc_ex.c ****     __HAL_RCC_RNG_CONFIG(PeriphClkInit->RngClockSelection);
 314:../../../../..//Drivers/STM32G0xx_HAL_Driver/Src/stm32g0xx_hal_rcc_ex.c **** 
 315:../../../../..//Drivers/STM32G0xx_HAL_Driver/Src/stm32g0xx_hal_rcc_ex.c ****     if (PeriphClkInit->RngClockSelection == RCC_RNGCLKSOURCE_PLL)
 316:../../../../..//Drivers/STM32G0xx_HAL_Driver/Src/stm32g0xx_hal_rcc_ex.c ****     {
 317:../../../../..//Drivers/STM32G0xx_HAL_Driver/Src/stm32g0xx_hal_rcc_ex.c ****       /* Enable PLLQCLK output */
 318:../../../../..//Drivers/STM32G0xx_HAL_Driver/Src/stm32g0xx_hal_rcc_ex.c ****       __HAL_RCC_PLLCLKOUT_ENABLE(RCC_PLLQCLK);
 319:../../../../..//Drivers/STM32G0xx_HAL_Driver/Src/stm32g0xx_hal_rcc_ex.c ****     }
 320:../../../../..//Drivers/STM32G0xx_HAL_Driver/Src/stm32g0xx_hal_rcc_ex.c ****   }
 321:../../../../..//Drivers/STM32G0xx_HAL_Driver/Src/stm32g0xx_hal_rcc_ex.c **** #endif /* RNG */
 322:../../../../..//Drivers/STM32G0xx_HAL_Driver/Src/stm32g0xx_hal_rcc_ex.c ****   /*-------------------------- ADC clock source configuration ----------------------*/
 323:../../../../..//Drivers/STM32G0xx_HAL_Driver/Src/stm32g0xx_hal_rcc_ex.c ****   if (((PeriphClkInit->PeriphClockSelection) & RCC_PERIPHCLK_ADC) == RCC_PERIPHCLK_ADC)
 320              		.loc 1 323 3 view .LVU100
 321              		.loc 1 323 6 is_stmt 0 view .LVU101
 322 0122 5A04     		lsls	r2, r3, #17
 323 0124 0FD5     		bpl	.L20
 324:../../../../..//Drivers/STM32G0xx_HAL_Driver/Src/stm32g0xx_hal_rcc_ex.c ****   {
 325:../../../../..//Drivers/STM32G0xx_HAL_Driver/Src/stm32g0xx_hal_rcc_ex.c ****     /* Check the parameters */
 326:../../../../..//Drivers/STM32G0xx_HAL_Driver/Src/stm32g0xx_hal_rcc_ex.c ****     assert_param(IS_RCC_ADCCLKSOURCE(PeriphClkInit->AdcClockSelection));
 324              		.loc 1 326 5 is_stmt 1 view .LVU102
 327:../../../../..//Drivers/STM32G0xx_HAL_Driver/Src/stm32g0xx_hal_rcc_ex.c **** 
 328:../../../../..//Drivers/STM32G0xx_HAL_Driver/Src/stm32g0xx_hal_rcc_ex.c ****     /* Configure the ADC interface clock source */
 329:../../../../..//Drivers/STM32G0xx_HAL_Driver/Src/stm32g0xx_hal_rcc_ex.c ****     __HAL_RCC_ADC_CONFIG(PeriphClkInit->AdcClockSelection);
 325              		.loc 1 329 5 view .LVU103
 326 0126 2B49     		ldr	r1, .L75
 327 0128 256A     		ldr	r5, [r4, #32]
 328 012a 4A6D     		ldr	r2, [r1, #84]
 329 012c 9200     		lsls	r2, r2, #2
 330 012e 9208     		lsrs	r2, r2, #2
 331 0130 2A43     		orrs	r2, r5
 332 0132 4A65     		str	r2, [r1, #84]
 330:../../../../..//Drivers/STM32G0xx_HAL_Driver/Src/stm32g0xx_hal_rcc_ex.c **** 
 331:../../../../..//Drivers/STM32G0xx_HAL_Driver/Src/stm32g0xx_hal_rcc_ex.c ****     if (PeriphClkInit->AdcClockSelection == RCC_ADCCLKSOURCE_PLLADC)
 333              		.loc 1 331 5 view .LVU104
 334              		.loc 1 331 8 is_stmt 0 view .LVU105
 335 0134 8022     		movs	r2, #128
 336 0136 D205     		lsls	r2, r2, #23
 337 0138 9542     		cmp	r5, r2
 338 013a 04D1     		bne	.L20
 332:../../../../..//Drivers/STM32G0xx_HAL_Driver/Src/stm32g0xx_hal_rcc_ex.c ****     {
 333:../../../../..//Drivers/STM32G0xx_HAL_Driver/Src/stm32g0xx_hal_rcc_ex.c ****       /* Enable PLLPCLK output */
ARM GAS  /tmp/ccMVeFq7.s 			page 13


 334:../../../../..//Drivers/STM32G0xx_HAL_Driver/Src/stm32g0xx_hal_rcc_ex.c ****       __HAL_RCC_PLLCLKOUT_ENABLE(RCC_PLLPCLK);
 339              		.loc 1 334 7 is_stmt 1 view .LVU106
 340 013c 8022     		movs	r2, #128
 341 013e CD68     		ldr	r5, [r1, #12]
 342 0140 5202     		lsls	r2, r2, #9
 343 0142 2A43     		orrs	r2, r5
 344 0144 CA60     		str	r2, [r1, #12]
 345              	.L20:
 335:../../../../..//Drivers/STM32G0xx_HAL_Driver/Src/stm32g0xx_hal_rcc_ex.c ****     }
 336:../../../../..//Drivers/STM32G0xx_HAL_Driver/Src/stm32g0xx_hal_rcc_ex.c ****   }
 337:../../../../..//Drivers/STM32G0xx_HAL_Driver/Src/stm32g0xx_hal_rcc_ex.c **** 
 338:../../../../..//Drivers/STM32G0xx_HAL_Driver/Src/stm32g0xx_hal_rcc_ex.c **** #if defined(CEC)
 339:../../../../..//Drivers/STM32G0xx_HAL_Driver/Src/stm32g0xx_hal_rcc_ex.c ****   /*-------------------------- CEC clock source configuration ---------------------*/
 340:../../../../..//Drivers/STM32G0xx_HAL_Driver/Src/stm32g0xx_hal_rcc_ex.c ****   if (((PeriphClkInit->PeriphClockSelection) & RCC_PERIPHCLK_CEC) == RCC_PERIPHCLK_CEC)
 346              		.loc 1 340 3 view .LVU107
 347              		.loc 1 340 6 is_stmt 0 view .LVU108
 348 0146 1A03     		lsls	r2, r3, #12
 349 0148 06D5     		bpl	.L22
 341:../../../../..//Drivers/STM32G0xx_HAL_Driver/Src/stm32g0xx_hal_rcc_ex.c ****   {
 342:../../../../..//Drivers/STM32G0xx_HAL_Driver/Src/stm32g0xx_hal_rcc_ex.c ****     /* Check the parameters */
 343:../../../../..//Drivers/STM32G0xx_HAL_Driver/Src/stm32g0xx_hal_rcc_ex.c ****     assert_param(IS_RCC_CECCLKSOURCE(PeriphClkInit->CecClockSelection));
 350              		.loc 1 343 5 is_stmt 1 view .LVU109
 344:../../../../..//Drivers/STM32G0xx_HAL_Driver/Src/stm32g0xx_hal_rcc_ex.c **** 
 345:../../../../..//Drivers/STM32G0xx_HAL_Driver/Src/stm32g0xx_hal_rcc_ex.c ****     /* Configure the CEC clock source */
 346:../../../../..//Drivers/STM32G0xx_HAL_Driver/Src/stm32g0xx_hal_rcc_ex.c ****     __HAL_RCC_CEC_CONFIG(PeriphClkInit->CecClockSelection);
 351              		.loc 1 346 5 view .LVU110
 352 014a 4025     		movs	r5, #64
 353 014c 2149     		ldr	r1, .L75
 354 014e 4A6D     		ldr	r2, [r1, #84]
 355 0150 AA43     		bics	r2, r5
 356 0152 656A     		ldr	r5, [r4, #36]
 357 0154 2A43     		orrs	r2, r5
 358 0156 4A65     		str	r2, [r1, #84]
 359              	.L22:
 347:../../../../..//Drivers/STM32G0xx_HAL_Driver/Src/stm32g0xx_hal_rcc_ex.c ****   }
 348:../../../../..//Drivers/STM32G0xx_HAL_Driver/Src/stm32g0xx_hal_rcc_ex.c **** #endif /* CEC */
 349:../../../../..//Drivers/STM32G0xx_HAL_Driver/Src/stm32g0xx_hal_rcc_ex.c **** 
 350:../../../../..//Drivers/STM32G0xx_HAL_Driver/Src/stm32g0xx_hal_rcc_ex.c **** #if defined(RCC_CCIPR_TIM1SEL)
 351:../../../../..//Drivers/STM32G0xx_HAL_Driver/Src/stm32g0xx_hal_rcc_ex.c ****   /*-------------------------- TIM1 clock source configuration ---------------------*/
 352:../../../../..//Drivers/STM32G0xx_HAL_Driver/Src/stm32g0xx_hal_rcc_ex.c ****   if (((PeriphClkInit->PeriphClockSelection) & RCC_PERIPHCLK_TIM1) == RCC_PERIPHCLK_TIM1)
 360              		.loc 1 352 3 view .LVU111
 361              		.loc 1 352 6 is_stmt 0 view .LVU112
 362 0158 9A02     		lsls	r2, r3, #10
 363 015a 0FD5     		bpl	.L24
 353:../../../../..//Drivers/STM32G0xx_HAL_Driver/Src/stm32g0xx_hal_rcc_ex.c ****   {
 354:../../../../..//Drivers/STM32G0xx_HAL_Driver/Src/stm32g0xx_hal_rcc_ex.c ****     /* Check the parameters */
 355:../../../../..//Drivers/STM32G0xx_HAL_Driver/Src/stm32g0xx_hal_rcc_ex.c ****     assert_param(IS_RCC_TIM1CLKSOURCE(PeriphClkInit->Tim1ClockSelection));
 364              		.loc 1 355 5 is_stmt 1 view .LVU113
 356:../../../../..//Drivers/STM32G0xx_HAL_Driver/Src/stm32g0xx_hal_rcc_ex.c **** 
 357:../../../../..//Drivers/STM32G0xx_HAL_Driver/Src/stm32g0xx_hal_rcc_ex.c ****     /* Configure the TIM1 clock source */
 358:../../../../..//Drivers/STM32G0xx_HAL_Driver/Src/stm32g0xx_hal_rcc_ex.c ****     __HAL_RCC_TIM1_CONFIG(PeriphClkInit->Tim1ClockSelection);
 365              		.loc 1 358 5 view .LVU114
 366 015c 1D49     		ldr	r1, .L75
 367 015e 264E     		ldr	r6, .L75+36
 368 0160 4A6D     		ldr	r2, [r1, #84]
 369 0162 A56A     		ldr	r5, [r4, #40]
 370 0164 3240     		ands	r2, r6
ARM GAS  /tmp/ccMVeFq7.s 			page 14


 371 0166 2A43     		orrs	r2, r5
 372 0168 4A65     		str	r2, [r1, #84]
 359:../../../../..//Drivers/STM32G0xx_HAL_Driver/Src/stm32g0xx_hal_rcc_ex.c **** 
 360:../../../../..//Drivers/STM32G0xx_HAL_Driver/Src/stm32g0xx_hal_rcc_ex.c ****     if (PeriphClkInit->Tim1ClockSelection == RCC_TIM1CLKSOURCE_PLL)
 373              		.loc 1 360 5 view .LVU115
 374              		.loc 1 360 8 is_stmt 0 view .LVU116
 375 016a 8022     		movs	r2, #128
 376 016c D203     		lsls	r2, r2, #15
 377 016e 9542     		cmp	r5, r2
 378 0170 04D1     		bne	.L24
 361:../../../../..//Drivers/STM32G0xx_HAL_Driver/Src/stm32g0xx_hal_rcc_ex.c ****     {
 362:../../../../..//Drivers/STM32G0xx_HAL_Driver/Src/stm32g0xx_hal_rcc_ex.c ****       /* Enable PLLQCLK output */
 363:../../../../..//Drivers/STM32G0xx_HAL_Driver/Src/stm32g0xx_hal_rcc_ex.c ****       __HAL_RCC_PLLCLKOUT_ENABLE(RCC_PLLQCLK);
 379              		.loc 1 363 7 is_stmt 1 view .LVU117
 380 0172 8022     		movs	r2, #128
 381 0174 CD68     		ldr	r5, [r1, #12]
 382 0176 5204     		lsls	r2, r2, #17
 383 0178 2A43     		orrs	r2, r5
 384 017a CA60     		str	r2, [r1, #12]
 385              	.L24:
 364:../../../../..//Drivers/STM32G0xx_HAL_Driver/Src/stm32g0xx_hal_rcc_ex.c ****     }
 365:../../../../..//Drivers/STM32G0xx_HAL_Driver/Src/stm32g0xx_hal_rcc_ex.c ****   }
 366:../../../../..//Drivers/STM32G0xx_HAL_Driver/Src/stm32g0xx_hal_rcc_ex.c **** #endif /* RCC_CCIPR_TIM1SEL */
 367:../../../../..//Drivers/STM32G0xx_HAL_Driver/Src/stm32g0xx_hal_rcc_ex.c **** 
 368:../../../../..//Drivers/STM32G0xx_HAL_Driver/Src/stm32g0xx_hal_rcc_ex.c **** #if defined(RCC_CCIPR_TIM15SEL)
 369:../../../../..//Drivers/STM32G0xx_HAL_Driver/Src/stm32g0xx_hal_rcc_ex.c ****   /*-------------------------- TIM15 clock source configuration ---------------------*/
 370:../../../../..//Drivers/STM32G0xx_HAL_Driver/Src/stm32g0xx_hal_rcc_ex.c ****   if (((PeriphClkInit->PeriphClockSelection) & RCC_PERIPHCLK_TIM15) == RCC_PERIPHCLK_TIM15)
 386              		.loc 1 370 3 view .LVU118
 387              		.loc 1 370 6 is_stmt 0 view .LVU119
 388 017c 5A02     		lsls	r2, r3, #9
 389 017e 0DD5     		bpl	.L27
 371:../../../../..//Drivers/STM32G0xx_HAL_Driver/Src/stm32g0xx_hal_rcc_ex.c ****   {
 372:../../../../..//Drivers/STM32G0xx_HAL_Driver/Src/stm32g0xx_hal_rcc_ex.c ****     /* Check the parameters */
 373:../../../../..//Drivers/STM32G0xx_HAL_Driver/Src/stm32g0xx_hal_rcc_ex.c ****     assert_param(IS_RCC_TIM15CLKSOURCE(PeriphClkInit->Tim15ClockSelection));
 390              		.loc 1 373 5 is_stmt 1 view .LVU120
 374:../../../../..//Drivers/STM32G0xx_HAL_Driver/Src/stm32g0xx_hal_rcc_ex.c **** 
 375:../../../../..//Drivers/STM32G0xx_HAL_Driver/Src/stm32g0xx_hal_rcc_ex.c ****     /* Configure the TIM15 clock source */
 376:../../../../..//Drivers/STM32G0xx_HAL_Driver/Src/stm32g0xx_hal_rcc_ex.c ****     __HAL_RCC_TIM15_CONFIG(PeriphClkInit->Tim15ClockSelection);
 391              		.loc 1 376 5 view .LVU121
 392 0180 144D     		ldr	r5, .L75
 393 0182 1E4E     		ldr	r6, .L75+40
 394 0184 696D     		ldr	r1, [r5, #84]
 395 0186 E26A     		ldr	r2, [r4, #44]
 396 0188 3140     		ands	r1, r6
 397 018a 1143     		orrs	r1, r2
 398 018c 6965     		str	r1, [r5, #84]
 377:../../../../..//Drivers/STM32G0xx_HAL_Driver/Src/stm32g0xx_hal_rcc_ex.c **** 
 378:../../../../..//Drivers/STM32G0xx_HAL_Driver/Src/stm32g0xx_hal_rcc_ex.c ****     if (PeriphClkInit->Tim15ClockSelection == RCC_TIM15CLKSOURCE_PLL)
 399              		.loc 1 378 5 view .LVU122
 400              		.loc 1 378 8 is_stmt 0 view .LVU123
 401 018e 8021     		movs	r1, #128
 402 0190 4904     		lsls	r1, r1, #17
 403 0192 8A42     		cmp	r2, r1
 404 0194 02D1     		bne	.L27
 379:../../../../..//Drivers/STM32G0xx_HAL_Driver/Src/stm32g0xx_hal_rcc_ex.c ****     {
 380:../../../../..//Drivers/STM32G0xx_HAL_Driver/Src/stm32g0xx_hal_rcc_ex.c ****       /* Enable PLLQCLK output */
 381:../../../../..//Drivers/STM32G0xx_HAL_Driver/Src/stm32g0xx_hal_rcc_ex.c ****       __HAL_RCC_PLLCLKOUT_ENABLE(RCC_PLLQCLK);
ARM GAS  /tmp/ccMVeFq7.s 			page 15


 405              		.loc 1 381 7 is_stmt 1 view .LVU124
 406 0196 E968     		ldr	r1, [r5, #12]
 407 0198 0A43     		orrs	r2, r1
 408 019a EA60     		str	r2, [r5, #12]
 409              	.L27:
 382:../../../../..//Drivers/STM32G0xx_HAL_Driver/Src/stm32g0xx_hal_rcc_ex.c ****     }
 383:../../../../..//Drivers/STM32G0xx_HAL_Driver/Src/stm32g0xx_hal_rcc_ex.c ****   }
 384:../../../../..//Drivers/STM32G0xx_HAL_Driver/Src/stm32g0xx_hal_rcc_ex.c **** #endif /* RCC_CCIPR_TIM15SEL */
 385:../../../../..//Drivers/STM32G0xx_HAL_Driver/Src/stm32g0xx_hal_rcc_ex.c **** 
 386:../../../../..//Drivers/STM32G0xx_HAL_Driver/Src/stm32g0xx_hal_rcc_ex.c ****   /*-------------------------- I2S1 clock source configuration ---------------------*/
 387:../../../../..//Drivers/STM32G0xx_HAL_Driver/Src/stm32g0xx_hal_rcc_ex.c ****   if (((PeriphClkInit->PeriphClockSelection) & RCC_PERIPHCLK_I2S1) == RCC_PERIPHCLK_I2S1)
 410              		.loc 1 387 3 view .LVU125
 411              		.loc 1 387 6 is_stmt 0 view .LVU126
 412 019c 1B05     		lsls	r3, r3, #20
 413 019e 0FD5     		bpl	.L35
 388:../../../../..//Drivers/STM32G0xx_HAL_Driver/Src/stm32g0xx_hal_rcc_ex.c ****   {
 389:../../../../..//Drivers/STM32G0xx_HAL_Driver/Src/stm32g0xx_hal_rcc_ex.c ****     /* Check the parameters */
 390:../../../../..//Drivers/STM32G0xx_HAL_Driver/Src/stm32g0xx_hal_rcc_ex.c ****     assert_param(IS_RCC_I2S1CLKSOURCE(PeriphClkInit->I2s1ClockSelection));
 414              		.loc 1 390 5 is_stmt 1 view .LVU127
 391:../../../../..//Drivers/STM32G0xx_HAL_Driver/Src/stm32g0xx_hal_rcc_ex.c **** 
 392:../../../../..//Drivers/STM32G0xx_HAL_Driver/Src/stm32g0xx_hal_rcc_ex.c ****     /* Configure the I2S1 clock source */
 393:../../../../..//Drivers/STM32G0xx_HAL_Driver/Src/stm32g0xx_hal_rcc_ex.c ****     __HAL_RCC_I2S1_CONFIG(PeriphClkInit->I2s1ClockSelection);
 415              		.loc 1 393 5 view .LVU128
 416 01a0 0C4A     		ldr	r2, .L75
 417 01a2 6169     		ldr	r1, [r4, #20]
 418 01a4 536D     		ldr	r3, [r2, #84]
 419 01a6 164C     		ldr	r4, .L75+44
 420              	.LVL18:
 421              		.loc 1 393 5 is_stmt 0 view .LVU129
 422 01a8 2340     		ands	r3, r4
 423 01aa 0B43     		orrs	r3, r1
 424 01ac 5365     		str	r3, [r2, #84]
 394:../../../../..//Drivers/STM32G0xx_HAL_Driver/Src/stm32g0xx_hal_rcc_ex.c **** 
 395:../../../../..//Drivers/STM32G0xx_HAL_Driver/Src/stm32g0xx_hal_rcc_ex.c ****     if (PeriphClkInit->I2s1ClockSelection == RCC_I2S1CLKSOURCE_PLL)
 425              		.loc 1 395 5 is_stmt 1 view .LVU130
 426              		.loc 1 395 8 is_stmt 0 view .LVU131
 427 01ae 8023     		movs	r3, #128
 428 01b0 DB01     		lsls	r3, r3, #7
 429 01b2 9942     		cmp	r1, r3
 430 01b4 04D1     		bne	.L35
 396:../../../../..//Drivers/STM32G0xx_HAL_Driver/Src/stm32g0xx_hal_rcc_ex.c ****     {
 397:../../../../..//Drivers/STM32G0xx_HAL_Driver/Src/stm32g0xx_hal_rcc_ex.c ****       /* Enable PLLPCLK output */
 398:../../../../..//Drivers/STM32G0xx_HAL_Driver/Src/stm32g0xx_hal_rcc_ex.c ****       __HAL_RCC_PLLCLKOUT_ENABLE(RCC_PLLPCLK);
 431              		.loc 1 398 7 is_stmt 1 view .LVU132
 432 01b6 8023     		movs	r3, #128
 433 01b8 D168     		ldr	r1, [r2, #12]
 434 01ba 5B02     		lsls	r3, r3, #9
 435 01bc 0B43     		orrs	r3, r1
 436 01be D360     		str	r3, [r2, #12]
 399:../../../../..//Drivers/STM32G0xx_HAL_Driver/Src/stm32g0xx_hal_rcc_ex.c ****     }
 400:../../../../..//Drivers/STM32G0xx_HAL_Driver/Src/stm32g0xx_hal_rcc_ex.c ****   }
 401:../../../../..//Drivers/STM32G0xx_HAL_Driver/Src/stm32g0xx_hal_rcc_ex.c **** 
 402:../../../../..//Drivers/STM32G0xx_HAL_Driver/Src/stm32g0xx_hal_rcc_ex.c **** #if defined(RCC_CCIPR2_I2S2SEL)
 403:../../../../..//Drivers/STM32G0xx_HAL_Driver/Src/stm32g0xx_hal_rcc_ex.c ****   /*-------------------------- I2S2 clock source configuration ---------------------*/
 404:../../../../..//Drivers/STM32G0xx_HAL_Driver/Src/stm32g0xx_hal_rcc_ex.c ****   if (((PeriphClkInit->PeriphClockSelection) & RCC_PERIPHCLK_I2S2) == RCC_PERIPHCLK_I2S2)
 405:../../../../..//Drivers/STM32G0xx_HAL_Driver/Src/stm32g0xx_hal_rcc_ex.c ****   {
 406:../../../../..//Drivers/STM32G0xx_HAL_Driver/Src/stm32g0xx_hal_rcc_ex.c ****     /* Check the parameters */
ARM GAS  /tmp/ccMVeFq7.s 			page 16


 407:../../../../..//Drivers/STM32G0xx_HAL_Driver/Src/stm32g0xx_hal_rcc_ex.c ****     assert_param(IS_RCC_I2S2CLKSOURCE(PeriphClkInit->I2s2ClockSelection));
 408:../../../../..//Drivers/STM32G0xx_HAL_Driver/Src/stm32g0xx_hal_rcc_ex.c **** 
 409:../../../../..//Drivers/STM32G0xx_HAL_Driver/Src/stm32g0xx_hal_rcc_ex.c ****     /* Configure the I2S2 clock source */
 410:../../../../..//Drivers/STM32G0xx_HAL_Driver/Src/stm32g0xx_hal_rcc_ex.c ****     __HAL_RCC_I2S2_CONFIG(PeriphClkInit->I2s2ClockSelection);
 411:../../../../..//Drivers/STM32G0xx_HAL_Driver/Src/stm32g0xx_hal_rcc_ex.c **** 
 412:../../../../..//Drivers/STM32G0xx_HAL_Driver/Src/stm32g0xx_hal_rcc_ex.c ****     if (PeriphClkInit->I2s2ClockSelection == RCC_I2S2CLKSOURCE_PLL)
 413:../../../../..//Drivers/STM32G0xx_HAL_Driver/Src/stm32g0xx_hal_rcc_ex.c ****     {
 414:../../../../..//Drivers/STM32G0xx_HAL_Driver/Src/stm32g0xx_hal_rcc_ex.c ****       /* Enable PLLPCLK output */
 415:../../../../..//Drivers/STM32G0xx_HAL_Driver/Src/stm32g0xx_hal_rcc_ex.c ****       __HAL_RCC_PLLCLKOUT_ENABLE(RCC_PLLPCLK);
 416:../../../../..//Drivers/STM32G0xx_HAL_Driver/Src/stm32g0xx_hal_rcc_ex.c ****     }
 417:../../../../..//Drivers/STM32G0xx_HAL_Driver/Src/stm32g0xx_hal_rcc_ex.c ****   }
 418:../../../../..//Drivers/STM32G0xx_HAL_Driver/Src/stm32g0xx_hal_rcc_ex.c **** #endif /* RCC_CCIPR2_I2S2SEL */
 419:../../../../..//Drivers/STM32G0xx_HAL_Driver/Src/stm32g0xx_hal_rcc_ex.c **** 
 420:../../../../..//Drivers/STM32G0xx_HAL_Driver/Src/stm32g0xx_hal_rcc_ex.c **** #if defined(STM32G0C1xx) || defined(STM32G0B1xx)  || defined(STM32G0B0xx)
 421:../../../../..//Drivers/STM32G0xx_HAL_Driver/Src/stm32g0xx_hal_rcc_ex.c ****   /*-------------------------- USB clock source configuration ---------------------*/
 422:../../../../..//Drivers/STM32G0xx_HAL_Driver/Src/stm32g0xx_hal_rcc_ex.c ****   if (((PeriphClkInit->PeriphClockSelection) & RCC_PERIPHCLK_USB) == RCC_PERIPHCLK_USB)
 423:../../../../..//Drivers/STM32G0xx_HAL_Driver/Src/stm32g0xx_hal_rcc_ex.c ****   {
 424:../../../../..//Drivers/STM32G0xx_HAL_Driver/Src/stm32g0xx_hal_rcc_ex.c ****     /* Check the parameters */
 425:../../../../..//Drivers/STM32G0xx_HAL_Driver/Src/stm32g0xx_hal_rcc_ex.c ****     assert_param(IS_RCC_USBCLKSOURCE(PeriphClkInit->UsbClockSelection));
 426:../../../../..//Drivers/STM32G0xx_HAL_Driver/Src/stm32g0xx_hal_rcc_ex.c **** 
 427:../../../../..//Drivers/STM32G0xx_HAL_Driver/Src/stm32g0xx_hal_rcc_ex.c ****     /* Configure the USB clock source */
 428:../../../../..//Drivers/STM32G0xx_HAL_Driver/Src/stm32g0xx_hal_rcc_ex.c ****     __HAL_RCC_USB_CONFIG(PeriphClkInit->UsbClockSelection);
 429:../../../../..//Drivers/STM32G0xx_HAL_Driver/Src/stm32g0xx_hal_rcc_ex.c **** 
 430:../../../../..//Drivers/STM32G0xx_HAL_Driver/Src/stm32g0xx_hal_rcc_ex.c ****     if (PeriphClkInit->UsbClockSelection == RCC_USBCLKSOURCE_PLL)
 431:../../../../..//Drivers/STM32G0xx_HAL_Driver/Src/stm32g0xx_hal_rcc_ex.c ****     {
 432:../../../../..//Drivers/STM32G0xx_HAL_Driver/Src/stm32g0xx_hal_rcc_ex.c ****       /* Enable PLLQCLK output */
 433:../../../../..//Drivers/STM32G0xx_HAL_Driver/Src/stm32g0xx_hal_rcc_ex.c ****       __HAL_RCC_PLLCLKOUT_ENABLE(RCC_PLLQCLK);
 434:../../../../..//Drivers/STM32G0xx_HAL_Driver/Src/stm32g0xx_hal_rcc_ex.c ****     }
 435:../../../../..//Drivers/STM32G0xx_HAL_Driver/Src/stm32g0xx_hal_rcc_ex.c ****   }
 436:../../../../..//Drivers/STM32G0xx_HAL_Driver/Src/stm32g0xx_hal_rcc_ex.c **** #endif /* STM32G0C1xx || STM32G0B1xx || STM32G0B0xx */
 437:../../../../..//Drivers/STM32G0xx_HAL_Driver/Src/stm32g0xx_hal_rcc_ex.c **** 
 438:../../../../..//Drivers/STM32G0xx_HAL_Driver/Src/stm32g0xx_hal_rcc_ex.c **** #if defined(FDCAN1) || defined(FDCAN2)
 439:../../../../..//Drivers/STM32G0xx_HAL_Driver/Src/stm32g0xx_hal_rcc_ex.c ****   /*-------------------------- FDCAN clock source configuration ---------------------*/
 440:../../../../..//Drivers/STM32G0xx_HAL_Driver/Src/stm32g0xx_hal_rcc_ex.c ****   if (((PeriphClkInit->PeriphClockSelection) & RCC_PERIPHCLK_FDCAN) == RCC_PERIPHCLK_FDCAN)
 441:../../../../..//Drivers/STM32G0xx_HAL_Driver/Src/stm32g0xx_hal_rcc_ex.c ****   {
 442:../../../../..//Drivers/STM32G0xx_HAL_Driver/Src/stm32g0xx_hal_rcc_ex.c ****     /* Check the parameters */
 443:../../../../..//Drivers/STM32G0xx_HAL_Driver/Src/stm32g0xx_hal_rcc_ex.c ****     assert_param(IS_RCC_FDCANCLKSOURCE(PeriphClkInit->FdcanClockSelection));
 444:../../../../..//Drivers/STM32G0xx_HAL_Driver/Src/stm32g0xx_hal_rcc_ex.c **** 
 445:../../../../..//Drivers/STM32G0xx_HAL_Driver/Src/stm32g0xx_hal_rcc_ex.c ****     /* Configure the FDCAN clock source */
 446:../../../../..//Drivers/STM32G0xx_HAL_Driver/Src/stm32g0xx_hal_rcc_ex.c ****     __HAL_RCC_FDCAN_CONFIG(PeriphClkInit->FdcanClockSelection);
 447:../../../../..//Drivers/STM32G0xx_HAL_Driver/Src/stm32g0xx_hal_rcc_ex.c **** 
 448:../../../../..//Drivers/STM32G0xx_HAL_Driver/Src/stm32g0xx_hal_rcc_ex.c ****     if (PeriphClkInit->FdcanClockSelection == RCC_FDCANCLKSOURCE_PLL)
 449:../../../../..//Drivers/STM32G0xx_HAL_Driver/Src/stm32g0xx_hal_rcc_ex.c ****     {
 450:../../../../..//Drivers/STM32G0xx_HAL_Driver/Src/stm32g0xx_hal_rcc_ex.c ****       /* Enable PLLQCLK output */
 451:../../../../..//Drivers/STM32G0xx_HAL_Driver/Src/stm32g0xx_hal_rcc_ex.c ****       __HAL_RCC_PLLCLKOUT_ENABLE(RCC_PLLQCLK);
 452:../../../../..//Drivers/STM32G0xx_HAL_Driver/Src/stm32g0xx_hal_rcc_ex.c ****     }
 453:../../../../..//Drivers/STM32G0xx_HAL_Driver/Src/stm32g0xx_hal_rcc_ex.c ****   }
 454:../../../../..//Drivers/STM32G0xx_HAL_Driver/Src/stm32g0xx_hal_rcc_ex.c **** #endif /* FDCAN1 || FDCAN2 */
 455:../../../../..//Drivers/STM32G0xx_HAL_Driver/Src/stm32g0xx_hal_rcc_ex.c **** 
 456:../../../../..//Drivers/STM32G0xx_HAL_Driver/Src/stm32g0xx_hal_rcc_ex.c ****   return status;
 437              		.loc 1 456 3 view .LVU133
 438              	.L35:
 457:../../../../..//Drivers/STM32G0xx_HAL_Driver/Src/stm32g0xx_hal_rcc_ex.c **** }
 439              		.loc 1 457 1 is_stmt 0 view .LVU134
 440 01c0 05B0     		add	sp, sp, #20
 441              		@ sp needed
 442 01c2 F0BD     		pop	{r4, r5, r6, r7, pc}
ARM GAS  /tmp/ccMVeFq7.s 			page 17


 443              	.LVL19:
 444              	.L11:
 445              	.LBB5:
 178:../../../../..//Drivers/STM32G0xx_HAL_Driver/Src/stm32g0xx_hal_rcc_ex.c ****           {
 446              		.loc 1 178 11 is_stmt 1 view .LVU135
 178:../../../../..//Drivers/STM32G0xx_HAL_Driver/Src/stm32g0xx_hal_rcc_ex.c ****           {
 447              		.loc 1 178 16 is_stmt 0 view .LVU136
 448 01c4 FFF7FEFF 		bl	HAL_GetTick
 449              	.LVL20:
 178:../../../../..//Drivers/STM32G0xx_HAL_Driver/Src/stm32g0xx_hal_rcc_ex.c ****           {
 450              		.loc 1 178 14 discriminator 1 view .LVU137
 451 01c8 0E4B     		ldr	r3, .L75+48
 178:../../../../..//Drivers/STM32G0xx_HAL_Driver/Src/stm32g0xx_hal_rcc_ex.c ****           {
 452              		.loc 1 178 30 discriminator 1 view .LVU138
 453 01ca C01B     		subs	r0, r0, r7
 178:../../../../..//Drivers/STM32G0xx_HAL_Driver/Src/stm32g0xx_hal_rcc_ex.c ****           {
 454              		.loc 1 178 14 discriminator 1 view .LVU139
 455 01cc 9842     		cmp	r0, r3
 456 01ce 00D8     		bhi	.LCB452
 457 01d0 56E7     		b	.L10	@long jump
 458              	.LCB452:
 459 01d2 67E7     		b	.L5
 460              	.L76:
 461              		.align	2
 462              	.L75:
 463 01d4 00100240 		.word	1073876992
 464 01d8 00700040 		.word	1073770496
 465 01dc FFFCFFFF 		.word	-769
 466 01e0 FFFFFEFF 		.word	-65537
 467 01e4 FFFFFFEF 		.word	-268435457
 468 01e8 FFF3FFFF 		.word	-3073
 469 01ec FFFFF3FF 		.word	-786433
 470 01f0 FFFFCFFF 		.word	-3145729
 471 01f4 FFCFFFFF 		.word	-12289
 472 01f8 FFFFBFFF 		.word	-4194305
 473 01fc FFFFFFFE 		.word	-16777217
 474 0200 FF3FFFFF 		.word	-49153
 475 0204 88130000 		.word	5000
 476              	.LBE5:
 477              		.cfi_endproc
 478              	.LFE180:
 480              		.section	.text.HAL_RCCEx_GetPeriphCLKConfig,"ax",%progbits
 481              		.align	1
 482              		.global	HAL_RCCEx_GetPeriphCLKConfig
 483              		.syntax unified
 484              		.code	16
 485              		.thumb_func
 487              	HAL_RCCEx_GetPeriphCLKConfig:
 488              	.LVL21:
 489              	.LFB181:
 458:../../../../..//Drivers/STM32G0xx_HAL_Driver/Src/stm32g0xx_hal_rcc_ex.c **** 
 459:../../../../..//Drivers/STM32G0xx_HAL_Driver/Src/stm32g0xx_hal_rcc_ex.c **** /**
 460:../../../../..//Drivers/STM32G0xx_HAL_Driver/Src/stm32g0xx_hal_rcc_ex.c ****   * @brief  Get the RCC_ClkInitStruct according to the internal RCC configuration registers.
 461:../../../../..//Drivers/STM32G0xx_HAL_Driver/Src/stm32g0xx_hal_rcc_ex.c ****   * @param  PeriphClkInit pointer to an RCC_PeriphCLKInitTypeDef structure that
 462:../../../../..//Drivers/STM32G0xx_HAL_Driver/Src/stm32g0xx_hal_rcc_ex.c ****   *         returns the configuration information for the Extended Peripherals
 463:../../../../..//Drivers/STM32G0xx_HAL_Driver/Src/stm32g0xx_hal_rcc_ex.c ****   *         clocks: I2C1, I2S1, USART1, RTC, ADC,
 464:../../../../..//Drivers/STM32G0xx_HAL_Driver/Src/stm32g0xx_hal_rcc_ex.c ****   *         LPTIM1 (1), LPTIM2 (1), TIM1 (2), TIM15 (1)(2), USART2 (2), LPUART1 (1), CEC (1) and RN
ARM GAS  /tmp/ccMVeFq7.s 			page 18


 465:../../../../..//Drivers/STM32G0xx_HAL_Driver/Src/stm32g0xx_hal_rcc_ex.c ****   * @note (1) Peripheral is not available on all devices
 466:../../../../..//Drivers/STM32G0xx_HAL_Driver/Src/stm32g0xx_hal_rcc_ex.c ****   * @note (2) Peripheral clock selection is not available on all devices
 467:../../../../..//Drivers/STM32G0xx_HAL_Driver/Src/stm32g0xx_hal_rcc_ex.c ****   * @retval None
 468:../../../../..//Drivers/STM32G0xx_HAL_Driver/Src/stm32g0xx_hal_rcc_ex.c ****   */
 469:../../../../..//Drivers/STM32G0xx_HAL_Driver/Src/stm32g0xx_hal_rcc_ex.c **** void HAL_RCCEx_GetPeriphCLKConfig(RCC_PeriphCLKInitTypeDef  *PeriphClkInit)
 470:../../../../..//Drivers/STM32G0xx_HAL_Driver/Src/stm32g0xx_hal_rcc_ex.c **** {
 490              		.loc 1 470 1 is_stmt 1 view -0
 491              		.cfi_startproc
 492              		@ args = 0, pretend = 0, frame = 0
 493              		@ frame_needed = 0, uses_anonymous_args = 0
 494              		@ link register save eliminated.
 471:../../../../..//Drivers/STM32G0xx_HAL_Driver/Src/stm32g0xx_hal_rcc_ex.c ****   /* Set all possible values for the extended clock type parameter------------*/
 472:../../../../..//Drivers/STM32G0xx_HAL_Driver/Src/stm32g0xx_hal_rcc_ex.c ****   PeriphClkInit->PeriphClockSelection = RCC_PERIPHCLK_USART1 | RCC_PERIPHCLK_I2C1 | RCC_PERIPHCLK_I
 495              		.loc 1 472 3 view .LVU141
 473:../../../../..//Drivers/STM32G0xx_HAL_Driver/Src/stm32g0xx_hal_rcc_ex.c ****                                         RCC_PERIPHCLK_ADC     | RCC_PERIPHCLK_RTC ;
 474:../../../../..//Drivers/STM32G0xx_HAL_Driver/Src/stm32g0xx_hal_rcc_ex.c **** 
 475:../../../../..//Drivers/STM32G0xx_HAL_Driver/Src/stm32g0xx_hal_rcc_ex.c **** #if defined(RCC_CCIPR_LPTIM1SEL) && defined(RCC_CCIPR_LPTIM2SEL)
 476:../../../../..//Drivers/STM32G0xx_HAL_Driver/Src/stm32g0xx_hal_rcc_ex.c ****   PeriphClkInit->PeriphClockSelection |=  RCC_PERIPHCLK_LPTIM2  | RCC_PERIPHCLK_LPTIM1;
 496              		.loc 1 476 3 view .LVU142
 477:../../../../..//Drivers/STM32G0xx_HAL_Driver/Src/stm32g0xx_hal_rcc_ex.c **** #endif /* RCC_CCIPR_LPTIM1SEL && RCC_CCIPR_LPTIM2SEL */
 478:../../../../..//Drivers/STM32G0xx_HAL_Driver/Src/stm32g0xx_hal_rcc_ex.c **** #if defined(RCC_CCIPR_RNGSEL)
 479:../../../../..//Drivers/STM32G0xx_HAL_Driver/Src/stm32g0xx_hal_rcc_ex.c ****   PeriphClkInit->PeriphClockSelection |=  RCC_PERIPHCLK_RNG;
 480:../../../../..//Drivers/STM32G0xx_HAL_Driver/Src/stm32g0xx_hal_rcc_ex.c **** #endif /* RCC_CCIPR_RNGSEL */
 481:../../../../..//Drivers/STM32G0xx_HAL_Driver/Src/stm32g0xx_hal_rcc_ex.c **** #if defined(RCC_CCIPR_LPUART1SEL)
 482:../../../../..//Drivers/STM32G0xx_HAL_Driver/Src/stm32g0xx_hal_rcc_ex.c ****   PeriphClkInit->PeriphClockSelection |=  RCC_PERIPHCLK_LPUART1;
 497              		.loc 1 482 3 view .LVU143
 483:../../../../..//Drivers/STM32G0xx_HAL_Driver/Src/stm32g0xx_hal_rcc_ex.c **** #endif /* RCC_CCIPR_LPUART1SEL */
 484:../../../../..//Drivers/STM32G0xx_HAL_Driver/Src/stm32g0xx_hal_rcc_ex.c **** #if defined(RCC_CCIPR_LPUART2SEL)
 485:../../../../..//Drivers/STM32G0xx_HAL_Driver/Src/stm32g0xx_hal_rcc_ex.c ****   PeriphClkInit->PeriphClockSelection |=  RCC_PERIPHCLK_LPUART2;
 486:../../../../..//Drivers/STM32G0xx_HAL_Driver/Src/stm32g0xx_hal_rcc_ex.c **** #endif /* RCC_CCIPR_LPUART2SEL */
 487:../../../../..//Drivers/STM32G0xx_HAL_Driver/Src/stm32g0xx_hal_rcc_ex.c **** #if defined(RCC_CCIPR_CECSEL)
 488:../../../../..//Drivers/STM32G0xx_HAL_Driver/Src/stm32g0xx_hal_rcc_ex.c ****   PeriphClkInit->PeriphClockSelection |=  RCC_PERIPHCLK_CEC;
 498              		.loc 1 488 3 view .LVU144
 489:../../../../..//Drivers/STM32G0xx_HAL_Driver/Src/stm32g0xx_hal_rcc_ex.c **** #endif /* RCC_CCIPR_CECSEL */
 490:../../../../..//Drivers/STM32G0xx_HAL_Driver/Src/stm32g0xx_hal_rcc_ex.c **** #if defined(RCC_CCIPR_TIM1SEL)
 491:../../../../..//Drivers/STM32G0xx_HAL_Driver/Src/stm32g0xx_hal_rcc_ex.c ****   PeriphClkInit->PeriphClockSelection |=  RCC_PERIPHCLK_TIM1;
 499              		.loc 1 491 3 view .LVU145
 492:../../../../..//Drivers/STM32G0xx_HAL_Driver/Src/stm32g0xx_hal_rcc_ex.c **** #endif /* RCC_CCIPR_TIM1SEL */
 493:../../../../..//Drivers/STM32G0xx_HAL_Driver/Src/stm32g0xx_hal_rcc_ex.c **** #if defined(RCC_CCIPR_TIM15SEL)
 494:../../../../..//Drivers/STM32G0xx_HAL_Driver/Src/stm32g0xx_hal_rcc_ex.c ****   PeriphClkInit->PeriphClockSelection |=  RCC_PERIPHCLK_TIM15;
 500              		.loc 1 494 3 view .LVU146
 495:../../../../..//Drivers/STM32G0xx_HAL_Driver/Src/stm32g0xx_hal_rcc_ex.c **** #endif /* RCC_CCIPR_TIM15SEL */
 496:../../../../..//Drivers/STM32G0xx_HAL_Driver/Src/stm32g0xx_hal_rcc_ex.c **** #if defined(RCC_CCIPR_USART2SEL)
 497:../../../../..//Drivers/STM32G0xx_HAL_Driver/Src/stm32g0xx_hal_rcc_ex.c ****   PeriphClkInit->PeriphClockSelection |=  RCC_PERIPHCLK_USART2;
 501              		.loc 1 497 3 view .LVU147
 498:../../../../..//Drivers/STM32G0xx_HAL_Driver/Src/stm32g0xx_hal_rcc_ex.c **** #endif /* RCC_CCIPR_USART2SEL */
 499:../../../../..//Drivers/STM32G0xx_HAL_Driver/Src/stm32g0xx_hal_rcc_ex.c **** #if defined(RCC_CCIPR_USART3SEL)
 500:../../../../..//Drivers/STM32G0xx_HAL_Driver/Src/stm32g0xx_hal_rcc_ex.c ****   PeriphClkInit->PeriphClockSelection |=  RCC_PERIPHCLK_USART3;
 501:../../../../..//Drivers/STM32G0xx_HAL_Driver/Src/stm32g0xx_hal_rcc_ex.c **** #endif /* RCC_CCIPR_USART3SEL */
 502:../../../../..//Drivers/STM32G0xx_HAL_Driver/Src/stm32g0xx_hal_rcc_ex.c **** #if defined(RCC_CCIPR_I2C2SEL)
 503:../../../../..//Drivers/STM32G0xx_HAL_Driver/Src/stm32g0xx_hal_rcc_ex.c ****   PeriphClkInit->PeriphClockSelection |=  RCC_PERIPHCLK_I2C2;
 504:../../../../..//Drivers/STM32G0xx_HAL_Driver/Src/stm32g0xx_hal_rcc_ex.c **** #endif /* RCC_CCIPR_I2C2SEL */
 505:../../../../..//Drivers/STM32G0xx_HAL_Driver/Src/stm32g0xx_hal_rcc_ex.c **** #if defined(RCC_CCIPR2_I2S2SEL)
 506:../../../../..//Drivers/STM32G0xx_HAL_Driver/Src/stm32g0xx_hal_rcc_ex.c ****   PeriphClkInit->PeriphClockSelection |=  RCC_PERIPHCLK_I2S2;
 507:../../../../..//Drivers/STM32G0xx_HAL_Driver/Src/stm32g0xx_hal_rcc_ex.c **** #endif /* RCC_CCIPR2_I2S2SEL */
 508:../../../../..//Drivers/STM32G0xx_HAL_Driver/Src/stm32g0xx_hal_rcc_ex.c **** #if defined(RCC_CCIPR2_USBSEL)
 509:../../../../..//Drivers/STM32G0xx_HAL_Driver/Src/stm32g0xx_hal_rcc_ex.c ****   PeriphClkInit->PeriphClockSelection |=  RCC_PERIPHCLK_USB;
ARM GAS  /tmp/ccMVeFq7.s 			page 19


 510:../../../../..//Drivers/STM32G0xx_HAL_Driver/Src/stm32g0xx_hal_rcc_ex.c **** #endif /* RCC_CCIPR2_USBSEL */
 511:../../../../..//Drivers/STM32G0xx_HAL_Driver/Src/stm32g0xx_hal_rcc_ex.c **** #if defined(RCC_CCIPR2_FDCANSEL)
 512:../../../../..//Drivers/STM32G0xx_HAL_Driver/Src/stm32g0xx_hal_rcc_ex.c ****   PeriphClkInit->PeriphClockSelection |=  RCC_PERIPHCLK_FDCAN;
 513:../../../../..//Drivers/STM32G0xx_HAL_Driver/Src/stm32g0xx_hal_rcc_ex.c **** #endif /* RCC_CCIPR_FDCANSEL */
 514:../../../../..//Drivers/STM32G0xx_HAL_Driver/Src/stm32g0xx_hal_rcc_ex.c ****   /* Get the USART1 clock source ---------------------------------------------*/
 515:../../../../..//Drivers/STM32G0xx_HAL_Driver/Src/stm32g0xx_hal_rcc_ex.c ****   PeriphClkInit->Usart1ClockSelection  = __HAL_RCC_GET_USART1_SOURCE();
 502              		.loc 1 515 42 is_stmt 0 view .LVU148
 503 0000 0321     		movs	r1, #3
 516:../../../../..//Drivers/STM32G0xx_HAL_Driver/Src/stm32g0xx_hal_rcc_ex.c **** #if defined(RCC_CCIPR_USART2SEL)
 517:../../../../..//Drivers/STM32G0xx_HAL_Driver/Src/stm32g0xx_hal_rcc_ex.c ****   /* Get the USART2 clock source ---------------------------------------------*/
 518:../../../../..//Drivers/STM32G0xx_HAL_Driver/Src/stm32g0xx_hal_rcc_ex.c ****   PeriphClkInit->Usart2ClockSelection  = __HAL_RCC_GET_USART2_SOURCE();
 519:../../../../..//Drivers/STM32G0xx_HAL_Driver/Src/stm32g0xx_hal_rcc_ex.c **** #endif /* RCC_CCIPR_USART2SEL */
 520:../../../../..//Drivers/STM32G0xx_HAL_Driver/Src/stm32g0xx_hal_rcc_ex.c **** #if defined(RCC_CCIPR_USART3SEL)
 521:../../../../..//Drivers/STM32G0xx_HAL_Driver/Src/stm32g0xx_hal_rcc_ex.c ****   /* Get the USART3 clock source ---------------------------------------------*/
 522:../../../../..//Drivers/STM32G0xx_HAL_Driver/Src/stm32g0xx_hal_rcc_ex.c ****   PeriphClkInit->Usart3ClockSelection  = __HAL_RCC_GET_USART3_SOURCE();
 523:../../../../..//Drivers/STM32G0xx_HAL_Driver/Src/stm32g0xx_hal_rcc_ex.c **** #endif /* RCC_CCIPR_USART3SEL */
 524:../../../../..//Drivers/STM32G0xx_HAL_Driver/Src/stm32g0xx_hal_rcc_ex.c **** #if defined(RCC_CCIPR_LPUART1SEL)
 525:../../../../..//Drivers/STM32G0xx_HAL_Driver/Src/stm32g0xx_hal_rcc_ex.c ****   /* Get the LPUART1 clock source --------------------------------------------*/
 526:../../../../..//Drivers/STM32G0xx_HAL_Driver/Src/stm32g0xx_hal_rcc_ex.c ****   PeriphClkInit->Lpuart1ClockSelection = __HAL_RCC_GET_LPUART1_SOURCE();
 527:../../../../..//Drivers/STM32G0xx_HAL_Driver/Src/stm32g0xx_hal_rcc_ex.c **** #endif /* RCC_CCIPR_LPUART1SEL */
 528:../../../../..//Drivers/STM32G0xx_HAL_Driver/Src/stm32g0xx_hal_rcc_ex.c **** #if defined(RCC_CCIPR_LPUART2SEL)
 529:../../../../..//Drivers/STM32G0xx_HAL_Driver/Src/stm32g0xx_hal_rcc_ex.c ****   /* Get the LPUART2 clock source --------------------------------------------*/
 530:../../../../..//Drivers/STM32G0xx_HAL_Driver/Src/stm32g0xx_hal_rcc_ex.c ****   PeriphClkInit->Lpuart2ClockSelection = __HAL_RCC_GET_LPUART2_SOURCE();
 531:../../../../..//Drivers/STM32G0xx_HAL_Driver/Src/stm32g0xx_hal_rcc_ex.c **** #endif /* RCC_CCIPR_LPUART2SEL */
 532:../../../../..//Drivers/STM32G0xx_HAL_Driver/Src/stm32g0xx_hal_rcc_ex.c ****   /* Get the I2C1 clock source -----------------------------------------------*/
 533:../../../../..//Drivers/STM32G0xx_HAL_Driver/Src/stm32g0xx_hal_rcc_ex.c ****   PeriphClkInit->I2c1ClockSelection    = __HAL_RCC_GET_I2C1_SOURCE();
 534:../../../../..//Drivers/STM32G0xx_HAL_Driver/Src/stm32g0xx_hal_rcc_ex.c **** #if defined(RCC_CCIPR_I2C2SEL)
 535:../../../../..//Drivers/STM32G0xx_HAL_Driver/Src/stm32g0xx_hal_rcc_ex.c ****   /* Get the I2C2 clock source -----------------------------------------------*/
 536:../../../../..//Drivers/STM32G0xx_HAL_Driver/Src/stm32g0xx_hal_rcc_ex.c ****   PeriphClkInit->I2c2ClockSelection    = __HAL_RCC_GET_I2C2_SOURCE();
 537:../../../../..//Drivers/STM32G0xx_HAL_Driver/Src/stm32g0xx_hal_rcc_ex.c **** #endif /* RCC_CCIPR_I2C2SEL */
 538:../../../../..//Drivers/STM32G0xx_HAL_Driver/Src/stm32g0xx_hal_rcc_ex.c **** #if defined(RCC_CCIPR_LPTIM1SEL)
 539:../../../../..//Drivers/STM32G0xx_HAL_Driver/Src/stm32g0xx_hal_rcc_ex.c ****   /* Get the LPTIM1 clock source ---------------------------------------------*/
 540:../../../../..//Drivers/STM32G0xx_HAL_Driver/Src/stm32g0xx_hal_rcc_ex.c ****   PeriphClkInit->Lptim1ClockSelection  = __HAL_RCC_GET_LPTIM1_SOURCE();
 541:../../../../..//Drivers/STM32G0xx_HAL_Driver/Src/stm32g0xx_hal_rcc_ex.c **** #endif /* RCC_CCIPR_LPTIM1SEL */
 542:../../../../..//Drivers/STM32G0xx_HAL_Driver/Src/stm32g0xx_hal_rcc_ex.c **** #if defined(RCC_CCIPR_LPTIM2SEL)
 543:../../../../..//Drivers/STM32G0xx_HAL_Driver/Src/stm32g0xx_hal_rcc_ex.c ****   /* Get the LPTIM2 clock source ---------------------------------------------*/
 544:../../../../..//Drivers/STM32G0xx_HAL_Driver/Src/stm32g0xx_hal_rcc_ex.c ****   PeriphClkInit->Lptim2ClockSelection  = __HAL_RCC_GET_LPTIM2_SOURCE();
 545:../../../../..//Drivers/STM32G0xx_HAL_Driver/Src/stm32g0xx_hal_rcc_ex.c **** #endif /* RCC_CCIPR_LPTIM2SEL */
 546:../../../../..//Drivers/STM32G0xx_HAL_Driver/Src/stm32g0xx_hal_rcc_ex.c **** #if defined(RCC_CCIPR_TIM1SEL)
 547:../../../../..//Drivers/STM32G0xx_HAL_Driver/Src/stm32g0xx_hal_rcc_ex.c ****   /* Get the TIM1 clock source ---------------------------------------------*/
 548:../../../../..//Drivers/STM32G0xx_HAL_Driver/Src/stm32g0xx_hal_rcc_ex.c ****   PeriphClkInit->Tim1ClockSelection  = __HAL_RCC_GET_TIM1_SOURCE();
 549:../../../../..//Drivers/STM32G0xx_HAL_Driver/Src/stm32g0xx_hal_rcc_ex.c **** #endif /* RCC_CCIPR_TIM1SEL */
 550:../../../../..//Drivers/STM32G0xx_HAL_Driver/Src/stm32g0xx_hal_rcc_ex.c **** #if defined(RCC_CCIPR_TIM15SEL)
 551:../../../../..//Drivers/STM32G0xx_HAL_Driver/Src/stm32g0xx_hal_rcc_ex.c ****   /* Get the TIM15 clock source ---------------------------------------------*/
 552:../../../../..//Drivers/STM32G0xx_HAL_Driver/Src/stm32g0xx_hal_rcc_ex.c ****   PeriphClkInit->Tim15ClockSelection  = __HAL_RCC_GET_TIM15_SOURCE();
 553:../../../../..//Drivers/STM32G0xx_HAL_Driver/Src/stm32g0xx_hal_rcc_ex.c **** #endif /* RCC_CCIPR_TIM15SEL */
 554:../../../../..//Drivers/STM32G0xx_HAL_Driver/Src/stm32g0xx_hal_rcc_ex.c ****   /* Get the RTC clock source ------------------------------------------------*/
 555:../../../../..//Drivers/STM32G0xx_HAL_Driver/Src/stm32g0xx_hal_rcc_ex.c ****   PeriphClkInit->RTCClockSelection     = __HAL_RCC_GET_RTC_SOURCE();
 556:../../../../..//Drivers/STM32G0xx_HAL_Driver/Src/stm32g0xx_hal_rcc_ex.c **** #if defined(RCC_CCIPR_RNGSEL)
 557:../../../../..//Drivers/STM32G0xx_HAL_Driver/Src/stm32g0xx_hal_rcc_ex.c ****   /* Get the RNG clock source ------------------------------------------------*/
 558:../../../../..//Drivers/STM32G0xx_HAL_Driver/Src/stm32g0xx_hal_rcc_ex.c ****   PeriphClkInit->RngClockSelection     = __HAL_RCC_GET_RNG_SOURCE();
 559:../../../../..//Drivers/STM32G0xx_HAL_Driver/Src/stm32g0xx_hal_rcc_ex.c **** #endif  /* RCC_CCIPR_RNGSEL */
 560:../../../../..//Drivers/STM32G0xx_HAL_Driver/Src/stm32g0xx_hal_rcc_ex.c ****   /* Get the ADC clock source -----------------------------------------------*/
 561:../../../../..//Drivers/STM32G0xx_HAL_Driver/Src/stm32g0xx_hal_rcc_ex.c ****   PeriphClkInit->AdcClockSelection     = __HAL_RCC_GET_ADC_SOURCE();
 562:../../../../..//Drivers/STM32G0xx_HAL_Driver/Src/stm32g0xx_hal_rcc_ex.c **** #if defined(RCC_CCIPR_CECSEL)
 563:../../../../..//Drivers/STM32G0xx_HAL_Driver/Src/stm32g0xx_hal_rcc_ex.c ****   /* Get the CEC clock source -----------------------------------------------*/
 564:../../../../..//Drivers/STM32G0xx_HAL_Driver/Src/stm32g0xx_hal_rcc_ex.c ****   PeriphClkInit->CecClockSelection     = __HAL_RCC_GET_CEC_SOURCE();
ARM GAS  /tmp/ccMVeFq7.s 			page 20


 565:../../../../..//Drivers/STM32G0xx_HAL_Driver/Src/stm32g0xx_hal_rcc_ex.c **** #endif  /* RCC_CCIPR_CECSEL */
 566:../../../../..//Drivers/STM32G0xx_HAL_Driver/Src/stm32g0xx_hal_rcc_ex.c **** #if defined(RCC_CCIPR2_USBSEL)
 567:../../../../..//Drivers/STM32G0xx_HAL_Driver/Src/stm32g0xx_hal_rcc_ex.c ****   /* Get the USB clock source -----------------------------------------------*/
 568:../../../../..//Drivers/STM32G0xx_HAL_Driver/Src/stm32g0xx_hal_rcc_ex.c ****   PeriphClkInit->UsbClockSelection     = __HAL_RCC_GET_USB_SOURCE();
 569:../../../../..//Drivers/STM32G0xx_HAL_Driver/Src/stm32g0xx_hal_rcc_ex.c **** #endif  /* RCC_CCIPR2_USBSEL */
 570:../../../../..//Drivers/STM32G0xx_HAL_Driver/Src/stm32g0xx_hal_rcc_ex.c **** #if defined(RCC_CCIPR2_FDCANSEL)
 571:../../../../..//Drivers/STM32G0xx_HAL_Driver/Src/stm32g0xx_hal_rcc_ex.c ****   /* Get the FDCAN clock source -----------------------------------------------*/
 572:../../../../..//Drivers/STM32G0xx_HAL_Driver/Src/stm32g0xx_hal_rcc_ex.c ****   PeriphClkInit->FdcanClockSelection     = __HAL_RCC_GET_FDCAN_SOURCE();
 573:../../../../..//Drivers/STM32G0xx_HAL_Driver/Src/stm32g0xx_hal_rcc_ex.c **** #endif  /* RCC_CCIPR2_FDCANSEL */
 574:../../../../..//Drivers/STM32G0xx_HAL_Driver/Src/stm32g0xx_hal_rcc_ex.c ****   /* Get the I2S1 clock source -----------------------------------------------*/
 575:../../../../..//Drivers/STM32G0xx_HAL_Driver/Src/stm32g0xx_hal_rcc_ex.c ****   PeriphClkInit->I2s1ClockSelection    = __HAL_RCC_GET_I2S1_SOURCE();
 576:../../../../..//Drivers/STM32G0xx_HAL_Driver/Src/stm32g0xx_hal_rcc_ex.c **** #if defined(RCC_CCIPR2_I2S2SEL)
 577:../../../../..//Drivers/STM32G0xx_HAL_Driver/Src/stm32g0xx_hal_rcc_ex.c ****   /* Get the I2S2 clock source -----------------------------------------------*/
 578:../../../../..//Drivers/STM32G0xx_HAL_Driver/Src/stm32g0xx_hal_rcc_ex.c ****   PeriphClkInit->I2s2ClockSelection    = __HAL_RCC_GET_I2S2_SOURCE();
 579:../../../../..//Drivers/STM32G0xx_HAL_Driver/Src/stm32g0xx_hal_rcc_ex.c **** #endif /* RCC_CCIPR2_I2S2SEL */
 580:../../../../..//Drivers/STM32G0xx_HAL_Driver/Src/stm32g0xx_hal_rcc_ex.c **** }
 504              		.loc 1 580 1 view .LVU149
 505              		@ sp needed
 497:../../../../..//Drivers/STM32G0xx_HAL_Driver/Src/stm32g0xx_hal_rcc_ex.c **** #endif /* RCC_CCIPR_USART2SEL */
 506              		.loc 1 497 39 view .LVU150
 507 0002 1D4B     		ldr	r3, .L78
 508 0004 0360     		str	r3, [r0]
 515:../../../../..//Drivers/STM32G0xx_HAL_Driver/Src/stm32g0xx_hal_rcc_ex.c **** #if defined(RCC_CCIPR_USART2SEL)
 509              		.loc 1 515 3 is_stmt 1 view .LVU151
 515:../../../../..//Drivers/STM32G0xx_HAL_Driver/Src/stm32g0xx_hal_rcc_ex.c **** #if defined(RCC_CCIPR_USART2SEL)
 510              		.loc 1 515 42 is_stmt 0 view .LVU152
 511 0006 1D4B     		ldr	r3, .L78+4
 512 0008 5A6D     		ldr	r2, [r3, #84]
 513 000a 0A40     		ands	r2, r1
 515:../../../../..//Drivers/STM32G0xx_HAL_Driver/Src/stm32g0xx_hal_rcc_ex.c **** #if defined(RCC_CCIPR_USART2SEL)
 514              		.loc 1 515 40 view .LVU153
 515 000c 4260     		str	r2, [r0, #4]
 518:../../../../..//Drivers/STM32G0xx_HAL_Driver/Src/stm32g0xx_hal_rcc_ex.c **** #endif /* RCC_CCIPR_USART2SEL */
 516              		.loc 1 518 3 is_stmt 1 view .LVU154
 518:../../../../..//Drivers/STM32G0xx_HAL_Driver/Src/stm32g0xx_hal_rcc_ex.c **** #endif /* RCC_CCIPR_USART2SEL */
 517              		.loc 1 518 42 is_stmt 0 view .LVU155
 518 000e 5A6D     		ldr	r2, [r3, #84]
 519 0010 0931     		adds	r1, r1, #9
 520 0012 0A40     		ands	r2, r1
 526:../../../../..//Drivers/STM32G0xx_HAL_Driver/Src/stm32g0xx_hal_rcc_ex.c **** #endif /* RCC_CCIPR_LPUART1SEL */
 521              		.loc 1 526 42 view .LVU156
 522 0014 C021     		movs	r1, #192
 518:../../../../..//Drivers/STM32G0xx_HAL_Driver/Src/stm32g0xx_hal_rcc_ex.c **** #endif /* RCC_CCIPR_USART2SEL */
 523              		.loc 1 518 40 view .LVU157
 524 0016 8260     		str	r2, [r0, #8]
 526:../../../../..//Drivers/STM32G0xx_HAL_Driver/Src/stm32g0xx_hal_rcc_ex.c **** #endif /* RCC_CCIPR_LPUART1SEL */
 525              		.loc 1 526 3 is_stmt 1 view .LVU158
 526:../../../../..//Drivers/STM32G0xx_HAL_Driver/Src/stm32g0xx_hal_rcc_ex.c **** #endif /* RCC_CCIPR_LPUART1SEL */
 526              		.loc 1 526 42 is_stmt 0 view .LVU159
 527 0018 5A6D     		ldr	r2, [r3, #84]
 528 001a 0901     		lsls	r1, r1, #4
 529 001c 0A40     		ands	r2, r1
 533:../../../../..//Drivers/STM32G0xx_HAL_Driver/Src/stm32g0xx_hal_rcc_ex.c **** #if defined(RCC_CCIPR_I2C2SEL)
 530              		.loc 1 533 42 view .LVU160
 531 001e C021     		movs	r1, #192
 526:../../../../..//Drivers/STM32G0xx_HAL_Driver/Src/stm32g0xx_hal_rcc_ex.c **** #endif /* RCC_CCIPR_LPUART1SEL */
 532              		.loc 1 526 40 view .LVU161
ARM GAS  /tmp/ccMVeFq7.s 			page 21


 533 0020 C260     		str	r2, [r0, #12]
 533:../../../../..//Drivers/STM32G0xx_HAL_Driver/Src/stm32g0xx_hal_rcc_ex.c **** #if defined(RCC_CCIPR_I2C2SEL)
 534              		.loc 1 533 3 is_stmt 1 view .LVU162
 533:../../../../..//Drivers/STM32G0xx_HAL_Driver/Src/stm32g0xx_hal_rcc_ex.c **** #if defined(RCC_CCIPR_I2C2SEL)
 535              		.loc 1 533 42 is_stmt 0 view .LVU163
 536 0022 5A6D     		ldr	r2, [r3, #84]
 537 0024 8901     		lsls	r1, r1, #6
 538 0026 0A40     		ands	r2, r1
 540:../../../../..//Drivers/STM32G0xx_HAL_Driver/Src/stm32g0xx_hal_rcc_ex.c **** #endif /* RCC_CCIPR_LPTIM1SEL */
 539              		.loc 1 540 42 view .LVU164
 540 0028 C021     		movs	r1, #192
 533:../../../../..//Drivers/STM32G0xx_HAL_Driver/Src/stm32g0xx_hal_rcc_ex.c **** #if defined(RCC_CCIPR_I2C2SEL)
 541              		.loc 1 533 40 view .LVU165
 542 002a 0261     		str	r2, [r0, #16]
 540:../../../../..//Drivers/STM32G0xx_HAL_Driver/Src/stm32g0xx_hal_rcc_ex.c **** #endif /* RCC_CCIPR_LPTIM1SEL */
 543              		.loc 1 540 3 is_stmt 1 view .LVU166
 540:../../../../..//Drivers/STM32G0xx_HAL_Driver/Src/stm32g0xx_hal_rcc_ex.c **** #endif /* RCC_CCIPR_LPTIM1SEL */
 544              		.loc 1 540 42 is_stmt 0 view .LVU167
 545 002c 5A6D     		ldr	r2, [r3, #84]
 546 002e 0903     		lsls	r1, r1, #12
 547 0030 0A40     		ands	r2, r1
 544:../../../../..//Drivers/STM32G0xx_HAL_Driver/Src/stm32g0xx_hal_rcc_ex.c **** #endif /* RCC_CCIPR_LPTIM2SEL */
 548              		.loc 1 544 42 view .LVU168
 549 0032 C021     		movs	r1, #192
 540:../../../../..//Drivers/STM32G0xx_HAL_Driver/Src/stm32g0xx_hal_rcc_ex.c **** #endif /* RCC_CCIPR_LPTIM1SEL */
 550              		.loc 1 540 40 view .LVU169
 551 0034 8261     		str	r2, [r0, #24]
 544:../../../../..//Drivers/STM32G0xx_HAL_Driver/Src/stm32g0xx_hal_rcc_ex.c **** #endif /* RCC_CCIPR_LPTIM2SEL */
 552              		.loc 1 544 3 is_stmt 1 view .LVU170
 544:../../../../..//Drivers/STM32G0xx_HAL_Driver/Src/stm32g0xx_hal_rcc_ex.c **** #endif /* RCC_CCIPR_LPTIM2SEL */
 553              		.loc 1 544 42 is_stmt 0 view .LVU171
 554 0036 5A6D     		ldr	r2, [r3, #84]
 555 0038 8903     		lsls	r1, r1, #14
 556 003a 0A40     		ands	r2, r1
 548:../../../../..//Drivers/STM32G0xx_HAL_Driver/Src/stm32g0xx_hal_rcc_ex.c **** #endif /* RCC_CCIPR_TIM1SEL */
 557              		.loc 1 548 40 view .LVU172
 558 003c 8021     		movs	r1, #128
 544:../../../../..//Drivers/STM32G0xx_HAL_Driver/Src/stm32g0xx_hal_rcc_ex.c **** #endif /* RCC_CCIPR_LPTIM2SEL */
 559              		.loc 1 544 40 view .LVU173
 560 003e C261     		str	r2, [r0, #28]
 548:../../../../..//Drivers/STM32G0xx_HAL_Driver/Src/stm32g0xx_hal_rcc_ex.c **** #endif /* RCC_CCIPR_TIM1SEL */
 561              		.loc 1 548 3 is_stmt 1 view .LVU174
 548:../../../../..//Drivers/STM32G0xx_HAL_Driver/Src/stm32g0xx_hal_rcc_ex.c **** #endif /* RCC_CCIPR_TIM1SEL */
 562              		.loc 1 548 40 is_stmt 0 view .LVU175
 563 0040 5A6D     		ldr	r2, [r3, #84]
 564 0042 C903     		lsls	r1, r1, #15
 565 0044 0A40     		ands	r2, r1
 552:../../../../..//Drivers/STM32G0xx_HAL_Driver/Src/stm32g0xx_hal_rcc_ex.c **** #endif /* RCC_CCIPR_TIM15SEL */
 566              		.loc 1 552 41 view .LVU176
 567 0046 8021     		movs	r1, #128
 548:../../../../..//Drivers/STM32G0xx_HAL_Driver/Src/stm32g0xx_hal_rcc_ex.c **** #endif /* RCC_CCIPR_TIM1SEL */
 568              		.loc 1 548 38 view .LVU177
 569 0048 8262     		str	r2, [r0, #40]
 552:../../../../..//Drivers/STM32G0xx_HAL_Driver/Src/stm32g0xx_hal_rcc_ex.c **** #endif /* RCC_CCIPR_TIM15SEL */
 570              		.loc 1 552 3 is_stmt 1 view .LVU178
 552:../../../../..//Drivers/STM32G0xx_HAL_Driver/Src/stm32g0xx_hal_rcc_ex.c **** #endif /* RCC_CCIPR_TIM15SEL */
 571              		.loc 1 552 41 is_stmt 0 view .LVU179
ARM GAS  /tmp/ccMVeFq7.s 			page 22


 572 004a 5A6D     		ldr	r2, [r3, #84]
 573 004c 4904     		lsls	r1, r1, #17
 574 004e 0A40     		ands	r2, r1
 555:../../../../..//Drivers/STM32G0xx_HAL_Driver/Src/stm32g0xx_hal_rcc_ex.c **** #if defined(RCC_CCIPR_RNGSEL)
 575              		.loc 1 555 42 view .LVU180
 576 0050 C021     		movs	r1, #192
 552:../../../../..//Drivers/STM32G0xx_HAL_Driver/Src/stm32g0xx_hal_rcc_ex.c **** #endif /* RCC_CCIPR_TIM15SEL */
 577              		.loc 1 552 39 view .LVU181
 578 0052 C262     		str	r2, [r0, #44]
 555:../../../../..//Drivers/STM32G0xx_HAL_Driver/Src/stm32g0xx_hal_rcc_ex.c **** #if defined(RCC_CCIPR_RNGSEL)
 579              		.loc 1 555 3 is_stmt 1 view .LVU182
 555:../../../../..//Drivers/STM32G0xx_HAL_Driver/Src/stm32g0xx_hal_rcc_ex.c **** #if defined(RCC_CCIPR_RNGSEL)
 580              		.loc 1 555 42 is_stmt 0 view .LVU183
 581 0054 DA6D     		ldr	r2, [r3, #92]
 582 0056 8900     		lsls	r1, r1, #2
 583 0058 0A40     		ands	r2, r1
 564:../../../../..//Drivers/STM32G0xx_HAL_Driver/Src/stm32g0xx_hal_rcc_ex.c **** #endif  /* RCC_CCIPR_CECSEL */
 584              		.loc 1 564 42 view .LVU184
 585 005a 4021     		movs	r1, #64
 555:../../../../..//Drivers/STM32G0xx_HAL_Driver/Src/stm32g0xx_hal_rcc_ex.c **** #if defined(RCC_CCIPR_RNGSEL)
 586              		.loc 1 555 40 view .LVU185
 587 005c 0263     		str	r2, [r0, #48]
 561:../../../../..//Drivers/STM32G0xx_HAL_Driver/Src/stm32g0xx_hal_rcc_ex.c **** #if defined(RCC_CCIPR_CECSEL)
 588              		.loc 1 561 3 is_stmt 1 view .LVU186
 561:../../../../..//Drivers/STM32G0xx_HAL_Driver/Src/stm32g0xx_hal_rcc_ex.c **** #if defined(RCC_CCIPR_CECSEL)
 589              		.loc 1 561 42 is_stmt 0 view .LVU187
 590 005e 5A6D     		ldr	r2, [r3, #84]
 591 0060 920F     		lsrs	r2, r2, #30
 592 0062 9207     		lsls	r2, r2, #30
 561:../../../../..//Drivers/STM32G0xx_HAL_Driver/Src/stm32g0xx_hal_rcc_ex.c **** #if defined(RCC_CCIPR_CECSEL)
 593              		.loc 1 561 40 view .LVU188
 594 0064 0262     		str	r2, [r0, #32]
 564:../../../../..//Drivers/STM32G0xx_HAL_Driver/Src/stm32g0xx_hal_rcc_ex.c **** #endif  /* RCC_CCIPR_CECSEL */
 595              		.loc 1 564 3 is_stmt 1 view .LVU189
 564:../../../../..//Drivers/STM32G0xx_HAL_Driver/Src/stm32g0xx_hal_rcc_ex.c **** #endif  /* RCC_CCIPR_CECSEL */
 596              		.loc 1 564 42 is_stmt 0 view .LVU190
 597 0066 5A6D     		ldr	r2, [r3, #84]
 598 0068 0A40     		ands	r2, r1
 564:../../../../..//Drivers/STM32G0xx_HAL_Driver/Src/stm32g0xx_hal_rcc_ex.c **** #endif  /* RCC_CCIPR_CECSEL */
 599              		.loc 1 564 40 view .LVU191
 600 006a 4262     		str	r2, [r0, #36]
 575:../../../../..//Drivers/STM32G0xx_HAL_Driver/Src/stm32g0xx_hal_rcc_ex.c **** #if defined(RCC_CCIPR2_I2S2SEL)
 601              		.loc 1 575 3 is_stmt 1 view .LVU192
 575:../../../../..//Drivers/STM32G0xx_HAL_Driver/Src/stm32g0xx_hal_rcc_ex.c **** #if defined(RCC_CCIPR2_I2S2SEL)
 602              		.loc 1 575 42 is_stmt 0 view .LVU193
 603 006c C022     		movs	r2, #192
 604 006e 5B6D     		ldr	r3, [r3, #84]
 605 0070 1202     		lsls	r2, r2, #8
 606 0072 1340     		ands	r3, r2
 575:../../../../..//Drivers/STM32G0xx_HAL_Driver/Src/stm32g0xx_hal_rcc_ex.c **** #if defined(RCC_CCIPR2_I2S2SEL)
 607              		.loc 1 575 40 view .LVU194
 608 0074 4361     		str	r3, [r0, #20]
 609              		.loc 1 580 1 view .LVU195
 610 0076 7047     		bx	lr
 611              	.L79:
 612              		.align	2
 613              	.L78:
ARM GAS  /tmp/ccMVeFq7.s 			page 23


 614 0078 334E6A00 		.word	6966835
 615 007c 00100240 		.word	1073876992
 616              		.cfi_endproc
 617              	.LFE181:
 619              		.global	__aeabi_uidiv
 620              		.global	__aeabi_idiv
 621              		.section	.text.HAL_RCCEx_GetPeriphCLKFreq,"ax",%progbits
 622              		.align	1
 623              		.global	HAL_RCCEx_GetPeriphCLKFreq
 624              		.syntax unified
 625              		.code	16
 626              		.thumb_func
 628              	HAL_RCCEx_GetPeriphCLKFreq:
 629              	.LVL22:
 630              	.LFB182:
 581:../../../../..//Drivers/STM32G0xx_HAL_Driver/Src/stm32g0xx_hal_rcc_ex.c **** 
 582:../../../../..//Drivers/STM32G0xx_HAL_Driver/Src/stm32g0xx_hal_rcc_ex.c **** /**
 583:../../../../..//Drivers/STM32G0xx_HAL_Driver/Src/stm32g0xx_hal_rcc_ex.c ****   * @brief  Return the peripheral clock frequency for peripherals with clock source from PLL
 584:../../../../..//Drivers/STM32G0xx_HAL_Driver/Src/stm32g0xx_hal_rcc_ex.c ****   * @note   Return 0 if peripheral clock identifier not managed by this API
 585:../../../../..//Drivers/STM32G0xx_HAL_Driver/Src/stm32g0xx_hal_rcc_ex.c ****   * @param  PeriphClk  Peripheral clock identifier
 586:../../../../..//Drivers/STM32G0xx_HAL_Driver/Src/stm32g0xx_hal_rcc_ex.c ****   *         This parameter can be one of the following values:
 587:../../../../..//Drivers/STM32G0xx_HAL_Driver/Src/stm32g0xx_hal_rcc_ex.c ****   *            @arg @ref RCC_PERIPHCLK_RTC     RTC peripheral clock
 588:../../../../..//Drivers/STM32G0xx_HAL_Driver/Src/stm32g0xx_hal_rcc_ex.c ****   *            @arg @ref RCC_PERIPHCLK_ADC     ADC peripheral clock
 589:../../../../..//Drivers/STM32G0xx_HAL_Driver/Src/stm32g0xx_hal_rcc_ex.c ****   *            @arg @ref RCC_PERIPHCLK_I2C1    I2C1 peripheral clock
 590:../../../../..//Drivers/STM32G0xx_HAL_Driver/Src/stm32g0xx_hal_rcc_ex.c ****   *            @arg @ref RCC_PERIPHCLK_I2C2    I2C2 peripheral clock (1)
 591:../../../../..//Drivers/STM32G0xx_HAL_Driver/Src/stm32g0xx_hal_rcc_ex.c ****   *            @arg @ref RCC_PERIPHCLK_I2S1    I2S1 peripheral clock
 592:../../../../..//Drivers/STM32G0xx_HAL_Driver/Src/stm32g0xx_hal_rcc_ex.c ****   *            @arg @ref RCC_PERIPHCLK_I2S2    I2S2 peripheral clock (1)
 593:../../../../..//Drivers/STM32G0xx_HAL_Driver/Src/stm32g0xx_hal_rcc_ex.c ****   *            @arg @ref RCC_PERIPHCLK_USART1  USART1 peripheral clock
 594:../../../../..//Drivers/STM32G0xx_HAL_Driver/Src/stm32g0xx_hal_rcc_ex.c ****   *            @arg @ref RCC_PERIPHCLK_USART2  USART2 peripheral clock (1)(2)
 595:../../../../..//Drivers/STM32G0xx_HAL_Driver/Src/stm32g0xx_hal_rcc_ex.c ****   *            @arg @ref RCC_PERIPHCLK_USART3  USART3 peripheral clock (1)
 596:../../../../..//Drivers/STM32G0xx_HAL_Driver/Src/stm32g0xx_hal_rcc_ex.c ****   *            @arg @ref RCC_PERIPHCLK_RNG     RNG peripheral clock    (1)
 597:../../../../..//Drivers/STM32G0xx_HAL_Driver/Src/stm32g0xx_hal_rcc_ex.c ****   *            @arg @ref RCC_PERIPHCLK_TIM15   TIM15 peripheral clock  (1)(2)
 598:../../../../..//Drivers/STM32G0xx_HAL_Driver/Src/stm32g0xx_hal_rcc_ex.c ****   *            @arg @ref RCC_PERIPHCLK_TIM1    TIM1 peripheral clock   (1)(2)
 599:../../../../..//Drivers/STM32G0xx_HAL_Driver/Src/stm32g0xx_hal_rcc_ex.c ****   *            @arg @ref RCC_PERIPHCLK_LPTIM1  LPTIM1 peripheral clock (1)
 600:../../../../..//Drivers/STM32G0xx_HAL_Driver/Src/stm32g0xx_hal_rcc_ex.c ****   *            @arg @ref RCC_PERIPHCLK_LPTIM2  LPTIM2 peripheral clock (1)
 601:../../../../..//Drivers/STM32G0xx_HAL_Driver/Src/stm32g0xx_hal_rcc_ex.c ****   *            @arg @ref RCC_PERIPHCLK_LPUART1 LPUART1 peripheral clock(1)
 602:../../../../..//Drivers/STM32G0xx_HAL_Driver/Src/stm32g0xx_hal_rcc_ex.c ****   *            @arg @ref RCC_PERIPHCLK_LPUART2 LPUART2 peripheral clock(1)
 603:../../../../..//Drivers/STM32G0xx_HAL_Driver/Src/stm32g0xx_hal_rcc_ex.c ****   *            @arg @ref RCC_PERIPHCLK_CEC     CEC peripheral clock    (1)
 604:../../../../..//Drivers/STM32G0xx_HAL_Driver/Src/stm32g0xx_hal_rcc_ex.c ****   *            @arg @ref RCC_PERIPHCLK_FDCAN    FDCAN peripheral clock (1)
 605:../../../../..//Drivers/STM32G0xx_HAL_Driver/Src/stm32g0xx_hal_rcc_ex.c ****   *            @arg @ref RCC_PERIPHCLK_USB      USB peripheral clock   (1)
 606:../../../../..//Drivers/STM32G0xx_HAL_Driver/Src/stm32g0xx_hal_rcc_ex.c ****   * @note   (1) Peripheral not available on all devices
 607:../../../../..//Drivers/STM32G0xx_HAL_Driver/Src/stm32g0xx_hal_rcc_ex.c ****   * @note   (2) Peripheral Clock configuration not available on all devices
 608:../../../../..//Drivers/STM32G0xx_HAL_Driver/Src/stm32g0xx_hal_rcc_ex.c ****   * @retval Frequency in Hz
 609:../../../../..//Drivers/STM32G0xx_HAL_Driver/Src/stm32g0xx_hal_rcc_ex.c ****   */
 610:../../../../..//Drivers/STM32G0xx_HAL_Driver/Src/stm32g0xx_hal_rcc_ex.c **** uint32_t HAL_RCCEx_GetPeriphCLKFreq(uint32_t PeriphClk)
 611:../../../../..//Drivers/STM32G0xx_HAL_Driver/Src/stm32g0xx_hal_rcc_ex.c **** {
 631              		.loc 1 611 1 is_stmt 1 view -0
 632              		.cfi_startproc
 633              		@ args = 0, pretend = 0, frame = 0
 634              		@ frame_needed = 0, uses_anonymous_args = 0
 612:../../../../..//Drivers/STM32G0xx_HAL_Driver/Src/stm32g0xx_hal_rcc_ex.c ****   uint32_t frequency = 0U;
 635              		.loc 1 612 3 view .LVU197
 613:../../../../..//Drivers/STM32G0xx_HAL_Driver/Src/stm32g0xx_hal_rcc_ex.c ****   uint32_t srcclk;
 636              		.loc 1 613 3 view .LVU198
 614:../../../../..//Drivers/STM32G0xx_HAL_Driver/Src/stm32g0xx_hal_rcc_ex.c ****   uint32_t pllvco;
 637              		.loc 1 614 3 view .LVU199
 615:../../../../..//Drivers/STM32G0xx_HAL_Driver/Src/stm32g0xx_hal_rcc_ex.c ****   uint32_t plln;
ARM GAS  /tmp/ccMVeFq7.s 			page 24


 638              		.loc 1 615 3 view .LVU200
 616:../../../../..//Drivers/STM32G0xx_HAL_Driver/Src/stm32g0xx_hal_rcc_ex.c **** #if defined(RCC_CCIPR_RNGSEL)
 617:../../../../..//Drivers/STM32G0xx_HAL_Driver/Src/stm32g0xx_hal_rcc_ex.c ****   uint32_t rngclk;
 618:../../../../..//Drivers/STM32G0xx_HAL_Driver/Src/stm32g0xx_hal_rcc_ex.c ****   uint32_t rngdiv;
 619:../../../../..//Drivers/STM32G0xx_HAL_Driver/Src/stm32g0xx_hal_rcc_ex.c **** #endif /* RCC_CCIPR_RNGSEL */
 620:../../../../..//Drivers/STM32G0xx_HAL_Driver/Src/stm32g0xx_hal_rcc_ex.c ****   /* Check the parameters */
 621:../../../../..//Drivers/STM32G0xx_HAL_Driver/Src/stm32g0xx_hal_rcc_ex.c ****   assert_param(IS_RCC_PERIPHCLOCK(PeriphClk));
 639              		.loc 1 621 3 view .LVU201
 622:../../../../..//Drivers/STM32G0xx_HAL_Driver/Src/stm32g0xx_hal_rcc_ex.c **** 
 623:../../../../..//Drivers/STM32G0xx_HAL_Driver/Src/stm32g0xx_hal_rcc_ex.c ****   if (PeriphClk == RCC_PERIPHCLK_RTC)
 640              		.loc 1 623 3 view .LVU202
 611:../../../../..//Drivers/STM32G0xx_HAL_Driver/Src/stm32g0xx_hal_rcc_ex.c ****   uint32_t frequency = 0U;
 641              		.loc 1 611 1 is_stmt 0 view .LVU203
 642 0000 F8B5     		push	{r3, r4, r5, r6, r7, lr}
 643              	.LCFI2:
 644              		.cfi_def_cfa_offset 24
 645              		.cfi_offset 3, -24
 646              		.cfi_offset 4, -20
 647              		.cfi_offset 5, -16
 648              		.cfi_offset 6, -12
 649              		.cfi_offset 7, -8
 650              		.cfi_offset 14, -4
 651              		.loc 1 623 6 view .LVU204
 652 0002 8023     		movs	r3, #128
 611:../../../../..//Drivers/STM32G0xx_HAL_Driver/Src/stm32g0xx_hal_rcc_ex.c ****   uint32_t frequency = 0U;
 653              		.loc 1 611 1 view .LVU205
 654 0004 0500     		movs	r5, r0
 655 0006 B14C     		ldr	r4, .L247
 656              		.loc 1 623 6 view .LVU206
 657 0008 9B02     		lsls	r3, r3, #10
 658 000a 9842     		cmp	r0, r3
 659 000c 1FD1     		bne	.L81
 624:../../../../..//Drivers/STM32G0xx_HAL_Driver/Src/stm32g0xx_hal_rcc_ex.c ****   {
 625:../../../../..//Drivers/STM32G0xx_HAL_Driver/Src/stm32g0xx_hal_rcc_ex.c ****     /* Get the current RTC source */
 626:../../../../..//Drivers/STM32G0xx_HAL_Driver/Src/stm32g0xx_hal_rcc_ex.c ****     srcclk = __HAL_RCC_GET_RTC_SOURCE();
 660              		.loc 1 626 5 is_stmt 1 view .LVU207
 661              		.loc 1 626 12 is_stmt 0 view .LVU208
 662 000e C022     		movs	r2, #192
 663              		.loc 1 626 14 view .LVU209
 664 0010 E36D     		ldr	r3, [r4, #92]
 665              		.loc 1 626 12 view .LVU210
 666 0012 9200     		lsls	r2, r2, #2
 667 0014 1340     		ands	r3, r2
 668              	.LVL23:
 627:../../../../..//Drivers/STM32G0xx_HAL_Driver/Src/stm32g0xx_hal_rcc_ex.c **** 
 628:../../../../..//Drivers/STM32G0xx_HAL_Driver/Src/stm32g0xx_hal_rcc_ex.c ****     /* Check if LSE is ready and if RTC clock selection is LSE */
 629:../../../../..//Drivers/STM32G0xx_HAL_Driver/Src/stm32g0xx_hal_rcc_ex.c ****     if ((HAL_IS_BIT_SET(RCC->BDCR, RCC_BDCR_LSERDY)) && (srcclk == RCC_RTCCLKSOURCE_LSE))
 669              		.loc 1 629 5 is_stmt 1 view .LVU211
 670              		.loc 1 629 10 is_stmt 0 view .LVU212
 671 0016 E26D     		ldr	r2, [r4, #92]
 672              		.loc 1 629 8 view .LVU213
 673 0018 9207     		lsls	r2, r2, #30
 674 001a 04D5     		bpl	.L82
 675              		.loc 1 629 54 discriminator 1 view .LVU214
 676 001c 8022     		movs	r2, #128
 677 001e 5200     		lsls	r2, r2, #1
 678 0020 9342     		cmp	r3, r2
ARM GAS  /tmp/ccMVeFq7.s 			page 25


 679 0022 00D1     		bne	.LCB613
 680 0024 7BE1     		b	.L114	@long jump
 681              	.LCB613:
 682              	.L82:
 630:../../../../..//Drivers/STM32G0xx_HAL_Driver/Src/stm32g0xx_hal_rcc_ex.c ****     {
 631:../../../../..//Drivers/STM32G0xx_HAL_Driver/Src/stm32g0xx_hal_rcc_ex.c ****       frequency = LSE_VALUE;
 632:../../../../..//Drivers/STM32G0xx_HAL_Driver/Src/stm32g0xx_hal_rcc_ex.c ****     }
 633:../../../../..//Drivers/STM32G0xx_HAL_Driver/Src/stm32g0xx_hal_rcc_ex.c ****     /* Check if LSI is ready and if RTC clock selection is LSI */
 634:../../../../..//Drivers/STM32G0xx_HAL_Driver/Src/stm32g0xx_hal_rcc_ex.c ****     else if ((HAL_IS_BIT_SET(RCC->CSR, RCC_CSR_LSIRDY)) && (srcclk == RCC_RTCCLKSOURCE_LSI))
 683              		.loc 1 634 10 is_stmt 1 view .LVU215
 684              		.loc 1 634 15 is_stmt 0 view .LVU216
 685 0026 226E     		ldr	r2, [r4, #96]
 686              		.loc 1 634 13 view .LVU217
 687 0028 9207     		lsls	r2, r2, #30
 688 002a 04D5     		bpl	.L84
 689              		.loc 1 634 57 discriminator 1 view .LVU218
 690 002c 8022     		movs	r2, #128
 691 002e 9200     		lsls	r2, r2, #2
 692 0030 9342     		cmp	r3, r2
 693 0032 00D1     		bne	.LCB624
 694 0034 78E1     		b	.L139	@long jump
 695              	.LCB624:
 696              	.L84:
 635:../../../../..//Drivers/STM32G0xx_HAL_Driver/Src/stm32g0xx_hal_rcc_ex.c ****     {
 636:../../../../..//Drivers/STM32G0xx_HAL_Driver/Src/stm32g0xx_hal_rcc_ex.c ****       frequency = LSI_VALUE;
 637:../../../../..//Drivers/STM32G0xx_HAL_Driver/Src/stm32g0xx_hal_rcc_ex.c ****     }
 638:../../../../..//Drivers/STM32G0xx_HAL_Driver/Src/stm32g0xx_hal_rcc_ex.c ****     /* Check if HSE is ready  and if RTC clock selection is HSI_DIV32*/
 639:../../../../..//Drivers/STM32G0xx_HAL_Driver/Src/stm32g0xx_hal_rcc_ex.c ****     else if ((HAL_IS_BIT_SET(RCC->CR, RCC_CR_HSERDY)) && (srcclk == RCC_RTCCLKSOURCE_HSE_DIV32))
 697              		.loc 1 639 10 is_stmt 1 view .LVU219
 698              		.loc 1 639 15 is_stmt 0 view .LVU220
 699 0036 2268     		ldr	r2, [r4]
 700 0038 0020     		movs	r0, #0
 701              	.LVL24:
 702              		.loc 1 639 13 view .LVU221
 703 003a 9203     		lsls	r2, r2, #14
 704 003c 28D5     		bpl	.L80
 705              		.loc 1 639 55 discriminator 1 view .LVU222
 706 003e A44A     		ldr	r2, .L247+4
 707 0040 A448     		ldr	r0, .L247+8
 708 0042 9B18     		adds	r3, r3, r2
 709              	.LVL25:
 710              		.loc 1 639 55 discriminator 1 view .LVU223
 711 0044 5A42     		rsbs	r2, r3, #0
 712 0046 5341     		adcs	r3, r3, r2
 713              	.LVL26:
 714              		.loc 1 639 55 discriminator 1 view .LVU224
 715 0048 5B42     		rsbs	r3, r3, #0
 716              	.LVL27:
 717              	.L235:
 640:../../../../..//Drivers/STM32G0xx_HAL_Driver/Src/stm32g0xx_hal_rcc_ex.c ****     {
 641:../../../../..//Drivers/STM32G0xx_HAL_Driver/Src/stm32g0xx_hal_rcc_ex.c ****       frequency = HSE_VALUE / 32U;
 642:../../../../..//Drivers/STM32G0xx_HAL_Driver/Src/stm32g0xx_hal_rcc_ex.c ****     }
 643:../../../../..//Drivers/STM32G0xx_HAL_Driver/Src/stm32g0xx_hal_rcc_ex.c ****     /* Clock not enabled for RTC*/
 644:../../../../..//Drivers/STM32G0xx_HAL_Driver/Src/stm32g0xx_hal_rcc_ex.c ****     else
 645:../../../../..//Drivers/STM32G0xx_HAL_Driver/Src/stm32g0xx_hal_rcc_ex.c ****     {
 646:../../../../..//Drivers/STM32G0xx_HAL_Driver/Src/stm32g0xx_hal_rcc_ex.c ****       /* Nothing to do as frequency already initialized to 0U */
 647:../../../../..//Drivers/STM32G0xx_HAL_Driver/Src/stm32g0xx_hal_rcc_ex.c ****     }
ARM GAS  /tmp/ccMVeFq7.s 			page 26


 648:../../../../..//Drivers/STM32G0xx_HAL_Driver/Src/stm32g0xx_hal_rcc_ex.c ****   }
 649:../../../../..//Drivers/STM32G0xx_HAL_Driver/Src/stm32g0xx_hal_rcc_ex.c ****   else
 650:../../../../..//Drivers/STM32G0xx_HAL_Driver/Src/stm32g0xx_hal_rcc_ex.c ****   {
 651:../../../../..//Drivers/STM32G0xx_HAL_Driver/Src/stm32g0xx_hal_rcc_ex.c ****     /* Other external peripheral clock source than RTC */
 652:../../../../..//Drivers/STM32G0xx_HAL_Driver/Src/stm32g0xx_hal_rcc_ex.c **** 
 653:../../../../..//Drivers/STM32G0xx_HAL_Driver/Src/stm32g0xx_hal_rcc_ex.c ****     /* Compute PLL clock input */
 654:../../../../..//Drivers/STM32G0xx_HAL_Driver/Src/stm32g0xx_hal_rcc_ex.c ****     if (__HAL_RCC_GET_PLL_OSCSOURCE() == RCC_PLLSOURCE_HSI)  /* HSI ? */
 655:../../../../..//Drivers/STM32G0xx_HAL_Driver/Src/stm32g0xx_hal_rcc_ex.c ****     {
 656:../../../../..//Drivers/STM32G0xx_HAL_Driver/Src/stm32g0xx_hal_rcc_ex.c ****       pllvco = HSI_VALUE;
 657:../../../../..//Drivers/STM32G0xx_HAL_Driver/Src/stm32g0xx_hal_rcc_ex.c ****     }
 658:../../../../..//Drivers/STM32G0xx_HAL_Driver/Src/stm32g0xx_hal_rcc_ex.c ****     else if (__HAL_RCC_GET_PLL_OSCSOURCE() == RCC_PLLSOURCE_HSE)  /* HSE ? */
 659:../../../../..//Drivers/STM32G0xx_HAL_Driver/Src/stm32g0xx_hal_rcc_ex.c ****     {
 660:../../../../..//Drivers/STM32G0xx_HAL_Driver/Src/stm32g0xx_hal_rcc_ex.c ****       pllvco = HSE_VALUE;
 661:../../../../..//Drivers/STM32G0xx_HAL_Driver/Src/stm32g0xx_hal_rcc_ex.c ****     }
 662:../../../../..//Drivers/STM32G0xx_HAL_Driver/Src/stm32g0xx_hal_rcc_ex.c ****     else /* No source */
 663:../../../../..//Drivers/STM32G0xx_HAL_Driver/Src/stm32g0xx_hal_rcc_ex.c ****     {
 664:../../../../..//Drivers/STM32G0xx_HAL_Driver/Src/stm32g0xx_hal_rcc_ex.c ****       pllvco = 0U;
 665:../../../../..//Drivers/STM32G0xx_HAL_Driver/Src/stm32g0xx_hal_rcc_ex.c ****     }
 666:../../../../..//Drivers/STM32G0xx_HAL_Driver/Src/stm32g0xx_hal_rcc_ex.c **** 
 667:../../../../..//Drivers/STM32G0xx_HAL_Driver/Src/stm32g0xx_hal_rcc_ex.c ****     /* f(PLL Source) / PLLM */
 668:../../../../..//Drivers/STM32G0xx_HAL_Driver/Src/stm32g0xx_hal_rcc_ex.c ****     pllvco = (pllvco / ((READ_BIT(RCC->PLLCFGR, RCC_PLLCFGR_PLLM) >> RCC_PLLCFGR_PLLM_Pos) + 1U));
 669:../../../../..//Drivers/STM32G0xx_HAL_Driver/Src/stm32g0xx_hal_rcc_ex.c **** 
 670:../../../../..//Drivers/STM32G0xx_HAL_Driver/Src/stm32g0xx_hal_rcc_ex.c ****     switch (PeriphClk)
 671:../../../../..//Drivers/STM32G0xx_HAL_Driver/Src/stm32g0xx_hal_rcc_ex.c ****     {
 672:../../../../..//Drivers/STM32G0xx_HAL_Driver/Src/stm32g0xx_hal_rcc_ex.c **** #if defined(RCC_CCIPR_RNGSEL)
 673:../../../../..//Drivers/STM32G0xx_HAL_Driver/Src/stm32g0xx_hal_rcc_ex.c ****       case RCC_PERIPHCLK_RNG:
 674:../../../../..//Drivers/STM32G0xx_HAL_Driver/Src/stm32g0xx_hal_rcc_ex.c **** 
 675:../../../../..//Drivers/STM32G0xx_HAL_Driver/Src/stm32g0xx_hal_rcc_ex.c ****         srcclk = READ_BIT(RCC->CCIPR, RCC_CCIPR_RNGSEL);
 676:../../../../..//Drivers/STM32G0xx_HAL_Driver/Src/stm32g0xx_hal_rcc_ex.c ****         if (srcclk == RCC_RNGCLKSOURCE_HSI_DIV8)  /* HSI_DIV8 ? */
 677:../../../../..//Drivers/STM32G0xx_HAL_Driver/Src/stm32g0xx_hal_rcc_ex.c ****         {
 678:../../../../..//Drivers/STM32G0xx_HAL_Driver/Src/stm32g0xx_hal_rcc_ex.c ****           rngclk = HSI_VALUE / 8U;
 679:../../../../..//Drivers/STM32G0xx_HAL_Driver/Src/stm32g0xx_hal_rcc_ex.c ****         }
 680:../../../../..//Drivers/STM32G0xx_HAL_Driver/Src/stm32g0xx_hal_rcc_ex.c ****         else if (srcclk == RCC_RNGCLKSOURCE_PLL) /* PLL ? */
 681:../../../../..//Drivers/STM32G0xx_HAL_Driver/Src/stm32g0xx_hal_rcc_ex.c ****         {
 682:../../../../..//Drivers/STM32G0xx_HAL_Driver/Src/stm32g0xx_hal_rcc_ex.c ****           /* f(PLLQ) = f(VCO input) * PLLN / PLLQ */
 683:../../../../..//Drivers/STM32G0xx_HAL_Driver/Src/stm32g0xx_hal_rcc_ex.c ****           plln = READ_BIT(RCC->PLLCFGR, RCC_PLLCFGR_PLLN) >> RCC_PLLCFGR_PLLN_Pos;
 684:../../../../..//Drivers/STM32G0xx_HAL_Driver/Src/stm32g0xx_hal_rcc_ex.c ****           rngclk = (pllvco * plln) / ((READ_BIT(RCC->PLLCFGR, RCC_PLLCFGR_PLLQ) >> RCC_PLLCFGR_PLLQ
 685:../../../../..//Drivers/STM32G0xx_HAL_Driver/Src/stm32g0xx_hal_rcc_ex.c ****         }
 686:../../../../..//Drivers/STM32G0xx_HAL_Driver/Src/stm32g0xx_hal_rcc_ex.c ****         else if (srcclk == RCC_RNGCLKSOURCE_SYSCLK) /* SYSCLK ? */
 687:../../../../..//Drivers/STM32G0xx_HAL_Driver/Src/stm32g0xx_hal_rcc_ex.c ****         {
 688:../../../../..//Drivers/STM32G0xx_HAL_Driver/Src/stm32g0xx_hal_rcc_ex.c ****           rngclk = HAL_RCC_GetSysClockFreq();
 689:../../../../..//Drivers/STM32G0xx_HAL_Driver/Src/stm32g0xx_hal_rcc_ex.c ****         }
 690:../../../../..//Drivers/STM32G0xx_HAL_Driver/Src/stm32g0xx_hal_rcc_ex.c ****         else /* No clock source */
 691:../../../../..//Drivers/STM32G0xx_HAL_Driver/Src/stm32g0xx_hal_rcc_ex.c ****         {
 692:../../../../..//Drivers/STM32G0xx_HAL_Driver/Src/stm32g0xx_hal_rcc_ex.c ****           rngclk = 0U;
 693:../../../../..//Drivers/STM32G0xx_HAL_Driver/Src/stm32g0xx_hal_rcc_ex.c ****         }
 694:../../../../..//Drivers/STM32G0xx_HAL_Driver/Src/stm32g0xx_hal_rcc_ex.c **** 
 695:../../../../..//Drivers/STM32G0xx_HAL_Driver/Src/stm32g0xx_hal_rcc_ex.c ****         rngdiv = (1UL << ((READ_BIT(RCC->CCIPR, RCC_CCIPR_RNGDIV)) >> RCC_CCIPR_RNGDIV_Pos));
 696:../../../../..//Drivers/STM32G0xx_HAL_Driver/Src/stm32g0xx_hal_rcc_ex.c ****         frequency = (rngclk / rngdiv);
 697:../../../../..//Drivers/STM32G0xx_HAL_Driver/Src/stm32g0xx_hal_rcc_ex.c **** 
 698:../../../../..//Drivers/STM32G0xx_HAL_Driver/Src/stm32g0xx_hal_rcc_ex.c ****         break;
 699:../../../../..//Drivers/STM32G0xx_HAL_Driver/Src/stm32g0xx_hal_rcc_ex.c **** #endif  /* RCC_CCIPR_RNGSEL */
 700:../../../../..//Drivers/STM32G0xx_HAL_Driver/Src/stm32g0xx_hal_rcc_ex.c ****       case RCC_PERIPHCLK_USART1:
 701:../../../../..//Drivers/STM32G0xx_HAL_Driver/Src/stm32g0xx_hal_rcc_ex.c ****         /* Get the current USART1 source */
 702:../../../../..//Drivers/STM32G0xx_HAL_Driver/Src/stm32g0xx_hal_rcc_ex.c ****         srcclk = __HAL_RCC_GET_USART1_SOURCE();
 703:../../../../..//Drivers/STM32G0xx_HAL_Driver/Src/stm32g0xx_hal_rcc_ex.c **** 
 704:../../../../..//Drivers/STM32G0xx_HAL_Driver/Src/stm32g0xx_hal_rcc_ex.c ****         if (srcclk == RCC_USART1CLKSOURCE_PCLK1)            /* PCLK1 ? */
ARM GAS  /tmp/ccMVeFq7.s 			page 27


 705:../../../../..//Drivers/STM32G0xx_HAL_Driver/Src/stm32g0xx_hal_rcc_ex.c ****         {
 706:../../../../..//Drivers/STM32G0xx_HAL_Driver/Src/stm32g0xx_hal_rcc_ex.c ****           frequency = HAL_RCC_GetPCLK1Freq();
 707:../../../../..//Drivers/STM32G0xx_HAL_Driver/Src/stm32g0xx_hal_rcc_ex.c ****         }
 708:../../../../..//Drivers/STM32G0xx_HAL_Driver/Src/stm32g0xx_hal_rcc_ex.c ****         else if (srcclk == RCC_USART1CLKSOURCE_SYSCLK)     /* SYSCLK ? */
 709:../../../../..//Drivers/STM32G0xx_HAL_Driver/Src/stm32g0xx_hal_rcc_ex.c ****         {
 710:../../../../..//Drivers/STM32G0xx_HAL_Driver/Src/stm32g0xx_hal_rcc_ex.c ****           frequency = HAL_RCC_GetSysClockFreq();
 711:../../../../..//Drivers/STM32G0xx_HAL_Driver/Src/stm32g0xx_hal_rcc_ex.c ****         }
 712:../../../../..//Drivers/STM32G0xx_HAL_Driver/Src/stm32g0xx_hal_rcc_ex.c ****         else if ((HAL_IS_BIT_SET(RCC->CR, RCC_CR_HSIRDY)) && (srcclk == RCC_USART1CLKSOURCE_HSI))
 713:../../../../..//Drivers/STM32G0xx_HAL_Driver/Src/stm32g0xx_hal_rcc_ex.c ****         {
 714:../../../../..//Drivers/STM32G0xx_HAL_Driver/Src/stm32g0xx_hal_rcc_ex.c ****           frequency = HSI_VALUE;
 715:../../../../..//Drivers/STM32G0xx_HAL_Driver/Src/stm32g0xx_hal_rcc_ex.c ****         }
 716:../../../../..//Drivers/STM32G0xx_HAL_Driver/Src/stm32g0xx_hal_rcc_ex.c ****         else if ((HAL_IS_BIT_SET(RCC->BDCR, RCC_BDCR_LSERDY)) && (srcclk == RCC_USART1CLKSOURCE_LSE
 717:../../../../..//Drivers/STM32G0xx_HAL_Driver/Src/stm32g0xx_hal_rcc_ex.c ****         {
 718:../../../../..//Drivers/STM32G0xx_HAL_Driver/Src/stm32g0xx_hal_rcc_ex.c ****           frequency = LSE_VALUE;
 719:../../../../..//Drivers/STM32G0xx_HAL_Driver/Src/stm32g0xx_hal_rcc_ex.c ****         }
 720:../../../../..//Drivers/STM32G0xx_HAL_Driver/Src/stm32g0xx_hal_rcc_ex.c ****         /* Clock not enabled for USART1 */
 721:../../../../..//Drivers/STM32G0xx_HAL_Driver/Src/stm32g0xx_hal_rcc_ex.c ****         else
 722:../../../../..//Drivers/STM32G0xx_HAL_Driver/Src/stm32g0xx_hal_rcc_ex.c ****         {
 723:../../../../..//Drivers/STM32G0xx_HAL_Driver/Src/stm32g0xx_hal_rcc_ex.c ****           /* Nothing to do as frequency already initialized to 0U */
 724:../../../../..//Drivers/STM32G0xx_HAL_Driver/Src/stm32g0xx_hal_rcc_ex.c ****         }
 725:../../../../..//Drivers/STM32G0xx_HAL_Driver/Src/stm32g0xx_hal_rcc_ex.c ****         break;
 726:../../../../..//Drivers/STM32G0xx_HAL_Driver/Src/stm32g0xx_hal_rcc_ex.c **** #if defined(RCC_CCIPR_USART2SEL)
 727:../../../../..//Drivers/STM32G0xx_HAL_Driver/Src/stm32g0xx_hal_rcc_ex.c ****       case RCC_PERIPHCLK_USART2:
 728:../../../../..//Drivers/STM32G0xx_HAL_Driver/Src/stm32g0xx_hal_rcc_ex.c ****         /* Get the current USART2 source */
 729:../../../../..//Drivers/STM32G0xx_HAL_Driver/Src/stm32g0xx_hal_rcc_ex.c ****         srcclk = __HAL_RCC_GET_USART2_SOURCE();
 730:../../../../..//Drivers/STM32G0xx_HAL_Driver/Src/stm32g0xx_hal_rcc_ex.c **** 
 731:../../../../..//Drivers/STM32G0xx_HAL_Driver/Src/stm32g0xx_hal_rcc_ex.c ****         if (srcclk == RCC_USART2CLKSOURCE_PCLK1)
 732:../../../../..//Drivers/STM32G0xx_HAL_Driver/Src/stm32g0xx_hal_rcc_ex.c ****         {
 733:../../../../..//Drivers/STM32G0xx_HAL_Driver/Src/stm32g0xx_hal_rcc_ex.c ****           frequency = HAL_RCC_GetPCLK1Freq();
 734:../../../../..//Drivers/STM32G0xx_HAL_Driver/Src/stm32g0xx_hal_rcc_ex.c ****         }
 735:../../../../..//Drivers/STM32G0xx_HAL_Driver/Src/stm32g0xx_hal_rcc_ex.c ****         else if (srcclk == RCC_USART2CLKSOURCE_SYSCLK)
 736:../../../../..//Drivers/STM32G0xx_HAL_Driver/Src/stm32g0xx_hal_rcc_ex.c ****         {
 737:../../../../..//Drivers/STM32G0xx_HAL_Driver/Src/stm32g0xx_hal_rcc_ex.c ****           frequency = HAL_RCC_GetSysClockFreq();
 738:../../../../..//Drivers/STM32G0xx_HAL_Driver/Src/stm32g0xx_hal_rcc_ex.c ****         }
 739:../../../../..//Drivers/STM32G0xx_HAL_Driver/Src/stm32g0xx_hal_rcc_ex.c ****         else if ((HAL_IS_BIT_SET(RCC->CR, RCC_CR_HSIRDY)) && (srcclk == RCC_USART2CLKSOURCE_HSI))
 740:../../../../..//Drivers/STM32G0xx_HAL_Driver/Src/stm32g0xx_hal_rcc_ex.c ****         {
 741:../../../../..//Drivers/STM32G0xx_HAL_Driver/Src/stm32g0xx_hal_rcc_ex.c ****           frequency = HSI_VALUE;
 742:../../../../..//Drivers/STM32G0xx_HAL_Driver/Src/stm32g0xx_hal_rcc_ex.c ****         }
 743:../../../../..//Drivers/STM32G0xx_HAL_Driver/Src/stm32g0xx_hal_rcc_ex.c ****         else if ((HAL_IS_BIT_SET(RCC->BDCR, RCC_BDCR_LSERDY)) && (srcclk == RCC_USART2CLKSOURCE_LSE
 744:../../../../..//Drivers/STM32G0xx_HAL_Driver/Src/stm32g0xx_hal_rcc_ex.c ****         {
 745:../../../../..//Drivers/STM32G0xx_HAL_Driver/Src/stm32g0xx_hal_rcc_ex.c ****           frequency = LSE_VALUE;
 746:../../../../..//Drivers/STM32G0xx_HAL_Driver/Src/stm32g0xx_hal_rcc_ex.c ****         }
 747:../../../../..//Drivers/STM32G0xx_HAL_Driver/Src/stm32g0xx_hal_rcc_ex.c ****         /* Clock not enabled for USART2 */
 748:../../../../..//Drivers/STM32G0xx_HAL_Driver/Src/stm32g0xx_hal_rcc_ex.c ****         else
 749:../../../../..//Drivers/STM32G0xx_HAL_Driver/Src/stm32g0xx_hal_rcc_ex.c ****         {
 750:../../../../..//Drivers/STM32G0xx_HAL_Driver/Src/stm32g0xx_hal_rcc_ex.c ****           /* Nothing to do as frequency already initialized to 0U */
 751:../../../../..//Drivers/STM32G0xx_HAL_Driver/Src/stm32g0xx_hal_rcc_ex.c ****         }
 752:../../../../..//Drivers/STM32G0xx_HAL_Driver/Src/stm32g0xx_hal_rcc_ex.c ****         break;
 753:../../../../..//Drivers/STM32G0xx_HAL_Driver/Src/stm32g0xx_hal_rcc_ex.c **** #endif /* RCC_CCIPR_USART2SEL */
 754:../../../../..//Drivers/STM32G0xx_HAL_Driver/Src/stm32g0xx_hal_rcc_ex.c **** 
 755:../../../../..//Drivers/STM32G0xx_HAL_Driver/Src/stm32g0xx_hal_rcc_ex.c **** #if defined(RCC_CCIPR_USART3SEL)
 756:../../../../..//Drivers/STM32G0xx_HAL_Driver/Src/stm32g0xx_hal_rcc_ex.c ****       case RCC_PERIPHCLK_USART3:
 757:../../../../..//Drivers/STM32G0xx_HAL_Driver/Src/stm32g0xx_hal_rcc_ex.c ****         /* Get the current USART3 source */
 758:../../../../..//Drivers/STM32G0xx_HAL_Driver/Src/stm32g0xx_hal_rcc_ex.c ****         srcclk = __HAL_RCC_GET_USART3_SOURCE();
 759:../../../../..//Drivers/STM32G0xx_HAL_Driver/Src/stm32g0xx_hal_rcc_ex.c **** 
 760:../../../../..//Drivers/STM32G0xx_HAL_Driver/Src/stm32g0xx_hal_rcc_ex.c ****         if (srcclk == RCC_USART3CLKSOURCE_PCLK1)
 761:../../../../..//Drivers/STM32G0xx_HAL_Driver/Src/stm32g0xx_hal_rcc_ex.c ****         {
ARM GAS  /tmp/ccMVeFq7.s 			page 28


 762:../../../../..//Drivers/STM32G0xx_HAL_Driver/Src/stm32g0xx_hal_rcc_ex.c ****           frequency = HAL_RCC_GetPCLK1Freq();
 763:../../../../..//Drivers/STM32G0xx_HAL_Driver/Src/stm32g0xx_hal_rcc_ex.c ****         }
 764:../../../../..//Drivers/STM32G0xx_HAL_Driver/Src/stm32g0xx_hal_rcc_ex.c ****         else if (srcclk == RCC_USART3CLKSOURCE_SYSCLK)
 765:../../../../..//Drivers/STM32G0xx_HAL_Driver/Src/stm32g0xx_hal_rcc_ex.c ****         {
 766:../../../../..//Drivers/STM32G0xx_HAL_Driver/Src/stm32g0xx_hal_rcc_ex.c ****           frequency = HAL_RCC_GetSysClockFreq();
 767:../../../../..//Drivers/STM32G0xx_HAL_Driver/Src/stm32g0xx_hal_rcc_ex.c ****         }
 768:../../../../..//Drivers/STM32G0xx_HAL_Driver/Src/stm32g0xx_hal_rcc_ex.c ****         else if ((HAL_IS_BIT_SET(RCC->CR, RCC_CR_HSIRDY)) && (srcclk == RCC_USART3CLKSOURCE_HSI))
 769:../../../../..//Drivers/STM32G0xx_HAL_Driver/Src/stm32g0xx_hal_rcc_ex.c ****         {
 770:../../../../..//Drivers/STM32G0xx_HAL_Driver/Src/stm32g0xx_hal_rcc_ex.c ****           frequency = HSI_VALUE;
 771:../../../../..//Drivers/STM32G0xx_HAL_Driver/Src/stm32g0xx_hal_rcc_ex.c ****         }
 772:../../../../..//Drivers/STM32G0xx_HAL_Driver/Src/stm32g0xx_hal_rcc_ex.c ****         else if ((HAL_IS_BIT_SET(RCC->BDCR, RCC_BDCR_LSERDY)) && (srcclk == RCC_USART3CLKSOURCE_LSE
 773:../../../../..//Drivers/STM32G0xx_HAL_Driver/Src/stm32g0xx_hal_rcc_ex.c ****         {
 774:../../../../..//Drivers/STM32G0xx_HAL_Driver/Src/stm32g0xx_hal_rcc_ex.c ****           frequency = LSE_VALUE;
 775:../../../../..//Drivers/STM32G0xx_HAL_Driver/Src/stm32g0xx_hal_rcc_ex.c ****         }
 776:../../../../..//Drivers/STM32G0xx_HAL_Driver/Src/stm32g0xx_hal_rcc_ex.c ****         /* Clock not enabled for USART3 */
 777:../../../../..//Drivers/STM32G0xx_HAL_Driver/Src/stm32g0xx_hal_rcc_ex.c ****         else
 778:../../../../..//Drivers/STM32G0xx_HAL_Driver/Src/stm32g0xx_hal_rcc_ex.c ****         {
 779:../../../../..//Drivers/STM32G0xx_HAL_Driver/Src/stm32g0xx_hal_rcc_ex.c ****           /* Nothing to do as frequency already initialized to 0U */
 780:../../../../..//Drivers/STM32G0xx_HAL_Driver/Src/stm32g0xx_hal_rcc_ex.c ****         }
 781:../../../../..//Drivers/STM32G0xx_HAL_Driver/Src/stm32g0xx_hal_rcc_ex.c ****         break;
 782:../../../../..//Drivers/STM32G0xx_HAL_Driver/Src/stm32g0xx_hal_rcc_ex.c **** #endif /* RCC_CCIPR_USART3SEL */
 783:../../../../..//Drivers/STM32G0xx_HAL_Driver/Src/stm32g0xx_hal_rcc_ex.c **** 
 784:../../../../..//Drivers/STM32G0xx_HAL_Driver/Src/stm32g0xx_hal_rcc_ex.c **** #if defined(RCC_CCIPR_CECSEL)
 785:../../../../..//Drivers/STM32G0xx_HAL_Driver/Src/stm32g0xx_hal_rcc_ex.c ****       case RCC_PERIPHCLK_CEC:
 786:../../../../..//Drivers/STM32G0xx_HAL_Driver/Src/stm32g0xx_hal_rcc_ex.c ****         /* Get the current CEC source */
 787:../../../../..//Drivers/STM32G0xx_HAL_Driver/Src/stm32g0xx_hal_rcc_ex.c ****         srcclk = __HAL_RCC_GET_CEC_SOURCE();
 788:../../../../..//Drivers/STM32G0xx_HAL_Driver/Src/stm32g0xx_hal_rcc_ex.c **** 
 789:../../../../..//Drivers/STM32G0xx_HAL_Driver/Src/stm32g0xx_hal_rcc_ex.c ****         if ((HAL_IS_BIT_SET(RCC->CR, RCC_CR_HSIRDY)) && (srcclk == RCC_CECCLKSOURCE_HSI_DIV488))
 790:../../../../..//Drivers/STM32G0xx_HAL_Driver/Src/stm32g0xx_hal_rcc_ex.c ****         {
 791:../../../../..//Drivers/STM32G0xx_HAL_Driver/Src/stm32g0xx_hal_rcc_ex.c ****           frequency = (HSI_VALUE / 488U);
 792:../../../../..//Drivers/STM32G0xx_HAL_Driver/Src/stm32g0xx_hal_rcc_ex.c ****         }
 793:../../../../..//Drivers/STM32G0xx_HAL_Driver/Src/stm32g0xx_hal_rcc_ex.c ****         else if ((HAL_IS_BIT_SET(RCC->BDCR, RCC_BDCR_LSERDY)) && (srcclk == RCC_CECCLKSOURCE_LSE))
 794:../../../../..//Drivers/STM32G0xx_HAL_Driver/Src/stm32g0xx_hal_rcc_ex.c ****         {
 795:../../../../..//Drivers/STM32G0xx_HAL_Driver/Src/stm32g0xx_hal_rcc_ex.c ****           frequency = LSE_VALUE;
 796:../../../../..//Drivers/STM32G0xx_HAL_Driver/Src/stm32g0xx_hal_rcc_ex.c ****         }
 797:../../../../..//Drivers/STM32G0xx_HAL_Driver/Src/stm32g0xx_hal_rcc_ex.c ****         /* Clock not enabled for CEC */
 798:../../../../..//Drivers/STM32G0xx_HAL_Driver/Src/stm32g0xx_hal_rcc_ex.c ****         else
 799:../../../../..//Drivers/STM32G0xx_HAL_Driver/Src/stm32g0xx_hal_rcc_ex.c ****         {
 800:../../../../..//Drivers/STM32G0xx_HAL_Driver/Src/stm32g0xx_hal_rcc_ex.c ****           /* Nothing to do as frequency already initialized to 0U */
 801:../../../../..//Drivers/STM32G0xx_HAL_Driver/Src/stm32g0xx_hal_rcc_ex.c ****         }
 802:../../../../..//Drivers/STM32G0xx_HAL_Driver/Src/stm32g0xx_hal_rcc_ex.c ****         break;
 803:../../../../..//Drivers/STM32G0xx_HAL_Driver/Src/stm32g0xx_hal_rcc_ex.c **** #endif /* RCC_CCIPR_CECSEL */
 804:../../../../..//Drivers/STM32G0xx_HAL_Driver/Src/stm32g0xx_hal_rcc_ex.c **** 
 805:../../../../..//Drivers/STM32G0xx_HAL_Driver/Src/stm32g0xx_hal_rcc_ex.c **** #if defined(RCC_CCIPR_LPUART1SEL)
 806:../../../../..//Drivers/STM32G0xx_HAL_Driver/Src/stm32g0xx_hal_rcc_ex.c ****       case RCC_PERIPHCLK_LPUART1:
 807:../../../../..//Drivers/STM32G0xx_HAL_Driver/Src/stm32g0xx_hal_rcc_ex.c ****         /* Get the current LPUART1 source */
 808:../../../../..//Drivers/STM32G0xx_HAL_Driver/Src/stm32g0xx_hal_rcc_ex.c ****         srcclk = __HAL_RCC_GET_LPUART1_SOURCE();
 809:../../../../..//Drivers/STM32G0xx_HAL_Driver/Src/stm32g0xx_hal_rcc_ex.c **** 
 810:../../../../..//Drivers/STM32G0xx_HAL_Driver/Src/stm32g0xx_hal_rcc_ex.c ****         if (srcclk == RCC_LPUART1CLKSOURCE_PCLK1)
 811:../../../../..//Drivers/STM32G0xx_HAL_Driver/Src/stm32g0xx_hal_rcc_ex.c ****         {
 812:../../../../..//Drivers/STM32G0xx_HAL_Driver/Src/stm32g0xx_hal_rcc_ex.c ****           frequency = HAL_RCC_GetPCLK1Freq();
 813:../../../../..//Drivers/STM32G0xx_HAL_Driver/Src/stm32g0xx_hal_rcc_ex.c ****         }
 814:../../../../..//Drivers/STM32G0xx_HAL_Driver/Src/stm32g0xx_hal_rcc_ex.c ****         else if (srcclk == RCC_LPUART1CLKSOURCE_SYSCLK)
 815:../../../../..//Drivers/STM32G0xx_HAL_Driver/Src/stm32g0xx_hal_rcc_ex.c ****         {
 816:../../../../..//Drivers/STM32G0xx_HAL_Driver/Src/stm32g0xx_hal_rcc_ex.c ****           frequency = HAL_RCC_GetSysClockFreq();
 817:../../../../..//Drivers/STM32G0xx_HAL_Driver/Src/stm32g0xx_hal_rcc_ex.c ****         }
 818:../../../../..//Drivers/STM32G0xx_HAL_Driver/Src/stm32g0xx_hal_rcc_ex.c ****         else if ((HAL_IS_BIT_SET(RCC->CR, RCC_CR_HSIRDY)) && (srcclk == RCC_LPUART1CLKSOURCE_HSI))
ARM GAS  /tmp/ccMVeFq7.s 			page 29


 819:../../../../..//Drivers/STM32G0xx_HAL_Driver/Src/stm32g0xx_hal_rcc_ex.c ****         {
 820:../../../../..//Drivers/STM32G0xx_HAL_Driver/Src/stm32g0xx_hal_rcc_ex.c ****           frequency = HSI_VALUE;
 821:../../../../..//Drivers/STM32G0xx_HAL_Driver/Src/stm32g0xx_hal_rcc_ex.c ****         }
 822:../../../../..//Drivers/STM32G0xx_HAL_Driver/Src/stm32g0xx_hal_rcc_ex.c ****         else if ((HAL_IS_BIT_SET(RCC->BDCR, RCC_BDCR_LSERDY)) && (srcclk == RCC_LPUART1CLKSOURCE_LS
 823:../../../../..//Drivers/STM32G0xx_HAL_Driver/Src/stm32g0xx_hal_rcc_ex.c ****         {
 824:../../../../..//Drivers/STM32G0xx_HAL_Driver/Src/stm32g0xx_hal_rcc_ex.c ****           frequency = LSE_VALUE;
 825:../../../../..//Drivers/STM32G0xx_HAL_Driver/Src/stm32g0xx_hal_rcc_ex.c ****         }
 826:../../../../..//Drivers/STM32G0xx_HAL_Driver/Src/stm32g0xx_hal_rcc_ex.c ****         /* Clock not enabled for LPUART1 */
 827:../../../../..//Drivers/STM32G0xx_HAL_Driver/Src/stm32g0xx_hal_rcc_ex.c ****         else
 828:../../../../..//Drivers/STM32G0xx_HAL_Driver/Src/stm32g0xx_hal_rcc_ex.c ****         {
 829:../../../../..//Drivers/STM32G0xx_HAL_Driver/Src/stm32g0xx_hal_rcc_ex.c ****           /* Nothing to do as frequency already initialized to 0U */
 830:../../../../..//Drivers/STM32G0xx_HAL_Driver/Src/stm32g0xx_hal_rcc_ex.c ****         }
 831:../../../../..//Drivers/STM32G0xx_HAL_Driver/Src/stm32g0xx_hal_rcc_ex.c ****         break;
 832:../../../../..//Drivers/STM32G0xx_HAL_Driver/Src/stm32g0xx_hal_rcc_ex.c **** #endif /* RCC_CCIPR_LPUART1SEL */
 833:../../../../..//Drivers/STM32G0xx_HAL_Driver/Src/stm32g0xx_hal_rcc_ex.c **** 
 834:../../../../..//Drivers/STM32G0xx_HAL_Driver/Src/stm32g0xx_hal_rcc_ex.c **** #if defined(RCC_CCIPR_LPUART2SEL)
 835:../../../../..//Drivers/STM32G0xx_HAL_Driver/Src/stm32g0xx_hal_rcc_ex.c ****       case RCC_PERIPHCLK_LPUART2:
 836:../../../../..//Drivers/STM32G0xx_HAL_Driver/Src/stm32g0xx_hal_rcc_ex.c ****         /* Get the current LPUART2 source */
 837:../../../../..//Drivers/STM32G0xx_HAL_Driver/Src/stm32g0xx_hal_rcc_ex.c ****         srcclk = __HAL_RCC_GET_LPUART2_SOURCE();
 838:../../../../..//Drivers/STM32G0xx_HAL_Driver/Src/stm32g0xx_hal_rcc_ex.c **** 
 839:../../../../..//Drivers/STM32G0xx_HAL_Driver/Src/stm32g0xx_hal_rcc_ex.c ****         if (srcclk == RCC_LPUART2CLKSOURCE_PCLK1)
 840:../../../../..//Drivers/STM32G0xx_HAL_Driver/Src/stm32g0xx_hal_rcc_ex.c ****         {
 841:../../../../..//Drivers/STM32G0xx_HAL_Driver/Src/stm32g0xx_hal_rcc_ex.c ****           frequency = HAL_RCC_GetPCLK1Freq();
 842:../../../../..//Drivers/STM32G0xx_HAL_Driver/Src/stm32g0xx_hal_rcc_ex.c ****         }
 843:../../../../..//Drivers/STM32G0xx_HAL_Driver/Src/stm32g0xx_hal_rcc_ex.c ****         else if (srcclk == RCC_LPUART2CLKSOURCE_SYSCLK)
 844:../../../../..//Drivers/STM32G0xx_HAL_Driver/Src/stm32g0xx_hal_rcc_ex.c ****         {
 845:../../../../..//Drivers/STM32G0xx_HAL_Driver/Src/stm32g0xx_hal_rcc_ex.c ****           frequency = HAL_RCC_GetSysClockFreq();
 846:../../../../..//Drivers/STM32G0xx_HAL_Driver/Src/stm32g0xx_hal_rcc_ex.c ****         }
 847:../../../../..//Drivers/STM32G0xx_HAL_Driver/Src/stm32g0xx_hal_rcc_ex.c ****         else if ((HAL_IS_BIT_SET(RCC->CR, RCC_CR_HSIRDY)) && (srcclk == RCC_LPUART2CLKSOURCE_HSI))
 848:../../../../..//Drivers/STM32G0xx_HAL_Driver/Src/stm32g0xx_hal_rcc_ex.c ****         {
 849:../../../../..//Drivers/STM32G0xx_HAL_Driver/Src/stm32g0xx_hal_rcc_ex.c ****           frequency = HSI_VALUE;
 850:../../../../..//Drivers/STM32G0xx_HAL_Driver/Src/stm32g0xx_hal_rcc_ex.c ****         }
 851:../../../../..//Drivers/STM32G0xx_HAL_Driver/Src/stm32g0xx_hal_rcc_ex.c ****         else if ((HAL_IS_BIT_SET(RCC->BDCR, RCC_BDCR_LSERDY)) && (srcclk == RCC_LPUART2CLKSOURCE_LS
 852:../../../../..//Drivers/STM32G0xx_HAL_Driver/Src/stm32g0xx_hal_rcc_ex.c ****         {
 853:../../../../..//Drivers/STM32G0xx_HAL_Driver/Src/stm32g0xx_hal_rcc_ex.c ****           frequency = LSE_VALUE;
 854:../../../../..//Drivers/STM32G0xx_HAL_Driver/Src/stm32g0xx_hal_rcc_ex.c ****         }
 855:../../../../..//Drivers/STM32G0xx_HAL_Driver/Src/stm32g0xx_hal_rcc_ex.c ****         /* Clock not enabled for LPUART2 */
 856:../../../../..//Drivers/STM32G0xx_HAL_Driver/Src/stm32g0xx_hal_rcc_ex.c ****         else
 857:../../../../..//Drivers/STM32G0xx_HAL_Driver/Src/stm32g0xx_hal_rcc_ex.c ****         {
 858:../../../../..//Drivers/STM32G0xx_HAL_Driver/Src/stm32g0xx_hal_rcc_ex.c ****           /* Nothing to do as frequency already initialized to 0U */
 859:../../../../..//Drivers/STM32G0xx_HAL_Driver/Src/stm32g0xx_hal_rcc_ex.c ****         }
 860:../../../../..//Drivers/STM32G0xx_HAL_Driver/Src/stm32g0xx_hal_rcc_ex.c ****         break;
 861:../../../../..//Drivers/STM32G0xx_HAL_Driver/Src/stm32g0xx_hal_rcc_ex.c **** #endif /* RCC_CCIPR_LPUART2SEL */
 862:../../../../..//Drivers/STM32G0xx_HAL_Driver/Src/stm32g0xx_hal_rcc_ex.c **** 
 863:../../../../..//Drivers/STM32G0xx_HAL_Driver/Src/stm32g0xx_hal_rcc_ex.c ****       case RCC_PERIPHCLK_ADC:
 864:../../../../..//Drivers/STM32G0xx_HAL_Driver/Src/stm32g0xx_hal_rcc_ex.c **** 
 865:../../../../..//Drivers/STM32G0xx_HAL_Driver/Src/stm32g0xx_hal_rcc_ex.c ****         srcclk = __HAL_RCC_GET_ADC_SOURCE();
 866:../../../../..//Drivers/STM32G0xx_HAL_Driver/Src/stm32g0xx_hal_rcc_ex.c **** 
 867:../../../../..//Drivers/STM32G0xx_HAL_Driver/Src/stm32g0xx_hal_rcc_ex.c ****         if (srcclk == RCC_ADCCLKSOURCE_SYSCLK)
 868:../../../../..//Drivers/STM32G0xx_HAL_Driver/Src/stm32g0xx_hal_rcc_ex.c ****         {
 869:../../../../..//Drivers/STM32G0xx_HAL_Driver/Src/stm32g0xx_hal_rcc_ex.c ****           frequency = HAL_RCC_GetSysClockFreq();
 870:../../../../..//Drivers/STM32G0xx_HAL_Driver/Src/stm32g0xx_hal_rcc_ex.c ****         }
 871:../../../../..//Drivers/STM32G0xx_HAL_Driver/Src/stm32g0xx_hal_rcc_ex.c ****         else if (srcclk == RCC_ADCCLKSOURCE_HSI)
 872:../../../../..//Drivers/STM32G0xx_HAL_Driver/Src/stm32g0xx_hal_rcc_ex.c ****         {
 873:../../../../..//Drivers/STM32G0xx_HAL_Driver/Src/stm32g0xx_hal_rcc_ex.c ****           frequency = HSI_VALUE;
 874:../../../../..//Drivers/STM32G0xx_HAL_Driver/Src/stm32g0xx_hal_rcc_ex.c ****         }
 875:../../../../..//Drivers/STM32G0xx_HAL_Driver/Src/stm32g0xx_hal_rcc_ex.c ****         else if (srcclk == RCC_ADCCLKSOURCE_PLLADC)
ARM GAS  /tmp/ccMVeFq7.s 			page 30


 876:../../../../..//Drivers/STM32G0xx_HAL_Driver/Src/stm32g0xx_hal_rcc_ex.c ****         {
 877:../../../../..//Drivers/STM32G0xx_HAL_Driver/Src/stm32g0xx_hal_rcc_ex.c ****           if (__HAL_RCC_GET_PLLCLKOUT_CONFIG(RCC_PLLPCLK) != 0U)
 878:../../../../..//Drivers/STM32G0xx_HAL_Driver/Src/stm32g0xx_hal_rcc_ex.c ****           {
 879:../../../../..//Drivers/STM32G0xx_HAL_Driver/Src/stm32g0xx_hal_rcc_ex.c ****             /* f(PLLP) = f(VCO input) * PLLN / PLLP */
 880:../../../../..//Drivers/STM32G0xx_HAL_Driver/Src/stm32g0xx_hal_rcc_ex.c ****             plln = READ_BIT(RCC->PLLCFGR, RCC_PLLCFGR_PLLN) >> RCC_PLLCFGR_PLLN_Pos;
 881:../../../../..//Drivers/STM32G0xx_HAL_Driver/Src/stm32g0xx_hal_rcc_ex.c ****             frequency = (pllvco * plln) / ((READ_BIT(RCC->PLLCFGR, RCC_PLLCFGR_PLLP) >> RCC_PLLCFGR
 882:../../../../..//Drivers/STM32G0xx_HAL_Driver/Src/stm32g0xx_hal_rcc_ex.c ****           }
 883:../../../../..//Drivers/STM32G0xx_HAL_Driver/Src/stm32g0xx_hal_rcc_ex.c ****         }
 884:../../../../..//Drivers/STM32G0xx_HAL_Driver/Src/stm32g0xx_hal_rcc_ex.c ****         /* Clock not enabled for ADC */
 885:../../../../..//Drivers/STM32G0xx_HAL_Driver/Src/stm32g0xx_hal_rcc_ex.c ****         else
 886:../../../../..//Drivers/STM32G0xx_HAL_Driver/Src/stm32g0xx_hal_rcc_ex.c ****         {
 887:../../../../..//Drivers/STM32G0xx_HAL_Driver/Src/stm32g0xx_hal_rcc_ex.c ****           /* Nothing to do as frequency already initialized to 0U */
 888:../../../../..//Drivers/STM32G0xx_HAL_Driver/Src/stm32g0xx_hal_rcc_ex.c ****         }
 889:../../../../..//Drivers/STM32G0xx_HAL_Driver/Src/stm32g0xx_hal_rcc_ex.c ****         break;
 890:../../../../..//Drivers/STM32G0xx_HAL_Driver/Src/stm32g0xx_hal_rcc_ex.c **** 
 891:../../../../..//Drivers/STM32G0xx_HAL_Driver/Src/stm32g0xx_hal_rcc_ex.c ****       case RCC_PERIPHCLK_I2C1:
 892:../../../../..//Drivers/STM32G0xx_HAL_Driver/Src/stm32g0xx_hal_rcc_ex.c ****         /* Get the current I2C1 source */
 893:../../../../..//Drivers/STM32G0xx_HAL_Driver/Src/stm32g0xx_hal_rcc_ex.c ****         srcclk = __HAL_RCC_GET_I2C1_SOURCE();
 894:../../../../..//Drivers/STM32G0xx_HAL_Driver/Src/stm32g0xx_hal_rcc_ex.c **** 
 895:../../../../..//Drivers/STM32G0xx_HAL_Driver/Src/stm32g0xx_hal_rcc_ex.c ****         if (srcclk == RCC_I2C1CLKSOURCE_PCLK1)
 896:../../../../..//Drivers/STM32G0xx_HAL_Driver/Src/stm32g0xx_hal_rcc_ex.c ****         {
 897:../../../../..//Drivers/STM32G0xx_HAL_Driver/Src/stm32g0xx_hal_rcc_ex.c ****           frequency = HAL_RCC_GetPCLK1Freq();
 898:../../../../..//Drivers/STM32G0xx_HAL_Driver/Src/stm32g0xx_hal_rcc_ex.c ****         }
 899:../../../../..//Drivers/STM32G0xx_HAL_Driver/Src/stm32g0xx_hal_rcc_ex.c ****         else if (srcclk == RCC_I2C1CLKSOURCE_SYSCLK)
 900:../../../../..//Drivers/STM32G0xx_HAL_Driver/Src/stm32g0xx_hal_rcc_ex.c ****         {
 901:../../../../..//Drivers/STM32G0xx_HAL_Driver/Src/stm32g0xx_hal_rcc_ex.c ****           frequency = HAL_RCC_GetSysClockFreq();
 902:../../../../..//Drivers/STM32G0xx_HAL_Driver/Src/stm32g0xx_hal_rcc_ex.c ****         }
 903:../../../../..//Drivers/STM32G0xx_HAL_Driver/Src/stm32g0xx_hal_rcc_ex.c ****         else if ((HAL_IS_BIT_SET(RCC->CR, RCC_CR_HSIRDY)) && (srcclk == RCC_I2C1CLKSOURCE_HSI))
 718              		.loc 1 903 59 discriminator 1 view .LVU225
 719 004a 1840     		ands	r0, r3
 720 004c 20E0     		b	.L80
 721              	.LVL28:
 722              	.L81:
 654:../../../../..//Drivers/STM32G0xx_HAL_Driver/Src/stm32g0xx_hal_rcc_ex.c ****     {
 723              		.loc 1 654 5 is_stmt 1 view .LVU226
 654:../../../../..//Drivers/STM32G0xx_HAL_Driver/Src/stm32g0xx_hal_rcc_ex.c ****     {
 724              		.loc 1 654 9 is_stmt 0 view .LVU227
 725 004e 0322     		movs	r2, #3
 726 0050 E368     		ldr	r3, [r4, #12]
 727 0052 1340     		ands	r3, r2
 654:../../../../..//Drivers/STM32G0xx_HAL_Driver/Src/stm32g0xx_hal_rcc_ex.c ****     {
 728              		.loc 1 654 8 view .LVU228
 729 0054 022B     		cmp	r3, #2
 730 0056 1CD0     		beq	.L118
 658:../../../../..//Drivers/STM32G0xx_HAL_Driver/Src/stm32g0xx_hal_rcc_ex.c ****     {
 731              		.loc 1 658 10 is_stmt 1 view .LVU229
 658:../../../../..//Drivers/STM32G0xx_HAL_Driver/Src/stm32g0xx_hal_rcc_ex.c ****     {
 732              		.loc 1 658 14 is_stmt 0 view .LVU230
 733 0058 E068     		ldr	r0, [r4, #12]
 734              	.LVL29:
 658:../../../../..//Drivers/STM32G0xx_HAL_Driver/Src/stm32g0xx_hal_rcc_ex.c ****     {
 735              		.loc 1 658 14 view .LVU231
 736 005a 1040     		ands	r0, r2
 660:../../../../..//Drivers/STM32G0xx_HAL_Driver/Src/stm32g0xx_hal_rcc_ex.c ****     }
 737              		.loc 1 660 14 view .LVU232
 738 005c 0338     		subs	r0, r0, #3
 739 005e 431E     		subs	r3, r0, #1
ARM GAS  /tmp/ccMVeFq7.s 			page 31


 740 0060 9841     		sbcs	r0, r0, r3
 741 0062 9D4B     		ldr	r3, .L247+12
 742 0064 4042     		rsbs	r0, r0, #0
 743 0066 1840     		ands	r0, r3
 744 0068 9C4B     		ldr	r3, .L247+16
 745 006a C018     		adds	r0, r0, r3
 746              	.L85:
 747              	.LVL30:
 668:../../../../..//Drivers/STM32G0xx_HAL_Driver/Src/stm32g0xx_hal_rcc_ex.c **** 
 748              		.loc 1 668 5 is_stmt 1 view .LVU233
 670:../../../../..//Drivers/STM32G0xx_HAL_Driver/Src/stm32g0xx_hal_rcc_ex.c ****     {
 749              		.loc 1 670 5 is_stmt 0 view .LVU234
 750 006c 8026     		movs	r6, #128
 668:../../../../..//Drivers/STM32G0xx_HAL_Driver/Src/stm32g0xx_hal_rcc_ex.c **** 
 751              		.loc 1 668 26 view .LVU235
 752 006e E168     		ldr	r1, [r4, #12]
 753              	.LVL31:
 670:../../../../..//Drivers/STM32G0xx_HAL_Driver/Src/stm32g0xx_hal_rcc_ex.c ****     {
 754              		.loc 1 670 5 is_stmt 1 view .LVU236
 755 0070 F600     		lsls	r6, r6, #3
 756 0072 B542     		cmp	r5, r6
 757 0074 00D1     		bne	.LCB677
 758 0076 0CE1     		b	.L86	@long jump
 759              	.LCB677:
 760 0078 31D8     		bhi	.L87
 761 007a 102D     		cmp	r5, #16
 762 007c 00D1     		bne	.LCB681
 763 007e BFE0     		b	.L88	@long jump
 764              	.LCB681:
 765 0080 09D8     		bhi	.L89
 766 0082 012D     		cmp	r5, #1
 767 0084 00D1     		bne	.LCB685
 768 0086 77E0     		b	.L90	@long jump
 769              	.LCB685:
 770 0088 022D     		cmp	r5, #2
 771 008a 00D1     		bne	.LCB687
 772 008c 92E0     		b	.L91	@long jump
 773              	.LCB687:
 774              	.LVL32:
 775              	.L238:
 670:../../../../..//Drivers/STM32G0xx_HAL_Driver/Src/stm32g0xx_hal_rcc_ex.c ****     {
 776              		.loc 1 670 5 is_stmt 0 view .LVU237
 777 008e 0020     		movs	r0, #0
 778              	.LVL33:
 779              	.L80:
 904:../../../../..//Drivers/STM32G0xx_HAL_Driver/Src/stm32g0xx_hal_rcc_ex.c ****         {
 905:../../../../..//Drivers/STM32G0xx_HAL_Driver/Src/stm32g0xx_hal_rcc_ex.c ****           frequency = HSI_VALUE;
 906:../../../../..//Drivers/STM32G0xx_HAL_Driver/Src/stm32g0xx_hal_rcc_ex.c ****         }
 907:../../../../..//Drivers/STM32G0xx_HAL_Driver/Src/stm32g0xx_hal_rcc_ex.c ****         /* Clock not enabled for I2C1 */
 908:../../../../..//Drivers/STM32G0xx_HAL_Driver/Src/stm32g0xx_hal_rcc_ex.c ****         else
 909:../../../../..//Drivers/STM32G0xx_HAL_Driver/Src/stm32g0xx_hal_rcc_ex.c ****         {
 910:../../../../..//Drivers/STM32G0xx_HAL_Driver/Src/stm32g0xx_hal_rcc_ex.c ****           /* Nothing to do as frequency already initialized to 0U */
 911:../../../../..//Drivers/STM32G0xx_HAL_Driver/Src/stm32g0xx_hal_rcc_ex.c ****         }
 912:../../../../..//Drivers/STM32G0xx_HAL_Driver/Src/stm32g0xx_hal_rcc_ex.c ****         break;
 913:../../../../..//Drivers/STM32G0xx_HAL_Driver/Src/stm32g0xx_hal_rcc_ex.c **** 
 914:../../../../..//Drivers/STM32G0xx_HAL_Driver/Src/stm32g0xx_hal_rcc_ex.c **** #if defined(RCC_CCIPR_I2C2SEL)
 915:../../../../..//Drivers/STM32G0xx_HAL_Driver/Src/stm32g0xx_hal_rcc_ex.c ****       case RCC_PERIPHCLK_I2C2:
ARM GAS  /tmp/ccMVeFq7.s 			page 32


 916:../../../../..//Drivers/STM32G0xx_HAL_Driver/Src/stm32g0xx_hal_rcc_ex.c ****         /* Get the current I2C2 source */
 917:../../../../..//Drivers/STM32G0xx_HAL_Driver/Src/stm32g0xx_hal_rcc_ex.c ****         srcclk = __HAL_RCC_GET_I2C2_SOURCE();
 918:../../../../..//Drivers/STM32G0xx_HAL_Driver/Src/stm32g0xx_hal_rcc_ex.c **** 
 919:../../../../..//Drivers/STM32G0xx_HAL_Driver/Src/stm32g0xx_hal_rcc_ex.c ****         if (srcclk == RCC_I2C2CLKSOURCE_PCLK1)
 920:../../../../..//Drivers/STM32G0xx_HAL_Driver/Src/stm32g0xx_hal_rcc_ex.c ****         {
 921:../../../../..//Drivers/STM32G0xx_HAL_Driver/Src/stm32g0xx_hal_rcc_ex.c ****           frequency = HAL_RCC_GetPCLK1Freq();
 922:../../../../..//Drivers/STM32G0xx_HAL_Driver/Src/stm32g0xx_hal_rcc_ex.c ****         }
 923:../../../../..//Drivers/STM32G0xx_HAL_Driver/Src/stm32g0xx_hal_rcc_ex.c ****         else if (srcclk == RCC_I2C2CLKSOURCE_SYSCLK)
 924:../../../../..//Drivers/STM32G0xx_HAL_Driver/Src/stm32g0xx_hal_rcc_ex.c ****         {
 925:../../../../..//Drivers/STM32G0xx_HAL_Driver/Src/stm32g0xx_hal_rcc_ex.c ****           frequency = HAL_RCC_GetSysClockFreq();
 926:../../../../..//Drivers/STM32G0xx_HAL_Driver/Src/stm32g0xx_hal_rcc_ex.c ****         }
 927:../../../../..//Drivers/STM32G0xx_HAL_Driver/Src/stm32g0xx_hal_rcc_ex.c ****         else if ((HAL_IS_BIT_SET(RCC->CR, RCC_CR_HSIRDY)) && (srcclk == RCC_I2C2CLKSOURCE_HSI))
 928:../../../../..//Drivers/STM32G0xx_HAL_Driver/Src/stm32g0xx_hal_rcc_ex.c ****         {
 929:../../../../..//Drivers/STM32G0xx_HAL_Driver/Src/stm32g0xx_hal_rcc_ex.c ****           frequency = HSI_VALUE;
 930:../../../../..//Drivers/STM32G0xx_HAL_Driver/Src/stm32g0xx_hal_rcc_ex.c ****         }
 931:../../../../..//Drivers/STM32G0xx_HAL_Driver/Src/stm32g0xx_hal_rcc_ex.c ****         /* Clock not enabled for I2C2 */
 932:../../../../..//Drivers/STM32G0xx_HAL_Driver/Src/stm32g0xx_hal_rcc_ex.c ****         else
 933:../../../../..//Drivers/STM32G0xx_HAL_Driver/Src/stm32g0xx_hal_rcc_ex.c ****         {
 934:../../../../..//Drivers/STM32G0xx_HAL_Driver/Src/stm32g0xx_hal_rcc_ex.c ****           /* Nothing to do as frequency already initialized to 0U */
 935:../../../../..//Drivers/STM32G0xx_HAL_Driver/Src/stm32g0xx_hal_rcc_ex.c ****         }
 936:../../../../..//Drivers/STM32G0xx_HAL_Driver/Src/stm32g0xx_hal_rcc_ex.c ****         break;
 937:../../../../..//Drivers/STM32G0xx_HAL_Driver/Src/stm32g0xx_hal_rcc_ex.c **** #endif /* RCC_CCIPR_I2C2SEL */
 938:../../../../..//Drivers/STM32G0xx_HAL_Driver/Src/stm32g0xx_hal_rcc_ex.c **** 
 939:../../../../..//Drivers/STM32G0xx_HAL_Driver/Src/stm32g0xx_hal_rcc_ex.c ****       case RCC_PERIPHCLK_I2S1:
 940:../../../../..//Drivers/STM32G0xx_HAL_Driver/Src/stm32g0xx_hal_rcc_ex.c ****         /* Get the current I2S1 source */
 941:../../../../..//Drivers/STM32G0xx_HAL_Driver/Src/stm32g0xx_hal_rcc_ex.c ****         srcclk = __HAL_RCC_GET_I2S1_SOURCE();
 942:../../../../..//Drivers/STM32G0xx_HAL_Driver/Src/stm32g0xx_hal_rcc_ex.c **** 
 943:../../../../..//Drivers/STM32G0xx_HAL_Driver/Src/stm32g0xx_hal_rcc_ex.c ****         if (srcclk == RCC_I2S1CLKSOURCE_PLL)
 944:../../../../..//Drivers/STM32G0xx_HAL_Driver/Src/stm32g0xx_hal_rcc_ex.c ****         {
 945:../../../../..//Drivers/STM32G0xx_HAL_Driver/Src/stm32g0xx_hal_rcc_ex.c ****           if (__HAL_RCC_GET_PLLCLKOUT_CONFIG(RCC_PLLPCLK) != 0U)
 946:../../../../..//Drivers/STM32G0xx_HAL_Driver/Src/stm32g0xx_hal_rcc_ex.c ****           {
 947:../../../../..//Drivers/STM32G0xx_HAL_Driver/Src/stm32g0xx_hal_rcc_ex.c ****             /* f(PLLP) = f(VCO input) * PLLN / PLLP */
 948:../../../../..//Drivers/STM32G0xx_HAL_Driver/Src/stm32g0xx_hal_rcc_ex.c ****             plln = READ_BIT(RCC->PLLCFGR, RCC_PLLCFGR_PLLN) >> RCC_PLLCFGR_PLLN_Pos;
 949:../../../../..//Drivers/STM32G0xx_HAL_Driver/Src/stm32g0xx_hal_rcc_ex.c ****             frequency = (pllvco * plln) / ((READ_BIT(RCC->PLLCFGR, RCC_PLLCFGR_PLLP) >> RCC_PLLCFGR
 950:../../../../..//Drivers/STM32G0xx_HAL_Driver/Src/stm32g0xx_hal_rcc_ex.c ****           }
 951:../../../../..//Drivers/STM32G0xx_HAL_Driver/Src/stm32g0xx_hal_rcc_ex.c ****         }
 952:../../../../..//Drivers/STM32G0xx_HAL_Driver/Src/stm32g0xx_hal_rcc_ex.c ****         else if (srcclk == RCC_I2S1CLKSOURCE_SYSCLK)
 953:../../../../..//Drivers/STM32G0xx_HAL_Driver/Src/stm32g0xx_hal_rcc_ex.c ****         {
 954:../../../../..//Drivers/STM32G0xx_HAL_Driver/Src/stm32g0xx_hal_rcc_ex.c ****           frequency = HAL_RCC_GetSysClockFreq();
 955:../../../../..//Drivers/STM32G0xx_HAL_Driver/Src/stm32g0xx_hal_rcc_ex.c ****         }
 956:../../../../..//Drivers/STM32G0xx_HAL_Driver/Src/stm32g0xx_hal_rcc_ex.c ****         else if ((HAL_IS_BIT_SET(RCC->CR, RCC_CR_HSIRDY)) && (srcclk == RCC_I2S1CLKSOURCE_HSI))
 957:../../../../..//Drivers/STM32G0xx_HAL_Driver/Src/stm32g0xx_hal_rcc_ex.c ****         {
 958:../../../../..//Drivers/STM32G0xx_HAL_Driver/Src/stm32g0xx_hal_rcc_ex.c ****           frequency = HSI_VALUE;
 959:../../../../..//Drivers/STM32G0xx_HAL_Driver/Src/stm32g0xx_hal_rcc_ex.c ****         }
 960:../../../../..//Drivers/STM32G0xx_HAL_Driver/Src/stm32g0xx_hal_rcc_ex.c ****         else if (srcclk == RCC_I2S1CLKSOURCE_EXT)
 961:../../../../..//Drivers/STM32G0xx_HAL_Driver/Src/stm32g0xx_hal_rcc_ex.c ****         {
 962:../../../../..//Drivers/STM32G0xx_HAL_Driver/Src/stm32g0xx_hal_rcc_ex.c ****           /* External clock used.*/
 963:../../../../..//Drivers/STM32G0xx_HAL_Driver/Src/stm32g0xx_hal_rcc_ex.c ****           frequency = EXTERNAL_I2S1_CLOCK_VALUE;
 964:../../../../..//Drivers/STM32G0xx_HAL_Driver/Src/stm32g0xx_hal_rcc_ex.c ****         }
 965:../../../../..//Drivers/STM32G0xx_HAL_Driver/Src/stm32g0xx_hal_rcc_ex.c ****         /* Clock not enabled for I2S1 */
 966:../../../../..//Drivers/STM32G0xx_HAL_Driver/Src/stm32g0xx_hal_rcc_ex.c ****         else
 967:../../../../..//Drivers/STM32G0xx_HAL_Driver/Src/stm32g0xx_hal_rcc_ex.c ****         {
 968:../../../../..//Drivers/STM32G0xx_HAL_Driver/Src/stm32g0xx_hal_rcc_ex.c ****           /* Nothing to do as frequency already initialized to 0U */
 969:../../../../..//Drivers/STM32G0xx_HAL_Driver/Src/stm32g0xx_hal_rcc_ex.c ****         }
 970:../../../../..//Drivers/STM32G0xx_HAL_Driver/Src/stm32g0xx_hal_rcc_ex.c ****         break;
 971:../../../../..//Drivers/STM32G0xx_HAL_Driver/Src/stm32g0xx_hal_rcc_ex.c **** 
 972:../../../../..//Drivers/STM32G0xx_HAL_Driver/Src/stm32g0xx_hal_rcc_ex.c **** #if defined(RCC_CCIPR2_I2S2SEL)
ARM GAS  /tmp/ccMVeFq7.s 			page 33


 973:../../../../..//Drivers/STM32G0xx_HAL_Driver/Src/stm32g0xx_hal_rcc_ex.c ****       case RCC_PERIPHCLK_I2S2:
 974:../../../../..//Drivers/STM32G0xx_HAL_Driver/Src/stm32g0xx_hal_rcc_ex.c ****         /* Get the current I2S2 source */
 975:../../../../..//Drivers/STM32G0xx_HAL_Driver/Src/stm32g0xx_hal_rcc_ex.c ****         srcclk = __HAL_RCC_GET_I2S2_SOURCE();
 976:../../../../..//Drivers/STM32G0xx_HAL_Driver/Src/stm32g0xx_hal_rcc_ex.c **** 
 977:../../../../..//Drivers/STM32G0xx_HAL_Driver/Src/stm32g0xx_hal_rcc_ex.c ****         if (srcclk == RCC_I2S2CLKSOURCE_PLL)
 978:../../../../..//Drivers/STM32G0xx_HAL_Driver/Src/stm32g0xx_hal_rcc_ex.c ****         {
 979:../../../../..//Drivers/STM32G0xx_HAL_Driver/Src/stm32g0xx_hal_rcc_ex.c ****           if (__HAL_RCC_GET_PLLCLKOUT_CONFIG(RCC_PLLPCLK) != 0U)
 980:../../../../..//Drivers/STM32G0xx_HAL_Driver/Src/stm32g0xx_hal_rcc_ex.c ****           {
 981:../../../../..//Drivers/STM32G0xx_HAL_Driver/Src/stm32g0xx_hal_rcc_ex.c ****             /* f(PLLP) = f(VCO input) * PLLN / PLLP */
 982:../../../../..//Drivers/STM32G0xx_HAL_Driver/Src/stm32g0xx_hal_rcc_ex.c ****             plln = READ_BIT(RCC->PLLCFGR, RCC_PLLCFGR_PLLN) >> RCC_PLLCFGR_PLLN_Pos;
 983:../../../../..//Drivers/STM32G0xx_HAL_Driver/Src/stm32g0xx_hal_rcc_ex.c ****             frequency = (pllvco * plln) / ((READ_BIT(RCC->PLLCFGR, RCC_PLLCFGR_PLLP) >> RCC_PLLCFGR
 984:../../../../..//Drivers/STM32G0xx_HAL_Driver/Src/stm32g0xx_hal_rcc_ex.c ****           }
 985:../../../../..//Drivers/STM32G0xx_HAL_Driver/Src/stm32g0xx_hal_rcc_ex.c ****         }
 986:../../../../..//Drivers/STM32G0xx_HAL_Driver/Src/stm32g0xx_hal_rcc_ex.c ****         else if (srcclk == RCC_I2S2CLKSOURCE_SYSCLK)
 987:../../../../..//Drivers/STM32G0xx_HAL_Driver/Src/stm32g0xx_hal_rcc_ex.c ****         {
 988:../../../../..//Drivers/STM32G0xx_HAL_Driver/Src/stm32g0xx_hal_rcc_ex.c ****           frequency = HAL_RCC_GetSysClockFreq();
 989:../../../../..//Drivers/STM32G0xx_HAL_Driver/Src/stm32g0xx_hal_rcc_ex.c ****         }
 990:../../../../..//Drivers/STM32G0xx_HAL_Driver/Src/stm32g0xx_hal_rcc_ex.c ****         else if ((HAL_IS_BIT_SET(RCC->CR, RCC_CR_HSIRDY)) && (srcclk == RCC_I2S2CLKSOURCE_HSI))
 991:../../../../..//Drivers/STM32G0xx_HAL_Driver/Src/stm32g0xx_hal_rcc_ex.c ****         {
 992:../../../../..//Drivers/STM32G0xx_HAL_Driver/Src/stm32g0xx_hal_rcc_ex.c ****           frequency = HSI_VALUE;
 993:../../../../..//Drivers/STM32G0xx_HAL_Driver/Src/stm32g0xx_hal_rcc_ex.c ****         }
 994:../../../../..//Drivers/STM32G0xx_HAL_Driver/Src/stm32g0xx_hal_rcc_ex.c ****         else if (srcclk == RCC_I2S2CLKSOURCE_EXT)
 995:../../../../..//Drivers/STM32G0xx_HAL_Driver/Src/stm32g0xx_hal_rcc_ex.c ****         {
 996:../../../../..//Drivers/STM32G0xx_HAL_Driver/Src/stm32g0xx_hal_rcc_ex.c ****           /* External clock used.*/
 997:../../../../..//Drivers/STM32G0xx_HAL_Driver/Src/stm32g0xx_hal_rcc_ex.c ****           frequency = EXTERNAL_I2S2_CLOCK_VALUE;
 998:../../../../..//Drivers/STM32G0xx_HAL_Driver/Src/stm32g0xx_hal_rcc_ex.c ****         }
 999:../../../../..//Drivers/STM32G0xx_HAL_Driver/Src/stm32g0xx_hal_rcc_ex.c ****         /* Clock not enabled for I2S2 */
1000:../../../../..//Drivers/STM32G0xx_HAL_Driver/Src/stm32g0xx_hal_rcc_ex.c ****         else
1001:../../../../..//Drivers/STM32G0xx_HAL_Driver/Src/stm32g0xx_hal_rcc_ex.c ****         {
1002:../../../../..//Drivers/STM32G0xx_HAL_Driver/Src/stm32g0xx_hal_rcc_ex.c ****           /* Nothing to do as frequency already initialized to 0U */
1003:../../../../..//Drivers/STM32G0xx_HAL_Driver/Src/stm32g0xx_hal_rcc_ex.c ****         }
1004:../../../../..//Drivers/STM32G0xx_HAL_Driver/Src/stm32g0xx_hal_rcc_ex.c ****         break;
1005:../../../../..//Drivers/STM32G0xx_HAL_Driver/Src/stm32g0xx_hal_rcc_ex.c **** #endif /* RCC_CCIPR2_I2S2SEL */
1006:../../../../..//Drivers/STM32G0xx_HAL_Driver/Src/stm32g0xx_hal_rcc_ex.c **** 
1007:../../../../..//Drivers/STM32G0xx_HAL_Driver/Src/stm32g0xx_hal_rcc_ex.c **** #if defined(RCC_CCIPR_LPTIM1SEL)
1008:../../../../..//Drivers/STM32G0xx_HAL_Driver/Src/stm32g0xx_hal_rcc_ex.c ****       case RCC_PERIPHCLK_LPTIM1:
1009:../../../../..//Drivers/STM32G0xx_HAL_Driver/Src/stm32g0xx_hal_rcc_ex.c ****         /* Get the current LPTIM1 source */
1010:../../../../..//Drivers/STM32G0xx_HAL_Driver/Src/stm32g0xx_hal_rcc_ex.c ****         srcclk = __HAL_RCC_GET_LPTIM1_SOURCE();
1011:../../../../..//Drivers/STM32G0xx_HAL_Driver/Src/stm32g0xx_hal_rcc_ex.c **** 
1012:../../../../..//Drivers/STM32G0xx_HAL_Driver/Src/stm32g0xx_hal_rcc_ex.c ****         if (srcclk == RCC_LPTIM1CLKSOURCE_PCLK1)
1013:../../../../..//Drivers/STM32G0xx_HAL_Driver/Src/stm32g0xx_hal_rcc_ex.c ****         {
1014:../../../../..//Drivers/STM32G0xx_HAL_Driver/Src/stm32g0xx_hal_rcc_ex.c ****           frequency = HAL_RCC_GetPCLK1Freq();
1015:../../../../..//Drivers/STM32G0xx_HAL_Driver/Src/stm32g0xx_hal_rcc_ex.c ****         }
1016:../../../../..//Drivers/STM32G0xx_HAL_Driver/Src/stm32g0xx_hal_rcc_ex.c ****         else if ((HAL_IS_BIT_SET(RCC->CSR, RCC_CSR_LSIRDY)) && (srcclk == RCC_LPTIM1CLKSOURCE_LSI))
1017:../../../../..//Drivers/STM32G0xx_HAL_Driver/Src/stm32g0xx_hal_rcc_ex.c ****         {
1018:../../../../..//Drivers/STM32G0xx_HAL_Driver/Src/stm32g0xx_hal_rcc_ex.c ****           frequency = LSI_VALUE;
1019:../../../../..//Drivers/STM32G0xx_HAL_Driver/Src/stm32g0xx_hal_rcc_ex.c ****         }
1020:../../../../..//Drivers/STM32G0xx_HAL_Driver/Src/stm32g0xx_hal_rcc_ex.c ****         else if ((HAL_IS_BIT_SET(RCC->CR, RCC_CR_HSIRDY)) && (srcclk == RCC_LPTIM1CLKSOURCE_HSI))
1021:../../../../..//Drivers/STM32G0xx_HAL_Driver/Src/stm32g0xx_hal_rcc_ex.c ****         {
1022:../../../../..//Drivers/STM32G0xx_HAL_Driver/Src/stm32g0xx_hal_rcc_ex.c ****           frequency = HSI_VALUE;
1023:../../../../..//Drivers/STM32G0xx_HAL_Driver/Src/stm32g0xx_hal_rcc_ex.c ****         }
1024:../../../../..//Drivers/STM32G0xx_HAL_Driver/Src/stm32g0xx_hal_rcc_ex.c ****         else if ((HAL_IS_BIT_SET(RCC->BDCR, RCC_BDCR_LSERDY)) && (srcclk == RCC_LPTIM1CLKSOURCE_LSE
1025:../../../../..//Drivers/STM32G0xx_HAL_Driver/Src/stm32g0xx_hal_rcc_ex.c ****         {
1026:../../../../..//Drivers/STM32G0xx_HAL_Driver/Src/stm32g0xx_hal_rcc_ex.c ****           frequency = LSE_VALUE;
1027:../../../../..//Drivers/STM32G0xx_HAL_Driver/Src/stm32g0xx_hal_rcc_ex.c ****         }
1028:../../../../..//Drivers/STM32G0xx_HAL_Driver/Src/stm32g0xx_hal_rcc_ex.c ****         /* Clock not enabled for LPTIM1 */
1029:../../../../..//Drivers/STM32G0xx_HAL_Driver/Src/stm32g0xx_hal_rcc_ex.c ****         else
ARM GAS  /tmp/ccMVeFq7.s 			page 34


1030:../../../../..//Drivers/STM32G0xx_HAL_Driver/Src/stm32g0xx_hal_rcc_ex.c ****         {
1031:../../../../..//Drivers/STM32G0xx_HAL_Driver/Src/stm32g0xx_hal_rcc_ex.c ****           /* Nothing to do as frequency already initialized to 0U */
1032:../../../../..//Drivers/STM32G0xx_HAL_Driver/Src/stm32g0xx_hal_rcc_ex.c ****         }
1033:../../../../..//Drivers/STM32G0xx_HAL_Driver/Src/stm32g0xx_hal_rcc_ex.c ****         break;
1034:../../../../..//Drivers/STM32G0xx_HAL_Driver/Src/stm32g0xx_hal_rcc_ex.c **** #endif /* RCC_CCIPR_LPTIM1SEL */
1035:../../../../..//Drivers/STM32G0xx_HAL_Driver/Src/stm32g0xx_hal_rcc_ex.c **** 
1036:../../../../..//Drivers/STM32G0xx_HAL_Driver/Src/stm32g0xx_hal_rcc_ex.c **** #if defined(RCC_CCIPR_LPTIM2SEL)
1037:../../../../..//Drivers/STM32G0xx_HAL_Driver/Src/stm32g0xx_hal_rcc_ex.c ****       case RCC_PERIPHCLK_LPTIM2:
1038:../../../../..//Drivers/STM32G0xx_HAL_Driver/Src/stm32g0xx_hal_rcc_ex.c ****         /* Get the current LPTIM2 source */
1039:../../../../..//Drivers/STM32G0xx_HAL_Driver/Src/stm32g0xx_hal_rcc_ex.c ****         srcclk = __HAL_RCC_GET_LPTIM2_SOURCE();
1040:../../../../..//Drivers/STM32G0xx_HAL_Driver/Src/stm32g0xx_hal_rcc_ex.c **** 
1041:../../../../..//Drivers/STM32G0xx_HAL_Driver/Src/stm32g0xx_hal_rcc_ex.c ****         if (srcclk == RCC_LPTIM2CLKSOURCE_PCLK1)
1042:../../../../..//Drivers/STM32G0xx_HAL_Driver/Src/stm32g0xx_hal_rcc_ex.c ****         {
1043:../../../../..//Drivers/STM32G0xx_HAL_Driver/Src/stm32g0xx_hal_rcc_ex.c ****           frequency = HAL_RCC_GetPCLK1Freq();
1044:../../../../..//Drivers/STM32G0xx_HAL_Driver/Src/stm32g0xx_hal_rcc_ex.c ****         }
1045:../../../../..//Drivers/STM32G0xx_HAL_Driver/Src/stm32g0xx_hal_rcc_ex.c ****         else if ((HAL_IS_BIT_SET(RCC->CSR, RCC_CSR_LSIRDY)) && (srcclk == RCC_LPTIM2CLKSOURCE_LSI))
1046:../../../../..//Drivers/STM32G0xx_HAL_Driver/Src/stm32g0xx_hal_rcc_ex.c ****         {
1047:../../../../..//Drivers/STM32G0xx_HAL_Driver/Src/stm32g0xx_hal_rcc_ex.c ****           frequency = LSI_VALUE;
1048:../../../../..//Drivers/STM32G0xx_HAL_Driver/Src/stm32g0xx_hal_rcc_ex.c ****         }
1049:../../../../..//Drivers/STM32G0xx_HAL_Driver/Src/stm32g0xx_hal_rcc_ex.c ****         else if ((HAL_IS_BIT_SET(RCC->CR, RCC_CR_HSIRDY)) && (srcclk == RCC_LPTIM2CLKSOURCE_HSI))
1050:../../../../..//Drivers/STM32G0xx_HAL_Driver/Src/stm32g0xx_hal_rcc_ex.c ****         {
1051:../../../../..//Drivers/STM32G0xx_HAL_Driver/Src/stm32g0xx_hal_rcc_ex.c ****           frequency = HSI_VALUE;
1052:../../../../..//Drivers/STM32G0xx_HAL_Driver/Src/stm32g0xx_hal_rcc_ex.c ****         }
1053:../../../../..//Drivers/STM32G0xx_HAL_Driver/Src/stm32g0xx_hal_rcc_ex.c ****         else if ((HAL_IS_BIT_SET(RCC->BDCR, RCC_BDCR_LSERDY)) && (srcclk == RCC_LPTIM2CLKSOURCE_LSE
1054:../../../../..//Drivers/STM32G0xx_HAL_Driver/Src/stm32g0xx_hal_rcc_ex.c ****         {
1055:../../../../..//Drivers/STM32G0xx_HAL_Driver/Src/stm32g0xx_hal_rcc_ex.c ****           frequency = LSE_VALUE;
1056:../../../../..//Drivers/STM32G0xx_HAL_Driver/Src/stm32g0xx_hal_rcc_ex.c ****         }
1057:../../../../..//Drivers/STM32G0xx_HAL_Driver/Src/stm32g0xx_hal_rcc_ex.c ****         /* Clock not enabled for LPTIM2 */
1058:../../../../..//Drivers/STM32G0xx_HAL_Driver/Src/stm32g0xx_hal_rcc_ex.c ****         else
1059:../../../../..//Drivers/STM32G0xx_HAL_Driver/Src/stm32g0xx_hal_rcc_ex.c ****         {
1060:../../../../..//Drivers/STM32G0xx_HAL_Driver/Src/stm32g0xx_hal_rcc_ex.c ****           /* Nothing to do as frequency already initialized to 0U */
1061:../../../../..//Drivers/STM32G0xx_HAL_Driver/Src/stm32g0xx_hal_rcc_ex.c ****         }
1062:../../../../..//Drivers/STM32G0xx_HAL_Driver/Src/stm32g0xx_hal_rcc_ex.c ****         break;
1063:../../../../..//Drivers/STM32G0xx_HAL_Driver/Src/stm32g0xx_hal_rcc_ex.c **** #endif /* RCC_CCIPR_LPTIM2SEL */
1064:../../../../..//Drivers/STM32G0xx_HAL_Driver/Src/stm32g0xx_hal_rcc_ex.c **** 
1065:../../../../..//Drivers/STM32G0xx_HAL_Driver/Src/stm32g0xx_hal_rcc_ex.c **** #if defined(RCC_CCIPR_TIM1SEL)
1066:../../../../..//Drivers/STM32G0xx_HAL_Driver/Src/stm32g0xx_hal_rcc_ex.c ****       case RCC_PERIPHCLK_TIM1:
1067:../../../../..//Drivers/STM32G0xx_HAL_Driver/Src/stm32g0xx_hal_rcc_ex.c **** 
1068:../../../../..//Drivers/STM32G0xx_HAL_Driver/Src/stm32g0xx_hal_rcc_ex.c ****         srcclk = READ_BIT(RCC->CCIPR, RCC_CCIPR_TIM1SEL);
1069:../../../../..//Drivers/STM32G0xx_HAL_Driver/Src/stm32g0xx_hal_rcc_ex.c **** 
1070:../../../../..//Drivers/STM32G0xx_HAL_Driver/Src/stm32g0xx_hal_rcc_ex.c ****         if (srcclk == RCC_TIM1CLKSOURCE_PLL) /* PLL ? */
1071:../../../../..//Drivers/STM32G0xx_HAL_Driver/Src/stm32g0xx_hal_rcc_ex.c ****         {
1072:../../../../..//Drivers/STM32G0xx_HAL_Driver/Src/stm32g0xx_hal_rcc_ex.c ****           if (__HAL_RCC_GET_PLLCLKOUT_CONFIG(RCC_PLLQCLK) != 0U)
1073:../../../../..//Drivers/STM32G0xx_HAL_Driver/Src/stm32g0xx_hal_rcc_ex.c ****           {
1074:../../../../..//Drivers/STM32G0xx_HAL_Driver/Src/stm32g0xx_hal_rcc_ex.c ****             /* f(PLLQ) = f(VCO input) * PLLN / PLLQ */
1075:../../../../..//Drivers/STM32G0xx_HAL_Driver/Src/stm32g0xx_hal_rcc_ex.c ****             plln = READ_BIT(RCC->PLLCFGR, RCC_PLLCFGR_PLLN) >> RCC_PLLCFGR_PLLN_Pos;
1076:../../../../..//Drivers/STM32G0xx_HAL_Driver/Src/stm32g0xx_hal_rcc_ex.c ****             frequency = (pllvco * plln) / ((READ_BIT(RCC->PLLCFGR, RCC_PLLCFGR_PLLQ) >> RCC_PLLCFGR
1077:../../../../..//Drivers/STM32G0xx_HAL_Driver/Src/stm32g0xx_hal_rcc_ex.c ****           }
1078:../../../../..//Drivers/STM32G0xx_HAL_Driver/Src/stm32g0xx_hal_rcc_ex.c ****         }
1079:../../../../..//Drivers/STM32G0xx_HAL_Driver/Src/stm32g0xx_hal_rcc_ex.c ****         else if (srcclk == RCC_TIM1CLKSOURCE_PCLK1) /* PCLK1 ? */
1080:../../../../..//Drivers/STM32G0xx_HAL_Driver/Src/stm32g0xx_hal_rcc_ex.c ****         {
1081:../../../../..//Drivers/STM32G0xx_HAL_Driver/Src/stm32g0xx_hal_rcc_ex.c ****           frequency = HAL_RCC_GetPCLK1Freq();
1082:../../../../..//Drivers/STM32G0xx_HAL_Driver/Src/stm32g0xx_hal_rcc_ex.c ****         }
1083:../../../../..//Drivers/STM32G0xx_HAL_Driver/Src/stm32g0xx_hal_rcc_ex.c ****         else /* No clock source */
1084:../../../../..//Drivers/STM32G0xx_HAL_Driver/Src/stm32g0xx_hal_rcc_ex.c ****         {
1085:../../../../..//Drivers/STM32G0xx_HAL_Driver/Src/stm32g0xx_hal_rcc_ex.c ****           /* Nothing to do as frequency already initialized to 0U */
1086:../../../../..//Drivers/STM32G0xx_HAL_Driver/Src/stm32g0xx_hal_rcc_ex.c ****         }
ARM GAS  /tmp/ccMVeFq7.s 			page 35


1087:../../../../..//Drivers/STM32G0xx_HAL_Driver/Src/stm32g0xx_hal_rcc_ex.c ****         break;
1088:../../../../..//Drivers/STM32G0xx_HAL_Driver/Src/stm32g0xx_hal_rcc_ex.c **** #endif /* RCC_CCIPR_TIM1SEL */
1089:../../../../..//Drivers/STM32G0xx_HAL_Driver/Src/stm32g0xx_hal_rcc_ex.c **** 
1090:../../../../..//Drivers/STM32G0xx_HAL_Driver/Src/stm32g0xx_hal_rcc_ex.c **** #if defined(RCC_CCIPR_TIM15SEL)
1091:../../../../..//Drivers/STM32G0xx_HAL_Driver/Src/stm32g0xx_hal_rcc_ex.c ****       case RCC_PERIPHCLK_TIM15:
1092:../../../../..//Drivers/STM32G0xx_HAL_Driver/Src/stm32g0xx_hal_rcc_ex.c **** 
1093:../../../../..//Drivers/STM32G0xx_HAL_Driver/Src/stm32g0xx_hal_rcc_ex.c ****         srcclk = READ_BIT(RCC->CCIPR, RCC_CCIPR_TIM15SEL);
1094:../../../../..//Drivers/STM32G0xx_HAL_Driver/Src/stm32g0xx_hal_rcc_ex.c **** 
1095:../../../../..//Drivers/STM32G0xx_HAL_Driver/Src/stm32g0xx_hal_rcc_ex.c ****         if (srcclk == RCC_TIM15CLKSOURCE_PLL) /* PLL ? */
1096:../../../../..//Drivers/STM32G0xx_HAL_Driver/Src/stm32g0xx_hal_rcc_ex.c ****         {
1097:../../../../..//Drivers/STM32G0xx_HAL_Driver/Src/stm32g0xx_hal_rcc_ex.c ****           if (__HAL_RCC_GET_PLLCLKOUT_CONFIG(RCC_PLLQCLK) != 0U)
1098:../../../../..//Drivers/STM32G0xx_HAL_Driver/Src/stm32g0xx_hal_rcc_ex.c ****           {
1099:../../../../..//Drivers/STM32G0xx_HAL_Driver/Src/stm32g0xx_hal_rcc_ex.c ****             /* f(PLLQ) = f(VCO input) * PLLN / PLLQ */
1100:../../../../..//Drivers/STM32G0xx_HAL_Driver/Src/stm32g0xx_hal_rcc_ex.c ****             plln = READ_BIT(RCC->PLLCFGR, RCC_PLLCFGR_PLLN) >> RCC_PLLCFGR_PLLN_Pos;
1101:../../../../..//Drivers/STM32G0xx_HAL_Driver/Src/stm32g0xx_hal_rcc_ex.c ****             frequency = (pllvco * plln) / ((READ_BIT(RCC->PLLCFGR, RCC_PLLCFGR_PLLQ) >> RCC_PLLCFGR
1102:../../../../..//Drivers/STM32G0xx_HAL_Driver/Src/stm32g0xx_hal_rcc_ex.c ****           }
1103:../../../../..//Drivers/STM32G0xx_HAL_Driver/Src/stm32g0xx_hal_rcc_ex.c ****         }
1104:../../../../..//Drivers/STM32G0xx_HAL_Driver/Src/stm32g0xx_hal_rcc_ex.c ****         else if (srcclk == RCC_TIM15CLKSOURCE_PCLK1) /* PCLK1 ? */
1105:../../../../..//Drivers/STM32G0xx_HAL_Driver/Src/stm32g0xx_hal_rcc_ex.c ****         {
1106:../../../../..//Drivers/STM32G0xx_HAL_Driver/Src/stm32g0xx_hal_rcc_ex.c ****           frequency = HAL_RCC_GetPCLK1Freq();
1107:../../../../..//Drivers/STM32G0xx_HAL_Driver/Src/stm32g0xx_hal_rcc_ex.c ****         }
1108:../../../../..//Drivers/STM32G0xx_HAL_Driver/Src/stm32g0xx_hal_rcc_ex.c ****         else /* No clock source */
1109:../../../../..//Drivers/STM32G0xx_HAL_Driver/Src/stm32g0xx_hal_rcc_ex.c ****         {
1110:../../../../..//Drivers/STM32G0xx_HAL_Driver/Src/stm32g0xx_hal_rcc_ex.c ****           /* Nothing to do as frequency already initialized to 0U */
1111:../../../../..//Drivers/STM32G0xx_HAL_Driver/Src/stm32g0xx_hal_rcc_ex.c ****         }
1112:../../../../..//Drivers/STM32G0xx_HAL_Driver/Src/stm32g0xx_hal_rcc_ex.c ****         break;
1113:../../../../..//Drivers/STM32G0xx_HAL_Driver/Src/stm32g0xx_hal_rcc_ex.c **** #endif /* RCC_CCIPR_TIM15SEL */
1114:../../../../..//Drivers/STM32G0xx_HAL_Driver/Src/stm32g0xx_hal_rcc_ex.c **** 
1115:../../../../..//Drivers/STM32G0xx_HAL_Driver/Src/stm32g0xx_hal_rcc_ex.c **** #if defined(RCC_CCIPR2_USBSEL)
1116:../../../../..//Drivers/STM32G0xx_HAL_Driver/Src/stm32g0xx_hal_rcc_ex.c ****       case RCC_PERIPHCLK_USB:
1117:../../../../..//Drivers/STM32G0xx_HAL_Driver/Src/stm32g0xx_hal_rcc_ex.c **** 
1118:../../../../..//Drivers/STM32G0xx_HAL_Driver/Src/stm32g0xx_hal_rcc_ex.c ****         srcclk = READ_BIT(RCC->CCIPR2, RCC_CCIPR2_USBSEL);
1119:../../../../..//Drivers/STM32G0xx_HAL_Driver/Src/stm32g0xx_hal_rcc_ex.c **** 
1120:../../../../..//Drivers/STM32G0xx_HAL_Driver/Src/stm32g0xx_hal_rcc_ex.c ****         if (srcclk == RCC_USBCLKSOURCE_PLL) /* PLL ? */
1121:../../../../..//Drivers/STM32G0xx_HAL_Driver/Src/stm32g0xx_hal_rcc_ex.c ****         {
1122:../../../../..//Drivers/STM32G0xx_HAL_Driver/Src/stm32g0xx_hal_rcc_ex.c ****           if (__HAL_RCC_GET_PLLCLKOUT_CONFIG(RCC_PLLQCLK) != 0U)
1123:../../../../..//Drivers/STM32G0xx_HAL_Driver/Src/stm32g0xx_hal_rcc_ex.c ****           {
1124:../../../../..//Drivers/STM32G0xx_HAL_Driver/Src/stm32g0xx_hal_rcc_ex.c ****             /* f(PLLQ) = f(VCO input) * PLLN / PLLQ */
1125:../../../../..//Drivers/STM32G0xx_HAL_Driver/Src/stm32g0xx_hal_rcc_ex.c ****             plln = READ_BIT(RCC->PLLCFGR, RCC_PLLCFGR_PLLN) >> RCC_PLLCFGR_PLLN_Pos;
1126:../../../../..//Drivers/STM32G0xx_HAL_Driver/Src/stm32g0xx_hal_rcc_ex.c ****             frequency = (pllvco * plln) / ((READ_BIT(RCC->PLLCFGR, RCC_PLLCFGR_PLLQ) >> RCC_PLLCFGR
1127:../../../../..//Drivers/STM32G0xx_HAL_Driver/Src/stm32g0xx_hal_rcc_ex.c ****           }
1128:../../../../..//Drivers/STM32G0xx_HAL_Driver/Src/stm32g0xx_hal_rcc_ex.c ****         }
1129:../../../../..//Drivers/STM32G0xx_HAL_Driver/Src/stm32g0xx_hal_rcc_ex.c **** #if defined(RCC_HSI48_SUPPORT)
1130:../../../../..//Drivers/STM32G0xx_HAL_Driver/Src/stm32g0xx_hal_rcc_ex.c ****         else if (srcclk == RCC_USBCLKSOURCE_HSI48) /* HSI48 ? */
1131:../../../../..//Drivers/STM32G0xx_HAL_Driver/Src/stm32g0xx_hal_rcc_ex.c ****         {
1132:../../../../..//Drivers/STM32G0xx_HAL_Driver/Src/stm32g0xx_hal_rcc_ex.c ****           if ((HAL_IS_BIT_SET(RCC->CR, RCC_CR_HSI48RDY)) && (srcclk == RCC_USBCLKSOURCE_HSI48))
1133:../../../../..//Drivers/STM32G0xx_HAL_Driver/Src/stm32g0xx_hal_rcc_ex.c ****           {
1134:../../../../..//Drivers/STM32G0xx_HAL_Driver/Src/stm32g0xx_hal_rcc_ex.c ****             frequency = HSI48_VALUE;
1135:../../../../..//Drivers/STM32G0xx_HAL_Driver/Src/stm32g0xx_hal_rcc_ex.c ****           }
1136:../../../../..//Drivers/STM32G0xx_HAL_Driver/Src/stm32g0xx_hal_rcc_ex.c ****         }
1137:../../../../..//Drivers/STM32G0xx_HAL_Driver/Src/stm32g0xx_hal_rcc_ex.c **** #endif /* RCC_HSI48_SUPPORT */
1138:../../../../..//Drivers/STM32G0xx_HAL_Driver/Src/stm32g0xx_hal_rcc_ex.c ****         else if (srcclk == RCC_USBCLKSOURCE_HSE)
1139:../../../../..//Drivers/STM32G0xx_HAL_Driver/Src/stm32g0xx_hal_rcc_ex.c ****         {
1140:../../../../..//Drivers/STM32G0xx_HAL_Driver/Src/stm32g0xx_hal_rcc_ex.c ****           if ((HAL_IS_BIT_SET(RCC->CR, RCC_CR_HSERDY)) && (srcclk == RCC_USBCLKSOURCE_HSE))
1141:../../../../..//Drivers/STM32G0xx_HAL_Driver/Src/stm32g0xx_hal_rcc_ex.c ****           {
1142:../../../../..//Drivers/STM32G0xx_HAL_Driver/Src/stm32g0xx_hal_rcc_ex.c ****             frequency = HSE_VALUE;
1143:../../../../..//Drivers/STM32G0xx_HAL_Driver/Src/stm32g0xx_hal_rcc_ex.c ****           }
ARM GAS  /tmp/ccMVeFq7.s 			page 36


1144:../../../../..//Drivers/STM32G0xx_HAL_Driver/Src/stm32g0xx_hal_rcc_ex.c ****         }
1145:../../../../..//Drivers/STM32G0xx_HAL_Driver/Src/stm32g0xx_hal_rcc_ex.c ****         else /* No clock source */
1146:../../../../..//Drivers/STM32G0xx_HAL_Driver/Src/stm32g0xx_hal_rcc_ex.c ****         {
1147:../../../../..//Drivers/STM32G0xx_HAL_Driver/Src/stm32g0xx_hal_rcc_ex.c ****           /* Nothing to do as frequency already initialized to 0U */
1148:../../../../..//Drivers/STM32G0xx_HAL_Driver/Src/stm32g0xx_hal_rcc_ex.c ****         }
1149:../../../../..//Drivers/STM32G0xx_HAL_Driver/Src/stm32g0xx_hal_rcc_ex.c ****         break;
1150:../../../../..//Drivers/STM32G0xx_HAL_Driver/Src/stm32g0xx_hal_rcc_ex.c **** #endif /* RCC_CCIPR2_USBSEL */
1151:../../../../..//Drivers/STM32G0xx_HAL_Driver/Src/stm32g0xx_hal_rcc_ex.c **** 
1152:../../../../..//Drivers/STM32G0xx_HAL_Driver/Src/stm32g0xx_hal_rcc_ex.c **** #if defined(RCC_CCIPR2_FDCANSEL)
1153:../../../../..//Drivers/STM32G0xx_HAL_Driver/Src/stm32g0xx_hal_rcc_ex.c ****       case RCC_PERIPHCLK_FDCAN:
1154:../../../../..//Drivers/STM32G0xx_HAL_Driver/Src/stm32g0xx_hal_rcc_ex.c **** 
1155:../../../../..//Drivers/STM32G0xx_HAL_Driver/Src/stm32g0xx_hal_rcc_ex.c ****         srcclk = READ_BIT(RCC->CCIPR2, RCC_CCIPR2_FDCANSEL);
1156:../../../../..//Drivers/STM32G0xx_HAL_Driver/Src/stm32g0xx_hal_rcc_ex.c **** 
1157:../../../../..//Drivers/STM32G0xx_HAL_Driver/Src/stm32g0xx_hal_rcc_ex.c ****         if (srcclk == RCC_FDCANCLKSOURCE_PLL) /* PLL ? */
1158:../../../../..//Drivers/STM32G0xx_HAL_Driver/Src/stm32g0xx_hal_rcc_ex.c ****         {
1159:../../../../..//Drivers/STM32G0xx_HAL_Driver/Src/stm32g0xx_hal_rcc_ex.c ****           if (__HAL_RCC_GET_PLLCLKOUT_CONFIG(RCC_PLLQCLK) != 0U)
1160:../../../../..//Drivers/STM32G0xx_HAL_Driver/Src/stm32g0xx_hal_rcc_ex.c ****           {
1161:../../../../..//Drivers/STM32G0xx_HAL_Driver/Src/stm32g0xx_hal_rcc_ex.c ****             /* f(PLLQ) = f(VCO input) * PLLN / PLLQ */
1162:../../../../..//Drivers/STM32G0xx_HAL_Driver/Src/stm32g0xx_hal_rcc_ex.c ****             plln = READ_BIT(RCC->PLLCFGR, RCC_PLLCFGR_PLLN) >> RCC_PLLCFGR_PLLN_Pos;
1163:../../../../..//Drivers/STM32G0xx_HAL_Driver/Src/stm32g0xx_hal_rcc_ex.c ****             frequency = (pllvco * plln) / ((READ_BIT(RCC->PLLCFGR, RCC_PLLCFGR_PLLQ) >> RCC_PLLCFGR
1164:../../../../..//Drivers/STM32G0xx_HAL_Driver/Src/stm32g0xx_hal_rcc_ex.c ****           }
1165:../../../../..//Drivers/STM32G0xx_HAL_Driver/Src/stm32g0xx_hal_rcc_ex.c ****         }
1166:../../../../..//Drivers/STM32G0xx_HAL_Driver/Src/stm32g0xx_hal_rcc_ex.c ****         else if (srcclk == RCC_FDCANCLKSOURCE_PCLK1) /* PCLK1 ? */
1167:../../../../..//Drivers/STM32G0xx_HAL_Driver/Src/stm32g0xx_hal_rcc_ex.c ****         {
1168:../../../../..//Drivers/STM32G0xx_HAL_Driver/Src/stm32g0xx_hal_rcc_ex.c ****           frequency = HAL_RCC_GetPCLK1Freq();
1169:../../../../..//Drivers/STM32G0xx_HAL_Driver/Src/stm32g0xx_hal_rcc_ex.c ****         }
1170:../../../../..//Drivers/STM32G0xx_HAL_Driver/Src/stm32g0xx_hal_rcc_ex.c ****         else if ((HAL_IS_BIT_SET(RCC->CR, RCC_CR_HSERDY)) && (srcclk == RCC_FDCANCLKSOURCE_HSE))
1171:../../../../..//Drivers/STM32G0xx_HAL_Driver/Src/stm32g0xx_hal_rcc_ex.c ****         {
1172:../../../../..//Drivers/STM32G0xx_HAL_Driver/Src/stm32g0xx_hal_rcc_ex.c ****           frequency = HSE_VALUE;
1173:../../../../..//Drivers/STM32G0xx_HAL_Driver/Src/stm32g0xx_hal_rcc_ex.c ****         }
1174:../../../../..//Drivers/STM32G0xx_HAL_Driver/Src/stm32g0xx_hal_rcc_ex.c ****         else /* No clock source */
1175:../../../../..//Drivers/STM32G0xx_HAL_Driver/Src/stm32g0xx_hal_rcc_ex.c ****         {
1176:../../../../..//Drivers/STM32G0xx_HAL_Driver/Src/stm32g0xx_hal_rcc_ex.c ****           /* Nothing to do as frequency already initialized to 0U */
1177:../../../../..//Drivers/STM32G0xx_HAL_Driver/Src/stm32g0xx_hal_rcc_ex.c ****         }
1178:../../../../..//Drivers/STM32G0xx_HAL_Driver/Src/stm32g0xx_hal_rcc_ex.c ****         break;
1179:../../../../..//Drivers/STM32G0xx_HAL_Driver/Src/stm32g0xx_hal_rcc_ex.c **** #endif /* RCC_CCIPR2_FDCANSEL */
1180:../../../../..//Drivers/STM32G0xx_HAL_Driver/Src/stm32g0xx_hal_rcc_ex.c **** 
1181:../../../../..//Drivers/STM32G0xx_HAL_Driver/Src/stm32g0xx_hal_rcc_ex.c ****       default:
1182:../../../../..//Drivers/STM32G0xx_HAL_Driver/Src/stm32g0xx_hal_rcc_ex.c ****         break;
1183:../../../../..//Drivers/STM32G0xx_HAL_Driver/Src/stm32g0xx_hal_rcc_ex.c ****     }
1184:../../../../..//Drivers/STM32G0xx_HAL_Driver/Src/stm32g0xx_hal_rcc_ex.c ****   }
1185:../../../../..//Drivers/STM32G0xx_HAL_Driver/Src/stm32g0xx_hal_rcc_ex.c **** 
1186:../../../../..//Drivers/STM32G0xx_HAL_Driver/Src/stm32g0xx_hal_rcc_ex.c ****   return (frequency);
1187:../../../../..//Drivers/STM32G0xx_HAL_Driver/Src/stm32g0xx_hal_rcc_ex.c **** }
 780              		.loc 1 1187 1 view .LVU238
 781              		@ sp needed
 782              	.LVL34:
 783              		.loc 1 1187 1 view .LVU239
 784 0090 F8BD     		pop	{r3, r4, r5, r6, r7, pc}
 785              	.LVL35:
 786              	.L118:
 656:../../../../..//Drivers/STM32G0xx_HAL_Driver/Src/stm32g0xx_hal_rcc_ex.c ****     }
 787              		.loc 1 656 14 view .LVU240
 788 0092 9348     		ldr	r0, .L247+20
 789              	.LVL36:
 656:../../../../..//Drivers/STM32G0xx_HAL_Driver/Src/stm32g0xx_hal_rcc_ex.c ****     }
 790              		.loc 1 656 14 view .LVU241
ARM GAS  /tmp/ccMVeFq7.s 			page 37


 791 0094 EAE7     		b	.L85
 792              	.LVL37:
 793              	.L89:
 670:../../../../..//Drivers/STM32G0xx_HAL_Driver/Src/stm32g0xx_hal_rcc_ex.c ****     {
 794              		.loc 1 670 5 view .LVU242
 795 0096 202D     		cmp	r5, #32
 796 0098 00D1     		bne	.LCB717
 797 009a CAE0     		b	.L92	@long jump
 798              	.LCB717:
 799 009c 8023     		movs	r3, #128
 800 009e 9B00     		lsls	r3, r3, #2
 801 00a0 9D42     		cmp	r5, r3
 802 00a2 F4D1     		bne	.L238
1010:../../../../..//Drivers/STM32G0xx_HAL_Driver/Src/stm32g0xx_hal_rcc_ex.c **** 
 803              		.loc 1 1010 9 is_stmt 1 view .LVU243
1010:../../../../..//Drivers/STM32G0xx_HAL_Driver/Src/stm32g0xx_hal_rcc_ex.c **** 
 804              		.loc 1 1010 18 is_stmt 0 view .LVU244
 805 00a4 616D     		ldr	r1, [r4, #84]
 806              	.LVL38:
1010:../../../../..//Drivers/STM32G0xx_HAL_Driver/Src/stm32g0xx_hal_rcc_ex.c **** 
 807              		.loc 1 1010 16 view .LVU245
 808 00a6 C022     		movs	r2, #192
 809 00a8 0B00     		movs	r3, r1
 810 00aa 1203     		lsls	r2, r2, #12
 811 00ac 1340     		ands	r3, r2
 812              	.LVL39:
1012:../../../../..//Drivers/STM32G0xx_HAL_Driver/Src/stm32g0xx_hal_rcc_ex.c ****         {
 813              		.loc 1 1012 9 is_stmt 1 view .LVU246
1012:../../../../..//Drivers/STM32G0xx_HAL_Driver/Src/stm32g0xx_hal_rcc_ex.c ****         {
 814              		.loc 1 1012 12 is_stmt 0 view .LVU247
 815 00ae 1142     		tst	r1, r2
 816 00b0 68D0     		beq	.L103
1016:../../../../..//Drivers/STM32G0xx_HAL_Driver/Src/stm32g0xx_hal_rcc_ex.c ****         {
 817              		.loc 1 1016 14 is_stmt 1 view .LVU248
1016:../../../../..//Drivers/STM32G0xx_HAL_Driver/Src/stm32g0xx_hal_rcc_ex.c ****         {
 818              		.loc 1 1016 19 is_stmt 0 view .LVU249
 819 00b2 226E     		ldr	r2, [r4, #96]
1016:../../../../..//Drivers/STM32G0xx_HAL_Driver/Src/stm32g0xx_hal_rcc_ex.c ****         {
 820              		.loc 1 1016 17 view .LVU250
 821 00b4 9207     		lsls	r2, r2, #30
 822 00b6 04D5     		bpl	.L110
1016:../../../../..//Drivers/STM32G0xx_HAL_Driver/Src/stm32g0xx_hal_rcc_ex.c ****         {
 823              		.loc 1 1016 61 discriminator 1 view .LVU251
 824 00b8 8022     		movs	r2, #128
 825 00ba D202     		lsls	r2, r2, #11
 826 00bc 9342     		cmp	r3, r2
 827 00be 00D1     		bne	.LCB742
 828 00c0 32E1     		b	.L139	@long jump
 829              	.LCB742:
 830              	.L110:
1020:../../../../..//Drivers/STM32G0xx_HAL_Driver/Src/stm32g0xx_hal_rcc_ex.c ****         {
 831              		.loc 1 1020 14 is_stmt 1 view .LVU252
1020:../../../../..//Drivers/STM32G0xx_HAL_Driver/Src/stm32g0xx_hal_rcc_ex.c ****         {
 832              		.loc 1 1020 19 is_stmt 0 view .LVU253
 833 00c2 2268     		ldr	r2, [r4]
1020:../../../../..//Drivers/STM32G0xx_HAL_Driver/Src/stm32g0xx_hal_rcc_ex.c ****         {
 834              		.loc 1 1020 17 view .LVU254
ARM GAS  /tmp/ccMVeFq7.s 			page 38


 835 00c4 5205     		lsls	r2, r2, #21
 836 00c6 04D5     		bpl	.L111
1020:../../../../..//Drivers/STM32G0xx_HAL_Driver/Src/stm32g0xx_hal_rcc_ex.c ****         {
 837              		.loc 1 1020 59 discriminator 1 view .LVU255
 838 00c8 8022     		movs	r2, #128
 839 00ca 1203     		lsls	r2, r2, #12
 840 00cc 9342     		cmp	r3, r2
 841 00ce 00D1     		bne	.LCB753
 842 00d0 2DE1     		b	.L140	@long jump
 843              	.LCB753:
 844              	.L111:
1024:../../../../..//Drivers/STM32G0xx_HAL_Driver/Src/stm32g0xx_hal_rcc_ex.c ****         {
 845              		.loc 1 1024 14 is_stmt 1 view .LVU256
1024:../../../../..//Drivers/STM32G0xx_HAL_Driver/Src/stm32g0xx_hal_rcc_ex.c ****         {
 846              		.loc 1 1024 19 is_stmt 0 view .LVU257
 847 00d2 E26D     		ldr	r2, [r4, #92]
 848 00d4 0020     		movs	r0, #0
1024:../../../../..//Drivers/STM32G0xx_HAL_Driver/Src/stm32g0xx_hal_rcc_ex.c ****         {
 849              		.loc 1 1024 17 view .LVU258
 850 00d6 9207     		lsls	r2, r2, #30
 851 00d8 DAD5     		bpl	.L80
1024:../../../../..//Drivers/STM32G0xx_HAL_Driver/Src/stm32g0xx_hal_rcc_ex.c ****         {
 852              		.loc 1 1024 63 discriminator 1 view .LVU259
 853 00da 824A     		ldr	r2, .L247+24
 854 00dc A7E0     		b	.L243
 855              	.LVL40:
 856              	.L87:
 670:../../../../..//Drivers/STM32G0xx_HAL_Driver/Src/stm32g0xx_hal_rcc_ex.c ****     {
 857              		.loc 1 670 5 view .LVU260
 858 00de 8023     		movs	r3, #128
 859 00e0 1B03     		lsls	r3, r3, #12
 860 00e2 9D42     		cmp	r5, r3
 861 00e4 7BD0     		beq	.L94
 668:../../../../..//Drivers/STM32G0xx_HAL_Driver/Src/stm32g0xx_hal_rcc_ex.c **** 
 862              		.loc 1 668 67 view .LVU261
 863 00e6 0727     		movs	r7, #7
 864 00e8 0909     		lsrs	r1, r1, #4
 865              	.LVL41:
 668:../../../../..//Drivers/STM32G0xx_HAL_Driver/Src/stm32g0xx_hal_rcc_ex.c **** 
 866              		.loc 1 668 67 view .LVU262
 867 00ea 3940     		ands	r1, r7
 668:../../../../..//Drivers/STM32G0xx_HAL_Driver/Src/stm32g0xx_hal_rcc_ex.c **** 
 868              		.loc 1 668 92 view .LVU263
 869 00ec 0131     		adds	r1, r1, #1
 668:../../../../..//Drivers/STM32G0xx_HAL_Driver/Src/stm32g0xx_hal_rcc_ex.c **** 
 870              		.loc 1 668 12 view .LVU264
 871 00ee FFF7FEFF 		bl	__aeabi_uidiv
 872              	.LVL42:
 670:../../../../..//Drivers/STM32G0xx_HAL_Driver/Src/stm32g0xx_hal_rcc_ex.c ****     {
 873              		.loc 1 670 5 view .LVU265
 874 00f2 8023     		movs	r3, #128
 668:../../../../..//Drivers/STM32G0xx_HAL_Driver/Src/stm32g0xx_hal_rcc_ex.c **** 
 875              		.loc 1 668 12 view .LVU266
 876 00f4 0200     		movs	r2, r0
 670:../../../../..//Drivers/STM32G0xx_HAL_Driver/Src/stm32g0xx_hal_rcc_ex.c ****     {
 877              		.loc 1 670 5 view .LVU267
 878 00f6 1B03     		lsls	r3, r3, #12
ARM GAS  /tmp/ccMVeFq7.s 			page 39


 879 00f8 9D42     		cmp	r5, r3
 880 00fa 25D8     		bhi	.L95
 881 00fc 8023     		movs	r3, #128
 882 00fe 8021     		movs	r1, #128
 883 0100 1B01     		lsls	r3, r3, #4
 884 0102 C901     		lsls	r1, r1, #7
 885 0104 9D42     		cmp	r5, r3
 886 0106 00D1     		bne	.LCB795
 887 0108 AAE0     		b	.L96	@long jump
 888              	.LCB795:
 889 010a 8D42     		cmp	r5, r1
 890 010c BFD1     		bne	.L238
 865:../../../../..//Drivers/STM32G0xx_HAL_Driver/Src/stm32g0xx_hal_rcc_ex.c **** 
 891              		.loc 1 865 9 is_stmt 1 view .LVU268
 865:../../../../..//Drivers/STM32G0xx_HAL_Driver/Src/stm32g0xx_hal_rcc_ex.c **** 
 892              		.loc 1 865 18 is_stmt 0 view .LVU269
 893 010e 636D     		ldr	r3, [r4, #84]
 865:../../../../..//Drivers/STM32G0xx_HAL_Driver/Src/stm32g0xx_hal_rcc_ex.c **** 
 894              		.loc 1 865 16 view .LVU270
 895 0110 9B0F     		lsrs	r3, r3, #30
 896 0112 9907     		lsls	r1, r3, #30
 897              	.LVL43:
 867:../../../../..//Drivers/STM32G0xx_HAL_Driver/Src/stm32g0xx_hal_rcc_ex.c ****         {
 898              		.loc 1 867 9 is_stmt 1 view .LVU271
 867:../../../../..//Drivers/STM32G0xx_HAL_Driver/Src/stm32g0xx_hal_rcc_ex.c ****         {
 899              		.loc 1 867 12 is_stmt 0 view .LVU272
 900 0114 002B     		cmp	r3, #0
 901 0116 3AD0     		beq	.L104
 871:../../../../..//Drivers/STM32G0xx_HAL_Driver/Src/stm32g0xx_hal_rcc_ex.c ****         {
 902              		.loc 1 871 14 is_stmt 1 view .LVU273
 871:../../../../..//Drivers/STM32G0xx_HAL_Driver/Src/stm32g0xx_hal_rcc_ex.c ****         {
 903              		.loc 1 871 17 is_stmt 0 view .LVU274
 904 0118 8023     		movs	r3, #128
 905 011a 1B06     		lsls	r3, r3, #24
 906 011c 9942     		cmp	r1, r3
 907 011e 00D1     		bne	.LCB810
 908 0120 05E1     		b	.L140	@long jump
 909              	.LCB810:
 875:../../../../..//Drivers/STM32G0xx_HAL_Driver/Src/stm32g0xx_hal_rcc_ex.c ****         {
 910              		.loc 1 875 14 is_stmt 1 view .LVU275
 875:../../../../..//Drivers/STM32G0xx_HAL_Driver/Src/stm32g0xx_hal_rcc_ex.c ****         {
 911              		.loc 1 875 17 is_stmt 0 view .LVU276
 912 0122 8023     		movs	r3, #128
 913 0124 0020     		movs	r0, #0
 914 0126 DB05     		lsls	r3, r3, #23
 915 0128 9942     		cmp	r1, r3
 916 012a B1D1     		bne	.L80
 877:../../../../..//Drivers/STM32G0xx_HAL_Driver/Src/stm32g0xx_hal_rcc_ex.c ****           {
 917              		.loc 1 877 11 is_stmt 1 view .LVU277
 877:../../../../..//Drivers/STM32G0xx_HAL_Driver/Src/stm32g0xx_hal_rcc_ex.c ****           {
 918              		.loc 1 877 15 is_stmt 0 view .LVU278
 919 012c E368     		ldr	r3, [r4, #12]
 920              	.LVL44:
 921              	.L246:
 945:../../../../..//Drivers/STM32G0xx_HAL_Driver/Src/stm32g0xx_hal_rcc_ex.c ****           {
 922              		.loc 1 945 14 view .LVU279
 923 012e DB03     		lsls	r3, r3, #15
ARM GAS  /tmp/ccMVeFq7.s 			page 40


 924 0130 AED5     		bpl	.L80
 948:../../../../..//Drivers/STM32G0xx_HAL_Driver/Src/stm32g0xx_hal_rcc_ex.c ****             frequency = (pllvco * plln) / ((READ_BIT(RCC->PLLCFGR, RCC_PLLCFGR_PLLP) >> RCC_PLLCFGR
 925              		.loc 1 948 13 is_stmt 1 view .LVU280
 948:../../../../..//Drivers/STM32G0xx_HAL_Driver/Src/stm32g0xx_hal_rcc_ex.c ****             frequency = (pllvco * plln) / ((READ_BIT(RCC->PLLCFGR, RCC_PLLCFGR_PLLP) >> RCC_PLLCFGR
 926              		.loc 1 948 20 is_stmt 0 view .LVU281
 927 0132 E068     		ldr	r0, [r4, #12]
 928              	.LVL45:
 949:../../../../..//Drivers/STM32G0xx_HAL_Driver/Src/stm32g0xx_hal_rcc_ex.c ****           }
 929              		.loc 1 949 13 is_stmt 1 view .LVU282
 949:../../../../..//Drivers/STM32G0xx_HAL_Driver/Src/stm32g0xx_hal_rcc_ex.c ****           }
 930              		.loc 1 949 45 is_stmt 0 view .LVU283
 931 0134 E168     		ldr	r1, [r4, #12]
 948:../../../../..//Drivers/STM32G0xx_HAL_Driver/Src/stm32g0xx_hal_rcc_ex.c ****             frequency = (pllvco * plln) / ((READ_BIT(RCC->PLLCFGR, RCC_PLLCFGR_PLLP) >> RCC_PLLCFGR
 932              		.loc 1 948 18 view .LVU284
 933 0136 4004     		lsls	r0, r0, #17
 934              	.LVL46:
 948:../../../../..//Drivers/STM32G0xx_HAL_Driver/Src/stm32g0xx_hal_rcc_ex.c ****             frequency = (pllvco * plln) / ((READ_BIT(RCC->PLLCFGR, RCC_PLLCFGR_PLLP) >> RCC_PLLCFGR
 935              		.loc 1 948 18 view .LVU285
 936 0138 400E     		lsrs	r0, r0, #25
 949:../../../../..//Drivers/STM32G0xx_HAL_Driver/Src/stm32g0xx_hal_rcc_ex.c ****           }
 937              		.loc 1 949 33 view .LVU286
 938 013a 5043     		muls	r0, r2
 949:../../../../..//Drivers/STM32G0xx_HAL_Driver/Src/stm32g0xx_hal_rcc_ex.c ****           }
 939              		.loc 1 949 86 view .LVU287
 940 013c 8902     		lsls	r1, r1, #10
 941 013e C90E     		lsrs	r1, r1, #27
 942              	.LVL47:
 943              	.L240:
1076:../../../../..//Drivers/STM32G0xx_HAL_Driver/Src/stm32g0xx_hal_rcc_ex.c ****           }
 944              		.loc 1 1076 111 view .LVU288
 945 0140 0131     		adds	r1, r1, #1
1076:../../../../..//Drivers/STM32G0xx_HAL_Driver/Src/stm32g0xx_hal_rcc_ex.c ****           }
 946              		.loc 1 1076 23 view .LVU289
 947 0142 FFF7FEFF 		bl	__aeabi_uidiv
 948              	.LVL48:
1076:../../../../..//Drivers/STM32G0xx_HAL_Driver/Src/stm32g0xx_hal_rcc_ex.c ****           }
 949              		.loc 1 1076 23 view .LVU290
 950 0146 A3E7     		b	.L80
 951              	.LVL49:
 952              	.L95:
 670:../../../../..//Drivers/STM32G0xx_HAL_Driver/Src/stm32g0xx_hal_rcc_ex.c ****     {
 953              		.loc 1 670 5 view .LVU291
 954 0148 8021     		movs	r1, #128
 955 014a 8023     		movs	r3, #128
 956 014c 8903     		lsls	r1, r1, #14
 957 014e DB03     		lsls	r3, r3, #15
 958 0150 8D42     		cmp	r5, r1
 959 0152 00D1     		bne	.LCB853
 960 0154 D2E0     		b	.L98	@long jump
 961              	.LCB853:
 962 0156 9D42     		cmp	r5, r3
 963 0158 99D1     		bne	.L238
1093:../../../../..//Drivers/STM32G0xx_HAL_Driver/Src/stm32g0xx_hal_rcc_ex.c **** 
 964              		.loc 1 1093 9 is_stmt 1 view .LVU292
1093:../../../../..//Drivers/STM32G0xx_HAL_Driver/Src/stm32g0xx_hal_rcc_ex.c **** 
 965              		.loc 1 1093 16 is_stmt 0 view .LVU293
 966 015a 8023     		movs	r3, #128
ARM GAS  /tmp/ccMVeFq7.s 			page 41


1093:../../../../..//Drivers/STM32G0xx_HAL_Driver/Src/stm32g0xx_hal_rcc_ex.c **** 
 967              		.loc 1 1093 18 view .LVU294
 968 015c 616D     		ldr	r1, [r4, #84]
 969              	.LVL50:
1095:../../../../..//Drivers/STM32G0xx_HAL_Driver/Src/stm32g0xx_hal_rcc_ex.c ****         {
 970              		.loc 1 1095 9 is_stmt 1 view .LVU295
1093:../../../../..//Drivers/STM32G0xx_HAL_Driver/Src/stm32g0xx_hal_rcc_ex.c **** 
 971              		.loc 1 1093 16 is_stmt 0 view .LVU296
 972 015e 5B04     		lsls	r3, r3, #17
1095:../../../../..//Drivers/STM32G0xx_HAL_Driver/Src/stm32g0xx_hal_rcc_ex.c ****         {
 973              		.loc 1 1095 12 view .LVU297
 974 0160 1942     		tst	r1, r3
 975 0162 0FD0     		beq	.L103
1097:../../../../..//Drivers/STM32G0xx_HAL_Driver/Src/stm32g0xx_hal_rcc_ex.c ****           {
 976              		.loc 1 1097 11 is_stmt 1 view .LVU298
1097:../../../../..//Drivers/STM32G0xx_HAL_Driver/Src/stm32g0xx_hal_rcc_ex.c ****           {
 977              		.loc 1 1097 15 is_stmt 0 view .LVU299
 978 0164 E168     		ldr	r1, [r4, #12]
 979              	.LVL51:
1097:../../../../..//Drivers/STM32G0xx_HAL_Driver/Src/stm32g0xx_hal_rcc_ex.c ****           {
 980              		.loc 1 1097 15 view .LVU300
 981 0166 0020     		movs	r0, #0
1097:../../../../..//Drivers/STM32G0xx_HAL_Driver/Src/stm32g0xx_hal_rcc_ex.c ****           {
 982              		.loc 1 1097 14 view .LVU301
 983 0168 1942     		tst	r1, r3
 984 016a 00D1     		bne	.LCB871
 985 016c 90E7     		b	.L80	@long jump
 986              	.LCB871:
1100:../../../../..//Drivers/STM32G0xx_HAL_Driver/Src/stm32g0xx_hal_rcc_ex.c ****             frequency = (pllvco * plln) / ((READ_BIT(RCC->PLLCFGR, RCC_PLLCFGR_PLLQ) >> RCC_PLLCFGR
 987              		.loc 1 1100 13 is_stmt 1 view .LVU302
1100:../../../../..//Drivers/STM32G0xx_HAL_Driver/Src/stm32g0xx_hal_rcc_ex.c ****             frequency = (pllvco * plln) / ((READ_BIT(RCC->PLLCFGR, RCC_PLLCFGR_PLLQ) >> RCC_PLLCFGR
 988              		.loc 1 1100 20 is_stmt 0 view .LVU303
 989 016e E368     		ldr	r3, [r4, #12]
 990              	.LVL52:
1101:../../../../..//Drivers/STM32G0xx_HAL_Driver/Src/stm32g0xx_hal_rcc_ex.c ****           }
 991              		.loc 1 1101 13 is_stmt 1 view .LVU304
1101:../../../../..//Drivers/STM32G0xx_HAL_Driver/Src/stm32g0xx_hal_rcc_ex.c ****           }
 992              		.loc 1 1101 45 is_stmt 0 view .LVU305
 993 0170 E168     		ldr	r1, [r4, #12]
1100:../../../../..//Drivers/STM32G0xx_HAL_Driver/Src/stm32g0xx_hal_rcc_ex.c ****             frequency = (pllvco * plln) / ((READ_BIT(RCC->PLLCFGR, RCC_PLLCFGR_PLLQ) >> RCC_PLLCFGR
 994              		.loc 1 1100 18 view .LVU306
 995 0172 5B04     		lsls	r3, r3, #17
 996              	.LVL53:
1100:../../../../..//Drivers/STM32G0xx_HAL_Driver/Src/stm32g0xx_hal_rcc_ex.c ****             frequency = (pllvco * plln) / ((READ_BIT(RCC->PLLCFGR, RCC_PLLCFGR_PLLQ) >> RCC_PLLCFGR
 997              		.loc 1 1100 18 view .LVU307
 998 0174 580E     		lsrs	r0, r3, #25
 999 0176 CEE0     		b	.L242
 1000              	.LVL54:
 1001              	.L90:
 702:../../../../..//Drivers/STM32G0xx_HAL_Driver/Src/stm32g0xx_hal_rcc_ex.c **** 
 1002              		.loc 1 702 9 is_stmt 1 view .LVU308
 702:../../../../..//Drivers/STM32G0xx_HAL_Driver/Src/stm32g0xx_hal_rcc_ex.c **** 
 1003              		.loc 1 702 18 is_stmt 0 view .LVU309
 1004 0178 616D     		ldr	r1, [r4, #84]
 1005              	.LVL55:
 702:../../../../..//Drivers/STM32G0xx_HAL_Driver/Src/stm32g0xx_hal_rcc_ex.c **** 
 1006              		.loc 1 702 16 view .LVU310
ARM GAS  /tmp/ccMVeFq7.s 			page 42


 1007 017a 0322     		movs	r2, #3
 1008 017c 0B00     		movs	r3, r1
 1009 017e 1340     		ands	r3, r2
 1010              	.LVL56:
 704:../../../../..//Drivers/STM32G0xx_HAL_Driver/Src/stm32g0xx_hal_rcc_ex.c ****         {
 1011              		.loc 1 704 9 is_stmt 1 view .LVU311
 704:../../../../..//Drivers/STM32G0xx_HAL_Driver/Src/stm32g0xx_hal_rcc_ex.c ****         {
 1012              		.loc 1 704 12 is_stmt 0 view .LVU312
 1013 0180 1142     		tst	r1, r2
 1014 0182 02D1     		bne	.L100
 1015              	.LVL57:
 1016              	.L103:
 706:../../../../..//Drivers/STM32G0xx_HAL_Driver/Src/stm32g0xx_hal_rcc_ex.c ****         }
 1017              		.loc 1 706 11 is_stmt 1 view .LVU313
 706:../../../../..//Drivers/STM32G0xx_HAL_Driver/Src/stm32g0xx_hal_rcc_ex.c ****         }
 1018              		.loc 1 706 23 is_stmt 0 view .LVU314
 1019 0184 FFF7FEFF 		bl	HAL_RCC_GetPCLK1Freq
 1020              	.LVL58:
 706:../../../../..//Drivers/STM32G0xx_HAL_Driver/Src/stm32g0xx_hal_rcc_ex.c ****         }
 1021              		.loc 1 706 23 view .LVU315
 1022 0188 82E7     		b	.L80
 1023              	.LVL59:
 1024              	.L100:
 708:../../../../..//Drivers/STM32G0xx_HAL_Driver/Src/stm32g0xx_hal_rcc_ex.c ****         {
 1025              		.loc 1 708 14 is_stmt 1 view .LVU316
 708:../../../../..//Drivers/STM32G0xx_HAL_Driver/Src/stm32g0xx_hal_rcc_ex.c ****         {
 1026              		.loc 1 708 17 is_stmt 0 view .LVU317
 1027 018a 012B     		cmp	r3, #1
 1028 018c 02D1     		bne	.L101
 1029              	.LVL60:
 1030              	.L104:
 710:../../../../..//Drivers/STM32G0xx_HAL_Driver/Src/stm32g0xx_hal_rcc_ex.c ****         }
 1031              		.loc 1 710 11 is_stmt 1 view .LVU318
 710:../../../../..//Drivers/STM32G0xx_HAL_Driver/Src/stm32g0xx_hal_rcc_ex.c ****         }
 1032              		.loc 1 710 23 is_stmt 0 view .LVU319
 1033 018e FFF7FEFF 		bl	HAL_RCC_GetSysClockFreq
 1034              	.LVL61:
 710:../../../../..//Drivers/STM32G0xx_HAL_Driver/Src/stm32g0xx_hal_rcc_ex.c ****         }
 1035              		.loc 1 710 23 view .LVU320
 1036 0192 7DE7     		b	.L80
 1037              	.LVL62:
 1038              	.L101:
 712:../../../../..//Drivers/STM32G0xx_HAL_Driver/Src/stm32g0xx_hal_rcc_ex.c ****         {
 1039              		.loc 1 712 14 is_stmt 1 view .LVU321
 712:../../../../..//Drivers/STM32G0xx_HAL_Driver/Src/stm32g0xx_hal_rcc_ex.c ****         {
 1040              		.loc 1 712 19 is_stmt 0 view .LVU322
 1041 0194 2268     		ldr	r2, [r4]
 712:../../../../..//Drivers/STM32G0xx_HAL_Driver/Src/stm32g0xx_hal_rcc_ex.c ****         {
 1042              		.loc 1 712 17 view .LVU323
 1043 0196 3242     		tst	r2, r6
 1044 0198 02D0     		beq	.L102
 712:../../../../..//Drivers/STM32G0xx_HAL_Driver/Src/stm32g0xx_hal_rcc_ex.c ****         {
 1045              		.loc 1 712 59 discriminator 1 view .LVU324
 1046 019a 022B     		cmp	r3, #2
 1047 019c 00D1     		bne	.LCB933
 1048 019e C6E0     		b	.L140	@long jump
 1049              	.LCB933:
ARM GAS  /tmp/ccMVeFq7.s 			page 43


 1050              	.L102:
 716:../../../../..//Drivers/STM32G0xx_HAL_Driver/Src/stm32g0xx_hal_rcc_ex.c ****         {
 1051              		.loc 1 716 14 is_stmt 1 view .LVU325
 716:../../../../..//Drivers/STM32G0xx_HAL_Driver/Src/stm32g0xx_hal_rcc_ex.c ****         {
 1052              		.loc 1 716 19 is_stmt 0 view .LVU326
 1053 01a0 E26D     		ldr	r2, [r4, #92]
 1054 01a2 0020     		movs	r0, #0
 716:../../../../..//Drivers/STM32G0xx_HAL_Driver/Src/stm32g0xx_hal_rcc_ex.c ****         {
 1055              		.loc 1 716 63 discriminator 1 view .LVU327
 1056 01a4 033B     		subs	r3, r3, #3
 1057              	.LVL63:
 716:../../../../..//Drivers/STM32G0xx_HAL_Driver/Src/stm32g0xx_hal_rcc_ex.c ****         {
 1058              		.loc 1 716 17 view .LVU328
 1059 01a6 9207     		lsls	r2, r2, #30
 1060 01a8 00D4     		bmi	.LCB944
 1061 01aa 71E7     		b	.L80	@long jump
 1062              	.LCB944:
 1063              	.LVL64:
 1064              	.L239:
 743:../../../../..//Drivers/STM32G0xx_HAL_Driver/Src/stm32g0xx_hal_rcc_ex.c ****         {
 1065              		.loc 1 743 63 discriminator 1 view .LVU329
 1066 01ac 5A42     		rsbs	r2, r3, #0
 1067 01ae 5341     		adcs	r3, r3, r2
 1068              	.L241:
 1069 01b0 D803     		lsls	r0, r3, #15
 1070 01b2 6DE7     		b	.L80
 1071              	.LVL65:
 1072              	.L91:
 729:../../../../..//Drivers/STM32G0xx_HAL_Driver/Src/stm32g0xx_hal_rcc_ex.c **** 
 1073              		.loc 1 729 9 is_stmt 1 view .LVU330
 729:../../../../..//Drivers/STM32G0xx_HAL_Driver/Src/stm32g0xx_hal_rcc_ex.c **** 
 1074              		.loc 1 729 18 is_stmt 0 view .LVU331
 1075 01b4 616D     		ldr	r1, [r4, #84]
 1076              	.LVL66:
 729:../../../../..//Drivers/STM32G0xx_HAL_Driver/Src/stm32g0xx_hal_rcc_ex.c **** 
 1077              		.loc 1 729 16 view .LVU332
 1078 01b6 0C22     		movs	r2, #12
 1079 01b8 0B00     		movs	r3, r1
 1080 01ba 1340     		ands	r3, r2
 1081              	.LVL67:
 731:../../../../..//Drivers/STM32G0xx_HAL_Driver/Src/stm32g0xx_hal_rcc_ex.c ****         {
 1082              		.loc 1 731 9 is_stmt 1 view .LVU333
 731:../../../../..//Drivers/STM32G0xx_HAL_Driver/Src/stm32g0xx_hal_rcc_ex.c ****         {
 1083              		.loc 1 731 12 is_stmt 0 view .LVU334
 1084 01bc 1142     		tst	r1, r2
 1085 01be E1D0     		beq	.L103
 735:../../../../..//Drivers/STM32G0xx_HAL_Driver/Src/stm32g0xx_hal_rcc_ex.c ****         {
 1086              		.loc 1 735 14 is_stmt 1 view .LVU335
 735:../../../../..//Drivers/STM32G0xx_HAL_Driver/Src/stm32g0xx_hal_rcc_ex.c ****         {
 1087              		.loc 1 735 17 is_stmt 0 view .LVU336
 1088 01c0 042B     		cmp	r3, #4
 1089 01c2 E4D0     		beq	.L104
 739:../../../../..//Drivers/STM32G0xx_HAL_Driver/Src/stm32g0xx_hal_rcc_ex.c ****         {
 1090              		.loc 1 739 14 is_stmt 1 view .LVU337
 739:../../../../..//Drivers/STM32G0xx_HAL_Driver/Src/stm32g0xx_hal_rcc_ex.c ****         {
 1091              		.loc 1 739 19 is_stmt 0 view .LVU338
 1092 01c4 2268     		ldr	r2, [r4]
ARM GAS  /tmp/ccMVeFq7.s 			page 44


 739:../../../../..//Drivers/STM32G0xx_HAL_Driver/Src/stm32g0xx_hal_rcc_ex.c ****         {
 1093              		.loc 1 739 17 view .LVU339
 1094 01c6 3242     		tst	r2, r6
 1095 01c8 02D0     		beq	.L105
 739:../../../../..//Drivers/STM32G0xx_HAL_Driver/Src/stm32g0xx_hal_rcc_ex.c ****         {
 1096              		.loc 1 739 59 discriminator 1 view .LVU340
 1097 01ca 082B     		cmp	r3, #8
 1098 01cc 00D1     		bne	.LCB975
 1099 01ce AEE0     		b	.L140	@long jump
 1100              	.LCB975:
 1101              	.L105:
 743:../../../../..//Drivers/STM32G0xx_HAL_Driver/Src/stm32g0xx_hal_rcc_ex.c ****         {
 1102              		.loc 1 743 14 is_stmt 1 view .LVU341
 743:../../../../..//Drivers/STM32G0xx_HAL_Driver/Src/stm32g0xx_hal_rcc_ex.c ****         {
 1103              		.loc 1 743 19 is_stmt 0 view .LVU342
 1104 01d0 E26D     		ldr	r2, [r4, #92]
 1105 01d2 0020     		movs	r0, #0
 743:../../../../..//Drivers/STM32G0xx_HAL_Driver/Src/stm32g0xx_hal_rcc_ex.c ****         {
 1106              		.loc 1 743 17 view .LVU343
 1107 01d4 9207     		lsls	r2, r2, #30
 1108 01d6 00D4     		bmi	.LCB984
 1109 01d8 5AE7     		b	.L80	@long jump
 1110              	.LCB984:
 743:../../../../..//Drivers/STM32G0xx_HAL_Driver/Src/stm32g0xx_hal_rcc_ex.c ****         {
 1111              		.loc 1 743 63 discriminator 1 view .LVU344
 1112 01da 0C3B     		subs	r3, r3, #12
 1113              	.LVL68:
 743:../../../../..//Drivers/STM32G0xx_HAL_Driver/Src/stm32g0xx_hal_rcc_ex.c ****         {
 1114              		.loc 1 743 63 discriminator 1 view .LVU345
 1115 01dc E6E7     		b	.L239
 1116              	.LVL69:
 1117              	.L94:
 787:../../../../..//Drivers/STM32G0xx_HAL_Driver/Src/stm32g0xx_hal_rcc_ex.c **** 
 1118              		.loc 1 787 9 is_stmt 1 view .LVU346
 787:../../../../..//Drivers/STM32G0xx_HAL_Driver/Src/stm32g0xx_hal_rcc_ex.c **** 
 1119              		.loc 1 787 16 is_stmt 0 view .LVU347
 1120 01de 4022     		movs	r2, #64
 787:../../../../..//Drivers/STM32G0xx_HAL_Driver/Src/stm32g0xx_hal_rcc_ex.c **** 
 1121              		.loc 1 787 18 view .LVU348
 1122 01e0 636D     		ldr	r3, [r4, #84]
 787:../../../../..//Drivers/STM32G0xx_HAL_Driver/Src/stm32g0xx_hal_rcc_ex.c **** 
 1123              		.loc 1 787 16 view .LVU349
 1124 01e2 1340     		ands	r3, r2
 1125              	.LVL70:
 789:../../../../..//Drivers/STM32G0xx_HAL_Driver/Src/stm32g0xx_hal_rcc_ex.c ****         {
 1126              		.loc 1 789 9 is_stmt 1 view .LVU350
 789:../../../../..//Drivers/STM32G0xx_HAL_Driver/Src/stm32g0xx_hal_rcc_ex.c ****         {
 1127              		.loc 1 789 14 is_stmt 0 view .LVU351
 1128 01e4 2268     		ldr	r2, [r4]
 789:../../../../..//Drivers/STM32G0xx_HAL_Driver/Src/stm32g0xx_hal_rcc_ex.c ****         {
 1129              		.loc 1 789 12 view .LVU352
 1130 01e6 3242     		tst	r2, r6
 1131 01e8 02D0     		beq	.L106
 789:../../../../..//Drivers/STM32G0xx_HAL_Driver/Src/stm32g0xx_hal_rcc_ex.c ****         {
 1132              		.loc 1 789 54 discriminator 1 view .LVU353
 1133 01ea 002B     		cmp	r3, #0
 1134 01ec 00D1     		bne	.LCB1004
ARM GAS  /tmp/ccMVeFq7.s 			page 45


 1135 01ee 99E0     		b	.L124	@long jump
 1136              	.LCB1004:
 1137              	.L106:
 793:../../../../..//Drivers/STM32G0xx_HAL_Driver/Src/stm32g0xx_hal_rcc_ex.c ****         {
 1138              		.loc 1 793 14 is_stmt 1 view .LVU354
 793:../../../../..//Drivers/STM32G0xx_HAL_Driver/Src/stm32g0xx_hal_rcc_ex.c ****         {
 1139              		.loc 1 793 19 is_stmt 0 view .LVU355
 1140 01f0 E26D     		ldr	r2, [r4, #92]
 1141 01f2 0020     		movs	r0, #0
 1142              	.LVL71:
 793:../../../../..//Drivers/STM32G0xx_HAL_Driver/Src/stm32g0xx_hal_rcc_ex.c ****         {
 1143              		.loc 1 793 17 view .LVU356
 1144 01f4 9207     		lsls	r2, r2, #30
 1145 01f6 00D4     		bmi	.LCB1013
 1146 01f8 4AE7     		b	.L80	@long jump
 1147              	.LCB1013:
 793:../../../../..//Drivers/STM32G0xx_HAL_Driver/Src/stm32g0xx_hal_rcc_ex.c ****         {
 1148              		.loc 1 793 63 discriminator 1 view .LVU357
 1149 01fa 5A1E     		subs	r2, r3, #1
 1150 01fc 9341     		sbcs	r3, r3, r2
 1151              	.LVL72:
 793:../../../../..//Drivers/STM32G0xx_HAL_Driver/Src/stm32g0xx_hal_rcc_ex.c ****         {
 1152              		.loc 1 793 63 discriminator 1 view .LVU358
 1153 01fe D7E7     		b	.L241
 1154              	.LVL73:
 1155              	.L88:
 808:../../../../..//Drivers/STM32G0xx_HAL_Driver/Src/stm32g0xx_hal_rcc_ex.c **** 
 1156              		.loc 1 808 9 is_stmt 1 view .LVU359
 808:../../../../..//Drivers/STM32G0xx_HAL_Driver/Src/stm32g0xx_hal_rcc_ex.c **** 
 1157              		.loc 1 808 18 is_stmt 0 view .LVU360
 1158 0200 616D     		ldr	r1, [r4, #84]
 1159              	.LVL74:
 808:../../../../..//Drivers/STM32G0xx_HAL_Driver/Src/stm32g0xx_hal_rcc_ex.c **** 
 1160              		.loc 1 808 16 view .LVU361
 1161 0202 C022     		movs	r2, #192
 1162 0204 0B00     		movs	r3, r1
 1163 0206 1201     		lsls	r2, r2, #4
 1164 0208 1340     		ands	r3, r2
 1165              	.LVL75:
 810:../../../../..//Drivers/STM32G0xx_HAL_Driver/Src/stm32g0xx_hal_rcc_ex.c ****         {
 1166              		.loc 1 810 9 is_stmt 1 view .LVU362
 810:../../../../..//Drivers/STM32G0xx_HAL_Driver/Src/stm32g0xx_hal_rcc_ex.c ****         {
 1167              		.loc 1 810 12 is_stmt 0 view .LVU363
 1168 020a 1142     		tst	r1, r2
 1169 020c BAD0     		beq	.L103
 814:../../../../..//Drivers/STM32G0xx_HAL_Driver/Src/stm32g0xx_hal_rcc_ex.c ****         {
 1170              		.loc 1 814 14 is_stmt 1 view .LVU364
 814:../../../../..//Drivers/STM32G0xx_HAL_Driver/Src/stm32g0xx_hal_rcc_ex.c ****         {
 1171              		.loc 1 814 17 is_stmt 0 view .LVU365
 1172 020e B342     		cmp	r3, r6
 1173 0210 BDD0     		beq	.L104
 818:../../../../..//Drivers/STM32G0xx_HAL_Driver/Src/stm32g0xx_hal_rcc_ex.c ****         {
 1174              		.loc 1 818 14 is_stmt 1 view .LVU366
 818:../../../../..//Drivers/STM32G0xx_HAL_Driver/Src/stm32g0xx_hal_rcc_ex.c ****         {
 1175              		.loc 1 818 19 is_stmt 0 view .LVU367
 1176 0212 2268     		ldr	r2, [r4]
 818:../../../../..//Drivers/STM32G0xx_HAL_Driver/Src/stm32g0xx_hal_rcc_ex.c ****         {
ARM GAS  /tmp/ccMVeFq7.s 			page 46


 1177              		.loc 1 818 17 view .LVU368
 1178 0214 3242     		tst	r2, r6
 1179 0216 04D0     		beq	.L107
 818:../../../../..//Drivers/STM32G0xx_HAL_Driver/Src/stm32g0xx_hal_rcc_ex.c ****         {
 1180              		.loc 1 818 59 discriminator 1 view .LVU369
 1181 0218 8022     		movs	r2, #128
 1182 021a 1201     		lsls	r2, r2, #4
 1183 021c 9342     		cmp	r3, r2
 1184 021e 00D1     		bne	.LCB1044
 1185 0220 85E0     		b	.L140	@long jump
 1186              	.LCB1044:
 1187              	.L107:
 822:../../../../..//Drivers/STM32G0xx_HAL_Driver/Src/stm32g0xx_hal_rcc_ex.c ****         {
 1188              		.loc 1 822 14 is_stmt 1 view .LVU370
 822:../../../../..//Drivers/STM32G0xx_HAL_Driver/Src/stm32g0xx_hal_rcc_ex.c ****         {
 1189              		.loc 1 822 19 is_stmt 0 view .LVU371
 1190 0222 E26D     		ldr	r2, [r4, #92]
 1191 0224 0020     		movs	r0, #0
 822:../../../../..//Drivers/STM32G0xx_HAL_Driver/Src/stm32g0xx_hal_rcc_ex.c ****         {
 1192              		.loc 1 822 17 view .LVU372
 1193 0226 9207     		lsls	r2, r2, #30
 1194 0228 00D4     		bmi	.LCB1053
 1195 022a 31E7     		b	.L80	@long jump
 1196              	.LCB1053:
 822:../../../../..//Drivers/STM32G0xx_HAL_Driver/Src/stm32g0xx_hal_rcc_ex.c ****         {
 1197              		.loc 1 822 63 discriminator 1 view .LVU373
 1198 022c 2E4A     		ldr	r2, .L247+28
 1199              	.L243:
1024:../../../../..//Drivers/STM32G0xx_HAL_Driver/Src/stm32g0xx_hal_rcc_ex.c ****         {
 1200              		.loc 1 1024 63 discriminator 1 view .LVU374
 1201 022e 9B18     		adds	r3, r3, r2
 1202              	.LVL76:
1024:../../../../..//Drivers/STM32G0xx_HAL_Driver/Src/stm32g0xx_hal_rcc_ex.c ****         {
 1203              		.loc 1 1024 63 discriminator 1 view .LVU375
 1204 0230 BCE7     		b	.L239
 1205              	.LVL77:
 1206              	.L92:
 893:../../../../..//Drivers/STM32G0xx_HAL_Driver/Src/stm32g0xx_hal_rcc_ex.c **** 
 1207              		.loc 1 893 9 is_stmt 1 view .LVU376
 893:../../../../..//Drivers/STM32G0xx_HAL_Driver/Src/stm32g0xx_hal_rcc_ex.c **** 
 1208              		.loc 1 893 18 is_stmt 0 view .LVU377
 1209 0232 616D     		ldr	r1, [r4, #84]
 1210              	.LVL78:
 893:../../../../..//Drivers/STM32G0xx_HAL_Driver/Src/stm32g0xx_hal_rcc_ex.c **** 
 1211              		.loc 1 893 16 view .LVU378
 1212 0234 C022     		movs	r2, #192
 1213 0236 0B00     		movs	r3, r1
 1214 0238 9201     		lsls	r2, r2, #6
 1215 023a 1340     		ands	r3, r2
 1216              	.LVL79:
 895:../../../../..//Drivers/STM32G0xx_HAL_Driver/Src/stm32g0xx_hal_rcc_ex.c ****         {
 1217              		.loc 1 895 9 is_stmt 1 view .LVU379
 895:../../../../..//Drivers/STM32G0xx_HAL_Driver/Src/stm32g0xx_hal_rcc_ex.c ****         {
 1218              		.loc 1 895 12 is_stmt 0 view .LVU380
 1219 023c 1142     		tst	r1, r2
 1220 023e A1D0     		beq	.L103
 899:../../../../..//Drivers/STM32G0xx_HAL_Driver/Src/stm32g0xx_hal_rcc_ex.c ****         {
ARM GAS  /tmp/ccMVeFq7.s 			page 47


 1221              		.loc 1 899 14 is_stmt 1 view .LVU381
 899:../../../../..//Drivers/STM32G0xx_HAL_Driver/Src/stm32g0xx_hal_rcc_ex.c ****         {
 1222              		.loc 1 899 17 is_stmt 0 view .LVU382
 1223 0240 8022     		movs	r2, #128
 1224 0242 5201     		lsls	r2, r2, #5
 1225 0244 9342     		cmp	r3, r2
 1226 0246 A2D0     		beq	.L104
 903:../../../../..//Drivers/STM32G0xx_HAL_Driver/Src/stm32g0xx_hal_rcc_ex.c ****         {
 1227              		.loc 1 903 14 is_stmt 1 view .LVU383
 903:../../../../..//Drivers/STM32G0xx_HAL_Driver/Src/stm32g0xx_hal_rcc_ex.c ****         {
 1228              		.loc 1 903 19 is_stmt 0 view .LVU384
 1229 0248 2268     		ldr	r2, [r4]
 1230 024a 0020     		movs	r0, #0
 903:../../../../..//Drivers/STM32G0xx_HAL_Driver/Src/stm32g0xx_hal_rcc_ex.c ****         {
 1231              		.loc 1 903 17 view .LVU385
 1232 024c 3242     		tst	r2, r6
 1233 024e 00D1     		bne	.LCB1088
 1234 0250 1EE7     		b	.L80	@long jump
 1235              	.LCB1088:
 903:../../../../..//Drivers/STM32G0xx_HAL_Driver/Src/stm32g0xx_hal_rcc_ex.c ****         {
 1236              		.loc 1 903 59 discriminator 1 view .LVU386
 1237 0252 264A     		ldr	r2, .L247+32
 1238 0254 2248     		ldr	r0, .L247+20
 1239 0256 9B18     		adds	r3, r3, r2
 1240              	.LVL80:
 903:../../../../..//Drivers/STM32G0xx_HAL_Driver/Src/stm32g0xx_hal_rcc_ex.c ****         {
 1241              		.loc 1 903 59 discriminator 1 view .LVU387
 1242 0258 5A42     		rsbs	r2, r3, #0
 1243 025a 5341     		adcs	r3, r3, r2
 1244              	.LVL81:
 903:../../../../..//Drivers/STM32G0xx_HAL_Driver/Src/stm32g0xx_hal_rcc_ex.c ****         {
 1245              		.loc 1 903 59 discriminator 1 view .LVU388
 1246 025c 5B42     		rsbs	r3, r3, #0
 1247 025e F4E6     		b	.L235
 1248              	.LVL82:
 1249              	.L96:
 941:../../../../..//Drivers/STM32G0xx_HAL_Driver/Src/stm32g0xx_hal_rcc_ex.c **** 
 1250              		.loc 1 941 9 is_stmt 1 view .LVU389
 941:../../../../..//Drivers/STM32G0xx_HAL_Driver/Src/stm32g0xx_hal_rcc_ex.c **** 
 1251              		.loc 1 941 16 is_stmt 0 view .LVU390
 1252 0260 C020     		movs	r0, #192
 941:../../../../..//Drivers/STM32G0xx_HAL_Driver/Src/stm32g0xx_hal_rcc_ex.c **** 
 1253              		.loc 1 941 18 view .LVU391
 1254 0262 636D     		ldr	r3, [r4, #84]
 941:../../../../..//Drivers/STM32G0xx_HAL_Driver/Src/stm32g0xx_hal_rcc_ex.c **** 
 1255              		.loc 1 941 16 view .LVU392
 1256 0264 0002     		lsls	r0, r0, #8
 1257 0266 1840     		ands	r0, r3
 1258              	.LVL83:
 943:../../../../..//Drivers/STM32G0xx_HAL_Driver/Src/stm32g0xx_hal_rcc_ex.c ****         {
 1259              		.loc 1 943 9 is_stmt 1 view .LVU393
 943:../../../../..//Drivers/STM32G0xx_HAL_Driver/Src/stm32g0xx_hal_rcc_ex.c ****         {
 1260              		.loc 1 943 12 is_stmt 0 view .LVU394
 1261 0268 8842     		cmp	r0, r1
 1262 026a 02D1     		bne	.L108
 945:../../../../..//Drivers/STM32G0xx_HAL_Driver/Src/stm32g0xx_hal_rcc_ex.c ****           {
 1263              		.loc 1 945 11 is_stmt 1 view .LVU395
ARM GAS  /tmp/ccMVeFq7.s 			page 48


 1264 026c 0020     		movs	r0, #0
 1265              	.LVL84:
 945:../../../../..//Drivers/STM32G0xx_HAL_Driver/Src/stm32g0xx_hal_rcc_ex.c ****           {
 1266              		.loc 1 945 15 is_stmt 0 view .LVU396
 1267 026e E368     		ldr	r3, [r4, #12]
 1268              	.LVL85:
 945:../../../../..//Drivers/STM32G0xx_HAL_Driver/Src/stm32g0xx_hal_rcc_ex.c ****           {
 1269              		.loc 1 945 15 view .LVU397
 1270 0270 5DE7     		b	.L246
 1271              	.LVL86:
 1272              	.L108:
 952:../../../../..//Drivers/STM32G0xx_HAL_Driver/Src/stm32g0xx_hal_rcc_ex.c ****         {
 1273              		.loc 1 952 14 is_stmt 1 view .LVU398
 952:../../../../..//Drivers/STM32G0xx_HAL_Driver/Src/stm32g0xx_hal_rcc_ex.c ****         {
 1274              		.loc 1 952 17 is_stmt 0 view .LVU399
 1275 0272 0028     		cmp	r0, #0
 1276 0274 8BD0     		beq	.L104
 956:../../../../..//Drivers/STM32G0xx_HAL_Driver/Src/stm32g0xx_hal_rcc_ex.c ****         {
 1277              		.loc 1 956 14 is_stmt 1 view .LVU400
 956:../../../../..//Drivers/STM32G0xx_HAL_Driver/Src/stm32g0xx_hal_rcc_ex.c ****         {
 1278              		.loc 1 956 19 is_stmt 0 view .LVU401
 1279 0276 2268     		ldr	r2, [r4]
 956:../../../../..//Drivers/STM32G0xx_HAL_Driver/Src/stm32g0xx_hal_rcc_ex.c ****         {
 1280              		.loc 1 956 17 view .LVU402
 1281 0278 3242     		tst	r2, r6
 1282 027a 03D0     		beq	.L109
 956:../../../../..//Drivers/STM32G0xx_HAL_Driver/Src/stm32g0xx_hal_rcc_ex.c ****         {
 1283              		.loc 1 956 59 discriminator 1 view .LVU403
 1284 027c 8022     		movs	r2, #128
 1285 027e 1202     		lsls	r2, r2, #8
 1286 0280 9042     		cmp	r0, r2
 1287 0282 54D0     		beq	.L140
 1288              	.L109:
 960:../../../../..//Drivers/STM32G0xx_HAL_Driver/Src/stm32g0xx_hal_rcc_ex.c ****         {
 1289              		.loc 1 960 14 is_stmt 1 view .LVU404
 960:../../../../..//Drivers/STM32G0xx_HAL_Driver/Src/stm32g0xx_hal_rcc_ex.c ****         {
 1290              		.loc 1 960 17 is_stmt 0 view .LVU405
 1291 0284 1A4B     		ldr	r3, .L247+36
 1292 0286 C018     		adds	r0, r0, r3
 1293              	.LVL87:
 960:../../../../..//Drivers/STM32G0xx_HAL_Driver/Src/stm32g0xx_hal_rcc_ex.c ****         {
 1294              		.loc 1 960 17 view .LVU406
 1295 0288 4342     		rsbs	r3, r0, #0
 1296 028a 5841     		adcs	r0, r0, r3
 1297              	.LVL88:
 960:../../../../..//Drivers/STM32G0xx_HAL_Driver/Src/stm32g0xx_hal_rcc_ex.c ****         {
 1298              		.loc 1 960 17 view .LVU407
 1299 028c 194B     		ldr	r3, .L247+40
 1300 028e 4042     		rsbs	r0, r0, #0
 1301 0290 DBE6     		b	.L235
 1302              	.LVL89:
 1303              	.L86:
1039:../../../../..//Drivers/STM32G0xx_HAL_Driver/Src/stm32g0xx_hal_rcc_ex.c **** 
 1304              		.loc 1 1039 9 is_stmt 1 view .LVU408
1039:../../../../..//Drivers/STM32G0xx_HAL_Driver/Src/stm32g0xx_hal_rcc_ex.c **** 
 1305              		.loc 1 1039 18 is_stmt 0 view .LVU409
 1306 0292 616D     		ldr	r1, [r4, #84]
ARM GAS  /tmp/ccMVeFq7.s 			page 49


 1307              	.LVL90:
1039:../../../../..//Drivers/STM32G0xx_HAL_Driver/Src/stm32g0xx_hal_rcc_ex.c **** 
 1308              		.loc 1 1039 16 view .LVU410
 1309 0294 C022     		movs	r2, #192
 1310 0296 0B00     		movs	r3, r1
 1311 0298 9203     		lsls	r2, r2, #14
 1312 029a 1340     		ands	r3, r2
 1313              	.LVL91:
1041:../../../../..//Drivers/STM32G0xx_HAL_Driver/Src/stm32g0xx_hal_rcc_ex.c ****         {
 1314              		.loc 1 1041 9 is_stmt 1 view .LVU411
1041:../../../../..//Drivers/STM32G0xx_HAL_Driver/Src/stm32g0xx_hal_rcc_ex.c ****         {
 1315              		.loc 1 1041 12 is_stmt 0 view .LVU412
 1316 029c 1142     		tst	r1, r2
 1317 029e 00D1     		bne	.LCB1159
 1318 02a0 70E7     		b	.L103	@long jump
 1319              	.LCB1159:
1045:../../../../..//Drivers/STM32G0xx_HAL_Driver/Src/stm32g0xx_hal_rcc_ex.c ****         {
 1320              		.loc 1 1045 14 is_stmt 1 view .LVU413
1045:../../../../..//Drivers/STM32G0xx_HAL_Driver/Src/stm32g0xx_hal_rcc_ex.c ****         {
 1321              		.loc 1 1045 19 is_stmt 0 view .LVU414
 1322 02a2 226E     		ldr	r2, [r4, #96]
1045:../../../../..//Drivers/STM32G0xx_HAL_Driver/Src/stm32g0xx_hal_rcc_ex.c ****         {
 1323              		.loc 1 1045 17 view .LVU415
 1324 02a4 9207     		lsls	r2, r2, #30
 1325 02a6 03D5     		bpl	.L112
1045:../../../../..//Drivers/STM32G0xx_HAL_Driver/Src/stm32g0xx_hal_rcc_ex.c ****         {
 1326              		.loc 1 1045 61 discriminator 1 view .LVU416
 1327 02a8 8022     		movs	r2, #128
 1328 02aa 5203     		lsls	r2, r2, #13
 1329 02ac 9342     		cmp	r3, r2
 1330 02ae 3BD0     		beq	.L139
 1331              	.L112:
1049:../../../../..//Drivers/STM32G0xx_HAL_Driver/Src/stm32g0xx_hal_rcc_ex.c ****         {
 1332              		.loc 1 1049 14 is_stmt 1 view .LVU417
1049:../../../../..//Drivers/STM32G0xx_HAL_Driver/Src/stm32g0xx_hal_rcc_ex.c ****         {
 1333              		.loc 1 1049 19 is_stmt 0 view .LVU418
 1334 02b0 2268     		ldr	r2, [r4]
1049:../../../../..//Drivers/STM32G0xx_HAL_Driver/Src/stm32g0xx_hal_rcc_ex.c ****         {
 1335              		.loc 1 1049 17 view .LVU419
 1336 02b2 5205     		lsls	r2, r2, #21
 1337 02b4 03D5     		bpl	.L113
1049:../../../../..//Drivers/STM32G0xx_HAL_Driver/Src/stm32g0xx_hal_rcc_ex.c ****         {
 1338              		.loc 1 1049 59 discriminator 1 view .LVU420
 1339 02b6 8022     		movs	r2, #128
 1340 02b8 9203     		lsls	r2, r2, #14
 1341 02ba 9342     		cmp	r3, r2
 1342 02bc 37D0     		beq	.L140
 1343              	.L113:
1053:../../../../..//Drivers/STM32G0xx_HAL_Driver/Src/stm32g0xx_hal_rcc_ex.c ****         {
 1344              		.loc 1 1053 14 is_stmt 1 view .LVU421
1053:../../../../..//Drivers/STM32G0xx_HAL_Driver/Src/stm32g0xx_hal_rcc_ex.c ****         {
 1345              		.loc 1 1053 19 is_stmt 0 view .LVU422
 1346 02be E26D     		ldr	r2, [r4, #92]
 1347 02c0 0020     		movs	r0, #0
1053:../../../../..//Drivers/STM32G0xx_HAL_Driver/Src/stm32g0xx_hal_rcc_ex.c ****         {
 1348              		.loc 1 1053 17 view .LVU423
 1349 02c2 9207     		lsls	r2, r2, #30
ARM GAS  /tmp/ccMVeFq7.s 			page 50


 1350 02c4 00D4     		bmi	.LCB1189
 1351 02c6 E3E6     		b	.L80	@long jump
 1352              	.LCB1189:
1053:../../../../..//Drivers/STM32G0xx_HAL_Driver/Src/stm32g0xx_hal_rcc_ex.c ****         {
 1353              		.loc 1 1053 63 discriminator 1 view .LVU424
 1354 02c8 0B4A     		ldr	r2, .L247+44
 1355 02ca B0E7     		b	.L243
 1356              	.L248:
 1357              		.align	2
 1358              	.L247:
 1359 02cc 00100240 		.word	1073876992
 1360 02d0 00FDFFFF 		.word	-768
 1361 02d4 90D00300 		.word	250000
 1362 02d8 00EE85FF 		.word	-8000000
 1363 02dc 00127A00 		.word	8000000
 1364 02e0 0024F400 		.word	16000000
 1365 02e4 0000F4FF 		.word	-786432
 1366 02e8 00F4FFFF 		.word	-3072
 1367 02ec 00E0FFFF 		.word	-8192
 1368 02f0 0040FFFF 		.word	-49152
 1369 02f4 80BB0000 		.word	48000
 1370 02f8 0000D0FF 		.word	-3145728
 1371              	.LVL92:
 1372              	.L98:
1068:../../../../..//Drivers/STM32G0xx_HAL_Driver/Src/stm32g0xx_hal_rcc_ex.c **** 
 1373              		.loc 1 1068 9 is_stmt 1 view .LVU425
1068:../../../../..//Drivers/STM32G0xx_HAL_Driver/Src/stm32g0xx_hal_rcc_ex.c **** 
 1374              		.loc 1 1068 18 is_stmt 0 view .LVU426
 1375 02fc 616D     		ldr	r1, [r4, #84]
 1376              	.LVL93:
1070:../../../../..//Drivers/STM32G0xx_HAL_Driver/Src/stm32g0xx_hal_rcc_ex.c ****         {
 1377              		.loc 1 1070 9 is_stmt 1 view .LVU427
1070:../../../../..//Drivers/STM32G0xx_HAL_Driver/Src/stm32g0xx_hal_rcc_ex.c ****         {
 1378              		.loc 1 1070 12 is_stmt 0 view .LVU428
 1379 02fe 1942     		tst	r1, r3
 1380 0300 00D1     		bne	.LCB1219
 1381 0302 3FE7     		b	.L103	@long jump
 1382              	.LCB1219:
1072:../../../../..//Drivers/STM32G0xx_HAL_Driver/Src/stm32g0xx_hal_rcc_ex.c ****           {
 1383              		.loc 1 1072 11 is_stmt 1 view .LVU429
1072:../../../../..//Drivers/STM32G0xx_HAL_Driver/Src/stm32g0xx_hal_rcc_ex.c ****           {
 1384              		.loc 1 1072 15 is_stmt 0 view .LVU430
 1385 0304 E368     		ldr	r3, [r4, #12]
 1386 0306 0020     		movs	r0, #0
1072:../../../../..//Drivers/STM32G0xx_HAL_Driver/Src/stm32g0xx_hal_rcc_ex.c ****           {
 1387              		.loc 1 1072 14 view .LVU431
 1388 0308 DB01     		lsls	r3, r3, #7
 1389 030a 00D4     		bmi	.LCB1226
 1390 030c C0E6     		b	.L80	@long jump
 1391              	.LCB1226:
1075:../../../../..//Drivers/STM32G0xx_HAL_Driver/Src/stm32g0xx_hal_rcc_ex.c ****             frequency = (pllvco * plln) / ((READ_BIT(RCC->PLLCFGR, RCC_PLLCFGR_PLLQ) >> RCC_PLLCFGR
 1392              		.loc 1 1075 13 is_stmt 1 view .LVU432
1075:../../../../..//Drivers/STM32G0xx_HAL_Driver/Src/stm32g0xx_hal_rcc_ex.c ****             frequency = (pllvco * plln) / ((READ_BIT(RCC->PLLCFGR, RCC_PLLCFGR_PLLQ) >> RCC_PLLCFGR
 1393              		.loc 1 1075 20 is_stmt 0 view .LVU433
 1394 030e E068     		ldr	r0, [r4, #12]
 1395              	.LVL94:
1076:../../../../..//Drivers/STM32G0xx_HAL_Driver/Src/stm32g0xx_hal_rcc_ex.c ****           }
ARM GAS  /tmp/ccMVeFq7.s 			page 51


 1396              		.loc 1 1076 13 is_stmt 1 view .LVU434
1076:../../../../..//Drivers/STM32G0xx_HAL_Driver/Src/stm32g0xx_hal_rcc_ex.c ****           }
 1397              		.loc 1 1076 45 is_stmt 0 view .LVU435
 1398 0310 E168     		ldr	r1, [r4, #12]
 1399              	.LVL95:
1075:../../../../..//Drivers/STM32G0xx_HAL_Driver/Src/stm32g0xx_hal_rcc_ex.c ****             frequency = (pllvco * plln) / ((READ_BIT(RCC->PLLCFGR, RCC_PLLCFGR_PLLQ) >> RCC_PLLCFGR
 1400              		.loc 1 1075 18 view .LVU436
 1401 0312 4004     		lsls	r0, r0, #17
 1402              	.LVL96:
1075:../../../../..//Drivers/STM32G0xx_HAL_Driver/Src/stm32g0xx_hal_rcc_ex.c ****             frequency = (pllvco * plln) / ((READ_BIT(RCC->PLLCFGR, RCC_PLLCFGR_PLLQ) >> RCC_PLLCFGR
 1403              		.loc 1 1075 18 view .LVU437
 1404 0314 400E     		lsrs	r0, r0, #25
 1405              	.LVL97:
 1406              	.L242:
1076:../../../../..//Drivers/STM32G0xx_HAL_Driver/Src/stm32g0xx_hal_rcc_ex.c ****           }
 1407              		.loc 1 1076 86 view .LVU438
 1408 0316 490E     		lsrs	r1, r1, #25
1076:../../../../..//Drivers/STM32G0xx_HAL_Driver/Src/stm32g0xx_hal_rcc_ex.c ****           }
 1409              		.loc 1 1076 33 view .LVU439
 1410 0318 5043     		muls	r0, r2
1076:../../../../..//Drivers/STM32G0xx_HAL_Driver/Src/stm32g0xx_hal_rcc_ex.c ****           }
 1411              		.loc 1 1076 86 view .LVU440
 1412 031a 3940     		ands	r1, r7
 1413 031c 10E7     		b	.L240
 1414              	.LVL98:
 1415              	.L114:
 631:../../../../..//Drivers/STM32G0xx_HAL_Driver/Src/stm32g0xx_hal_rcc_ex.c ****     }
 1416              		.loc 1 631 17 view .LVU441
 1417 031e 8020     		movs	r0, #128
 1418              	.LVL99:
 631:../../../../..//Drivers/STM32G0xx_HAL_Driver/Src/stm32g0xx_hal_rcc_ex.c ****     }
 1419              		.loc 1 631 17 view .LVU442
 1420 0320 0002     		lsls	r0, r0, #8
 1421 0322 B5E6     		b	.L80
 1422              	.LVL100:
 1423              	.L124:
 791:../../../../..//Drivers/STM32G0xx_HAL_Driver/Src/stm32g0xx_hal_rcc_ex.c ****         }
 1424              		.loc 1 791 21 view .LVU443
 1425 0324 0348     		ldr	r0, .L249
 1426              	.LVL101:
 791:../../../../..//Drivers/STM32G0xx_HAL_Driver/Src/stm32g0xx_hal_rcc_ex.c ****         }
 1427              		.loc 1 791 21 view .LVU444
 1428 0326 B3E6     		b	.L80
 1429              	.LVL102:
 1430              	.L139:
 636:../../../../..//Drivers/STM32G0xx_HAL_Driver/Src/stm32g0xx_hal_rcc_ex.c ****     }
 1431              		.loc 1 636 17 view .LVU445
 1432 0328 FA20     		movs	r0, #250
 1433 032a C001     		lsls	r0, r0, #7
 1434 032c B0E6     		b	.L80
 1435              	.LVL103:
 1436              	.L140:
 873:../../../../..//Drivers/STM32G0xx_HAL_Driver/Src/stm32g0xx_hal_rcc_ex.c ****         }
 1437              		.loc 1 873 21 view .LVU446
 1438 032e 0248     		ldr	r0, .L249+4
 1439 0330 AEE6     		b	.L80
 1440              	.L250:
ARM GAS  /tmp/ccMVeFq7.s 			page 52


 1441 0332 C046     		.align	2
 1442              	.L249:
 1443 0334 12800000 		.word	32786
 1444 0338 0024F400 		.word	16000000
 1445              		.cfi_endproc
 1446              	.LFE182:
 1448              		.section	.text.HAL_RCCEx_EnableLSCO,"ax",%progbits
 1449              		.align	1
 1450              		.global	HAL_RCCEx_EnableLSCO
 1451              		.syntax unified
 1452              		.code	16
 1453              		.thumb_func
 1455              	HAL_RCCEx_EnableLSCO:
 1456              	.LVL104:
 1457              	.LFB183:
1188:../../../../..//Drivers/STM32G0xx_HAL_Driver/Src/stm32g0xx_hal_rcc_ex.c **** 
1189:../../../../..//Drivers/STM32G0xx_HAL_Driver/Src/stm32g0xx_hal_rcc_ex.c **** /**
1190:../../../../..//Drivers/STM32G0xx_HAL_Driver/Src/stm32g0xx_hal_rcc_ex.c ****   * @}
1191:../../../../..//Drivers/STM32G0xx_HAL_Driver/Src/stm32g0xx_hal_rcc_ex.c ****   */
1192:../../../../..//Drivers/STM32G0xx_HAL_Driver/Src/stm32g0xx_hal_rcc_ex.c **** 
1193:../../../../..//Drivers/STM32G0xx_HAL_Driver/Src/stm32g0xx_hal_rcc_ex.c **** /** @defgroup RCCEx_Exported_Functions_Group2 Extended Clock management functions
1194:../../../../..//Drivers/STM32G0xx_HAL_Driver/Src/stm32g0xx_hal_rcc_ex.c ****   *  @brief  Extended Clock management functions
1195:../../../../..//Drivers/STM32G0xx_HAL_Driver/Src/stm32g0xx_hal_rcc_ex.c ****   *
1196:../../../../..//Drivers/STM32G0xx_HAL_Driver/Src/stm32g0xx_hal_rcc_ex.c **** @verbatim
1197:../../../../..//Drivers/STM32G0xx_HAL_Driver/Src/stm32g0xx_hal_rcc_ex.c ****  ===============================================================================
1198:../../../../..//Drivers/STM32G0xx_HAL_Driver/Src/stm32g0xx_hal_rcc_ex.c ****                 ##### Extended clock management functions  #####
1199:../../../../..//Drivers/STM32G0xx_HAL_Driver/Src/stm32g0xx_hal_rcc_ex.c ****  ===============================================================================
1200:../../../../..//Drivers/STM32G0xx_HAL_Driver/Src/stm32g0xx_hal_rcc_ex.c ****     [..]
1201:../../../../..//Drivers/STM32G0xx_HAL_Driver/Src/stm32g0xx_hal_rcc_ex.c ****     This subsection provides a set of functions allowing to control the
1202:../../../../..//Drivers/STM32G0xx_HAL_Driver/Src/stm32g0xx_hal_rcc_ex.c ****     activation or deactivation of LSE CSS, Low speed clock output and
1203:../../../../..//Drivers/STM32G0xx_HAL_Driver/Src/stm32g0xx_hal_rcc_ex.c ****     clock after wake-up from STOP mode.
1204:../../../../..//Drivers/STM32G0xx_HAL_Driver/Src/stm32g0xx_hal_rcc_ex.c **** @endverbatim
1205:../../../../..//Drivers/STM32G0xx_HAL_Driver/Src/stm32g0xx_hal_rcc_ex.c ****   * @{
1206:../../../../..//Drivers/STM32G0xx_HAL_Driver/Src/stm32g0xx_hal_rcc_ex.c ****   */
1207:../../../../..//Drivers/STM32G0xx_HAL_Driver/Src/stm32g0xx_hal_rcc_ex.c **** 
1208:../../../../..//Drivers/STM32G0xx_HAL_Driver/Src/stm32g0xx_hal_rcc_ex.c **** /**
1209:../../../../..//Drivers/STM32G0xx_HAL_Driver/Src/stm32g0xx_hal_rcc_ex.c ****   * @brief  Select the Low Speed clock source to output on LSCO pin (PA2).
1210:../../../../..//Drivers/STM32G0xx_HAL_Driver/Src/stm32g0xx_hal_rcc_ex.c ****   * @param  LSCOSource  specifies the Low Speed clock source to output.
1211:../../../../..//Drivers/STM32G0xx_HAL_Driver/Src/stm32g0xx_hal_rcc_ex.c ****   *          This parameter can be one of the following values:
1212:../../../../..//Drivers/STM32G0xx_HAL_Driver/Src/stm32g0xx_hal_rcc_ex.c ****   *            @arg @ref RCC_LSCOSOURCE_LSI  LSI clock selected as LSCO source
1213:../../../../..//Drivers/STM32G0xx_HAL_Driver/Src/stm32g0xx_hal_rcc_ex.c ****   *            @arg @ref RCC_LSCOSOURCE_LSE  LSE clock selected as LSCO source
1214:../../../../..//Drivers/STM32G0xx_HAL_Driver/Src/stm32g0xx_hal_rcc_ex.c ****   * @retval None
1215:../../../../..//Drivers/STM32G0xx_HAL_Driver/Src/stm32g0xx_hal_rcc_ex.c ****   */
1216:../../../../..//Drivers/STM32G0xx_HAL_Driver/Src/stm32g0xx_hal_rcc_ex.c **** void HAL_RCCEx_EnableLSCO(uint32_t LSCOSource)
1217:../../../../..//Drivers/STM32G0xx_HAL_Driver/Src/stm32g0xx_hal_rcc_ex.c **** {
 1458              		.loc 1 1217 1 is_stmt 1 view -0
 1459              		.cfi_startproc
 1460              		@ args = 0, pretend = 0, frame = 32
 1461              		@ frame_needed = 0, uses_anonymous_args = 0
1218:../../../../..//Drivers/STM32G0xx_HAL_Driver/Src/stm32g0xx_hal_rcc_ex.c ****   GPIO_InitTypeDef GPIO_InitStruct;
 1462              		.loc 1 1218 3 view .LVU448
1219:../../../../..//Drivers/STM32G0xx_HAL_Driver/Src/stm32g0xx_hal_rcc_ex.c ****   FlagStatus       pwrclkchanged = RESET;
 1463              		.loc 1 1219 3 view .LVU449
1220:../../../../..//Drivers/STM32G0xx_HAL_Driver/Src/stm32g0xx_hal_rcc_ex.c ****   FlagStatus       backupchanged = RESET;
 1464              		.loc 1 1220 3 view .LVU450
1221:../../../../..//Drivers/STM32G0xx_HAL_Driver/Src/stm32g0xx_hal_rcc_ex.c **** 
1222:../../../../..//Drivers/STM32G0xx_HAL_Driver/Src/stm32g0xx_hal_rcc_ex.c ****   /* Check the parameters */
ARM GAS  /tmp/ccMVeFq7.s 			page 53


1223:../../../../..//Drivers/STM32G0xx_HAL_Driver/Src/stm32g0xx_hal_rcc_ex.c ****   assert_param(IS_RCC_LSCOSOURCE(LSCOSource));
 1465              		.loc 1 1223 3 view .LVU451
1224:../../../../..//Drivers/STM32G0xx_HAL_Driver/Src/stm32g0xx_hal_rcc_ex.c **** 
1225:../../../../..//Drivers/STM32G0xx_HAL_Driver/Src/stm32g0xx_hal_rcc_ex.c ****   /* LSCO Pin Clock Enable */
1226:../../../../..//Drivers/STM32G0xx_HAL_Driver/Src/stm32g0xx_hal_rcc_ex.c ****   LSCO_CLK_ENABLE();
 1466              		.loc 1 1226 3 view .LVU452
 1467              	.LBB6:
 1468              		.loc 1 1226 3 view .LVU453
 1469              		.loc 1 1226 3 view .LVU454
 1470              	.LBE6:
1217:../../../../..//Drivers/STM32G0xx_HAL_Driver/Src/stm32g0xx_hal_rcc_ex.c ****   GPIO_InitTypeDef GPIO_InitStruct;
 1471              		.loc 1 1217 1 is_stmt 0 view .LVU455
 1472 0000 F0B5     		push	{r4, r5, r6, r7, lr}
 1473              	.LCFI3:
 1474              		.cfi_def_cfa_offset 20
 1475              		.cfi_offset 4, -20
 1476              		.cfi_offset 5, -16
 1477              		.cfi_offset 6, -12
 1478              		.cfi_offset 7, -8
 1479              		.cfi_offset 14, -4
 1480              	.LBB7:
 1481              		.loc 1 1226 3 view .LVU456
 1482 0002 0127     		movs	r7, #1
 1483 0004 1F4C     		ldr	r4, .L259
 1484              	.LBE7:
1217:../../../../..//Drivers/STM32G0xx_HAL_Driver/Src/stm32g0xx_hal_rcc_ex.c ****   GPIO_InitTypeDef GPIO_InitStruct;
 1485              		.loc 1 1217 1 view .LVU457
 1486 0006 89B0     		sub	sp, sp, #36
 1487              	.LCFI4:
 1488              		.cfi_def_cfa_offset 56
 1489              	.LBB8:
 1490              		.loc 1 1226 3 view .LVU458
 1491 0008 636B     		ldr	r3, [r4, #52]
 1492              	.LBE8:
1217:../../../../..//Drivers/STM32G0xx_HAL_Driver/Src/stm32g0xx_hal_rcc_ex.c ****   GPIO_InitTypeDef GPIO_InitStruct;
 1493              		.loc 1 1217 1 view .LVU459
 1494 000a 0600     		movs	r6, r0
 1495              	.LBB9:
 1496              		.loc 1 1226 3 view .LVU460
 1497 000c 3B43     		orrs	r3, r7
 1498 000e 6363     		str	r3, [r4, #52]
 1499              		.loc 1 1226 3 is_stmt 1 view .LVU461
 1500 0010 636B     		ldr	r3, [r4, #52]
 1501              	.LBE9:
1227:../../../../..//Drivers/STM32G0xx_HAL_Driver/Src/stm32g0xx_hal_rcc_ex.c **** 
1228:../../../../..//Drivers/STM32G0xx_HAL_Driver/Src/stm32g0xx_hal_rcc_ex.c ****   /* Configure the LSCO pin in analog mode */
1229:../../../../..//Drivers/STM32G0xx_HAL_Driver/Src/stm32g0xx_hal_rcc_ex.c ****   GPIO_InitStruct.Pin = LSCO_PIN;
1230:../../../../..//Drivers/STM32G0xx_HAL_Driver/Src/stm32g0xx_hal_rcc_ex.c ****   GPIO_InitStruct.Mode = GPIO_MODE_ANALOG;
1231:../../../../..//Drivers/STM32G0xx_HAL_Driver/Src/stm32g0xx_hal_rcc_ex.c ****   GPIO_InitStruct.Speed = GPIO_SPEED_FREQ_VERY_HIGH;
1232:../../../../..//Drivers/STM32G0xx_HAL_Driver/Src/stm32g0xx_hal_rcc_ex.c ****   GPIO_InitStruct.Pull = GPIO_NOPULL;
1233:../../../../..//Drivers/STM32G0xx_HAL_Driver/Src/stm32g0xx_hal_rcc_ex.c ****   HAL_GPIO_Init(LSCO_GPIO_PORT, &GPIO_InitStruct);
 1502              		.loc 1 1233 3 is_stmt 0 view .LVU462
 1503 0012 A020     		movs	r0, #160
 1504              	.LVL105:
 1505              	.LBB10:
1226:../../../../..//Drivers/STM32G0xx_HAL_Driver/Src/stm32g0xx_hal_rcc_ex.c **** 
 1506              		.loc 1 1226 3 view .LVU463
ARM GAS  /tmp/ccMVeFq7.s 			page 54


 1507 0014 3B40     		ands	r3, r7
 1508 0016 0193     		str	r3, [sp, #4]
1226:../../../../..//Drivers/STM32G0xx_HAL_Driver/Src/stm32g0xx_hal_rcc_ex.c **** 
 1509              		.loc 1 1226 3 is_stmt 1 view .LVU464
 1510 0018 019B     		ldr	r3, [sp, #4]
 1511              	.LBE10:
1226:../../../../..//Drivers/STM32G0xx_HAL_Driver/Src/stm32g0xx_hal_rcc_ex.c **** 
 1512              		.loc 1 1226 3 view .LVU465
1229:../../../../..//Drivers/STM32G0xx_HAL_Driver/Src/stm32g0xx_hal_rcc_ex.c ****   GPIO_InitStruct.Mode = GPIO_MODE_ANALOG;
 1513              		.loc 1 1229 3 view .LVU466
1229:../../../../..//Drivers/STM32G0xx_HAL_Driver/Src/stm32g0xx_hal_rcc_ex.c ****   GPIO_InitStruct.Mode = GPIO_MODE_ANALOG;
 1514              		.loc 1 1229 23 is_stmt 0 view .LVU467
 1515 001a 0423     		movs	r3, #4
1232:../../../../..//Drivers/STM32G0xx_HAL_Driver/Src/stm32g0xx_hal_rcc_ex.c ****   HAL_GPIO_Init(LSCO_GPIO_PORT, &GPIO_InitStruct);
 1516              		.loc 1 1232 24 view .LVU468
 1517 001c 0025     		movs	r5, #0
1229:../../../../..//Drivers/STM32G0xx_HAL_Driver/Src/stm32g0xx_hal_rcc_ex.c ****   GPIO_InitStruct.Mode = GPIO_MODE_ANALOG;
 1518              		.loc 1 1229 23 view .LVU469
 1519 001e 0393     		str	r3, [sp, #12]
1230:../../../../..//Drivers/STM32G0xx_HAL_Driver/Src/stm32g0xx_hal_rcc_ex.c ****   GPIO_InitStruct.Speed = GPIO_SPEED_FREQ_VERY_HIGH;
 1520              		.loc 1 1230 3 is_stmt 1 view .LVU470
 1521              		.loc 1 1233 3 is_stmt 0 view .LVU471
 1522 0020 03A9     		add	r1, sp, #12
1230:../../../../..//Drivers/STM32G0xx_HAL_Driver/Src/stm32g0xx_hal_rcc_ex.c ****   GPIO_InitStruct.Speed = GPIO_SPEED_FREQ_VERY_HIGH;
 1523              		.loc 1 1230 24 view .LVU472
 1524 0022 013B     		subs	r3, r3, #1
 1525              		.loc 1 1233 3 view .LVU473
 1526 0024 C005     		lsls	r0, r0, #23
1230:../../../../..//Drivers/STM32G0xx_HAL_Driver/Src/stm32g0xx_hal_rcc_ex.c ****   GPIO_InitStruct.Speed = GPIO_SPEED_FREQ_VERY_HIGH;
 1527              		.loc 1 1230 24 view .LVU474
 1528 0026 0493     		str	r3, [sp, #16]
1231:../../../../..//Drivers/STM32G0xx_HAL_Driver/Src/stm32g0xx_hal_rcc_ex.c ****   GPIO_InitStruct.Pull = GPIO_NOPULL;
 1529              		.loc 1 1231 3 is_stmt 1 view .LVU475
1231:../../../../..//Drivers/STM32G0xx_HAL_Driver/Src/stm32g0xx_hal_rcc_ex.c ****   GPIO_InitStruct.Pull = GPIO_NOPULL;
 1530              		.loc 1 1231 25 is_stmt 0 view .LVU476
 1531 0028 0693     		str	r3, [sp, #24]
1232:../../../../..//Drivers/STM32G0xx_HAL_Driver/Src/stm32g0xx_hal_rcc_ex.c ****   HAL_GPIO_Init(LSCO_GPIO_PORT, &GPIO_InitStruct);
 1532              		.loc 1 1232 3 is_stmt 1 view .LVU477
1232:../../../../..//Drivers/STM32G0xx_HAL_Driver/Src/stm32g0xx_hal_rcc_ex.c ****   HAL_GPIO_Init(LSCO_GPIO_PORT, &GPIO_InitStruct);
 1533              		.loc 1 1232 24 is_stmt 0 view .LVU478
 1534 002a 0595     		str	r5, [sp, #20]
 1535              		.loc 1 1233 3 is_stmt 1 view .LVU479
 1536 002c FFF7FEFF 		bl	HAL_GPIO_Init
 1537              	.LVL106:
1234:../../../../..//Drivers/STM32G0xx_HAL_Driver/Src/stm32g0xx_hal_rcc_ex.c **** 
1235:../../../../..//Drivers/STM32G0xx_HAL_Driver/Src/stm32g0xx_hal_rcc_ex.c ****   /* Update LSCOSEL clock source in Backup Domain control register */
1236:../../../../..//Drivers/STM32G0xx_HAL_Driver/Src/stm32g0xx_hal_rcc_ex.c ****   if (__HAL_RCC_PWR_IS_CLK_DISABLED())
 1538              		.loc 1 1236 3 view .LVU480
 1539              		.loc 1 1236 7 is_stmt 0 view .LVU481
 1540 0030 8022     		movs	r2, #128
 1541 0032 E36B     		ldr	r3, [r4, #60]
 1542 0034 5205     		lsls	r2, r2, #21
 1543              		.loc 1 1236 6 view .LVU482
 1544 0036 1342     		tst	r3, r2
 1545 0038 07D1     		bne	.L252
1237:../../../../..//Drivers/STM32G0xx_HAL_Driver/Src/stm32g0xx_hal_rcc_ex.c ****   {
1238:../../../../..//Drivers/STM32G0xx_HAL_Driver/Src/stm32g0xx_hal_rcc_ex.c ****     __HAL_RCC_PWR_CLK_ENABLE();
ARM GAS  /tmp/ccMVeFq7.s 			page 55


 1546              		.loc 1 1238 5 is_stmt 1 view .LVU483
 1547              	.LBB11:
 1548              		.loc 1 1238 5 view .LVU484
 1549              		.loc 1 1238 5 view .LVU485
 1550              	.LBE11:
1239:../../../../..//Drivers/STM32G0xx_HAL_Driver/Src/stm32g0xx_hal_rcc_ex.c ****     pwrclkchanged = SET;
 1551              		.loc 1 1239 19 is_stmt 0 view .LVU486
 1552 003a 3D00     		movs	r5, r7
 1553              	.LBB12:
1238:../../../../..//Drivers/STM32G0xx_HAL_Driver/Src/stm32g0xx_hal_rcc_ex.c ****     pwrclkchanged = SET;
 1554              		.loc 1 1238 5 view .LVU487
 1555 003c E36B     		ldr	r3, [r4, #60]
 1556 003e 1343     		orrs	r3, r2
 1557 0040 E363     		str	r3, [r4, #60]
1238:../../../../..//Drivers/STM32G0xx_HAL_Driver/Src/stm32g0xx_hal_rcc_ex.c ****     pwrclkchanged = SET;
 1558              		.loc 1 1238 5 is_stmt 1 view .LVU488
 1559 0042 E36B     		ldr	r3, [r4, #60]
 1560 0044 1340     		ands	r3, r2
 1561 0046 0293     		str	r3, [sp, #8]
1238:../../../../..//Drivers/STM32G0xx_HAL_Driver/Src/stm32g0xx_hal_rcc_ex.c ****     pwrclkchanged = SET;
 1562              		.loc 1 1238 5 view .LVU489
 1563 0048 029B     		ldr	r3, [sp, #8]
 1564              	.LBE12:
1238:../../../../..//Drivers/STM32G0xx_HAL_Driver/Src/stm32g0xx_hal_rcc_ex.c ****     pwrclkchanged = SET;
 1565              		.loc 1 1238 5 view .LVU490
 1566              		.loc 1 1239 5 view .LVU491
 1567              	.LVL107:
 1568              	.L252:
1240:../../../../..//Drivers/STM32G0xx_HAL_Driver/Src/stm32g0xx_hal_rcc_ex.c ****   }
1241:../../../../..//Drivers/STM32G0xx_HAL_Driver/Src/stm32g0xx_hal_rcc_ex.c ****   if (HAL_IS_BIT_CLR(PWR->CR1, PWR_CR1_DBP))
 1569              		.loc 1 1241 3 view .LVU492
 1570              		.loc 1 1241 7 is_stmt 0 view .LVU493
 1571 004a 0F4B     		ldr	r3, .L259+4
1220:../../../../..//Drivers/STM32G0xx_HAL_Driver/Src/stm32g0xx_hal_rcc_ex.c **** 
 1572              		.loc 1 1220 20 view .LVU494
 1573 004c 0022     		movs	r2, #0
 1574              		.loc 1 1241 7 view .LVU495
 1575 004e 1B68     		ldr	r3, [r3]
 1576              		.loc 1 1241 6 view .LVU496
 1577 0050 DB05     		lsls	r3, r3, #23
 1578 0052 02D4     		bmi	.L253
1242:../../../../..//Drivers/STM32G0xx_HAL_Driver/Src/stm32g0xx_hal_rcc_ex.c ****   {
1243:../../../../..//Drivers/STM32G0xx_HAL_Driver/Src/stm32g0xx_hal_rcc_ex.c ****     HAL_PWR_EnableBkUpAccess();
 1579              		.loc 1 1243 5 is_stmt 1 view .LVU497
 1580 0054 FFF7FEFF 		bl	HAL_PWR_EnableBkUpAccess
 1581              	.LVL108:
1244:../../../../..//Drivers/STM32G0xx_HAL_Driver/Src/stm32g0xx_hal_rcc_ex.c ****     backupchanged = SET;
 1582              		.loc 1 1244 5 view .LVU498
 1583              		.loc 1 1244 19 is_stmt 0 view .LVU499
 1584 0058 0122     		movs	r2, #1
 1585              	.LVL109:
 1586              	.L253:
1245:../../../../..//Drivers/STM32G0xx_HAL_Driver/Src/stm32g0xx_hal_rcc_ex.c ****   }
1246:../../../../..//Drivers/STM32G0xx_HAL_Driver/Src/stm32g0xx_hal_rcc_ex.c **** 
1247:../../../../..//Drivers/STM32G0xx_HAL_Driver/Src/stm32g0xx_hal_rcc_ex.c ****   MODIFY_REG(RCC->BDCR, RCC_BDCR_LSCOSEL | RCC_BDCR_LSCOEN, LSCOSource | RCC_BDCR_LSCOEN);
 1587              		.loc 1 1247 3 is_stmt 1 view .LVU500
 1588 005a E06D     		ldr	r0, [r4, #92]
ARM GAS  /tmp/ccMVeFq7.s 			page 56


 1589 005c 0B4B     		ldr	r3, .L259+8
 1590 005e 1840     		ands	r0, r3
 1591 0060 8023     		movs	r3, #128
 1592 0062 3043     		orrs	r0, r6
 1593 0064 5B04     		lsls	r3, r3, #17
 1594 0066 0343     		orrs	r3, r0
 1595 0068 E365     		str	r3, [r4, #92]
1248:../../../../..//Drivers/STM32G0xx_HAL_Driver/Src/stm32g0xx_hal_rcc_ex.c **** 
1249:../../../../..//Drivers/STM32G0xx_HAL_Driver/Src/stm32g0xx_hal_rcc_ex.c ****   if (backupchanged == SET)
 1596              		.loc 1 1249 3 view .LVU501
 1597              		.loc 1 1249 6 is_stmt 0 view .LVU502
 1598 006a 012A     		cmp	r2, #1
 1599 006c 01D1     		bne	.L254
 1600              	.LVL110:
1250:../../../../..//Drivers/STM32G0xx_HAL_Driver/Src/stm32g0xx_hal_rcc_ex.c ****   {
1251:../../../../..//Drivers/STM32G0xx_HAL_Driver/Src/stm32g0xx_hal_rcc_ex.c ****     HAL_PWR_DisableBkUpAccess();
 1601              		.loc 1 1251 5 is_stmt 1 view .LVU503
 1602 006e FFF7FEFF 		bl	HAL_PWR_DisableBkUpAccess
 1603              	.LVL111:
 1604              	.L254:
1252:../../../../..//Drivers/STM32G0xx_HAL_Driver/Src/stm32g0xx_hal_rcc_ex.c ****   }
1253:../../../../..//Drivers/STM32G0xx_HAL_Driver/Src/stm32g0xx_hal_rcc_ex.c ****   if (pwrclkchanged == SET)
 1605              		.loc 1 1253 3 view .LVU504
 1606              		.loc 1 1253 6 is_stmt 0 view .LVU505
 1607 0072 012D     		cmp	r5, #1
 1608 0074 03D1     		bne	.L251
1254:../../../../..//Drivers/STM32G0xx_HAL_Driver/Src/stm32g0xx_hal_rcc_ex.c ****   {
1255:../../../../..//Drivers/STM32G0xx_HAL_Driver/Src/stm32g0xx_hal_rcc_ex.c ****     __HAL_RCC_PWR_CLK_DISABLE();
 1609              		.loc 1 1255 5 is_stmt 1 view .LVU506
 1610 0076 E36B     		ldr	r3, [r4, #60]
 1611 0078 054A     		ldr	r2, .L259+12
 1612 007a 1340     		ands	r3, r2
 1613 007c E363     		str	r3, [r4, #60]
 1614              	.L251:
1256:../../../../..//Drivers/STM32G0xx_HAL_Driver/Src/stm32g0xx_hal_rcc_ex.c ****   }
1257:../../../../..//Drivers/STM32G0xx_HAL_Driver/Src/stm32g0xx_hal_rcc_ex.c **** }
 1615              		.loc 1 1257 1 is_stmt 0 view .LVU507
 1616 007e 09B0     		add	sp, sp, #36
 1617              		@ sp needed
 1618              	.LVL112:
 1619              	.LVL113:
 1620              		.loc 1 1257 1 view .LVU508
 1621 0080 F0BD     		pop	{r4, r5, r6, r7, pc}
 1622              	.L260:
 1623 0082 C046     		.align	2
 1624              	.L259:
 1625 0084 00100240 		.word	1073876992
 1626 0088 00700040 		.word	1073770496
 1627 008c FFFFFFFC 		.word	-50331649
 1628 0090 FFFFFFEF 		.word	-268435457
 1629              		.cfi_endproc
 1630              	.LFE183:
 1632              		.section	.text.HAL_RCCEx_DisableLSCO,"ax",%progbits
 1633              		.align	1
 1634              		.global	HAL_RCCEx_DisableLSCO
 1635              		.syntax unified
 1636              		.code	16
ARM GAS  /tmp/ccMVeFq7.s 			page 57


 1637              		.thumb_func
 1639              	HAL_RCCEx_DisableLSCO:
 1640              	.LFB184:
1258:../../../../..//Drivers/STM32G0xx_HAL_Driver/Src/stm32g0xx_hal_rcc_ex.c **** 
1259:../../../../..//Drivers/STM32G0xx_HAL_Driver/Src/stm32g0xx_hal_rcc_ex.c **** /**
1260:../../../../..//Drivers/STM32G0xx_HAL_Driver/Src/stm32g0xx_hal_rcc_ex.c ****   * @brief  Disable the Low Speed clock output.
1261:../../../../..//Drivers/STM32G0xx_HAL_Driver/Src/stm32g0xx_hal_rcc_ex.c ****   * @retval None
1262:../../../../..//Drivers/STM32G0xx_HAL_Driver/Src/stm32g0xx_hal_rcc_ex.c ****   */
1263:../../../../..//Drivers/STM32G0xx_HAL_Driver/Src/stm32g0xx_hal_rcc_ex.c **** void HAL_RCCEx_DisableLSCO(void)
1264:../../../../..//Drivers/STM32G0xx_HAL_Driver/Src/stm32g0xx_hal_rcc_ex.c **** {
 1641              		.loc 1 1264 1 is_stmt 1 view -0
 1642              		.cfi_startproc
 1643              		@ args = 0, pretend = 0, frame = 8
 1644              		@ frame_needed = 0, uses_anonymous_args = 0
1265:../../../../..//Drivers/STM32G0xx_HAL_Driver/Src/stm32g0xx_hal_rcc_ex.c ****   FlagStatus       pwrclkchanged = RESET;
 1645              		.loc 1 1265 3 view .LVU510
 1646              	.LVL114:
1266:../../../../..//Drivers/STM32G0xx_HAL_Driver/Src/stm32g0xx_hal_rcc_ex.c ****   FlagStatus       backupchanged = RESET;
 1647              		.loc 1 1266 3 view .LVU511
1267:../../../../..//Drivers/STM32G0xx_HAL_Driver/Src/stm32g0xx_hal_rcc_ex.c **** 
1268:../../../../..//Drivers/STM32G0xx_HAL_Driver/Src/stm32g0xx_hal_rcc_ex.c ****   /* Update LSCOEN bit in Backup Domain control register */
1269:../../../../..//Drivers/STM32G0xx_HAL_Driver/Src/stm32g0xx_hal_rcc_ex.c ****   if (__HAL_RCC_PWR_IS_CLK_DISABLED())
 1648              		.loc 1 1269 3 view .LVU512
1264:../../../../..//Drivers/STM32G0xx_HAL_Driver/Src/stm32g0xx_hal_rcc_ex.c ****   FlagStatus       pwrclkchanged = RESET;
 1649              		.loc 1 1264 1 is_stmt 0 view .LVU513
 1650 0000 37B5     		push	{r0, r1, r2, r4, r5, lr}
 1651              	.LCFI5:
 1652              		.cfi_def_cfa_offset 24
 1653              		.cfi_offset 0, -24
 1654              		.cfi_offset 1, -20
 1655              		.cfi_offset 2, -16
 1656              		.cfi_offset 4, -12
 1657              		.cfi_offset 5, -8
 1658              		.cfi_offset 14, -4
 1659              		.loc 1 1269 7 view .LVU514
 1660 0002 8022     		movs	r2, #128
 1661 0004 124C     		ldr	r4, .L269
 1662 0006 5205     		lsls	r2, r2, #21
 1663 0008 E36B     		ldr	r3, [r4, #60]
1265:../../../../..//Drivers/STM32G0xx_HAL_Driver/Src/stm32g0xx_hal_rcc_ex.c ****   FlagStatus       backupchanged = RESET;
 1664              		.loc 1 1265 20 view .LVU515
 1665 000a 0025     		movs	r5, #0
 1666              		.loc 1 1269 6 view .LVU516
 1667 000c 1342     		tst	r3, r2
 1668 000e 07D1     		bne	.L262
1270:../../../../..//Drivers/STM32G0xx_HAL_Driver/Src/stm32g0xx_hal_rcc_ex.c ****   {
1271:../../../../..//Drivers/STM32G0xx_HAL_Driver/Src/stm32g0xx_hal_rcc_ex.c ****     __HAL_RCC_PWR_CLK_ENABLE();
 1669              		.loc 1 1271 5 is_stmt 1 view .LVU517
 1670              	.LBB13:
 1671              		.loc 1 1271 5 view .LVU518
 1672              		.loc 1 1271 5 view .LVU519
 1673 0010 E36B     		ldr	r3, [r4, #60]
 1674              	.LBE13:
1272:../../../../..//Drivers/STM32G0xx_HAL_Driver/Src/stm32g0xx_hal_rcc_ex.c ****     pwrclkchanged = SET;
 1675              		.loc 1 1272 19 is_stmt 0 view .LVU520
 1676 0012 0135     		adds	r5, r5, #1
 1677              	.LBB14:
ARM GAS  /tmp/ccMVeFq7.s 			page 58


1271:../../../../..//Drivers/STM32G0xx_HAL_Driver/Src/stm32g0xx_hal_rcc_ex.c ****     pwrclkchanged = SET;
 1678              		.loc 1 1271 5 view .LVU521
 1679 0014 1343     		orrs	r3, r2
 1680 0016 E363     		str	r3, [r4, #60]
1271:../../../../..//Drivers/STM32G0xx_HAL_Driver/Src/stm32g0xx_hal_rcc_ex.c ****     pwrclkchanged = SET;
 1681              		.loc 1 1271 5 is_stmt 1 view .LVU522
 1682 0018 E36B     		ldr	r3, [r4, #60]
 1683 001a 1340     		ands	r3, r2
 1684 001c 0193     		str	r3, [sp, #4]
1271:../../../../..//Drivers/STM32G0xx_HAL_Driver/Src/stm32g0xx_hal_rcc_ex.c ****     pwrclkchanged = SET;
 1685              		.loc 1 1271 5 view .LVU523
 1686 001e 019B     		ldr	r3, [sp, #4]
 1687              	.LBE14:
1271:../../../../..//Drivers/STM32G0xx_HAL_Driver/Src/stm32g0xx_hal_rcc_ex.c ****     pwrclkchanged = SET;
 1688              		.loc 1 1271 5 view .LVU524
 1689              		.loc 1 1272 5 view .LVU525
 1690              	.LVL115:
 1691              	.L262:
1273:../../../../..//Drivers/STM32G0xx_HAL_Driver/Src/stm32g0xx_hal_rcc_ex.c ****   }
1274:../../../../..//Drivers/STM32G0xx_HAL_Driver/Src/stm32g0xx_hal_rcc_ex.c ****   if (HAL_IS_BIT_CLR(PWR->CR1, PWR_CR1_DBP))
 1692              		.loc 1 1274 3 view .LVU526
 1693              		.loc 1 1274 7 is_stmt 0 view .LVU527
 1694 0020 0C4B     		ldr	r3, .L269+4
1266:../../../../..//Drivers/STM32G0xx_HAL_Driver/Src/stm32g0xx_hal_rcc_ex.c **** 
 1695              		.loc 1 1266 20 view .LVU528
 1696 0022 0022     		movs	r2, #0
 1697              		.loc 1 1274 7 view .LVU529
 1698 0024 1B68     		ldr	r3, [r3]
 1699              		.loc 1 1274 6 view .LVU530
 1700 0026 DB05     		lsls	r3, r3, #23
 1701 0028 02D4     		bmi	.L263
1275:../../../../..//Drivers/STM32G0xx_HAL_Driver/Src/stm32g0xx_hal_rcc_ex.c ****   {
1276:../../../../..//Drivers/STM32G0xx_HAL_Driver/Src/stm32g0xx_hal_rcc_ex.c ****     /* Enable access to the backup domain */
1277:../../../../..//Drivers/STM32G0xx_HAL_Driver/Src/stm32g0xx_hal_rcc_ex.c ****     HAL_PWR_EnableBkUpAccess();
 1702              		.loc 1 1277 5 is_stmt 1 view .LVU531
 1703 002a FFF7FEFF 		bl	HAL_PWR_EnableBkUpAccess
 1704              	.LVL116:
1278:../../../../..//Drivers/STM32G0xx_HAL_Driver/Src/stm32g0xx_hal_rcc_ex.c ****     backupchanged = SET;
 1705              		.loc 1 1278 5 view .LVU532
 1706              		.loc 1 1278 19 is_stmt 0 view .LVU533
 1707 002e 0122     		movs	r2, #1
 1708              	.LVL117:
 1709              	.L263:
1279:../../../../..//Drivers/STM32G0xx_HAL_Driver/Src/stm32g0xx_hal_rcc_ex.c ****   }
1280:../../../../..//Drivers/STM32G0xx_HAL_Driver/Src/stm32g0xx_hal_rcc_ex.c **** 
1281:../../../../..//Drivers/STM32G0xx_HAL_Driver/Src/stm32g0xx_hal_rcc_ex.c ****   CLEAR_BIT(RCC->BDCR, RCC_BDCR_LSCOEN);
 1710              		.loc 1 1281 3 is_stmt 1 view .LVU534
 1711 0030 E36D     		ldr	r3, [r4, #92]
 1712 0032 0949     		ldr	r1, .L269+8
 1713 0034 0B40     		ands	r3, r1
 1714 0036 E365     		str	r3, [r4, #92]
1282:../../../../..//Drivers/STM32G0xx_HAL_Driver/Src/stm32g0xx_hal_rcc_ex.c **** 
1283:../../../../..//Drivers/STM32G0xx_HAL_Driver/Src/stm32g0xx_hal_rcc_ex.c ****   /* Restore previous configuration */
1284:../../../../..//Drivers/STM32G0xx_HAL_Driver/Src/stm32g0xx_hal_rcc_ex.c ****   if (backupchanged == SET)
 1715              		.loc 1 1284 3 view .LVU535
 1716              		.loc 1 1284 6 is_stmt 0 view .LVU536
 1717 0038 012A     		cmp	r2, #1
ARM GAS  /tmp/ccMVeFq7.s 			page 59


 1718 003a 01D1     		bne	.L264
 1719              	.LVL118:
1285:../../../../..//Drivers/STM32G0xx_HAL_Driver/Src/stm32g0xx_hal_rcc_ex.c ****   {
1286:../../../../..//Drivers/STM32G0xx_HAL_Driver/Src/stm32g0xx_hal_rcc_ex.c ****     /* Disable access to the backup domain */
1287:../../../../..//Drivers/STM32G0xx_HAL_Driver/Src/stm32g0xx_hal_rcc_ex.c ****     HAL_PWR_DisableBkUpAccess();
 1720              		.loc 1 1287 5 is_stmt 1 view .LVU537
 1721 003c FFF7FEFF 		bl	HAL_PWR_DisableBkUpAccess
 1722              	.LVL119:
 1723              	.L264:
1288:../../../../..//Drivers/STM32G0xx_HAL_Driver/Src/stm32g0xx_hal_rcc_ex.c ****   }
1289:../../../../..//Drivers/STM32G0xx_HAL_Driver/Src/stm32g0xx_hal_rcc_ex.c ****   if (pwrclkchanged == SET)
 1724              		.loc 1 1289 3 view .LVU538
 1725              		.loc 1 1289 6 is_stmt 0 view .LVU539
 1726 0040 012D     		cmp	r5, #1
 1727 0042 03D1     		bne	.L261
1290:../../../../..//Drivers/STM32G0xx_HAL_Driver/Src/stm32g0xx_hal_rcc_ex.c ****   {
1291:../../../../..//Drivers/STM32G0xx_HAL_Driver/Src/stm32g0xx_hal_rcc_ex.c ****     __HAL_RCC_PWR_CLK_DISABLE();
 1728              		.loc 1 1291 5 is_stmt 1 view .LVU540
 1729 0044 E36B     		ldr	r3, [r4, #60]
 1730 0046 054A     		ldr	r2, .L269+12
 1731 0048 1340     		ands	r3, r2
 1732 004a E363     		str	r3, [r4, #60]
 1733              	.L261:
1292:../../../../..//Drivers/STM32G0xx_HAL_Driver/Src/stm32g0xx_hal_rcc_ex.c ****   }
1293:../../../../..//Drivers/STM32G0xx_HAL_Driver/Src/stm32g0xx_hal_rcc_ex.c **** }
 1734              		.loc 1 1293 1 is_stmt 0 view .LVU541
 1735              		@ sp needed
 1736              	.LVL120:
 1737              		.loc 1 1293 1 view .LVU542
 1738 004c 37BD     		pop	{r0, r1, r2, r4, r5, pc}
 1739              	.L270:
 1740 004e C046     		.align	2
 1741              	.L269:
 1742 0050 00100240 		.word	1073876992
 1743 0054 00700040 		.word	1073770496
 1744 0058 FFFFFFFE 		.word	-16777217
 1745 005c FFFFFFEF 		.word	-268435457
 1746              		.cfi_endproc
 1747              	.LFE184:
 1749              		.text
 1750              	.Letext0:
 1751              		.file 2 "/usr/lib/gcc/arm-none-eabi/13.2.1/include/stdint.h"
 1752              		.file 3 "../../../../..//Drivers/CMSIS/Device/ST/STM32G0xx/Include/stm32g071xx.h"
 1753              		.file 4 "../../../../..//Drivers/CMSIS/Device/ST/STM32G0xx/Include/stm32g0xx.h"
 1754              		.file 5 "../../../../..//Drivers/STM32G0xx_HAL_Driver/Inc/stm32g0xx_hal_def.h"
 1755              		.file 6 "../../../../..//Drivers/STM32G0xx_HAL_Driver/Inc/stm32g0xx_hal_rcc_ex.h"
 1756              		.file 7 "../../../../..//Drivers/STM32G0xx_HAL_Driver/Inc/stm32g0xx_hal_gpio.h"
 1757              		.file 8 "../../../../..//Drivers/STM32G0xx_HAL_Driver/Inc/stm32g0xx_hal_pwr.h"
 1758              		.file 9 "../../../../..//Drivers/STM32G0xx_HAL_Driver/Inc/stm32g0xx_hal_rcc.h"
 1759              		.file 10 "../../../../..//Drivers/STM32G0xx_HAL_Driver/Inc/stm32g0xx_hal.h"
ARM GAS  /tmp/ccMVeFq7.s 			page 60


DEFINED SYMBOLS
                            *ABS*:00000000 stm32g0xx_hal_rcc_ex.c
     /tmp/ccMVeFq7.s:19     .text.HAL_RCCEx_PeriphCLKConfig:00000000 $t
     /tmp/ccMVeFq7.s:25     .text.HAL_RCCEx_PeriphCLKConfig:00000000 HAL_RCCEx_PeriphCLKConfig
     /tmp/ccMVeFq7.s:463    .text.HAL_RCCEx_PeriphCLKConfig:000001d4 $d
     /tmp/ccMVeFq7.s:481    .text.HAL_RCCEx_GetPeriphCLKConfig:00000000 $t
     /tmp/ccMVeFq7.s:487    .text.HAL_RCCEx_GetPeriphCLKConfig:00000000 HAL_RCCEx_GetPeriphCLKConfig
     /tmp/ccMVeFq7.s:614    .text.HAL_RCCEx_GetPeriphCLKConfig:00000078 $d
     /tmp/ccMVeFq7.s:622    .text.HAL_RCCEx_GetPeriphCLKFreq:00000000 $t
     /tmp/ccMVeFq7.s:628    .text.HAL_RCCEx_GetPeriphCLKFreq:00000000 HAL_RCCEx_GetPeriphCLKFreq
     /tmp/ccMVeFq7.s:1359   .text.HAL_RCCEx_GetPeriphCLKFreq:000002cc $d
     /tmp/ccMVeFq7.s:1375   .text.HAL_RCCEx_GetPeriphCLKFreq:000002fc $t
     /tmp/ccMVeFq7.s:1443   .text.HAL_RCCEx_GetPeriphCLKFreq:00000334 $d
     /tmp/ccMVeFq7.s:1449   .text.HAL_RCCEx_EnableLSCO:00000000 $t
     /tmp/ccMVeFq7.s:1455   .text.HAL_RCCEx_EnableLSCO:00000000 HAL_RCCEx_EnableLSCO
     /tmp/ccMVeFq7.s:1625   .text.HAL_RCCEx_EnableLSCO:00000084 $d
     /tmp/ccMVeFq7.s:1633   .text.HAL_RCCEx_DisableLSCO:00000000 $t
     /tmp/ccMVeFq7.s:1639   .text.HAL_RCCEx_DisableLSCO:00000000 HAL_RCCEx_DisableLSCO
     /tmp/ccMVeFq7.s:1742   .text.HAL_RCCEx_DisableLSCO:00000050 $d
                           .group:00000000 wm4.0.e310b2036dcc8a4d3b16f3fea9ebd0de
                           .group:00000000 wm4.stm32g0xx_hal_conf.h.21.2418b000d87b23231c37db35ad77d0ea
                           .group:00000000 wm4.stm32g0xx.h.37.aadb526b10f0f4555648bb8fa7c96b30
                           .group:00000000 wm4.stm32g071xx.h.36.9469a89bf1e6c2a2fe25d20581d0f58b
                           .group:00000000 wm4.stdint.h.29.6d480f4ba0f60596e88234283d42444f
                           .group:00000000 wm4.cmsis_version.h.32.0ac195c83bb4537824e6ad1c47474b79
                           .group:00000000 wm4.core_cm0plus.h.66.bb83319bcb10b4c5f12c477f85f2aa51
                           .group:00000000 wm4.cmsis_gcc.h.26.63926f8d3817e3a42e7f7ef2cd15156e
                           .group:00000000 wm4.core_cm0plus.h.127.cfee784d07c850b645554dc8add78e69
                           .group:00000000 wm4.mpu_armv7.h.32.83326921a797fa9d6f70449916b4b839
                           .group:00000000 wm4.stm32g071xx.h.155.9be12c2e48b47e8d66c20ceac374f1ee
                           .group:00000000 wm4.stm32g0xx.h.154.7f8452780a6fe1b4b4d5bfbf416cea0c
                           .group:00000000 wm4.stm32_hal_legacy.h.22.2f8f7f94da7216ffa6187bf113829094
                           .group:00000000 wm4.stddef.h.39.0dc9006b34572d4d9cae4c8b422c4971
                           .group:00000000 wm4.stm32g0xx_hal_def.h.57.7810ceeb3f277465a11a202f246b14c8
                           .group:00000000 wm4.stm32g0xx_ll_rcc.h.20.b48ad5e6c80881ce9d548f86592ad1d8
                           .group:00000000 wm4.stm32g0xx_hal_rcc.h.43.40a2deb1468b47dcb7de4a6adda92374
                           .group:00000000 wm4.stm32g0xx_hal_rcc_ex.h.20.c2035e135ea57d6c1c2839329f24a562
                           .group:00000000 wm4.stm32g0xx_hal_gpio.h.21.abd5f8c60de2afe2676b3cc6a4b2c068
                           .group:00000000 wm4.stm32g0xx_hal_gpio_ex.h.21.c1a1c19cef6d6a2cf049535a12fe7f6a
                           .group:00000000 wm4.stm32g0xx_hal_crc.h.21.8c2791752a3f5c79fed6a23e2361d260
                           .group:00000000 wm4.stm32g0xx_hal_crc_ex.h.21.13b666a67e761630a3250514972d9a47
                           .group:00000000 wm4.stm32g0xx_hal_flash.h.20.e512dd9a8958277cc7dd512f2312ae8a
                           .group:00000000 wm4.stm32g0xx_hal_flash_ex.h.20.2a1daa1e7e7bd4a16651545fee4a1fbb
                           .group:00000000 wm4.stm32g0xx_hal_flash.h.874.3e4bc5d8948716c644009bcc9a4f3f60
                           .group:00000000 wm4.stm32g0xx_hal_pwr.h.21.7d5b107b2d1b54bfd27bcb92ed3281e0
                           .group:00000000 wm4.stm32g0xx_hal_pwr_ex.h.21.01c718c420189d18e9ec3e46e6e9261f
                           .group:00000000 wm4.stm32g0xx_hal.h.66.28db47a9e4ed9349693c6c0c6101689d

UNDEFINED SYMBOLS
HAL_GetTick
__aeabi_uidiv
__aeabi_idiv
HAL_RCC_GetPCLK1Freq
HAL_RCC_GetSysClockFreq
HAL_GPIO_Init
HAL_PWR_EnableBkUpAccess
HAL_PWR_DisableBkUpAccess
ARM GAS  /tmp/ccMVeFq7.s 			page 61


