ARM GAS  /tmp/ccLlIPYP.s 			page 1


   1              		.cpu cortex-m0plus
   2              		.arch armv6s-m
   3              		.fpu softvfp
   4              		.eabi_attribute 20, 1
   5              		.eabi_attribute 21, 1
   6              		.eabi_attribute 23, 3
   7              		.eabi_attribute 24, 1
   8              		.eabi_attribute 25, 1
   9              		.eabi_attribute 26, 1
  10              		.eabi_attribute 30, 4
  11              		.eabi_attribute 34, 0
  12              		.eabi_attribute 18, 4
  13              		.file	"stm32g0xx_hal.c"
  14              		.text
  15              	.Ltext0:
  16              		.cfi_sections	.debug_frame
  17              		.file 1 "../../../../..//Drivers/STM32G0xx_HAL_Driver/Src/stm32g0xx_hal.c"
  18              		.section	.text.HAL_MspInit,"ax",%progbits
  19              		.align	1
  20              		.weak	HAL_MspInit
  21              		.syntax unified
  22              		.code	16
  23              		.thumb_func
  25              	HAL_MspInit:
  26              	.LFB182:
   1:../../../../..//Drivers/STM32G0xx_HAL_Driver/Src/stm32g0xx_hal.c **** /**
   2:../../../../..//Drivers/STM32G0xx_HAL_Driver/Src/stm32g0xx_hal.c ****   ******************************************************************************
   3:../../../../..//Drivers/STM32G0xx_HAL_Driver/Src/stm32g0xx_hal.c ****   * @file    stm32g0xx_hal.c
   4:../../../../..//Drivers/STM32G0xx_HAL_Driver/Src/stm32g0xx_hal.c ****   * @author  MCD Application Team
   5:../../../../..//Drivers/STM32G0xx_HAL_Driver/Src/stm32g0xx_hal.c ****   * @brief   HAL module driver.
   6:../../../../..//Drivers/STM32G0xx_HAL_Driver/Src/stm32g0xx_hal.c ****   *          This is the common part of the HAL initialization
   7:../../../../..//Drivers/STM32G0xx_HAL_Driver/Src/stm32g0xx_hal.c ****   *
   8:../../../../..//Drivers/STM32G0xx_HAL_Driver/Src/stm32g0xx_hal.c ****   ******************************************************************************
   9:../../../../..//Drivers/STM32G0xx_HAL_Driver/Src/stm32g0xx_hal.c ****   * @attention
  10:../../../../..//Drivers/STM32G0xx_HAL_Driver/Src/stm32g0xx_hal.c ****   *
  11:../../../../..//Drivers/STM32G0xx_HAL_Driver/Src/stm32g0xx_hal.c ****   * Copyright (c) 2018 STMicroelectronics. 
  12:../../../../..//Drivers/STM32G0xx_HAL_Driver/Src/stm32g0xx_hal.c ****   * All rights reserved.
  13:../../../../..//Drivers/STM32G0xx_HAL_Driver/Src/stm32g0xx_hal.c ****   *
  14:../../../../..//Drivers/STM32G0xx_HAL_Driver/Src/stm32g0xx_hal.c ****   * This software is licensed under terms that can be found in the LICENSE file
  15:../../../../..//Drivers/STM32G0xx_HAL_Driver/Src/stm32g0xx_hal.c ****   * in the root directory of this software component.
  16:../../../../..//Drivers/STM32G0xx_HAL_Driver/Src/stm32g0xx_hal.c ****   * If no LICENSE file comes with this software, it is provided AS-IS.
  17:../../../../..//Drivers/STM32G0xx_HAL_Driver/Src/stm32g0xx_hal.c ****   *
  18:../../../../..//Drivers/STM32G0xx_HAL_Driver/Src/stm32g0xx_hal.c ****   ******************************************************************************
  19:../../../../..//Drivers/STM32G0xx_HAL_Driver/Src/stm32g0xx_hal.c ****   @verbatim
  20:../../../../..//Drivers/STM32G0xx_HAL_Driver/Src/stm32g0xx_hal.c ****   ==============================================================================
  21:../../../../..//Drivers/STM32G0xx_HAL_Driver/Src/stm32g0xx_hal.c ****                      ##### How to use this driver #####
  22:../../../../..//Drivers/STM32G0xx_HAL_Driver/Src/stm32g0xx_hal.c ****   ==============================================================================
  23:../../../../..//Drivers/STM32G0xx_HAL_Driver/Src/stm32g0xx_hal.c ****     [..]
  24:../../../../..//Drivers/STM32G0xx_HAL_Driver/Src/stm32g0xx_hal.c ****     The common HAL driver contains a set of generic and common APIs that can be
  25:../../../../..//Drivers/STM32G0xx_HAL_Driver/Src/stm32g0xx_hal.c ****     used by the PPP peripheral drivers and the user to start using the HAL.
  26:../../../../..//Drivers/STM32G0xx_HAL_Driver/Src/stm32g0xx_hal.c ****     [..]
  27:../../../../..//Drivers/STM32G0xx_HAL_Driver/Src/stm32g0xx_hal.c ****     The HAL contains two APIs categories:
  28:../../../../..//Drivers/STM32G0xx_HAL_Driver/Src/stm32g0xx_hal.c ****          (+) Common HAL APIs
  29:../../../../..//Drivers/STM32G0xx_HAL_Driver/Src/stm32g0xx_hal.c ****          (+) Services HAL APIs
  30:../../../../..//Drivers/STM32G0xx_HAL_Driver/Src/stm32g0xx_hal.c **** 
  31:../../../../..//Drivers/STM32G0xx_HAL_Driver/Src/stm32g0xx_hal.c ****   @endverbatim
  32:../../../../..//Drivers/STM32G0xx_HAL_Driver/Src/stm32g0xx_hal.c ****   ******************************************************************************
ARM GAS  /tmp/ccLlIPYP.s 			page 2


  33:../../../../..//Drivers/STM32G0xx_HAL_Driver/Src/stm32g0xx_hal.c ****   */
  34:../../../../..//Drivers/STM32G0xx_HAL_Driver/Src/stm32g0xx_hal.c **** 
  35:../../../../..//Drivers/STM32G0xx_HAL_Driver/Src/stm32g0xx_hal.c **** /* Includes ------------------------------------------------------------------*/
  36:../../../../..//Drivers/STM32G0xx_HAL_Driver/Src/stm32g0xx_hal.c **** #include "stm32g0xx_hal.h"
  37:../../../../..//Drivers/STM32G0xx_HAL_Driver/Src/stm32g0xx_hal.c **** 
  38:../../../../..//Drivers/STM32G0xx_HAL_Driver/Src/stm32g0xx_hal.c **** /** @addtogroup STM32G0xx_HAL_Driver
  39:../../../../..//Drivers/STM32G0xx_HAL_Driver/Src/stm32g0xx_hal.c ****   * @{
  40:../../../../..//Drivers/STM32G0xx_HAL_Driver/Src/stm32g0xx_hal.c ****   */
  41:../../../../..//Drivers/STM32G0xx_HAL_Driver/Src/stm32g0xx_hal.c **** 
  42:../../../../..//Drivers/STM32G0xx_HAL_Driver/Src/stm32g0xx_hal.c **** /** @addtogroup HAL
  43:../../../../..//Drivers/STM32G0xx_HAL_Driver/Src/stm32g0xx_hal.c ****   * @brief HAL module driver
  44:../../../../..//Drivers/STM32G0xx_HAL_Driver/Src/stm32g0xx_hal.c ****   * @{
  45:../../../../..//Drivers/STM32G0xx_HAL_Driver/Src/stm32g0xx_hal.c ****   */
  46:../../../../..//Drivers/STM32G0xx_HAL_Driver/Src/stm32g0xx_hal.c **** 
  47:../../../../..//Drivers/STM32G0xx_HAL_Driver/Src/stm32g0xx_hal.c **** #ifdef HAL_MODULE_ENABLED
  48:../../../../..//Drivers/STM32G0xx_HAL_Driver/Src/stm32g0xx_hal.c **** 
  49:../../../../..//Drivers/STM32G0xx_HAL_Driver/Src/stm32g0xx_hal.c **** /* Private typedef -----------------------------------------------------------*/
  50:../../../../..//Drivers/STM32G0xx_HAL_Driver/Src/stm32g0xx_hal.c **** /* Private define ------------------------------------------------------------*/
  51:../../../../..//Drivers/STM32G0xx_HAL_Driver/Src/stm32g0xx_hal.c **** 
  52:../../../../..//Drivers/STM32G0xx_HAL_Driver/Src/stm32g0xx_hal.c **** /** @defgroup HAL_Private_Constants HAL Private Constants
  53:../../../../..//Drivers/STM32G0xx_HAL_Driver/Src/stm32g0xx_hal.c ****   * @{
  54:../../../../..//Drivers/STM32G0xx_HAL_Driver/Src/stm32g0xx_hal.c ****   */
  55:../../../../..//Drivers/STM32G0xx_HAL_Driver/Src/stm32g0xx_hal.c **** /**
  56:../../../../..//Drivers/STM32G0xx_HAL_Driver/Src/stm32g0xx_hal.c ****   * @brief STM32G0xx HAL Driver version number
  57:../../../../..//Drivers/STM32G0xx_HAL_Driver/Src/stm32g0xx_hal.c ****   */
  58:../../../../..//Drivers/STM32G0xx_HAL_Driver/Src/stm32g0xx_hal.c **** #define __STM32G0xx_HAL_VERSION_MAIN   (0x01U) /*!< [31:24] main version */
  59:../../../../..//Drivers/STM32G0xx_HAL_Driver/Src/stm32g0xx_hal.c **** #define __STM32G0xx_HAL_VERSION_SUB1   (0x04U) /*!< [23:16] sub1 version */
  60:../../../../..//Drivers/STM32G0xx_HAL_Driver/Src/stm32g0xx_hal.c **** #define __STM32G0xx_HAL_VERSION_SUB2   (0x05U) /*!< [15:8]  sub2 version */
  61:../../../../..//Drivers/STM32G0xx_HAL_Driver/Src/stm32g0xx_hal.c **** #define __STM32G0xx_HAL_VERSION_RC     (0x00U) /*!< [7:0]  release candidate */
  62:../../../../..//Drivers/STM32G0xx_HAL_Driver/Src/stm32g0xx_hal.c **** #define __STM32G0xx_HAL_VERSION         ((__STM32G0xx_HAL_VERSION_MAIN << 24U)\
  63:../../../../..//Drivers/STM32G0xx_HAL_Driver/Src/stm32g0xx_hal.c ****                                         |(__STM32G0xx_HAL_VERSION_SUB1 << 16U)\
  64:../../../../..//Drivers/STM32G0xx_HAL_Driver/Src/stm32g0xx_hal.c ****                                         |(__STM32G0xx_HAL_VERSION_SUB2 << 8U )\
  65:../../../../..//Drivers/STM32G0xx_HAL_Driver/Src/stm32g0xx_hal.c ****                                         |(__STM32G0xx_HAL_VERSION_RC))
  66:../../../../..//Drivers/STM32G0xx_HAL_Driver/Src/stm32g0xx_hal.c **** 
  67:../../../../..//Drivers/STM32G0xx_HAL_Driver/Src/stm32g0xx_hal.c **** #if defined(VREFBUF)
  68:../../../../..//Drivers/STM32G0xx_HAL_Driver/Src/stm32g0xx_hal.c **** #define VREFBUF_TIMEOUT_VALUE     10U   /*!<  10 ms */
  69:../../../../..//Drivers/STM32G0xx_HAL_Driver/Src/stm32g0xx_hal.c **** #endif /* VREFBUF */
  70:../../../../..//Drivers/STM32G0xx_HAL_Driver/Src/stm32g0xx_hal.c **** 
  71:../../../../..//Drivers/STM32G0xx_HAL_Driver/Src/stm32g0xx_hal.c **** /**
  72:../../../../..//Drivers/STM32G0xx_HAL_Driver/Src/stm32g0xx_hal.c ****   * @}
  73:../../../../..//Drivers/STM32G0xx_HAL_Driver/Src/stm32g0xx_hal.c ****   */
  74:../../../../..//Drivers/STM32G0xx_HAL_Driver/Src/stm32g0xx_hal.c **** 
  75:../../../../..//Drivers/STM32G0xx_HAL_Driver/Src/stm32g0xx_hal.c **** /* Private macro -------------------------------------------------------------*/
  76:../../../../..//Drivers/STM32G0xx_HAL_Driver/Src/stm32g0xx_hal.c **** /* Exported variables ---------------------------------------------------------*/
  77:../../../../..//Drivers/STM32G0xx_HAL_Driver/Src/stm32g0xx_hal.c **** /** @defgroup HAL_Exported_Variables HAL Exported Variables
  78:../../../../..//Drivers/STM32G0xx_HAL_Driver/Src/stm32g0xx_hal.c ****   * @{
  79:../../../../..//Drivers/STM32G0xx_HAL_Driver/Src/stm32g0xx_hal.c ****   */
  80:../../../../..//Drivers/STM32G0xx_HAL_Driver/Src/stm32g0xx_hal.c **** __IO uint32_t uwTick;
  81:../../../../..//Drivers/STM32G0xx_HAL_Driver/Src/stm32g0xx_hal.c **** uint32_t uwTickPrio = (1UL << __NVIC_PRIO_BITS); /* Invalid PRIO */
  82:../../../../..//Drivers/STM32G0xx_HAL_Driver/Src/stm32g0xx_hal.c **** HAL_TickFreqTypeDef uwTickFreq = HAL_TICK_FREQ_DEFAULT;  /* 1KHz */
  83:../../../../..//Drivers/STM32G0xx_HAL_Driver/Src/stm32g0xx_hal.c **** /**
  84:../../../../..//Drivers/STM32G0xx_HAL_Driver/Src/stm32g0xx_hal.c ****   * @}
  85:../../../../..//Drivers/STM32G0xx_HAL_Driver/Src/stm32g0xx_hal.c ****   */
  86:../../../../..//Drivers/STM32G0xx_HAL_Driver/Src/stm32g0xx_hal.c **** 
  87:../../../../..//Drivers/STM32G0xx_HAL_Driver/Src/stm32g0xx_hal.c **** /* Private function prototypes -----------------------------------------------*/
  88:../../../../..//Drivers/STM32G0xx_HAL_Driver/Src/stm32g0xx_hal.c **** /* Exported functions --------------------------------------------------------*/
  89:../../../../..//Drivers/STM32G0xx_HAL_Driver/Src/stm32g0xx_hal.c **** 
ARM GAS  /tmp/ccLlIPYP.s 			page 3


  90:../../../../..//Drivers/STM32G0xx_HAL_Driver/Src/stm32g0xx_hal.c **** /** @addtogroup HAL_Exported_Functions
  91:../../../../..//Drivers/STM32G0xx_HAL_Driver/Src/stm32g0xx_hal.c ****   * @{
  92:../../../../..//Drivers/STM32G0xx_HAL_Driver/Src/stm32g0xx_hal.c ****   */
  93:../../../../..//Drivers/STM32G0xx_HAL_Driver/Src/stm32g0xx_hal.c **** 
  94:../../../../..//Drivers/STM32G0xx_HAL_Driver/Src/stm32g0xx_hal.c **** /** @addtogroup HAL_Exported_Functions_Group1
  95:../../../../..//Drivers/STM32G0xx_HAL_Driver/Src/stm32g0xx_hal.c ****  *  @brief    HAL Initialization and Configuration functions
  96:../../../../..//Drivers/STM32G0xx_HAL_Driver/Src/stm32g0xx_hal.c ****  *
  97:../../../../..//Drivers/STM32G0xx_HAL_Driver/Src/stm32g0xx_hal.c **** @verbatim
  98:../../../../..//Drivers/STM32G0xx_HAL_Driver/Src/stm32g0xx_hal.c ****  ===============================================================================
  99:../../../../..//Drivers/STM32G0xx_HAL_Driver/Src/stm32g0xx_hal.c ****            ##### HAL Initialization and Configuration functions #####
 100:../../../../..//Drivers/STM32G0xx_HAL_Driver/Src/stm32g0xx_hal.c ****  ===============================================================================
 101:../../../../..//Drivers/STM32G0xx_HAL_Driver/Src/stm32g0xx_hal.c ****     [..]  This section provides functions allowing to:
 102:../../../../..//Drivers/STM32G0xx_HAL_Driver/Src/stm32g0xx_hal.c ****       (+) Initialize the Flash interface the NVIC allocation and initial time base
 103:../../../../..//Drivers/STM32G0xx_HAL_Driver/Src/stm32g0xx_hal.c ****           clock configuration.
 104:../../../../..//Drivers/STM32G0xx_HAL_Driver/Src/stm32g0xx_hal.c ****       (+) De-initialize common part of the HAL.
 105:../../../../..//Drivers/STM32G0xx_HAL_Driver/Src/stm32g0xx_hal.c ****       (+) Configure the time base source to have 1ms time base with a dedicated
 106:../../../../..//Drivers/STM32G0xx_HAL_Driver/Src/stm32g0xx_hal.c ****           Tick interrupt priority.
 107:../../../../..//Drivers/STM32G0xx_HAL_Driver/Src/stm32g0xx_hal.c ****         (++) SysTick timer is used by default as source of time base, but user
 108:../../../../..//Drivers/STM32G0xx_HAL_Driver/Src/stm32g0xx_hal.c ****              can eventually implement his proper time base source (a general purpose
 109:../../../../..//Drivers/STM32G0xx_HAL_Driver/Src/stm32g0xx_hal.c ****              timer for example or other time source), keeping in mind that Time base
 110:../../../../..//Drivers/STM32G0xx_HAL_Driver/Src/stm32g0xx_hal.c ****              duration should be kept 1ms since PPP_TIMEOUT_VALUEs are defined and
 111:../../../../..//Drivers/STM32G0xx_HAL_Driver/Src/stm32g0xx_hal.c ****              handled in milliseconds basis.
 112:../../../../..//Drivers/STM32G0xx_HAL_Driver/Src/stm32g0xx_hal.c ****         (++) Time base configuration function (HAL_InitTick ()) is called automatically
 113:../../../../..//Drivers/STM32G0xx_HAL_Driver/Src/stm32g0xx_hal.c ****              at the beginning of the program after reset by HAL_Init() or at any time
 114:../../../../..//Drivers/STM32G0xx_HAL_Driver/Src/stm32g0xx_hal.c ****              when clock is configured, by HAL_RCC_ClockConfig().
 115:../../../../..//Drivers/STM32G0xx_HAL_Driver/Src/stm32g0xx_hal.c ****         (++) Source of time base is configured  to generate interrupts at regular
 116:../../../../..//Drivers/STM32G0xx_HAL_Driver/Src/stm32g0xx_hal.c ****              time intervals. Care must be taken if HAL_Delay() is called from a
 117:../../../../..//Drivers/STM32G0xx_HAL_Driver/Src/stm32g0xx_hal.c ****              peripheral ISR process, the Tick interrupt line must have higher priority
 118:../../../../..//Drivers/STM32G0xx_HAL_Driver/Src/stm32g0xx_hal.c ****             (numerically lower) than the peripheral interrupt. Otherwise the caller
 119:../../../../..//Drivers/STM32G0xx_HAL_Driver/Src/stm32g0xx_hal.c ****             ISR process will be blocked.
 120:../../../../..//Drivers/STM32G0xx_HAL_Driver/Src/stm32g0xx_hal.c ****        (++) functions affecting time base configurations are declared as __weak
 121:../../../../..//Drivers/STM32G0xx_HAL_Driver/Src/stm32g0xx_hal.c ****              to make  override possible  in case of other  implementations in user file.
 122:../../../../..//Drivers/STM32G0xx_HAL_Driver/Src/stm32g0xx_hal.c **** @endverbatim
 123:../../../../..//Drivers/STM32G0xx_HAL_Driver/Src/stm32g0xx_hal.c ****   * @{
 124:../../../../..//Drivers/STM32G0xx_HAL_Driver/Src/stm32g0xx_hal.c ****   */
 125:../../../../..//Drivers/STM32G0xx_HAL_Driver/Src/stm32g0xx_hal.c **** 
 126:../../../../..//Drivers/STM32G0xx_HAL_Driver/Src/stm32g0xx_hal.c **** /**
 127:../../../../..//Drivers/STM32G0xx_HAL_Driver/Src/stm32g0xx_hal.c ****   * @brief  Configure the Flash prefetch and the Instruction cache,
 128:../../../../..//Drivers/STM32G0xx_HAL_Driver/Src/stm32g0xx_hal.c ****   *         the time base source, NVIC and any required global low level hardware
 129:../../../../..//Drivers/STM32G0xx_HAL_Driver/Src/stm32g0xx_hal.c ****   *         by calling the HAL_MspInit() callback function to be optionally defined in user file
 130:../../../../..//Drivers/STM32G0xx_HAL_Driver/Src/stm32g0xx_hal.c ****   *         stm32g0xx_hal_msp.c.
 131:../../../../..//Drivers/STM32G0xx_HAL_Driver/Src/stm32g0xx_hal.c ****   *
 132:../../../../..//Drivers/STM32G0xx_HAL_Driver/Src/stm32g0xx_hal.c ****   * @note   HAL_Init() function is called at the beginning of program after reset and before
 133:../../../../..//Drivers/STM32G0xx_HAL_Driver/Src/stm32g0xx_hal.c ****   *         the clock configuration.
 134:../../../../..//Drivers/STM32G0xx_HAL_Driver/Src/stm32g0xx_hal.c ****   *
 135:../../../../..//Drivers/STM32G0xx_HAL_Driver/Src/stm32g0xx_hal.c ****   * @note   In the default implementation the System Timer (Systick) is used as source of time base
 136:../../../../..//Drivers/STM32G0xx_HAL_Driver/Src/stm32g0xx_hal.c ****   *         The Systick configuration is based on HSI clock, as HSI is the clock
 137:../../../../..//Drivers/STM32G0xx_HAL_Driver/Src/stm32g0xx_hal.c ****   *         used after a system Reset.
 138:../../../../..//Drivers/STM32G0xx_HAL_Driver/Src/stm32g0xx_hal.c ****   *         Once done, time base tick starts incrementing: the tick variable counter is incremented
 139:../../../../..//Drivers/STM32G0xx_HAL_Driver/Src/stm32g0xx_hal.c ****   *         each 1ms in the SysTick_Handler() interrupt handler.
 140:../../../../..//Drivers/STM32G0xx_HAL_Driver/Src/stm32g0xx_hal.c ****   *
 141:../../../../..//Drivers/STM32G0xx_HAL_Driver/Src/stm32g0xx_hal.c ****   * @retval HAL status
 142:../../../../..//Drivers/STM32G0xx_HAL_Driver/Src/stm32g0xx_hal.c ****   */
 143:../../../../..//Drivers/STM32G0xx_HAL_Driver/Src/stm32g0xx_hal.c **** HAL_StatusTypeDef HAL_Init(void)
 144:../../../../..//Drivers/STM32G0xx_HAL_Driver/Src/stm32g0xx_hal.c **** {
 145:../../../../..//Drivers/STM32G0xx_HAL_Driver/Src/stm32g0xx_hal.c ****   HAL_StatusTypeDef  status = HAL_OK;
 146:../../../../..//Drivers/STM32G0xx_HAL_Driver/Src/stm32g0xx_hal.c **** 
ARM GAS  /tmp/ccLlIPYP.s 			page 4


 147:../../../../..//Drivers/STM32G0xx_HAL_Driver/Src/stm32g0xx_hal.c ****   /* Configure Flash prefetch, Instruction cache             */
 148:../../../../..//Drivers/STM32G0xx_HAL_Driver/Src/stm32g0xx_hal.c ****   /* Default configuration at reset is:                      */
 149:../../../../..//Drivers/STM32G0xx_HAL_Driver/Src/stm32g0xx_hal.c ****   /* - Prefetch disabled                                     */
 150:../../../../..//Drivers/STM32G0xx_HAL_Driver/Src/stm32g0xx_hal.c ****   /* - Instruction cache enabled                             */
 151:../../../../..//Drivers/STM32G0xx_HAL_Driver/Src/stm32g0xx_hal.c **** 
 152:../../../../..//Drivers/STM32G0xx_HAL_Driver/Src/stm32g0xx_hal.c **** #if (INSTRUCTION_CACHE_ENABLE == 0U)
 153:../../../../..//Drivers/STM32G0xx_HAL_Driver/Src/stm32g0xx_hal.c ****   __HAL_FLASH_INSTRUCTION_CACHE_DISABLE();
 154:../../../../..//Drivers/STM32G0xx_HAL_Driver/Src/stm32g0xx_hal.c **** #endif /* INSTRUCTION_CACHE_ENABLE */
 155:../../../../..//Drivers/STM32G0xx_HAL_Driver/Src/stm32g0xx_hal.c **** 
 156:../../../../..//Drivers/STM32G0xx_HAL_Driver/Src/stm32g0xx_hal.c **** #if (PREFETCH_ENABLE != 0U)
 157:../../../../..//Drivers/STM32G0xx_HAL_Driver/Src/stm32g0xx_hal.c ****   __HAL_FLASH_PREFETCH_BUFFER_ENABLE();
 158:../../../../..//Drivers/STM32G0xx_HAL_Driver/Src/stm32g0xx_hal.c **** #endif /* PREFETCH_ENABLE */
 159:../../../../..//Drivers/STM32G0xx_HAL_Driver/Src/stm32g0xx_hal.c **** 
 160:../../../../..//Drivers/STM32G0xx_HAL_Driver/Src/stm32g0xx_hal.c ****   /* Use SysTick as time base source and configure 1ms tick (default clock after Reset is HSI) */
 161:../../../../..//Drivers/STM32G0xx_HAL_Driver/Src/stm32g0xx_hal.c ****   if (HAL_InitTick(TICK_INT_PRIORITY) != HAL_OK)
 162:../../../../..//Drivers/STM32G0xx_HAL_Driver/Src/stm32g0xx_hal.c ****   {
 163:../../../../..//Drivers/STM32G0xx_HAL_Driver/Src/stm32g0xx_hal.c ****     status = HAL_ERROR;
 164:../../../../..//Drivers/STM32G0xx_HAL_Driver/Src/stm32g0xx_hal.c ****   }
 165:../../../../..//Drivers/STM32G0xx_HAL_Driver/Src/stm32g0xx_hal.c ****   else
 166:../../../../..//Drivers/STM32G0xx_HAL_Driver/Src/stm32g0xx_hal.c ****   {
 167:../../../../..//Drivers/STM32G0xx_HAL_Driver/Src/stm32g0xx_hal.c ****   /* Init the low level hardware */
 168:../../../../..//Drivers/STM32G0xx_HAL_Driver/Src/stm32g0xx_hal.c ****   HAL_MspInit();
 169:../../../../..//Drivers/STM32G0xx_HAL_Driver/Src/stm32g0xx_hal.c ****   }
 170:../../../../..//Drivers/STM32G0xx_HAL_Driver/Src/stm32g0xx_hal.c **** 
 171:../../../../..//Drivers/STM32G0xx_HAL_Driver/Src/stm32g0xx_hal.c ****   /* Return function status */
 172:../../../../..//Drivers/STM32G0xx_HAL_Driver/Src/stm32g0xx_hal.c ****   return status;
 173:../../../../..//Drivers/STM32G0xx_HAL_Driver/Src/stm32g0xx_hal.c **** }
 174:../../../../..//Drivers/STM32G0xx_HAL_Driver/Src/stm32g0xx_hal.c **** 
 175:../../../../..//Drivers/STM32G0xx_HAL_Driver/Src/stm32g0xx_hal.c **** /**
 176:../../../../..//Drivers/STM32G0xx_HAL_Driver/Src/stm32g0xx_hal.c ****   * @brief  This function de-Initializes common part of the HAL and stops the source of time base.
 177:../../../../..//Drivers/STM32G0xx_HAL_Driver/Src/stm32g0xx_hal.c ****   * @note   This function is optional.
 178:../../../../..//Drivers/STM32G0xx_HAL_Driver/Src/stm32g0xx_hal.c ****   * @retval HAL status
 179:../../../../..//Drivers/STM32G0xx_HAL_Driver/Src/stm32g0xx_hal.c ****   */
 180:../../../../..//Drivers/STM32G0xx_HAL_Driver/Src/stm32g0xx_hal.c **** HAL_StatusTypeDef HAL_DeInit(void)
 181:../../../../..//Drivers/STM32G0xx_HAL_Driver/Src/stm32g0xx_hal.c **** {
 182:../../../../..//Drivers/STM32G0xx_HAL_Driver/Src/stm32g0xx_hal.c ****   /* Reset of all peripherals */
 183:../../../../..//Drivers/STM32G0xx_HAL_Driver/Src/stm32g0xx_hal.c ****   __HAL_RCC_APB1_FORCE_RESET();
 184:../../../../..//Drivers/STM32G0xx_HAL_Driver/Src/stm32g0xx_hal.c ****   __HAL_RCC_APB1_RELEASE_RESET();
 185:../../../../..//Drivers/STM32G0xx_HAL_Driver/Src/stm32g0xx_hal.c **** 
 186:../../../../..//Drivers/STM32G0xx_HAL_Driver/Src/stm32g0xx_hal.c ****   __HAL_RCC_APB2_FORCE_RESET();
 187:../../../../..//Drivers/STM32G0xx_HAL_Driver/Src/stm32g0xx_hal.c ****   __HAL_RCC_APB2_RELEASE_RESET();
 188:../../../../..//Drivers/STM32G0xx_HAL_Driver/Src/stm32g0xx_hal.c **** 
 189:../../../../..//Drivers/STM32G0xx_HAL_Driver/Src/stm32g0xx_hal.c ****   __HAL_RCC_AHB_FORCE_RESET();
 190:../../../../..//Drivers/STM32G0xx_HAL_Driver/Src/stm32g0xx_hal.c ****   __HAL_RCC_AHB_RELEASE_RESET();
 191:../../../../..//Drivers/STM32G0xx_HAL_Driver/Src/stm32g0xx_hal.c **** 
 192:../../../../..//Drivers/STM32G0xx_HAL_Driver/Src/stm32g0xx_hal.c ****   __HAL_RCC_IOP_FORCE_RESET();
 193:../../../../..//Drivers/STM32G0xx_HAL_Driver/Src/stm32g0xx_hal.c ****   __HAL_RCC_IOP_RELEASE_RESET();
 194:../../../../..//Drivers/STM32G0xx_HAL_Driver/Src/stm32g0xx_hal.c **** 
 195:../../../../..//Drivers/STM32G0xx_HAL_Driver/Src/stm32g0xx_hal.c ****   /* De-Init the low level hardware */
 196:../../../../..//Drivers/STM32G0xx_HAL_Driver/Src/stm32g0xx_hal.c ****   HAL_MspDeInit();
 197:../../../../..//Drivers/STM32G0xx_HAL_Driver/Src/stm32g0xx_hal.c **** 
 198:../../../../..//Drivers/STM32G0xx_HAL_Driver/Src/stm32g0xx_hal.c ****   /* Return function status */
 199:../../../../..//Drivers/STM32G0xx_HAL_Driver/Src/stm32g0xx_hal.c ****   return HAL_OK;
 200:../../../../..//Drivers/STM32G0xx_HAL_Driver/Src/stm32g0xx_hal.c **** }
 201:../../../../..//Drivers/STM32G0xx_HAL_Driver/Src/stm32g0xx_hal.c **** 
 202:../../../../..//Drivers/STM32G0xx_HAL_Driver/Src/stm32g0xx_hal.c **** /**
 203:../../../../..//Drivers/STM32G0xx_HAL_Driver/Src/stm32g0xx_hal.c ****   * @brief  Initialize the MSP.
ARM GAS  /tmp/ccLlIPYP.s 			page 5


 204:../../../../..//Drivers/STM32G0xx_HAL_Driver/Src/stm32g0xx_hal.c ****   * @retval None
 205:../../../../..//Drivers/STM32G0xx_HAL_Driver/Src/stm32g0xx_hal.c ****   */
 206:../../../../..//Drivers/STM32G0xx_HAL_Driver/Src/stm32g0xx_hal.c **** __weak void HAL_MspInit(void)
 207:../../../../..//Drivers/STM32G0xx_HAL_Driver/Src/stm32g0xx_hal.c **** {
  27              		.loc 1 207 1 view -0
  28              		.cfi_startproc
  29              		@ args = 0, pretend = 0, frame = 0
  30              		@ frame_needed = 0, uses_anonymous_args = 0
  31              		@ link register save eliminated.
 208:../../../../..//Drivers/STM32G0xx_HAL_Driver/Src/stm32g0xx_hal.c ****   /* NOTE : This function should not be modified, when the callback is needed,
 209:../../../../..//Drivers/STM32G0xx_HAL_Driver/Src/stm32g0xx_hal.c ****             the HAL_MspInit could be implemented in the user file
 210:../../../../..//Drivers/STM32G0xx_HAL_Driver/Src/stm32g0xx_hal.c ****    */
 211:../../../../..//Drivers/STM32G0xx_HAL_Driver/Src/stm32g0xx_hal.c **** }
  32              		.loc 1 211 1 view .LVU1
  33              		@ sp needed
  34 0000 7047     		bx	lr
  35              		.cfi_endproc
  36              	.LFE182:
  38              		.section	.text.HAL_MspDeInit,"ax",%progbits
  39              		.align	1
  40              		.weak	HAL_MspDeInit
  41              		.syntax unified
  42              		.code	16
  43              		.thumb_func
  45              	HAL_MspDeInit:
  46              	.LFB215:
  47              		.cfi_startproc
 212:../../../../..//Drivers/STM32G0xx_HAL_Driver/Src/stm32g0xx_hal.c **** 
 213:../../../../..//Drivers/STM32G0xx_HAL_Driver/Src/stm32g0xx_hal.c **** /**
 214:../../../../..//Drivers/STM32G0xx_HAL_Driver/Src/stm32g0xx_hal.c ****   * @brief  DeInitializes the MSP.
 215:../../../../..//Drivers/STM32G0xx_HAL_Driver/Src/stm32g0xx_hal.c ****   * @retval None
 216:../../../../..//Drivers/STM32G0xx_HAL_Driver/Src/stm32g0xx_hal.c ****   */
 217:../../../../..//Drivers/STM32G0xx_HAL_Driver/Src/stm32g0xx_hal.c **** __weak void HAL_MspDeInit(void)
  48              		.loc 1 217 13 view -0
  49              		@ args = 0, pretend = 0, frame = 0
  50              		@ frame_needed = 0, uses_anonymous_args = 0
  51              		@ link register save eliminated.
  52              		@ sp needed
  53 0000 7047     		bx	lr
  54              		.cfi_endproc
  55              	.LFE215:
  57              		.section	.text.HAL_DeInit,"ax",%progbits
  58              		.align	1
  59              		.global	HAL_DeInit
  60              		.syntax unified
  61              		.code	16
  62              		.thumb_func
  64              	HAL_DeInit:
  65              	.LFB181:
 181:../../../../..//Drivers/STM32G0xx_HAL_Driver/Src/stm32g0xx_hal.c ****   /* Reset of all peripherals */
  66              		.loc 1 181 1 view -0
  67              		.cfi_startproc
  68              		@ args = 0, pretend = 0, frame = 0
  69              		@ frame_needed = 0, uses_anonymous_args = 0
 183:../../../../..//Drivers/STM32G0xx_HAL_Driver/Src/stm32g0xx_hal.c ****   __HAL_RCC_APB1_RELEASE_RESET();
  70              		.loc 1 183 3 view .LVU4
  71 0000 0122     		movs	r2, #1
ARM GAS  /tmp/ccLlIPYP.s 			page 6


 181:../../../../..//Drivers/STM32G0xx_HAL_Driver/Src/stm32g0xx_hal.c ****   /* Reset of all peripherals */
  72              		.loc 1 181 1 is_stmt 0 view .LVU5
  73 0002 10B5     		push	{r4, lr}
  74              	.LCFI0:
  75              		.cfi_def_cfa_offset 8
  76              		.cfi_offset 4, -8
  77              		.cfi_offset 14, -4
 184:../../../../..//Drivers/STM32G0xx_HAL_Driver/Src/stm32g0xx_hal.c **** 
  78              		.loc 1 184 3 view .LVU6
  79 0004 0024     		movs	r4, #0
 200:../../../../..//Drivers/STM32G0xx_HAL_Driver/Src/stm32g0xx_hal.c **** 
  80              		.loc 1 200 1 view .LVU7
  81              		@ sp needed
 183:../../../../..//Drivers/STM32G0xx_HAL_Driver/Src/stm32g0xx_hal.c ****   __HAL_RCC_APB1_RELEASE_RESET();
  82              		.loc 1 183 3 view .LVU8
  83 0006 074B     		ldr	r3, .L4
  84 0008 5242     		rsbs	r2, r2, #0
  85 000a DA62     		str	r2, [r3, #44]
 184:../../../../..//Drivers/STM32G0xx_HAL_Driver/Src/stm32g0xx_hal.c **** 
  86              		.loc 1 184 3 is_stmt 1 view .LVU9
  87 000c DC62     		str	r4, [r3, #44]
 186:../../../../..//Drivers/STM32G0xx_HAL_Driver/Src/stm32g0xx_hal.c ****   __HAL_RCC_APB2_RELEASE_RESET();
  88              		.loc 1 186 3 view .LVU10
  89 000e 1A63     		str	r2, [r3, #48]
 187:../../../../..//Drivers/STM32G0xx_HAL_Driver/Src/stm32g0xx_hal.c **** 
  90              		.loc 1 187 3 view .LVU11
  91 0010 1C63     		str	r4, [r3, #48]
 189:../../../../..//Drivers/STM32G0xx_HAL_Driver/Src/stm32g0xx_hal.c ****   __HAL_RCC_AHB_RELEASE_RESET();
  92              		.loc 1 189 3 view .LVU12
  93 0012 9A62     		str	r2, [r3, #40]
 190:../../../../..//Drivers/STM32G0xx_HAL_Driver/Src/stm32g0xx_hal.c **** 
  94              		.loc 1 190 3 view .LVU13
  95 0014 9C62     		str	r4, [r3, #40]
 192:../../../../..//Drivers/STM32G0xx_HAL_Driver/Src/stm32g0xx_hal.c ****   __HAL_RCC_IOP_RELEASE_RESET();
  96              		.loc 1 192 3 view .LVU14
  97 0016 5A62     		str	r2, [r3, #36]
 193:../../../../..//Drivers/STM32G0xx_HAL_Driver/Src/stm32g0xx_hal.c **** 
  98              		.loc 1 193 3 view .LVU15
  99 0018 5C62     		str	r4, [r3, #36]
 196:../../../../..//Drivers/STM32G0xx_HAL_Driver/Src/stm32g0xx_hal.c **** 
 100              		.loc 1 196 3 view .LVU16
 101 001a FFF7FEFF 		bl	HAL_MspDeInit
 102              	.LVL0:
 199:../../../../..//Drivers/STM32G0xx_HAL_Driver/Src/stm32g0xx_hal.c **** }
 103              		.loc 1 199 3 view .LVU17
 200:../../../../..//Drivers/STM32G0xx_HAL_Driver/Src/stm32g0xx_hal.c **** 
 104              		.loc 1 200 1 is_stmt 0 view .LVU18
 105 001e 2000     		movs	r0, r4
 106 0020 10BD     		pop	{r4, pc}
 107              	.L5:
 108 0022 C046     		.align	2
 109              	.L4:
 110 0024 00100240 		.word	1073876992
 111              		.cfi_endproc
 112              	.LFE181:
 114              		.global	__aeabi_uidiv
 115              		.global	__aeabi_idiv
ARM GAS  /tmp/ccLlIPYP.s 			page 7


 116              		.section	.text.HAL_InitTick,"ax",%progbits
 117              		.align	1
 118              		.weak	HAL_InitTick
 119              		.syntax unified
 120              		.code	16
 121              		.thumb_func
 123              	HAL_InitTick:
 124              	.LVL1:
 125              	.LFB184:
 218:../../../../..//Drivers/STM32G0xx_HAL_Driver/Src/stm32g0xx_hal.c **** {
 219:../../../../..//Drivers/STM32G0xx_HAL_Driver/Src/stm32g0xx_hal.c ****   /* NOTE : This function should not be modified, when the callback is needed,
 220:../../../../..//Drivers/STM32G0xx_HAL_Driver/Src/stm32g0xx_hal.c ****             the HAL_MspDeInit could be implemented in the user file
 221:../../../../..//Drivers/STM32G0xx_HAL_Driver/Src/stm32g0xx_hal.c ****    */
 222:../../../../..//Drivers/STM32G0xx_HAL_Driver/Src/stm32g0xx_hal.c **** }
 223:../../../../..//Drivers/STM32G0xx_HAL_Driver/Src/stm32g0xx_hal.c **** 
 224:../../../../..//Drivers/STM32G0xx_HAL_Driver/Src/stm32g0xx_hal.c **** /**
 225:../../../../..//Drivers/STM32G0xx_HAL_Driver/Src/stm32g0xx_hal.c ****   * @brief This function configures the source of the time base:
 226:../../../../..//Drivers/STM32G0xx_HAL_Driver/Src/stm32g0xx_hal.c ****   *        The time source is configured  to have 1ms time base with a dedicated
 227:../../../../..//Drivers/STM32G0xx_HAL_Driver/Src/stm32g0xx_hal.c ****   *        Tick interrupt priority.
 228:../../../../..//Drivers/STM32G0xx_HAL_Driver/Src/stm32g0xx_hal.c ****   * @note This function is called  automatically at the beginning of program after
 229:../../../../..//Drivers/STM32G0xx_HAL_Driver/Src/stm32g0xx_hal.c ****   *       reset by HAL_Init() or at any time when clock is reconfigured  by HAL_RCC_ClockConfig().
 230:../../../../..//Drivers/STM32G0xx_HAL_Driver/Src/stm32g0xx_hal.c ****   * @note In the default implementation, SysTick timer is the source of time base.
 231:../../../../..//Drivers/STM32G0xx_HAL_Driver/Src/stm32g0xx_hal.c ****   *       It is used to generate interrupts at regular time intervals.
 232:../../../../..//Drivers/STM32G0xx_HAL_Driver/Src/stm32g0xx_hal.c ****   *       Care must be taken if HAL_Delay() is called from a peripheral ISR process,
 233:../../../../..//Drivers/STM32G0xx_HAL_Driver/Src/stm32g0xx_hal.c ****   *       The SysTick interrupt must have higher priority (numerically lower)
 234:../../../../..//Drivers/STM32G0xx_HAL_Driver/Src/stm32g0xx_hal.c ****   *       than the peripheral interrupt. Otherwise the caller ISR process will be blocked.
 235:../../../../..//Drivers/STM32G0xx_HAL_Driver/Src/stm32g0xx_hal.c ****   *       The function is declared as __weak  to be overwritten  in case of other
 236:../../../../..//Drivers/STM32G0xx_HAL_Driver/Src/stm32g0xx_hal.c ****   *       implementation  in user file.
 237:../../../../..//Drivers/STM32G0xx_HAL_Driver/Src/stm32g0xx_hal.c ****   * @param TickPriority Tick interrupt priority.
 238:../../../../..//Drivers/STM32G0xx_HAL_Driver/Src/stm32g0xx_hal.c ****   * @retval HAL status
 239:../../../../..//Drivers/STM32G0xx_HAL_Driver/Src/stm32g0xx_hal.c ****   */
 240:../../../../..//Drivers/STM32G0xx_HAL_Driver/Src/stm32g0xx_hal.c **** __weak HAL_StatusTypeDef HAL_InitTick(uint32_t TickPriority)
 241:../../../../..//Drivers/STM32G0xx_HAL_Driver/Src/stm32g0xx_hal.c **** {
 126              		.loc 1 241 1 is_stmt 1 view -0
 127              		.cfi_startproc
 128              		@ args = 0, pretend = 0, frame = 0
 129              		@ frame_needed = 0, uses_anonymous_args = 0
 242:../../../../..//Drivers/STM32G0xx_HAL_Driver/Src/stm32g0xx_hal.c ****   HAL_StatusTypeDef  status = HAL_OK;
 130              		.loc 1 242 3 view .LVU20
 243:../../../../..//Drivers/STM32G0xx_HAL_Driver/Src/stm32g0xx_hal.c **** 
 244:../../../../..//Drivers/STM32G0xx_HAL_Driver/Src/stm32g0xx_hal.c ****   /* Check uwTickFreq for MisraC 2012 (even if uwTickFreq is a enum type that doesn't take the valu
 245:../../../../..//Drivers/STM32G0xx_HAL_Driver/Src/stm32g0xx_hal.c ****   if ((uint32_t)uwTickFreq != 0U)
 131              		.loc 1 245 3 view .LVU21
 241:../../../../..//Drivers/STM32G0xx_HAL_Driver/Src/stm32g0xx_hal.c ****   HAL_StatusTypeDef  status = HAL_OK;
 132              		.loc 1 241 1 is_stmt 0 view .LVU22
 133 0000 70B5     		push	{r4, r5, r6, lr}
 134              	.LCFI1:
 135              		.cfi_def_cfa_offset 16
 136              		.cfi_offset 4, -16
 137              		.cfi_offset 5, -12
 138              		.cfi_offset 6, -8
 139              		.cfi_offset 14, -4
 140              		.loc 1 245 28 view .LVU23
 141 0002 104B     		ldr	r3, .L10
 241:../../../../..//Drivers/STM32G0xx_HAL_Driver/Src/stm32g0xx_hal.c ****   HAL_StatusTypeDef  status = HAL_OK;
 142              		.loc 1 241 1 view .LVU24
 143 0004 0500     		movs	r5, r0
ARM GAS  /tmp/ccLlIPYP.s 			page 8


 144              		.loc 1 245 28 view .LVU25
 145 0006 1978     		ldrb	r1, [r3]
 146              		.loc 1 245 6 view .LVU26
 147 0008 0029     		cmp	r1, #0
 148 000a 01D1     		bne	.L7
 149              	.LVL2:
 150              	.L9:
 151              	.LBB10:
 246:../../../../..//Drivers/STM32G0xx_HAL_Driver/Src/stm32g0xx_hal.c ****   {
 247:../../../../..//Drivers/STM32G0xx_HAL_Driver/Src/stm32g0xx_hal.c ****     /*Configure the SysTick to have interrupt in 1ms time basis*/
 248:../../../../..//Drivers/STM32G0xx_HAL_Driver/Src/stm32g0xx_hal.c ****     if (HAL_SYSTICK_Config(SystemCoreClock / (1000U /(uint32_t)uwTickFreq)) == 0U)
 249:../../../../..//Drivers/STM32G0xx_HAL_Driver/Src/stm32g0xx_hal.c ****     {
 250:../../../../..//Drivers/STM32G0xx_HAL_Driver/Src/stm32g0xx_hal.c ****       /* Configure the SysTick IRQ priority */
 251:../../../../..//Drivers/STM32G0xx_HAL_Driver/Src/stm32g0xx_hal.c ****       if (TickPriority < (1UL << __NVIC_PRIO_BITS))
 252:../../../../..//Drivers/STM32G0xx_HAL_Driver/Src/stm32g0xx_hal.c ****       {
 253:../../../../..//Drivers/STM32G0xx_HAL_Driver/Src/stm32g0xx_hal.c ****         HAL_NVIC_SetPriority(SysTick_IRQn, TickPriority, 0U);
 254:../../../../..//Drivers/STM32G0xx_HAL_Driver/Src/stm32g0xx_hal.c ****         uwTickPrio = TickPriority;
 255:../../../../..//Drivers/STM32G0xx_HAL_Driver/Src/stm32g0xx_hal.c ****       }
 256:../../../../..//Drivers/STM32G0xx_HAL_Driver/Src/stm32g0xx_hal.c ****       else
 257:../../../../..//Drivers/STM32G0xx_HAL_Driver/Src/stm32g0xx_hal.c ****       {
 258:../../../../..//Drivers/STM32G0xx_HAL_Driver/Src/stm32g0xx_hal.c ****         status = HAL_ERROR;
 259:../../../../..//Drivers/STM32G0xx_HAL_Driver/Src/stm32g0xx_hal.c ****       }
 260:../../../../..//Drivers/STM32G0xx_HAL_Driver/Src/stm32g0xx_hal.c ****     }
 261:../../../../..//Drivers/STM32G0xx_HAL_Driver/Src/stm32g0xx_hal.c ****     else
 262:../../../../..//Drivers/STM32G0xx_HAL_Driver/Src/stm32g0xx_hal.c ****     {
 263:../../../../..//Drivers/STM32G0xx_HAL_Driver/Src/stm32g0xx_hal.c ****       status = HAL_ERROR;
 152              		.loc 1 263 14 view .LVU27
 153 000c 0120     		movs	r0, #1
 154              	.L8:
 155              	.LVL3:
 156              		.loc 1 263 14 view .LVU28
 157              	.LBE10:
 264:../../../../..//Drivers/STM32G0xx_HAL_Driver/Src/stm32g0xx_hal.c ****     }
 265:../../../../..//Drivers/STM32G0xx_HAL_Driver/Src/stm32g0xx_hal.c ****   }
 266:../../../../..//Drivers/STM32G0xx_HAL_Driver/Src/stm32g0xx_hal.c ****   else
 267:../../../../..//Drivers/STM32G0xx_HAL_Driver/Src/stm32g0xx_hal.c ****   {
 268:../../../../..//Drivers/STM32G0xx_HAL_Driver/Src/stm32g0xx_hal.c ****     status = HAL_ERROR;
 269:../../../../..//Drivers/STM32G0xx_HAL_Driver/Src/stm32g0xx_hal.c ****   }
 270:../../../../..//Drivers/STM32G0xx_HAL_Driver/Src/stm32g0xx_hal.c **** 
 271:../../../../..//Drivers/STM32G0xx_HAL_Driver/Src/stm32g0xx_hal.c ****   /* Return function status */
 272:../../../../..//Drivers/STM32G0xx_HAL_Driver/Src/stm32g0xx_hal.c ****   return status;
 158              		.loc 1 272 3 is_stmt 1 view .LVU29
 273:../../../../..//Drivers/STM32G0xx_HAL_Driver/Src/stm32g0xx_hal.c **** }
 159              		.loc 1 273 1 is_stmt 0 view .LVU30
 160              		@ sp needed
 161              	.LVL4:
 162              		.loc 1 273 1 view .LVU31
 163 000e 70BD     		pop	{r4, r5, r6, pc}
 164              	.LVL5:
 165              	.L7:
 248:../../../../..//Drivers/STM32G0xx_HAL_Driver/Src/stm32g0xx_hal.c ****     {
 166              		.loc 1 248 5 is_stmt 1 view .LVU32
 167              	.LBB11:
 248:../../../../..//Drivers/STM32G0xx_HAL_Driver/Src/stm32g0xx_hal.c ****     {
 168              		.loc 1 248 53 is_stmt 0 view .LVU33
 169 0010 FA20     		movs	r0, #250
 170              	.LVL6:
ARM GAS  /tmp/ccLlIPYP.s 			page 9


 248:../../../../..//Drivers/STM32G0xx_HAL_Driver/Src/stm32g0xx_hal.c ****     {
 171              		.loc 1 248 53 view .LVU34
 172 0012 8000     		lsls	r0, r0, #2
 173 0014 FFF7FEFF 		bl	__aeabi_uidiv
 174              	.LVL7:
 248:../../../../..//Drivers/STM32G0xx_HAL_Driver/Src/stm32g0xx_hal.c ****     {
 175              		.loc 1 248 9 view .LVU35
 176 0018 0B4C     		ldr	r4, .L10+4
 248:../../../../..//Drivers/STM32G0xx_HAL_Driver/Src/stm32g0xx_hal.c ****     {
 177              		.loc 1 248 53 view .LVU36
 178 001a 0100     		movs	r1, r0
 248:../../../../..//Drivers/STM32G0xx_HAL_Driver/Src/stm32g0xx_hal.c ****     {
 179              		.loc 1 248 9 view .LVU37
 180 001c 2068     		ldr	r0, [r4]
 181 001e FFF7FEFF 		bl	__aeabi_uidiv
 182              	.LVL8:
 183 0022 FFF7FEFF 		bl	HAL_SYSTICK_Config
 184              	.LVL9:
 185 0026 041E     		subs	r4, r0, #0
 248:../../../../..//Drivers/STM32G0xx_HAL_Driver/Src/stm32g0xx_hal.c ****     {
 186              		.loc 1 248 8 discriminator 1 view .LVU38
 187 0028 F0D1     		bne	.L9
 251:../../../../..//Drivers/STM32G0xx_HAL_Driver/Src/stm32g0xx_hal.c ****       {
 188              		.loc 1 251 7 is_stmt 1 view .LVU39
 251:../../../../..//Drivers/STM32G0xx_HAL_Driver/Src/stm32g0xx_hal.c ****       {
 189              		.loc 1 251 10 is_stmt 0 view .LVU40
 190 002a 032D     		cmp	r5, #3
 191 002c EED8     		bhi	.L9
 192              	.LVL10:
 251:../../../../..//Drivers/STM32G0xx_HAL_Driver/Src/stm32g0xx_hal.c ****       {
 193              		.loc 1 251 10 view .LVU41
 194              	.LBE11:
 195              	.LBB12:
 196              	.LBI12:
 240:../../../../..//Drivers/STM32G0xx_HAL_Driver/Src/stm32g0xx_hal.c **** {
 197              		.loc 1 240 26 is_stmt 1 view .LVU42
 198              	.LBB13:
 199              	.LBB14:
 200              	.LBB15:
 253:../../../../..//Drivers/STM32G0xx_HAL_Driver/Src/stm32g0xx_hal.c ****         uwTickPrio = TickPriority;
 201              		.loc 1 253 9 view .LVU43
 202 002e 0200     		movs	r2, r0
 203 0030 0120     		movs	r0, #1
 204 0032 2900     		movs	r1, r5
 205 0034 4042     		rsbs	r0, r0, #0
 206 0036 FFF7FEFF 		bl	HAL_NVIC_SetPriority
 207              	.LVL11:
 254:../../../../..//Drivers/STM32G0xx_HAL_Driver/Src/stm32g0xx_hal.c ****       }
 208              		.loc 1 254 9 view .LVU44
 254:../../../../..//Drivers/STM32G0xx_HAL_Driver/Src/stm32g0xx_hal.c ****       }
 209              		.loc 1 254 20 is_stmt 0 view .LVU45
 210 003a 044B     		ldr	r3, .L10+8
 211 003c 2000     		movs	r0, r4
 212 003e 1D60     		str	r5, [r3]
 213              	.LVL12:
 254:../../../../..//Drivers/STM32G0xx_HAL_Driver/Src/stm32g0xx_hal.c ****       }
 214              		.loc 1 254 20 view .LVU46
ARM GAS  /tmp/ccLlIPYP.s 			page 10


 215              	.LBE15:
 216              	.LBE14:
 272:../../../../..//Drivers/STM32G0xx_HAL_Driver/Src/stm32g0xx_hal.c **** }
 217              		.loc 1 272 3 is_stmt 1 view .LVU47
 272:../../../../..//Drivers/STM32G0xx_HAL_Driver/Src/stm32g0xx_hal.c **** }
 218              		.loc 1 272 3 is_stmt 0 view .LVU48
 219 0040 E5E7     		b	.L8
 220              	.L11:
 221 0042 C046     		.align	2
 222              	.L10:
 223 0044 00000000 		.word	uwTickFreq
 224 0048 00000000 		.word	SystemCoreClock
 225 004c 00000000 		.word	uwTickPrio
 226              	.LBE13:
 227              	.LBE12:
 228              		.cfi_endproc
 229              	.LFE184:
 231              		.section	.text.HAL_Init,"ax",%progbits
 232              		.align	1
 233              		.global	HAL_Init
 234              		.syntax unified
 235              		.code	16
 236              		.thumb_func
 238              	HAL_Init:
 239              	.LFB180:
 144:../../../../..//Drivers/STM32G0xx_HAL_Driver/Src/stm32g0xx_hal.c ****   HAL_StatusTypeDef  status = HAL_OK;
 240              		.loc 1 144 1 is_stmt 1 view -0
 241              		.cfi_startproc
 242              		@ args = 0, pretend = 0, frame = 0
 243              		@ frame_needed = 0, uses_anonymous_args = 0
 145:../../../../..//Drivers/STM32G0xx_HAL_Driver/Src/stm32g0xx_hal.c **** 
 244              		.loc 1 145 3 view .LVU50
 245              	.LVL13:
 157:../../../../..//Drivers/STM32G0xx_HAL_Driver/Src/stm32g0xx_hal.c **** #endif /* PREFETCH_ENABLE */
 246              		.loc 1 157 3 view .LVU51
 247 0000 8023     		movs	r3, #128
 248 0002 084A     		ldr	r2, .L15
 249 0004 5B00     		lsls	r3, r3, #1
 250 0006 1168     		ldr	r1, [r2]
 144:../../../../..//Drivers/STM32G0xx_HAL_Driver/Src/stm32g0xx_hal.c ****   HAL_StatusTypeDef  status = HAL_OK;
 251              		.loc 1 144 1 is_stmt 0 view .LVU52
 252 0008 10B5     		push	{r4, lr}
 253              	.LCFI2:
 254              		.cfi_def_cfa_offset 8
 255              		.cfi_offset 4, -8
 256              		.cfi_offset 14, -4
 157:../../../../..//Drivers/STM32G0xx_HAL_Driver/Src/stm32g0xx_hal.c **** #endif /* PREFETCH_ENABLE */
 257              		.loc 1 157 3 view .LVU53
 258 000a 0B43     		orrs	r3, r1
 161:../../../../..//Drivers/STM32G0xx_HAL_Driver/Src/stm32g0xx_hal.c ****   {
 259              		.loc 1 161 7 view .LVU54
 260 000c 0320     		movs	r0, #3
 157:../../../../..//Drivers/STM32G0xx_HAL_Driver/Src/stm32g0xx_hal.c **** #endif /* PREFETCH_ENABLE */
 261              		.loc 1 157 3 view .LVU55
 262 000e 1360     		str	r3, [r2]
 161:../../../../..//Drivers/STM32G0xx_HAL_Driver/Src/stm32g0xx_hal.c ****   {
 263              		.loc 1 161 3 is_stmt 1 view .LVU56
ARM GAS  /tmp/ccLlIPYP.s 			page 11


 161:../../../../..//Drivers/STM32G0xx_HAL_Driver/Src/stm32g0xx_hal.c ****   {
 264              		.loc 1 161 7 is_stmt 0 view .LVU57
 265 0010 FFF7FEFF 		bl	HAL_InitTick
 266              	.LVL14:
 267 0014 041E     		subs	r4, r0, #0
 161:../../../../..//Drivers/STM32G0xx_HAL_Driver/Src/stm32g0xx_hal.c ****   {
 268              		.loc 1 161 6 discriminator 1 view .LVU58
 269 0016 03D1     		bne	.L14
 168:../../../../..//Drivers/STM32G0xx_HAL_Driver/Src/stm32g0xx_hal.c ****   }
 270              		.loc 1 168 3 is_stmt 1 view .LVU59
 271 0018 FFF7FEFF 		bl	HAL_MspInit
 272              	.LVL15:
 273              	.L13:
 172:../../../../..//Drivers/STM32G0xx_HAL_Driver/Src/stm32g0xx_hal.c **** }
 274              		.loc 1 172 3 view .LVU60
 173:../../../../..//Drivers/STM32G0xx_HAL_Driver/Src/stm32g0xx_hal.c **** 
 275              		.loc 1 173 1 is_stmt 0 view .LVU61
 276              		@ sp needed
 277 001c 2000     		movs	r0, r4
 278              	.LVL16:
 173:../../../../..//Drivers/STM32G0xx_HAL_Driver/Src/stm32g0xx_hal.c **** 
 279              		.loc 1 173 1 view .LVU62
 280 001e 10BD     		pop	{r4, pc}
 281              	.LVL17:
 282              	.L14:
 163:../../../../..//Drivers/STM32G0xx_HAL_Driver/Src/stm32g0xx_hal.c ****   }
 283              		.loc 1 163 12 view .LVU63
 284 0020 0124     		movs	r4, #1
 285 0022 FBE7     		b	.L13
 286              	.L16:
 287              		.align	2
 288              	.L15:
 289 0024 00200240 		.word	1073881088
 290              		.cfi_endproc
 291              	.LFE180:
 293              		.section	.text.HAL_IncTick,"ax",%progbits
 294              		.align	1
 295              		.weak	HAL_IncTick
 296              		.syntax unified
 297              		.code	16
 298              		.thumb_func
 300              	HAL_IncTick:
 301              	.LFB185:
 274:../../../../..//Drivers/STM32G0xx_HAL_Driver/Src/stm32g0xx_hal.c **** 
 275:../../../../..//Drivers/STM32G0xx_HAL_Driver/Src/stm32g0xx_hal.c **** /**
 276:../../../../..//Drivers/STM32G0xx_HAL_Driver/Src/stm32g0xx_hal.c ****   * @}
 277:../../../../..//Drivers/STM32G0xx_HAL_Driver/Src/stm32g0xx_hal.c ****   */
 278:../../../../..//Drivers/STM32G0xx_HAL_Driver/Src/stm32g0xx_hal.c **** 
 279:../../../../..//Drivers/STM32G0xx_HAL_Driver/Src/stm32g0xx_hal.c **** /** @addtogroup HAL_Exported_Functions_Group2
 280:../../../../..//Drivers/STM32G0xx_HAL_Driver/Src/stm32g0xx_hal.c ****  *  @brief    HAL Control functions
 281:../../../../..//Drivers/STM32G0xx_HAL_Driver/Src/stm32g0xx_hal.c ****  *
 282:../../../../..//Drivers/STM32G0xx_HAL_Driver/Src/stm32g0xx_hal.c **** @verbatim
 283:../../../../..//Drivers/STM32G0xx_HAL_Driver/Src/stm32g0xx_hal.c ****  ===============================================================================
 284:../../../../..//Drivers/STM32G0xx_HAL_Driver/Src/stm32g0xx_hal.c ****                       ##### HAL Control functions #####
 285:../../../../..//Drivers/STM32G0xx_HAL_Driver/Src/stm32g0xx_hal.c ****  ===============================================================================
 286:../../../../..//Drivers/STM32G0xx_HAL_Driver/Src/stm32g0xx_hal.c ****     [..]  This section provides functions allowing to:
 287:../../../../..//Drivers/STM32G0xx_HAL_Driver/Src/stm32g0xx_hal.c ****       (+) Provide a tick value in millisecond
ARM GAS  /tmp/ccLlIPYP.s 			page 12


 288:../../../../..//Drivers/STM32G0xx_HAL_Driver/Src/stm32g0xx_hal.c ****       (+) Provide a blocking delay in millisecond
 289:../../../../..//Drivers/STM32G0xx_HAL_Driver/Src/stm32g0xx_hal.c ****       (+) Suspend the time base source interrupt
 290:../../../../..//Drivers/STM32G0xx_HAL_Driver/Src/stm32g0xx_hal.c ****       (+) Resume the time base source interrupt
 291:../../../../..//Drivers/STM32G0xx_HAL_Driver/Src/stm32g0xx_hal.c ****       (+) Get the HAL API driver version
 292:../../../../..//Drivers/STM32G0xx_HAL_Driver/Src/stm32g0xx_hal.c ****       (+) Get the device identifier
 293:../../../../..//Drivers/STM32G0xx_HAL_Driver/Src/stm32g0xx_hal.c ****       (+) Get the device revision identifier
 294:../../../../..//Drivers/STM32G0xx_HAL_Driver/Src/stm32g0xx_hal.c **** 
 295:../../../../..//Drivers/STM32G0xx_HAL_Driver/Src/stm32g0xx_hal.c **** @endverbatim
 296:../../../../..//Drivers/STM32G0xx_HAL_Driver/Src/stm32g0xx_hal.c ****   * @{
 297:../../../../..//Drivers/STM32G0xx_HAL_Driver/Src/stm32g0xx_hal.c ****   */
 298:../../../../..//Drivers/STM32G0xx_HAL_Driver/Src/stm32g0xx_hal.c **** 
 299:../../../../..//Drivers/STM32G0xx_HAL_Driver/Src/stm32g0xx_hal.c **** /**
 300:../../../../..//Drivers/STM32G0xx_HAL_Driver/Src/stm32g0xx_hal.c ****   * @brief This function is called to increment  a global variable "uwTick"
 301:../../../../..//Drivers/STM32G0xx_HAL_Driver/Src/stm32g0xx_hal.c ****   *        used as application time base.
 302:../../../../..//Drivers/STM32G0xx_HAL_Driver/Src/stm32g0xx_hal.c ****   * @note In the default implementation, this variable is incremented each 1ms
 303:../../../../..//Drivers/STM32G0xx_HAL_Driver/Src/stm32g0xx_hal.c ****   *       in SysTick ISR.
 304:../../../../..//Drivers/STM32G0xx_HAL_Driver/Src/stm32g0xx_hal.c ****   * @note This function is declared as __weak to be overwritten in case of other
 305:../../../../..//Drivers/STM32G0xx_HAL_Driver/Src/stm32g0xx_hal.c ****   *      implementations in user file.
 306:../../../../..//Drivers/STM32G0xx_HAL_Driver/Src/stm32g0xx_hal.c ****   * @retval None
 307:../../../../..//Drivers/STM32G0xx_HAL_Driver/Src/stm32g0xx_hal.c ****   */
 308:../../../../..//Drivers/STM32G0xx_HAL_Driver/Src/stm32g0xx_hal.c **** __weak void HAL_IncTick(void)
 309:../../../../..//Drivers/STM32G0xx_HAL_Driver/Src/stm32g0xx_hal.c **** {
 302              		.loc 1 309 1 is_stmt 1 view -0
 303              		.cfi_startproc
 304              		@ args = 0, pretend = 0, frame = 0
 305              		@ frame_needed = 0, uses_anonymous_args = 0
 306              		@ link register save eliminated.
 310:../../../../..//Drivers/STM32G0xx_HAL_Driver/Src/stm32g0xx_hal.c ****   uwTick += (uint32_t)uwTickFreq;
 307              		.loc 1 310 3 view .LVU65
 308              		.loc 1 310 10 is_stmt 0 view .LVU66
 309 0000 034A     		ldr	r2, .L18
 310              		.loc 1 310 13 view .LVU67
 311 0002 044B     		ldr	r3, .L18+4
 312              		.loc 1 310 10 view .LVU68
 313 0004 1168     		ldr	r1, [r2]
 314              		.loc 1 310 13 view .LVU69
 315 0006 1B78     		ldrb	r3, [r3]
 311:../../../../..//Drivers/STM32G0xx_HAL_Driver/Src/stm32g0xx_hal.c **** }
 316              		.loc 1 311 1 view .LVU70
 317              		@ sp needed
 310:../../../../..//Drivers/STM32G0xx_HAL_Driver/Src/stm32g0xx_hal.c ****   uwTick += (uint32_t)uwTickFreq;
 318              		.loc 1 310 10 view .LVU71
 319 0008 5B18     		adds	r3, r3, r1
 320 000a 1360     		str	r3, [r2]
 321              		.loc 1 311 1 view .LVU72
 322 000c 7047     		bx	lr
 323              	.L19:
 324 000e C046     		.align	2
 325              	.L18:
 326 0010 00000000 		.word	uwTick
 327 0014 00000000 		.word	uwTickFreq
 328              		.cfi_endproc
 329              	.LFE185:
 331              		.section	.text.HAL_GetTick,"ax",%progbits
 332              		.align	1
 333              		.weak	HAL_GetTick
 334              		.syntax unified
ARM GAS  /tmp/ccLlIPYP.s 			page 13


 335              		.code	16
 336              		.thumb_func
 338              	HAL_GetTick:
 339              	.LFB186:
 312:../../../../..//Drivers/STM32G0xx_HAL_Driver/Src/stm32g0xx_hal.c **** 
 313:../../../../..//Drivers/STM32G0xx_HAL_Driver/Src/stm32g0xx_hal.c **** /**
 314:../../../../..//Drivers/STM32G0xx_HAL_Driver/Src/stm32g0xx_hal.c ****   * @brief Provides a tick value in millisecond.
 315:../../../../..//Drivers/STM32G0xx_HAL_Driver/Src/stm32g0xx_hal.c ****   * @note This function is declared as __weak to be overwritten in case of other
 316:../../../../..//Drivers/STM32G0xx_HAL_Driver/Src/stm32g0xx_hal.c ****   *       implementations in user file.
 317:../../../../..//Drivers/STM32G0xx_HAL_Driver/Src/stm32g0xx_hal.c ****   * @retval tick value
 318:../../../../..//Drivers/STM32G0xx_HAL_Driver/Src/stm32g0xx_hal.c ****   */
 319:../../../../..//Drivers/STM32G0xx_HAL_Driver/Src/stm32g0xx_hal.c **** __weak uint32_t HAL_GetTick(void)
 320:../../../../..//Drivers/STM32G0xx_HAL_Driver/Src/stm32g0xx_hal.c **** {
 340              		.loc 1 320 1 is_stmt 1 view -0
 341              		.cfi_startproc
 342              		@ args = 0, pretend = 0, frame = 0
 343              		@ frame_needed = 0, uses_anonymous_args = 0
 344              		@ link register save eliminated.
 321:../../../../..//Drivers/STM32G0xx_HAL_Driver/Src/stm32g0xx_hal.c ****   return uwTick;
 345              		.loc 1 321 3 view .LVU74
 346              		.loc 1 321 10 is_stmt 0 view .LVU75
 347 0000 014B     		ldr	r3, .L21
 322:../../../../..//Drivers/STM32G0xx_HAL_Driver/Src/stm32g0xx_hal.c **** }
 348              		.loc 1 322 1 view .LVU76
 349              		@ sp needed
 321:../../../../..//Drivers/STM32G0xx_HAL_Driver/Src/stm32g0xx_hal.c ****   return uwTick;
 350              		.loc 1 321 10 view .LVU77
 351 0002 1868     		ldr	r0, [r3]
 352              		.loc 1 322 1 view .LVU78
 353 0004 7047     		bx	lr
 354              	.L22:
 355 0006 C046     		.align	2
 356              	.L21:
 357 0008 00000000 		.word	uwTick
 358              		.cfi_endproc
 359              	.LFE186:
 361              		.section	.text.HAL_GetTickPrio,"ax",%progbits
 362              		.align	1
 363              		.global	HAL_GetTickPrio
 364              		.syntax unified
 365              		.code	16
 366              		.thumb_func
 368              	HAL_GetTickPrio:
 369              	.LFB187:
 323:../../../../..//Drivers/STM32G0xx_HAL_Driver/Src/stm32g0xx_hal.c **** 
 324:../../../../..//Drivers/STM32G0xx_HAL_Driver/Src/stm32g0xx_hal.c **** /**
 325:../../../../..//Drivers/STM32G0xx_HAL_Driver/Src/stm32g0xx_hal.c ****   * @brief This function returns a tick priority.
 326:../../../../..//Drivers/STM32G0xx_HAL_Driver/Src/stm32g0xx_hal.c ****   * @retval tick priority
 327:../../../../..//Drivers/STM32G0xx_HAL_Driver/Src/stm32g0xx_hal.c ****   */
 328:../../../../..//Drivers/STM32G0xx_HAL_Driver/Src/stm32g0xx_hal.c **** uint32_t HAL_GetTickPrio(void)
 329:../../../../..//Drivers/STM32G0xx_HAL_Driver/Src/stm32g0xx_hal.c **** {
 370              		.loc 1 329 1 is_stmt 1 view -0
 371              		.cfi_startproc
 372              		@ args = 0, pretend = 0, frame = 0
 373              		@ frame_needed = 0, uses_anonymous_args = 0
 374              		@ link register save eliminated.
 330:../../../../..//Drivers/STM32G0xx_HAL_Driver/Src/stm32g0xx_hal.c ****   return uwTickPrio;
ARM GAS  /tmp/ccLlIPYP.s 			page 14


 375              		.loc 1 330 3 view .LVU80
 376              		.loc 1 330 10 is_stmt 0 view .LVU81
 377 0000 014B     		ldr	r3, .L24
 331:../../../../..//Drivers/STM32G0xx_HAL_Driver/Src/stm32g0xx_hal.c **** }
 378              		.loc 1 331 1 view .LVU82
 379              		@ sp needed
 330:../../../../..//Drivers/STM32G0xx_HAL_Driver/Src/stm32g0xx_hal.c ****   return uwTickPrio;
 380              		.loc 1 330 10 discriminator 1 view .LVU83
 381 0002 1868     		ldr	r0, [r3]
 382              		.loc 1 331 1 view .LVU84
 383 0004 7047     		bx	lr
 384              	.L25:
 385 0006 C046     		.align	2
 386              	.L24:
 387 0008 00000000 		.word	uwTickPrio
 388              		.cfi_endproc
 389              	.LFE187:
 391              		.section	.text.HAL_SetTickFreq,"ax",%progbits
 392              		.align	1
 393              		.global	HAL_SetTickFreq
 394              		.syntax unified
 395              		.code	16
 396              		.thumb_func
 398              	HAL_SetTickFreq:
 399              	.LVL18:
 400              	.LFB188:
 332:../../../../..//Drivers/STM32G0xx_HAL_Driver/Src/stm32g0xx_hal.c **** 
 333:../../../../..//Drivers/STM32G0xx_HAL_Driver/Src/stm32g0xx_hal.c **** /**
 334:../../../../..//Drivers/STM32G0xx_HAL_Driver/Src/stm32g0xx_hal.c ****   * @brief Set new tick Freq.
 335:../../../../..//Drivers/STM32G0xx_HAL_Driver/Src/stm32g0xx_hal.c ****   * @retval status
 336:../../../../..//Drivers/STM32G0xx_HAL_Driver/Src/stm32g0xx_hal.c ****   */
 337:../../../../..//Drivers/STM32G0xx_HAL_Driver/Src/stm32g0xx_hal.c **** HAL_StatusTypeDef HAL_SetTickFreq(HAL_TickFreqTypeDef Freq)
 338:../../../../..//Drivers/STM32G0xx_HAL_Driver/Src/stm32g0xx_hal.c **** {
 401              		.loc 1 338 1 is_stmt 1 view -0
 402              		.cfi_startproc
 403              		@ args = 0, pretend = 0, frame = 0
 404              		@ frame_needed = 0, uses_anonymous_args = 0
 339:../../../../..//Drivers/STM32G0xx_HAL_Driver/Src/stm32g0xx_hal.c ****   HAL_StatusTypeDef status  = HAL_OK;
 405              		.loc 1 339 3 view .LVU86
 340:../../../../..//Drivers/STM32G0xx_HAL_Driver/Src/stm32g0xx_hal.c ****   HAL_TickFreqTypeDef prevTickFreq;
 406              		.loc 1 340 3 view .LVU87
 341:../../../../..//Drivers/STM32G0xx_HAL_Driver/Src/stm32g0xx_hal.c ****   assert_param(IS_TICKFREQ(Freq));
 407              		.loc 1 341 3 view .LVU88
 342:../../../../..//Drivers/STM32G0xx_HAL_Driver/Src/stm32g0xx_hal.c **** 
 343:../../../../..//Drivers/STM32G0xx_HAL_Driver/Src/stm32g0xx_hal.c ****   if (uwTickFreq != Freq)
 408              		.loc 1 343 3 view .LVU89
 338:../../../../..//Drivers/STM32G0xx_HAL_Driver/Src/stm32g0xx_hal.c ****   HAL_StatusTypeDef status  = HAL_OK;
 409              		.loc 1 338 1 is_stmt 0 view .LVU90
 410 0000 70B5     		push	{r4, r5, r6, lr}
 411              	.LCFI3:
 412              		.cfi_def_cfa_offset 16
 413              		.cfi_offset 4, -16
 414              		.cfi_offset 5, -12
 415              		.cfi_offset 6, -8
 416              		.cfi_offset 14, -4
 417              		.loc 1 343 18 view .LVU91
 418 0002 074C     		ldr	r4, .L31
ARM GAS  /tmp/ccLlIPYP.s 			page 15


 338:../../../../..//Drivers/STM32G0xx_HAL_Driver/Src/stm32g0xx_hal.c ****   HAL_StatusTypeDef status  = HAL_OK;
 419              		.loc 1 338 1 view .LVU92
 420 0004 0300     		movs	r3, r0
 421              		.loc 1 343 18 view .LVU93
 422 0006 2578     		ldrb	r5, [r4]
 339:../../../../..//Drivers/STM32G0xx_HAL_Driver/Src/stm32g0xx_hal.c ****   HAL_TickFreqTypeDef prevTickFreq;
 423              		.loc 1 339 21 view .LVU94
 424 0008 0020     		movs	r0, #0
 425              	.LVL19:
 426              		.loc 1 343 6 view .LVU95
 427 000a 9D42     		cmp	r5, r3
 428 000c 07D0     		beq	.L27
 344:../../../../..//Drivers/STM32G0xx_HAL_Driver/Src/stm32g0xx_hal.c ****   {
 345:../../../../..//Drivers/STM32G0xx_HAL_Driver/Src/stm32g0xx_hal.c ****     /* Back up uwTickFreq frequency */
 346:../../../../..//Drivers/STM32G0xx_HAL_Driver/Src/stm32g0xx_hal.c ****     prevTickFreq = uwTickFreq;
 429              		.loc 1 346 5 is_stmt 1 view .LVU96
 430              	.LVL20:
 347:../../../../..//Drivers/STM32G0xx_HAL_Driver/Src/stm32g0xx_hal.c **** 
 348:../../../../..//Drivers/STM32G0xx_HAL_Driver/Src/stm32g0xx_hal.c ****     /* Update uwTickFreq global variable used by HAL_InitTick() */
 349:../../../../..//Drivers/STM32G0xx_HAL_Driver/Src/stm32g0xx_hal.c ****     uwTickFreq = Freq;
 431              		.loc 1 349 5 view .LVU97
 432              		.loc 1 349 16 is_stmt 0 view .LVU98
 433 000e 2370     		strb	r3, [r4]
 350:../../../../..//Drivers/STM32G0xx_HAL_Driver/Src/stm32g0xx_hal.c **** 
 351:../../../../..//Drivers/STM32G0xx_HAL_Driver/Src/stm32g0xx_hal.c ****     /* Apply the new tick Freq  */
 352:../../../../..//Drivers/STM32G0xx_HAL_Driver/Src/stm32g0xx_hal.c ****     status = HAL_InitTick(uwTickPrio);
 434              		.loc 1 352 5 is_stmt 1 view .LVU99
 435              		.loc 1 352 14 is_stmt 0 view .LVU100
 436 0010 044B     		ldr	r3, .L31+4
 437              	.LVL21:
 438              		.loc 1 352 14 view .LVU101
 439 0012 1868     		ldr	r0, [r3]
 440 0014 FFF7FEFF 		bl	HAL_InitTick
 441              	.LVL22:
 353:../../../../..//Drivers/STM32G0xx_HAL_Driver/Src/stm32g0xx_hal.c ****     if (status != HAL_OK)
 442              		.loc 1 353 5 is_stmt 1 view .LVU102
 443              		.loc 1 353 8 is_stmt 0 view .LVU103
 444 0018 0028     		cmp	r0, #0
 445 001a 00D0     		beq	.L27
 354:../../../../..//Drivers/STM32G0xx_HAL_Driver/Src/stm32g0xx_hal.c ****     {
 355:../../../../..//Drivers/STM32G0xx_HAL_Driver/Src/stm32g0xx_hal.c ****       /* Restore previous tick frequency */
 356:../../../../..//Drivers/STM32G0xx_HAL_Driver/Src/stm32g0xx_hal.c ****       uwTickFreq = prevTickFreq;
 446              		.loc 1 356 7 is_stmt 1 view .LVU104
 447              		.loc 1 356 18 is_stmt 0 view .LVU105
 448 001c 2570     		strb	r5, [r4]
 449              	.LVL23:
 450              	.L27:
 357:../../../../..//Drivers/STM32G0xx_HAL_Driver/Src/stm32g0xx_hal.c ****     }
 358:../../../../..//Drivers/STM32G0xx_HAL_Driver/Src/stm32g0xx_hal.c ****   }
 359:../../../../..//Drivers/STM32G0xx_HAL_Driver/Src/stm32g0xx_hal.c **** 
 360:../../../../..//Drivers/STM32G0xx_HAL_Driver/Src/stm32g0xx_hal.c ****   return status;
 451              		.loc 1 360 3 is_stmt 1 view .LVU106
 361:../../../../..//Drivers/STM32G0xx_HAL_Driver/Src/stm32g0xx_hal.c **** }
 452              		.loc 1 361 1 is_stmt 0 view .LVU107
 453              		@ sp needed
 454 001e 70BD     		pop	{r4, r5, r6, pc}
 455              	.L32:
ARM GAS  /tmp/ccLlIPYP.s 			page 16


 456              		.align	2
 457              	.L31:
 458 0020 00000000 		.word	uwTickFreq
 459 0024 00000000 		.word	uwTickPrio
 460              		.cfi_endproc
 461              	.LFE188:
 463              		.section	.text.HAL_GetTickFreq,"ax",%progbits
 464              		.align	1
 465              		.global	HAL_GetTickFreq
 466              		.syntax unified
 467              		.code	16
 468              		.thumb_func
 470              	HAL_GetTickFreq:
 471              	.LFB189:
 362:../../../../..//Drivers/STM32G0xx_HAL_Driver/Src/stm32g0xx_hal.c **** 
 363:../../../../..//Drivers/STM32G0xx_HAL_Driver/Src/stm32g0xx_hal.c **** /**
 364:../../../../..//Drivers/STM32G0xx_HAL_Driver/Src/stm32g0xx_hal.c ****   * @brief return tick frequency.
 365:../../../../..//Drivers/STM32G0xx_HAL_Driver/Src/stm32g0xx_hal.c ****   * @retval tick period in Hz
 366:../../../../..//Drivers/STM32G0xx_HAL_Driver/Src/stm32g0xx_hal.c ****   */
 367:../../../../..//Drivers/STM32G0xx_HAL_Driver/Src/stm32g0xx_hal.c **** HAL_TickFreqTypeDef HAL_GetTickFreq(void)
 368:../../../../..//Drivers/STM32G0xx_HAL_Driver/Src/stm32g0xx_hal.c **** {
 472              		.loc 1 368 1 is_stmt 1 view -0
 473              		.cfi_startproc
 474              		@ args = 0, pretend = 0, frame = 0
 475              		@ frame_needed = 0, uses_anonymous_args = 0
 476              		@ link register save eliminated.
 369:../../../../..//Drivers/STM32G0xx_HAL_Driver/Src/stm32g0xx_hal.c ****   return uwTickFreq;
 477              		.loc 1 369 3 view .LVU109
 478              		.loc 1 369 10 is_stmt 0 view .LVU110
 479 0000 014B     		ldr	r3, .L34
 370:../../../../..//Drivers/STM32G0xx_HAL_Driver/Src/stm32g0xx_hal.c **** }
 480              		.loc 1 370 1 view .LVU111
 481              		@ sp needed
 369:../../../../..//Drivers/STM32G0xx_HAL_Driver/Src/stm32g0xx_hal.c ****   return uwTickFreq;
 482              		.loc 1 369 10 discriminator 1 view .LVU112
 483 0002 1878     		ldrb	r0, [r3]
 484              		.loc 1 370 1 view .LVU113
 485 0004 7047     		bx	lr
 486              	.L35:
 487 0006 C046     		.align	2
 488              	.L34:
 489 0008 00000000 		.word	uwTickFreq
 490              		.cfi_endproc
 491              	.LFE189:
 493              		.section	.text.HAL_Delay,"ax",%progbits
 494              		.align	1
 495              		.weak	HAL_Delay
 496              		.syntax unified
 497              		.code	16
 498              		.thumb_func
 500              	HAL_Delay:
 501              	.LVL24:
 502              	.LFB190:
 371:../../../../..//Drivers/STM32G0xx_HAL_Driver/Src/stm32g0xx_hal.c **** 
 372:../../../../..//Drivers/STM32G0xx_HAL_Driver/Src/stm32g0xx_hal.c **** /**
 373:../../../../..//Drivers/STM32G0xx_HAL_Driver/Src/stm32g0xx_hal.c ****   * @brief This function provides minimum delay (in milliseconds) based
 374:../../../../..//Drivers/STM32G0xx_HAL_Driver/Src/stm32g0xx_hal.c ****   *        on variable incremented.
ARM GAS  /tmp/ccLlIPYP.s 			page 17


 375:../../../../..//Drivers/STM32G0xx_HAL_Driver/Src/stm32g0xx_hal.c ****   * @note In the default implementation , SysTick timer is the source of time base.
 376:../../../../..//Drivers/STM32G0xx_HAL_Driver/Src/stm32g0xx_hal.c ****   *       It is used to generate interrupts at regular time intervals where uwTick
 377:../../../../..//Drivers/STM32G0xx_HAL_Driver/Src/stm32g0xx_hal.c ****   *       is incremented.
 378:../../../../..//Drivers/STM32G0xx_HAL_Driver/Src/stm32g0xx_hal.c ****   * @note This function is declared as __weak to be overwritten in case of other
 379:../../../../..//Drivers/STM32G0xx_HAL_Driver/Src/stm32g0xx_hal.c ****   *       implementations in user file.
 380:../../../../..//Drivers/STM32G0xx_HAL_Driver/Src/stm32g0xx_hal.c ****   * @param Delay  specifies the delay time length, in milliseconds.
 381:../../../../..//Drivers/STM32G0xx_HAL_Driver/Src/stm32g0xx_hal.c ****   * @retval None
 382:../../../../..//Drivers/STM32G0xx_HAL_Driver/Src/stm32g0xx_hal.c ****   */
 383:../../../../..//Drivers/STM32G0xx_HAL_Driver/Src/stm32g0xx_hal.c **** __weak void HAL_Delay(uint32_t Delay)
 384:../../../../..//Drivers/STM32G0xx_HAL_Driver/Src/stm32g0xx_hal.c **** {
 503              		.loc 1 384 1 is_stmt 1 view -0
 504              		.cfi_startproc
 505              		@ args = 0, pretend = 0, frame = 0
 506              		@ frame_needed = 0, uses_anonymous_args = 0
 385:../../../../..//Drivers/STM32G0xx_HAL_Driver/Src/stm32g0xx_hal.c ****   uint32_t tickstart = HAL_GetTick();
 507              		.loc 1 385 3 view .LVU115
 384:../../../../..//Drivers/STM32G0xx_HAL_Driver/Src/stm32g0xx_hal.c ****   uint32_t tickstart = HAL_GetTick();
 508              		.loc 1 384 1 is_stmt 0 view .LVU116
 509 0000 70B5     		push	{r4, r5, r6, lr}
 510              	.LCFI4:
 511              		.cfi_def_cfa_offset 16
 512              		.cfi_offset 4, -16
 513              		.cfi_offset 5, -12
 514              		.cfi_offset 6, -8
 515              		.cfi_offset 14, -4
 384:../../../../..//Drivers/STM32G0xx_HAL_Driver/Src/stm32g0xx_hal.c ****   uint32_t tickstart = HAL_GetTick();
 516              		.loc 1 384 1 view .LVU117
 517 0002 0400     		movs	r4, r0
 518              		.loc 1 385 24 view .LVU118
 519 0004 FFF7FEFF 		bl	HAL_GetTick
 520              	.LVL25:
 521              		.loc 1 385 24 view .LVU119
 522 0008 0500     		movs	r5, r0
 523              	.LVL26:
 386:../../../../..//Drivers/STM32G0xx_HAL_Driver/Src/stm32g0xx_hal.c ****   uint32_t wait = Delay;
 524              		.loc 1 386 3 is_stmt 1 view .LVU120
 387:../../../../..//Drivers/STM32G0xx_HAL_Driver/Src/stm32g0xx_hal.c **** 
 388:../../../../..//Drivers/STM32G0xx_HAL_Driver/Src/stm32g0xx_hal.c ****   /* Add a freq to guarantee minimum wait */
 389:../../../../..//Drivers/STM32G0xx_HAL_Driver/Src/stm32g0xx_hal.c ****   if (wait < HAL_MAX_DELAY)
 525              		.loc 1 389 3 view .LVU121
 526              		.loc 1 389 6 is_stmt 0 view .LVU122
 527 000a 631C     		adds	r3, r4, #1
 528 000c 02D0     		beq	.L38
 390:../../../../..//Drivers/STM32G0xx_HAL_Driver/Src/stm32g0xx_hal.c ****   {
 391:../../../../..//Drivers/STM32G0xx_HAL_Driver/Src/stm32g0xx_hal.c ****     wait += (uint32_t)(uwTickFreq);
 529              		.loc 1 391 5 is_stmt 1 view .LVU123
 530              		.loc 1 391 13 is_stmt 0 view .LVU124
 531 000e 044B     		ldr	r3, .L44
 532 0010 1B78     		ldrb	r3, [r3]
 533              		.loc 1 391 10 view .LVU125
 534 0012 E418     		adds	r4, r4, r3
 535              	.LVL27:
 536              	.L38:
 392:../../../../..//Drivers/STM32G0xx_HAL_Driver/Src/stm32g0xx_hal.c ****   }
 393:../../../../..//Drivers/STM32G0xx_HAL_Driver/Src/stm32g0xx_hal.c **** 
 394:../../../../..//Drivers/STM32G0xx_HAL_Driver/Src/stm32g0xx_hal.c ****   while ((HAL_GetTick() - tickstart) < wait)
 395:../../../../..//Drivers/STM32G0xx_HAL_Driver/Src/stm32g0xx_hal.c ****   {
ARM GAS  /tmp/ccLlIPYP.s 			page 18


 396:../../../../..//Drivers/STM32G0xx_HAL_Driver/Src/stm32g0xx_hal.c ****   }
 537              		.loc 1 396 3 is_stmt 1 view .LVU126
 394:../../../../..//Drivers/STM32G0xx_HAL_Driver/Src/stm32g0xx_hal.c ****   {
 538              		.loc 1 394 38 discriminator 1 view .LVU127
 394:../../../../..//Drivers/STM32G0xx_HAL_Driver/Src/stm32g0xx_hal.c ****   {
 539              		.loc 1 394 11 is_stmt 0 discriminator 1 view .LVU128
 540 0014 FFF7FEFF 		bl	HAL_GetTick
 541              	.LVL28:
 394:../../../../..//Drivers/STM32G0xx_HAL_Driver/Src/stm32g0xx_hal.c ****   {
 542              		.loc 1 394 25 discriminator 1 view .LVU129
 543 0018 401B     		subs	r0, r0, r5
 394:../../../../..//Drivers/STM32G0xx_HAL_Driver/Src/stm32g0xx_hal.c ****   {
 544              		.loc 1 394 38 discriminator 1 view .LVU130
 545 001a A042     		cmp	r0, r4
 546 001c FAD3     		bcc	.L38
 397:../../../../..//Drivers/STM32G0xx_HAL_Driver/Src/stm32g0xx_hal.c **** }
 547              		.loc 1 397 1 view .LVU131
 548              		@ sp needed
 549              	.LVL29:
 550              	.LVL30:
 551              		.loc 1 397 1 view .LVU132
 552 001e 70BD     		pop	{r4, r5, r6, pc}
 553              	.L45:
 554              		.align	2
 555              	.L44:
 556 0020 00000000 		.word	uwTickFreq
 557              		.cfi_endproc
 558              	.LFE190:
 560              		.section	.text.HAL_SuspendTick,"ax",%progbits
 561              		.align	1
 562              		.weak	HAL_SuspendTick
 563              		.syntax unified
 564              		.code	16
 565              		.thumb_func
 567              	HAL_SuspendTick:
 568              	.LFB191:
 398:../../../../..//Drivers/STM32G0xx_HAL_Driver/Src/stm32g0xx_hal.c **** 
 399:../../../../..//Drivers/STM32G0xx_HAL_Driver/Src/stm32g0xx_hal.c **** /**
 400:../../../../..//Drivers/STM32G0xx_HAL_Driver/Src/stm32g0xx_hal.c ****   * @brief Suspend Tick increment.
 401:../../../../..//Drivers/STM32G0xx_HAL_Driver/Src/stm32g0xx_hal.c ****   * @note In the default implementation , SysTick timer is the source of time base. It is
 402:../../../../..//Drivers/STM32G0xx_HAL_Driver/Src/stm32g0xx_hal.c ****   *       used to generate interrupts at regular time intervals. Once HAL_SuspendTick()
 403:../../../../..//Drivers/STM32G0xx_HAL_Driver/Src/stm32g0xx_hal.c ****   *       is called, the SysTick interrupt will be disabled and so Tick increment
 404:../../../../..//Drivers/STM32G0xx_HAL_Driver/Src/stm32g0xx_hal.c ****   *       is suspended.
 405:../../../../..//Drivers/STM32G0xx_HAL_Driver/Src/stm32g0xx_hal.c ****   * @note This function is declared as __weak to be overwritten in case of other
 406:../../../../..//Drivers/STM32G0xx_HAL_Driver/Src/stm32g0xx_hal.c ****   *       implementations in user file.
 407:../../../../..//Drivers/STM32G0xx_HAL_Driver/Src/stm32g0xx_hal.c ****   * @retval None
 408:../../../../..//Drivers/STM32G0xx_HAL_Driver/Src/stm32g0xx_hal.c ****   */
 409:../../../../..//Drivers/STM32G0xx_HAL_Driver/Src/stm32g0xx_hal.c **** __weak void HAL_SuspendTick(void)
 410:../../../../..//Drivers/STM32G0xx_HAL_Driver/Src/stm32g0xx_hal.c **** {
 569              		.loc 1 410 1 is_stmt 1 view -0
 570              		.cfi_startproc
 571              		@ args = 0, pretend = 0, frame = 0
 572              		@ frame_needed = 0, uses_anonymous_args = 0
 573              		@ link register save eliminated.
 411:../../../../..//Drivers/STM32G0xx_HAL_Driver/Src/stm32g0xx_hal.c ****   /* Disable SysTick Interrupt */
 412:../../../../..//Drivers/STM32G0xx_HAL_Driver/Src/stm32g0xx_hal.c ****   CLEAR_BIT(SysTick->CTRL,SysTick_CTRL_TICKINT_Msk);
 574              		.loc 1 412 3 view .LVU134
ARM GAS  /tmp/ccLlIPYP.s 			page 19


 575 0000 0221     		movs	r1, #2
 413:../../../../..//Drivers/STM32G0xx_HAL_Driver/Src/stm32g0xx_hal.c **** }
 576              		.loc 1 413 1 is_stmt 0 view .LVU135
 577              		@ sp needed
 412:../../../../..//Drivers/STM32G0xx_HAL_Driver/Src/stm32g0xx_hal.c **** }
 578              		.loc 1 412 3 view .LVU136
 579 0002 024A     		ldr	r2, .L47
 580 0004 1368     		ldr	r3, [r2]
 581 0006 8B43     		bics	r3, r1
 582 0008 1360     		str	r3, [r2]
 583              		.loc 1 413 1 view .LVU137
 584 000a 7047     		bx	lr
 585              	.L48:
 586              		.align	2
 587              	.L47:
 588 000c 10E000E0 		.word	-536813552
 589              		.cfi_endproc
 590              	.LFE191:
 592              		.section	.text.HAL_ResumeTick,"ax",%progbits
 593              		.align	1
 594              		.weak	HAL_ResumeTick
 595              		.syntax unified
 596              		.code	16
 597              		.thumb_func
 599              	HAL_ResumeTick:
 600              	.LFB192:
 414:../../../../..//Drivers/STM32G0xx_HAL_Driver/Src/stm32g0xx_hal.c **** 
 415:../../../../..//Drivers/STM32G0xx_HAL_Driver/Src/stm32g0xx_hal.c **** /**
 416:../../../../..//Drivers/STM32G0xx_HAL_Driver/Src/stm32g0xx_hal.c ****   * @brief Resume Tick increment.
 417:../../../../..//Drivers/STM32G0xx_HAL_Driver/Src/stm32g0xx_hal.c ****   * @note In the default implementation , SysTick timer is the source of time base. It is
 418:../../../../..//Drivers/STM32G0xx_HAL_Driver/Src/stm32g0xx_hal.c ****   *       used to generate interrupts at regular time intervals. Once HAL_ResumeTick()
 419:../../../../..//Drivers/STM32G0xx_HAL_Driver/Src/stm32g0xx_hal.c ****   *       is called, the SysTick interrupt will be enabled and so Tick increment
 420:../../../../..//Drivers/STM32G0xx_HAL_Driver/Src/stm32g0xx_hal.c ****   *       is resumed.
 421:../../../../..//Drivers/STM32G0xx_HAL_Driver/Src/stm32g0xx_hal.c ****   * @note This function is declared as __weak to be overwritten in case of other
 422:../../../../..//Drivers/STM32G0xx_HAL_Driver/Src/stm32g0xx_hal.c ****   *       implementations in user file.
 423:../../../../..//Drivers/STM32G0xx_HAL_Driver/Src/stm32g0xx_hal.c ****   * @retval None
 424:../../../../..//Drivers/STM32G0xx_HAL_Driver/Src/stm32g0xx_hal.c ****   */
 425:../../../../..//Drivers/STM32G0xx_HAL_Driver/Src/stm32g0xx_hal.c **** __weak void HAL_ResumeTick(void)
 426:../../../../..//Drivers/STM32G0xx_HAL_Driver/Src/stm32g0xx_hal.c **** {
 601              		.loc 1 426 1 is_stmt 1 view -0
 602              		.cfi_startproc
 603              		@ args = 0, pretend = 0, frame = 0
 604              		@ frame_needed = 0, uses_anonymous_args = 0
 605              		@ link register save eliminated.
 427:../../../../..//Drivers/STM32G0xx_HAL_Driver/Src/stm32g0xx_hal.c ****   /* Enable SysTick Interrupt */
 428:../../../../..//Drivers/STM32G0xx_HAL_Driver/Src/stm32g0xx_hal.c ****   SET_BIT(SysTick->CTRL, SysTick_CTRL_TICKINT_Msk);
 606              		.loc 1 428 3 view .LVU139
 607 0000 0223     		movs	r3, #2
 429:../../../../..//Drivers/STM32G0xx_HAL_Driver/Src/stm32g0xx_hal.c **** }
 608              		.loc 1 429 1 is_stmt 0 view .LVU140
 609              		@ sp needed
 428:../../../../..//Drivers/STM32G0xx_HAL_Driver/Src/stm32g0xx_hal.c **** }
 610              		.loc 1 428 3 view .LVU141
 611 0002 024A     		ldr	r2, .L50
 612 0004 1168     		ldr	r1, [r2]
 613 0006 0B43     		orrs	r3, r1
 614 0008 1360     		str	r3, [r2]
ARM GAS  /tmp/ccLlIPYP.s 			page 20


 615              		.loc 1 429 1 view .LVU142
 616 000a 7047     		bx	lr
 617              	.L51:
 618              		.align	2
 619              	.L50:
 620 000c 10E000E0 		.word	-536813552
 621              		.cfi_endproc
 622              	.LFE192:
 624              		.section	.text.HAL_GetHalVersion,"ax",%progbits
 625              		.align	1
 626              		.global	HAL_GetHalVersion
 627              		.syntax unified
 628              		.code	16
 629              		.thumb_func
 631              	HAL_GetHalVersion:
 632              	.LFB193:
 430:../../../../..//Drivers/STM32G0xx_HAL_Driver/Src/stm32g0xx_hal.c **** 
 431:../../../../..//Drivers/STM32G0xx_HAL_Driver/Src/stm32g0xx_hal.c **** /**
 432:../../../../..//Drivers/STM32G0xx_HAL_Driver/Src/stm32g0xx_hal.c ****   * @brief  Returns the HAL revision
 433:../../../../..//Drivers/STM32G0xx_HAL_Driver/Src/stm32g0xx_hal.c ****   * @retval version : 0xXYZR (8bits for each decimal, R for RC)
 434:../../../../..//Drivers/STM32G0xx_HAL_Driver/Src/stm32g0xx_hal.c ****   */
 435:../../../../..//Drivers/STM32G0xx_HAL_Driver/Src/stm32g0xx_hal.c **** uint32_t HAL_GetHalVersion(void)
 436:../../../../..//Drivers/STM32G0xx_HAL_Driver/Src/stm32g0xx_hal.c **** {
 633              		.loc 1 436 1 is_stmt 1 view -0
 634              		.cfi_startproc
 635              		@ args = 0, pretend = 0, frame = 0
 636              		@ frame_needed = 0, uses_anonymous_args = 0
 637              		@ link register save eliminated.
 437:../../../../..//Drivers/STM32G0xx_HAL_Driver/Src/stm32g0xx_hal.c ****   return __STM32G0xx_HAL_VERSION;
 638              		.loc 1 437 3 view .LVU144
 438:../../../../..//Drivers/STM32G0xx_HAL_Driver/Src/stm32g0xx_hal.c **** }
 639              		.loc 1 438 1 is_stmt 0 view .LVU145
 640 0000 0048     		ldr	r0, .L53
 641              		@ sp needed
 642 0002 7047     		bx	lr
 643              	.L54:
 644              		.align	2
 645              	.L53:
 646 0004 00050401 		.word	17040640
 647              		.cfi_endproc
 648              	.LFE193:
 650              		.section	.text.HAL_GetREVID,"ax",%progbits
 651              		.align	1
 652              		.global	HAL_GetREVID
 653              		.syntax unified
 654              		.code	16
 655              		.thumb_func
 657              	HAL_GetREVID:
 658              	.LFB194:
 439:../../../../..//Drivers/STM32G0xx_HAL_Driver/Src/stm32g0xx_hal.c **** 
 440:../../../../..//Drivers/STM32G0xx_HAL_Driver/Src/stm32g0xx_hal.c **** /**
 441:../../../../..//Drivers/STM32G0xx_HAL_Driver/Src/stm32g0xx_hal.c ****   * @brief  Returns the device revision identifier.
 442:../../../../..//Drivers/STM32G0xx_HAL_Driver/Src/stm32g0xx_hal.c ****   * @retval Device revision identifier
 443:../../../../..//Drivers/STM32G0xx_HAL_Driver/Src/stm32g0xx_hal.c ****   */
 444:../../../../..//Drivers/STM32G0xx_HAL_Driver/Src/stm32g0xx_hal.c **** uint32_t HAL_GetREVID(void)
 445:../../../../..//Drivers/STM32G0xx_HAL_Driver/Src/stm32g0xx_hal.c **** {
 659              		.loc 1 445 1 is_stmt 1 view -0
ARM GAS  /tmp/ccLlIPYP.s 			page 21


 660              		.cfi_startproc
 661              		@ args = 0, pretend = 0, frame = 0
 662              		@ frame_needed = 0, uses_anonymous_args = 0
 663              		@ link register save eliminated.
 446:../../../../..//Drivers/STM32G0xx_HAL_Driver/Src/stm32g0xx_hal.c ****   return ((DBG->IDCODE & DBG_IDCODE_REV_ID) >> 16U);
 664              		.loc 1 446 3 view .LVU147
 665              		.loc 1 446 15 is_stmt 0 view .LVU148
 666 0000 014B     		ldr	r3, .L56
 447:../../../../..//Drivers/STM32G0xx_HAL_Driver/Src/stm32g0xx_hal.c **** }
 667              		.loc 1 447 1 view .LVU149
 668              		@ sp needed
 446:../../../../..//Drivers/STM32G0xx_HAL_Driver/Src/stm32g0xx_hal.c ****   return ((DBG->IDCODE & DBG_IDCODE_REV_ID) >> 16U);
 669              		.loc 1 446 15 view .LVU150
 670 0002 1868     		ldr	r0, [r3]
 446:../../../../..//Drivers/STM32G0xx_HAL_Driver/Src/stm32g0xx_hal.c ****   return ((DBG->IDCODE & DBG_IDCODE_REV_ID) >> 16U);
 671              		.loc 1 446 45 view .LVU151
 672 0004 000C     		lsrs	r0, r0, #16
 673              		.loc 1 447 1 view .LVU152
 674 0006 7047     		bx	lr
 675              	.L57:
 676              		.align	2
 677              	.L56:
 678 0008 00580140 		.word	1073829888
 679              		.cfi_endproc
 680              	.LFE194:
 682              		.section	.text.HAL_GetDEVID,"ax",%progbits
 683              		.align	1
 684              		.global	HAL_GetDEVID
 685              		.syntax unified
 686              		.code	16
 687              		.thumb_func
 689              	HAL_GetDEVID:
 690              	.LFB195:
 448:../../../../..//Drivers/STM32G0xx_HAL_Driver/Src/stm32g0xx_hal.c **** 
 449:../../../../..//Drivers/STM32G0xx_HAL_Driver/Src/stm32g0xx_hal.c **** /**
 450:../../../../..//Drivers/STM32G0xx_HAL_Driver/Src/stm32g0xx_hal.c ****   * @brief  Returns the device identifier.
 451:../../../../..//Drivers/STM32G0xx_HAL_Driver/Src/stm32g0xx_hal.c ****   * @retval Device identifier
 452:../../../../..//Drivers/STM32G0xx_HAL_Driver/Src/stm32g0xx_hal.c ****   */
 453:../../../../..//Drivers/STM32G0xx_HAL_Driver/Src/stm32g0xx_hal.c **** uint32_t HAL_GetDEVID(void)
 454:../../../../..//Drivers/STM32G0xx_HAL_Driver/Src/stm32g0xx_hal.c **** {
 691              		.loc 1 454 1 is_stmt 1 view -0
 692              		.cfi_startproc
 693              		@ args = 0, pretend = 0, frame = 0
 694              		@ frame_needed = 0, uses_anonymous_args = 0
 695              		@ link register save eliminated.
 455:../../../../..//Drivers/STM32G0xx_HAL_Driver/Src/stm32g0xx_hal.c ****   return ((DBG->IDCODE) & DBG_IDCODE_DEV_ID);
 696              		.loc 1 455 3 view .LVU154
 697              		.loc 1 455 15 is_stmt 0 view .LVU155
 698 0000 024B     		ldr	r3, .L59
 456:../../../../..//Drivers/STM32G0xx_HAL_Driver/Src/stm32g0xx_hal.c **** }
 699              		.loc 1 456 1 view .LVU156
 700              		@ sp needed
 455:../../../../..//Drivers/STM32G0xx_HAL_Driver/Src/stm32g0xx_hal.c ****   return ((DBG->IDCODE) & DBG_IDCODE_DEV_ID);
 701              		.loc 1 455 15 view .LVU157
 702 0002 1868     		ldr	r0, [r3]
 455:../../../../..//Drivers/STM32G0xx_HAL_Driver/Src/stm32g0xx_hal.c ****   return ((DBG->IDCODE) & DBG_IDCODE_DEV_ID);
 703              		.loc 1 455 25 view .LVU158
ARM GAS  /tmp/ccLlIPYP.s 			page 22


 704 0004 0005     		lsls	r0, r0, #20
 705 0006 000D     		lsrs	r0, r0, #20
 706              		.loc 1 456 1 view .LVU159
 707 0008 7047     		bx	lr
 708              	.L60:
 709 000a C046     		.align	2
 710              	.L59:
 711 000c 00580140 		.word	1073829888
 712              		.cfi_endproc
 713              	.LFE195:
 715              		.section	.text.HAL_GetUIDw0,"ax",%progbits
 716              		.align	1
 717              		.global	HAL_GetUIDw0
 718              		.syntax unified
 719              		.code	16
 720              		.thumb_func
 722              	HAL_GetUIDw0:
 723              	.LFB196:
 457:../../../../..//Drivers/STM32G0xx_HAL_Driver/Src/stm32g0xx_hal.c **** 
 458:../../../../..//Drivers/STM32G0xx_HAL_Driver/Src/stm32g0xx_hal.c **** /**
 459:../../../../..//Drivers/STM32G0xx_HAL_Driver/Src/stm32g0xx_hal.c ****   * @brief  Returns first word of the unique device identifier (UID based on 96 bits)
 460:../../../../..//Drivers/STM32G0xx_HAL_Driver/Src/stm32g0xx_hal.c ****   * @retval Device identifier
 461:../../../../..//Drivers/STM32G0xx_HAL_Driver/Src/stm32g0xx_hal.c ****   */
 462:../../../../..//Drivers/STM32G0xx_HAL_Driver/Src/stm32g0xx_hal.c **** uint32_t HAL_GetUIDw0(void)
 463:../../../../..//Drivers/STM32G0xx_HAL_Driver/Src/stm32g0xx_hal.c **** {
 724              		.loc 1 463 1 is_stmt 1 view -0
 725              		.cfi_startproc
 726              		@ args = 0, pretend = 0, frame = 0
 727              		@ frame_needed = 0, uses_anonymous_args = 0
 728              		@ link register save eliminated.
 464:../../../../..//Drivers/STM32G0xx_HAL_Driver/Src/stm32g0xx_hal.c ****   return (READ_REG(*((uint32_t *)UID_BASE)));
 729              		.loc 1 464 3 view .LVU161
 730              		.loc 1 464 11 is_stmt 0 view .LVU162
 731 0000 014B     		ldr	r3, .L62
 465:../../../../..//Drivers/STM32G0xx_HAL_Driver/Src/stm32g0xx_hal.c **** }
 732              		.loc 1 465 1 view .LVU163
 733              		@ sp needed
 464:../../../../..//Drivers/STM32G0xx_HAL_Driver/Src/stm32g0xx_hal.c ****   return (READ_REG(*((uint32_t *)UID_BASE)));
 734              		.loc 1 464 11 discriminator 1 view .LVU164
 735 0002 1868     		ldr	r0, [r3]
 736              		.loc 1 465 1 view .LVU165
 737 0004 7047     		bx	lr
 738              	.L63:
 739 0006 C046     		.align	2
 740              	.L62:
 741 0008 9075FF1F 		.word	536835472
 742              		.cfi_endproc
 743              	.LFE196:
 745              		.section	.text.HAL_GetUIDw1,"ax",%progbits
 746              		.align	1
 747              		.global	HAL_GetUIDw1
 748              		.syntax unified
 749              		.code	16
 750              		.thumb_func
 752              	HAL_GetUIDw1:
 753              	.LFB197:
 466:../../../../..//Drivers/STM32G0xx_HAL_Driver/Src/stm32g0xx_hal.c **** 
ARM GAS  /tmp/ccLlIPYP.s 			page 23


 467:../../../../..//Drivers/STM32G0xx_HAL_Driver/Src/stm32g0xx_hal.c **** /**
 468:../../../../..//Drivers/STM32G0xx_HAL_Driver/Src/stm32g0xx_hal.c ****   * @brief  Returns second word of the unique device identifier (UID based on 96 bits)
 469:../../../../..//Drivers/STM32G0xx_HAL_Driver/Src/stm32g0xx_hal.c ****   * @retval Device identifier
 470:../../../../..//Drivers/STM32G0xx_HAL_Driver/Src/stm32g0xx_hal.c ****   */
 471:../../../../..//Drivers/STM32G0xx_HAL_Driver/Src/stm32g0xx_hal.c **** uint32_t HAL_GetUIDw1(void)
 472:../../../../..//Drivers/STM32G0xx_HAL_Driver/Src/stm32g0xx_hal.c **** {
 754              		.loc 1 472 1 is_stmt 1 view -0
 755              		.cfi_startproc
 756              		@ args = 0, pretend = 0, frame = 0
 757              		@ frame_needed = 0, uses_anonymous_args = 0
 758              		@ link register save eliminated.
 473:../../../../..//Drivers/STM32G0xx_HAL_Driver/Src/stm32g0xx_hal.c ****   return (READ_REG(*((uint32_t *)(UID_BASE + 4U))));
 759              		.loc 1 473 3 view .LVU167
 760              		.loc 1 473 11 is_stmt 0 view .LVU168
 761 0000 014B     		ldr	r3, .L65
 474:../../../../..//Drivers/STM32G0xx_HAL_Driver/Src/stm32g0xx_hal.c **** }
 762              		.loc 1 474 1 view .LVU169
 763              		@ sp needed
 473:../../../../..//Drivers/STM32G0xx_HAL_Driver/Src/stm32g0xx_hal.c ****   return (READ_REG(*((uint32_t *)(UID_BASE + 4U))));
 764              		.loc 1 473 11 discriminator 1 view .LVU170
 765 0002 1868     		ldr	r0, [r3]
 766              		.loc 1 474 1 view .LVU171
 767 0004 7047     		bx	lr
 768              	.L66:
 769 0006 C046     		.align	2
 770              	.L65:
 771 0008 9475FF1F 		.word	536835476
 772              		.cfi_endproc
 773              	.LFE197:
 775              		.section	.text.HAL_GetUIDw2,"ax",%progbits
 776              		.align	1
 777              		.global	HAL_GetUIDw2
 778              		.syntax unified
 779              		.code	16
 780              		.thumb_func
 782              	HAL_GetUIDw2:
 783              	.LFB198:
 475:../../../../..//Drivers/STM32G0xx_HAL_Driver/Src/stm32g0xx_hal.c **** 
 476:../../../../..//Drivers/STM32G0xx_HAL_Driver/Src/stm32g0xx_hal.c **** /**
 477:../../../../..//Drivers/STM32G0xx_HAL_Driver/Src/stm32g0xx_hal.c ****   * @brief  Returns third word of the unique device identifier (UID based on 96 bits)
 478:../../../../..//Drivers/STM32G0xx_HAL_Driver/Src/stm32g0xx_hal.c ****   * @retval Device identifier
 479:../../../../..//Drivers/STM32G0xx_HAL_Driver/Src/stm32g0xx_hal.c ****   */
 480:../../../../..//Drivers/STM32G0xx_HAL_Driver/Src/stm32g0xx_hal.c **** uint32_t HAL_GetUIDw2(void)
 481:../../../../..//Drivers/STM32G0xx_HAL_Driver/Src/stm32g0xx_hal.c **** {
 784              		.loc 1 481 1 is_stmt 1 view -0
 785              		.cfi_startproc
 786              		@ args = 0, pretend = 0, frame = 0
 787              		@ frame_needed = 0, uses_anonymous_args = 0
 788              		@ link register save eliminated.
 482:../../../../..//Drivers/STM32G0xx_HAL_Driver/Src/stm32g0xx_hal.c ****   return (READ_REG(*((uint32_t *)(UID_BASE + 8U))));
 789              		.loc 1 482 3 view .LVU173
 790              		.loc 1 482 11 is_stmt 0 view .LVU174
 791 0000 014B     		ldr	r3, .L68
 483:../../../../..//Drivers/STM32G0xx_HAL_Driver/Src/stm32g0xx_hal.c **** }
 792              		.loc 1 483 1 view .LVU175
 793              		@ sp needed
 482:../../../../..//Drivers/STM32G0xx_HAL_Driver/Src/stm32g0xx_hal.c ****   return (READ_REG(*((uint32_t *)(UID_BASE + 8U))));
ARM GAS  /tmp/ccLlIPYP.s 			page 24


 794              		.loc 1 482 11 discriminator 1 view .LVU176
 795 0002 1868     		ldr	r0, [r3]
 796              		.loc 1 483 1 view .LVU177
 797 0004 7047     		bx	lr
 798              	.L69:
 799 0006 C046     		.align	2
 800              	.L68:
 801 0008 9875FF1F 		.word	536835480
 802              		.cfi_endproc
 803              	.LFE198:
 805              		.section	.text.HAL_DBGMCU_EnableDBGStopMode,"ax",%progbits
 806              		.align	1
 807              		.global	HAL_DBGMCU_EnableDBGStopMode
 808              		.syntax unified
 809              		.code	16
 810              		.thumb_func
 812              	HAL_DBGMCU_EnableDBGStopMode:
 813              	.LFB199:
 484:../../../../..//Drivers/STM32G0xx_HAL_Driver/Src/stm32g0xx_hal.c **** 
 485:../../../../..//Drivers/STM32G0xx_HAL_Driver/Src/stm32g0xx_hal.c **** /**
 486:../../../../..//Drivers/STM32G0xx_HAL_Driver/Src/stm32g0xx_hal.c ****   * @}
 487:../../../../..//Drivers/STM32G0xx_HAL_Driver/Src/stm32g0xx_hal.c ****   */
 488:../../../../..//Drivers/STM32G0xx_HAL_Driver/Src/stm32g0xx_hal.c **** 
 489:../../../../..//Drivers/STM32G0xx_HAL_Driver/Src/stm32g0xx_hal.c **** /** @addtogroup HAL_Exported_Functions_Group3
 490:../../../../..//Drivers/STM32G0xx_HAL_Driver/Src/stm32g0xx_hal.c ****  *  @brief    HAL Debug functions
 491:../../../../..//Drivers/STM32G0xx_HAL_Driver/Src/stm32g0xx_hal.c ****  *
 492:../../../../..//Drivers/STM32G0xx_HAL_Driver/Src/stm32g0xx_hal.c **** @verbatim
 493:../../../../..//Drivers/STM32G0xx_HAL_Driver/Src/stm32g0xx_hal.c ****  ===============================================================================
 494:../../../../..//Drivers/STM32G0xx_HAL_Driver/Src/stm32g0xx_hal.c ****                       ##### HAL Debug functions #####
 495:../../../../..//Drivers/STM32G0xx_HAL_Driver/Src/stm32g0xx_hal.c ****  ===============================================================================
 496:../../../../..//Drivers/STM32G0xx_HAL_Driver/Src/stm32g0xx_hal.c ****     [..]  This section provides functions allowing to:
 497:../../../../..//Drivers/STM32G0xx_HAL_Driver/Src/stm32g0xx_hal.c ****       (+) Enable/Disable Debug module during STOP mode
 498:../../../../..//Drivers/STM32G0xx_HAL_Driver/Src/stm32g0xx_hal.c ****       (+) Enable/Disable Debug module during STANDBY mode
 499:../../../../..//Drivers/STM32G0xx_HAL_Driver/Src/stm32g0xx_hal.c **** 
 500:../../../../..//Drivers/STM32G0xx_HAL_Driver/Src/stm32g0xx_hal.c **** @endverbatim
 501:../../../../..//Drivers/STM32G0xx_HAL_Driver/Src/stm32g0xx_hal.c ****   * @{
 502:../../../../..//Drivers/STM32G0xx_HAL_Driver/Src/stm32g0xx_hal.c ****   */
 503:../../../../..//Drivers/STM32G0xx_HAL_Driver/Src/stm32g0xx_hal.c **** 
 504:../../../../..//Drivers/STM32G0xx_HAL_Driver/Src/stm32g0xx_hal.c **** /**
 505:../../../../..//Drivers/STM32G0xx_HAL_Driver/Src/stm32g0xx_hal.c ****   * @brief  Enable the Debug Module during STOP mode
 506:../../../../..//Drivers/STM32G0xx_HAL_Driver/Src/stm32g0xx_hal.c ****   * @retval None
 507:../../../../..//Drivers/STM32G0xx_HAL_Driver/Src/stm32g0xx_hal.c ****   */
 508:../../../../..//Drivers/STM32G0xx_HAL_Driver/Src/stm32g0xx_hal.c **** void HAL_DBGMCU_EnableDBGStopMode(void)
 509:../../../../..//Drivers/STM32G0xx_HAL_Driver/Src/stm32g0xx_hal.c **** {
 814              		.loc 1 509 1 is_stmt 1 view -0
 815              		.cfi_startproc
 816              		@ args = 0, pretend = 0, frame = 0
 817              		@ frame_needed = 0, uses_anonymous_args = 0
 818              		@ link register save eliminated.
 510:../../../../..//Drivers/STM32G0xx_HAL_Driver/Src/stm32g0xx_hal.c ****   SET_BIT(DBG->CR, DBG_CR_DBG_STOP);
 819              		.loc 1 510 3 view .LVU179
 820 0000 0223     		movs	r3, #2
 511:../../../../..//Drivers/STM32G0xx_HAL_Driver/Src/stm32g0xx_hal.c **** }
 821              		.loc 1 511 1 is_stmt 0 view .LVU180
 822              		@ sp needed
 510:../../../../..//Drivers/STM32G0xx_HAL_Driver/Src/stm32g0xx_hal.c ****   SET_BIT(DBG->CR, DBG_CR_DBG_STOP);
 823              		.loc 1 510 3 view .LVU181
ARM GAS  /tmp/ccLlIPYP.s 			page 25


 824 0002 024A     		ldr	r2, .L71
 825 0004 5168     		ldr	r1, [r2, #4]
 826 0006 0B43     		orrs	r3, r1
 827 0008 5360     		str	r3, [r2, #4]
 828              		.loc 1 511 1 view .LVU182
 829 000a 7047     		bx	lr
 830              	.L72:
 831              		.align	2
 832              	.L71:
 833 000c 00580140 		.word	1073829888
 834              		.cfi_endproc
 835              	.LFE199:
 837              		.section	.text.HAL_DBGMCU_DisableDBGStopMode,"ax",%progbits
 838              		.align	1
 839              		.global	HAL_DBGMCU_DisableDBGStopMode
 840              		.syntax unified
 841              		.code	16
 842              		.thumb_func
 844              	HAL_DBGMCU_DisableDBGStopMode:
 845              	.LFB200:
 512:../../../../..//Drivers/STM32G0xx_HAL_Driver/Src/stm32g0xx_hal.c **** 
 513:../../../../..//Drivers/STM32G0xx_HAL_Driver/Src/stm32g0xx_hal.c **** /**
 514:../../../../..//Drivers/STM32G0xx_HAL_Driver/Src/stm32g0xx_hal.c ****   * @brief  Disable the Debug Module during STOP mode
 515:../../../../..//Drivers/STM32G0xx_HAL_Driver/Src/stm32g0xx_hal.c ****   * @retval None
 516:../../../../..//Drivers/STM32G0xx_HAL_Driver/Src/stm32g0xx_hal.c ****   */
 517:../../../../..//Drivers/STM32G0xx_HAL_Driver/Src/stm32g0xx_hal.c **** void HAL_DBGMCU_DisableDBGStopMode(void)
 518:../../../../..//Drivers/STM32G0xx_HAL_Driver/Src/stm32g0xx_hal.c **** {
 846              		.loc 1 518 1 is_stmt 1 view -0
 847              		.cfi_startproc
 848              		@ args = 0, pretend = 0, frame = 0
 849              		@ frame_needed = 0, uses_anonymous_args = 0
 850              		@ link register save eliminated.
 519:../../../../..//Drivers/STM32G0xx_HAL_Driver/Src/stm32g0xx_hal.c ****   CLEAR_BIT(DBG->CR, DBG_CR_DBG_STOP);
 851              		.loc 1 519 3 view .LVU184
 852 0000 0221     		movs	r1, #2
 520:../../../../..//Drivers/STM32G0xx_HAL_Driver/Src/stm32g0xx_hal.c **** }
 853              		.loc 1 520 1 is_stmt 0 view .LVU185
 854              		@ sp needed
 519:../../../../..//Drivers/STM32G0xx_HAL_Driver/Src/stm32g0xx_hal.c ****   CLEAR_BIT(DBG->CR, DBG_CR_DBG_STOP);
 855              		.loc 1 519 3 view .LVU186
 856 0002 024A     		ldr	r2, .L74
 857 0004 5368     		ldr	r3, [r2, #4]
 858 0006 8B43     		bics	r3, r1
 859 0008 5360     		str	r3, [r2, #4]
 860              		.loc 1 520 1 view .LVU187
 861 000a 7047     		bx	lr
 862              	.L75:
 863              		.align	2
 864              	.L74:
 865 000c 00580140 		.word	1073829888
 866              		.cfi_endproc
 867              	.LFE200:
 869              		.section	.text.HAL_DBGMCU_EnableDBGStandbyMode,"ax",%progbits
 870              		.align	1
 871              		.global	HAL_DBGMCU_EnableDBGStandbyMode
 872              		.syntax unified
 873              		.code	16
ARM GAS  /tmp/ccLlIPYP.s 			page 26


 874              		.thumb_func
 876              	HAL_DBGMCU_EnableDBGStandbyMode:
 877              	.LFB201:
 521:../../../../..//Drivers/STM32G0xx_HAL_Driver/Src/stm32g0xx_hal.c **** 
 522:../../../../..//Drivers/STM32G0xx_HAL_Driver/Src/stm32g0xx_hal.c **** /**
 523:../../../../..//Drivers/STM32G0xx_HAL_Driver/Src/stm32g0xx_hal.c ****   * @brief  Enable the Debug Module during STANDBY mode
 524:../../../../..//Drivers/STM32G0xx_HAL_Driver/Src/stm32g0xx_hal.c ****   * @retval None
 525:../../../../..//Drivers/STM32G0xx_HAL_Driver/Src/stm32g0xx_hal.c ****   */
 526:../../../../..//Drivers/STM32G0xx_HAL_Driver/Src/stm32g0xx_hal.c **** void HAL_DBGMCU_EnableDBGStandbyMode(void)
 527:../../../../..//Drivers/STM32G0xx_HAL_Driver/Src/stm32g0xx_hal.c **** {
 878              		.loc 1 527 1 is_stmt 1 view -0
 879              		.cfi_startproc
 880              		@ args = 0, pretend = 0, frame = 0
 881              		@ frame_needed = 0, uses_anonymous_args = 0
 882              		@ link register save eliminated.
 528:../../../../..//Drivers/STM32G0xx_HAL_Driver/Src/stm32g0xx_hal.c ****   SET_BIT(DBG->CR, DBG_CR_DBG_STANDBY);
 883              		.loc 1 528 3 view .LVU189
 884 0000 0423     		movs	r3, #4
 529:../../../../..//Drivers/STM32G0xx_HAL_Driver/Src/stm32g0xx_hal.c **** }
 885              		.loc 1 529 1 is_stmt 0 view .LVU190
 886              		@ sp needed
 528:../../../../..//Drivers/STM32G0xx_HAL_Driver/Src/stm32g0xx_hal.c ****   SET_BIT(DBG->CR, DBG_CR_DBG_STANDBY);
 887              		.loc 1 528 3 view .LVU191
 888 0002 024A     		ldr	r2, .L77
 889 0004 5168     		ldr	r1, [r2, #4]
 890 0006 0B43     		orrs	r3, r1
 891 0008 5360     		str	r3, [r2, #4]
 892              		.loc 1 529 1 view .LVU192
 893 000a 7047     		bx	lr
 894              	.L78:
 895              		.align	2
 896              	.L77:
 897 000c 00580140 		.word	1073829888
 898              		.cfi_endproc
 899              	.LFE201:
 901              		.section	.text.HAL_DBGMCU_DisableDBGStandbyMode,"ax",%progbits
 902              		.align	1
 903              		.global	HAL_DBGMCU_DisableDBGStandbyMode
 904              		.syntax unified
 905              		.code	16
 906              		.thumb_func
 908              	HAL_DBGMCU_DisableDBGStandbyMode:
 909              	.LFB202:
 530:../../../../..//Drivers/STM32G0xx_HAL_Driver/Src/stm32g0xx_hal.c **** 
 531:../../../../..//Drivers/STM32G0xx_HAL_Driver/Src/stm32g0xx_hal.c **** /**
 532:../../../../..//Drivers/STM32G0xx_HAL_Driver/Src/stm32g0xx_hal.c ****   * @brief  Disable the Debug Module during STANDBY mode
 533:../../../../..//Drivers/STM32G0xx_HAL_Driver/Src/stm32g0xx_hal.c ****   * @retval None
 534:../../../../..//Drivers/STM32G0xx_HAL_Driver/Src/stm32g0xx_hal.c ****   */
 535:../../../../..//Drivers/STM32G0xx_HAL_Driver/Src/stm32g0xx_hal.c **** void HAL_DBGMCU_DisableDBGStandbyMode(void)
 536:../../../../..//Drivers/STM32G0xx_HAL_Driver/Src/stm32g0xx_hal.c **** {
 910              		.loc 1 536 1 is_stmt 1 view -0
 911              		.cfi_startproc
 912              		@ args = 0, pretend = 0, frame = 0
 913              		@ frame_needed = 0, uses_anonymous_args = 0
 914              		@ link register save eliminated.
 537:../../../../..//Drivers/STM32G0xx_HAL_Driver/Src/stm32g0xx_hal.c ****   CLEAR_BIT(DBG->CR, DBG_CR_DBG_STANDBY);
 915              		.loc 1 537 3 view .LVU194
ARM GAS  /tmp/ccLlIPYP.s 			page 27


 916 0000 0421     		movs	r1, #4
 538:../../../../..//Drivers/STM32G0xx_HAL_Driver/Src/stm32g0xx_hal.c **** }
 917              		.loc 1 538 1 is_stmt 0 view .LVU195
 918              		@ sp needed
 537:../../../../..//Drivers/STM32G0xx_HAL_Driver/Src/stm32g0xx_hal.c ****   CLEAR_BIT(DBG->CR, DBG_CR_DBG_STANDBY);
 919              		.loc 1 537 3 view .LVU196
 920 0002 024A     		ldr	r2, .L80
 921 0004 5368     		ldr	r3, [r2, #4]
 922 0006 8B43     		bics	r3, r1
 923 0008 5360     		str	r3, [r2, #4]
 924              		.loc 1 538 1 view .LVU197
 925 000a 7047     		bx	lr
 926              	.L81:
 927              		.align	2
 928              	.L80:
 929 000c 00580140 		.word	1073829888
 930              		.cfi_endproc
 931              	.LFE202:
 933              		.section	.text.HAL_SYSCFG_VREFBUF_VoltageScalingConfig,"ax",%progbits
 934              		.align	1
 935              		.global	HAL_SYSCFG_VREFBUF_VoltageScalingConfig
 936              		.syntax unified
 937              		.code	16
 938              		.thumb_func
 940              	HAL_SYSCFG_VREFBUF_VoltageScalingConfig:
 941              	.LVL31:
 942              	.LFB203:
 539:../../../../..//Drivers/STM32G0xx_HAL_Driver/Src/stm32g0xx_hal.c **** 
 540:../../../../..//Drivers/STM32G0xx_HAL_Driver/Src/stm32g0xx_hal.c **** /**
 541:../../../../..//Drivers/STM32G0xx_HAL_Driver/Src/stm32g0xx_hal.c ****   * @}
 542:../../../../..//Drivers/STM32G0xx_HAL_Driver/Src/stm32g0xx_hal.c ****   */
 543:../../../../..//Drivers/STM32G0xx_HAL_Driver/Src/stm32g0xx_hal.c **** 
 544:../../../../..//Drivers/STM32G0xx_HAL_Driver/Src/stm32g0xx_hal.c **** /** @addtogroup HAL_Exported_Functions_Group4
 545:../../../../..//Drivers/STM32G0xx_HAL_Driver/Src/stm32g0xx_hal.c ****  *  @brief    SYSCFG configuration functions
 546:../../../../..//Drivers/STM32G0xx_HAL_Driver/Src/stm32g0xx_hal.c ****  *
 547:../../../../..//Drivers/STM32G0xx_HAL_Driver/Src/stm32g0xx_hal.c **** @verbatim
 548:../../../../..//Drivers/STM32G0xx_HAL_Driver/Src/stm32g0xx_hal.c ****  ===============================================================================
 549:../../../../..//Drivers/STM32G0xx_HAL_Driver/Src/stm32g0xx_hal.c ****                       ##### HAL SYSCFG configuration functions #####
 550:../../../../..//Drivers/STM32G0xx_HAL_Driver/Src/stm32g0xx_hal.c ****  ===============================================================================
 551:../../../../..//Drivers/STM32G0xx_HAL_Driver/Src/stm32g0xx_hal.c ****     [..]  This section provides functions allowing to:
 552:../../../../..//Drivers/STM32G0xx_HAL_Driver/Src/stm32g0xx_hal.c ****       (+) Enable/Disable Pin remap
 553:../../../../..//Drivers/STM32G0xx_HAL_Driver/Src/stm32g0xx_hal.c ****       (+) Configure the Voltage reference buffer
 554:../../../../..//Drivers/STM32G0xx_HAL_Driver/Src/stm32g0xx_hal.c ****       (+) Enable/Disable the Voltage reference buffer
 555:../../../../..//Drivers/STM32G0xx_HAL_Driver/Src/stm32g0xx_hal.c ****       (+) Enable/Disable the I/O analog switch voltage booster
 556:../../../../..//Drivers/STM32G0xx_HAL_Driver/Src/stm32g0xx_hal.c ****       (+) Enable/Disable dead battery behavior(*)
 557:../../../../..//Drivers/STM32G0xx_HAL_Driver/Src/stm32g0xx_hal.c ****       (+) Configure Clamping Diode on specific pins(*)
 558:../../../../..//Drivers/STM32G0xx_HAL_Driver/Src/stm32g0xx_hal.c ****    (*) Feature not available on all devices
 559:../../../../..//Drivers/STM32G0xx_HAL_Driver/Src/stm32g0xx_hal.c **** 
 560:../../../../..//Drivers/STM32G0xx_HAL_Driver/Src/stm32g0xx_hal.c **** @endverbatim
 561:../../../../..//Drivers/STM32G0xx_HAL_Driver/Src/stm32g0xx_hal.c ****   * @{
 562:../../../../..//Drivers/STM32G0xx_HAL_Driver/Src/stm32g0xx_hal.c ****   */
 563:../../../../..//Drivers/STM32G0xx_HAL_Driver/Src/stm32g0xx_hal.c **** #if defined(VREFBUF)
 564:../../../../..//Drivers/STM32G0xx_HAL_Driver/Src/stm32g0xx_hal.c **** /**
 565:../../../../..//Drivers/STM32G0xx_HAL_Driver/Src/stm32g0xx_hal.c ****   * @brief Configure the internal voltage reference buffer voltage scale.
 566:../../../../..//Drivers/STM32G0xx_HAL_Driver/Src/stm32g0xx_hal.c ****   * @param  VoltageScaling specifies the output voltage to achieve
 567:../../../../..//Drivers/STM32G0xx_HAL_Driver/Src/stm32g0xx_hal.c ****   *         This parameter can be one of the following values:
 568:../../../../..//Drivers/STM32G0xx_HAL_Driver/Src/stm32g0xx_hal.c ****   *         @arg @ref SYSCFG_VREFBUF_VoltageScale
ARM GAS  /tmp/ccLlIPYP.s 			page 28


 569:../../../../..//Drivers/STM32G0xx_HAL_Driver/Src/stm32g0xx_hal.c ****   * @retval None
 570:../../../../..//Drivers/STM32G0xx_HAL_Driver/Src/stm32g0xx_hal.c ****   */
 571:../../../../..//Drivers/STM32G0xx_HAL_Driver/Src/stm32g0xx_hal.c **** void HAL_SYSCFG_VREFBUF_VoltageScalingConfig(uint32_t VoltageScaling)
 572:../../../../..//Drivers/STM32G0xx_HAL_Driver/Src/stm32g0xx_hal.c **** {
 943              		.loc 1 572 1 is_stmt 1 view -0
 944              		.cfi_startproc
 945              		@ args = 0, pretend = 0, frame = 0
 946              		@ frame_needed = 0, uses_anonymous_args = 0
 947              		@ link register save eliminated.
 573:../../../../..//Drivers/STM32G0xx_HAL_Driver/Src/stm32g0xx_hal.c ****   /* Check the parameters */
 574:../../../../..//Drivers/STM32G0xx_HAL_Driver/Src/stm32g0xx_hal.c ****   assert_param(IS_SYSCFG_VREFBUF_VOLTAGE_SCALE(VoltageScaling));
 948              		.loc 1 574 3 view .LVU199
 575:../../../../..//Drivers/STM32G0xx_HAL_Driver/Src/stm32g0xx_hal.c **** 
 576:../../../../..//Drivers/STM32G0xx_HAL_Driver/Src/stm32g0xx_hal.c ****   MODIFY_REG(VREFBUF->CSR, VREFBUF_CSR_VRS, VoltageScaling);
 949              		.loc 1 576 3 view .LVU200
 950 0000 0421     		movs	r1, #4
 577:../../../../..//Drivers/STM32G0xx_HAL_Driver/Src/stm32g0xx_hal.c **** }
 951              		.loc 1 577 1 is_stmt 0 view .LVU201
 952              		@ sp needed
 576:../../../../..//Drivers/STM32G0xx_HAL_Driver/Src/stm32g0xx_hal.c **** }
 953              		.loc 1 576 3 view .LVU202
 954 0002 034A     		ldr	r2, .L83
 955 0004 1368     		ldr	r3, [r2]
 956 0006 8B43     		bics	r3, r1
 957 0008 0343     		orrs	r3, r0
 958 000a 1360     		str	r3, [r2]
 959              		.loc 1 577 1 view .LVU203
 960 000c 7047     		bx	lr
 961              	.L84:
 962 000e C046     		.align	2
 963              	.L83:
 964 0010 30000140 		.word	1073807408
 965              		.cfi_endproc
 966              	.LFE203:
 968              		.section	.text.HAL_SYSCFG_VREFBUF_HighImpedanceConfig,"ax",%progbits
 969              		.align	1
 970              		.global	HAL_SYSCFG_VREFBUF_HighImpedanceConfig
 971              		.syntax unified
 972              		.code	16
 973              		.thumb_func
 975              	HAL_SYSCFG_VREFBUF_HighImpedanceConfig:
 976              	.LVL32:
 977              	.LFB204:
 578:../../../../..//Drivers/STM32G0xx_HAL_Driver/Src/stm32g0xx_hal.c **** 
 579:../../../../..//Drivers/STM32G0xx_HAL_Driver/Src/stm32g0xx_hal.c **** /**
 580:../../../../..//Drivers/STM32G0xx_HAL_Driver/Src/stm32g0xx_hal.c ****   * @brief Configure the internal voltage reference buffer high impedance mode.
 581:../../../../..//Drivers/STM32G0xx_HAL_Driver/Src/stm32g0xx_hal.c ****   * @param  Mode specifies the high impedance mode
 582:../../../../..//Drivers/STM32G0xx_HAL_Driver/Src/stm32g0xx_hal.c ****   *          This parameter can be one of the following values:
 583:../../../../..//Drivers/STM32G0xx_HAL_Driver/Src/stm32g0xx_hal.c ****   *          @arg @ref SYSCFG_VREFBUF_HighImpedance
 584:../../../../..//Drivers/STM32G0xx_HAL_Driver/Src/stm32g0xx_hal.c ****   * @retval None
 585:../../../../..//Drivers/STM32G0xx_HAL_Driver/Src/stm32g0xx_hal.c ****   */
 586:../../../../..//Drivers/STM32G0xx_HAL_Driver/Src/stm32g0xx_hal.c **** void HAL_SYSCFG_VREFBUF_HighImpedanceConfig(uint32_t Mode)
 587:../../../../..//Drivers/STM32G0xx_HAL_Driver/Src/stm32g0xx_hal.c **** {
 978              		.loc 1 587 1 is_stmt 1 view -0
 979              		.cfi_startproc
 980              		@ args = 0, pretend = 0, frame = 0
 981              		@ frame_needed = 0, uses_anonymous_args = 0
ARM GAS  /tmp/ccLlIPYP.s 			page 29


 982              		@ link register save eliminated.
 588:../../../../..//Drivers/STM32G0xx_HAL_Driver/Src/stm32g0xx_hal.c ****   /* Check the parameters */
 589:../../../../..//Drivers/STM32G0xx_HAL_Driver/Src/stm32g0xx_hal.c ****   assert_param(IS_SYSCFG_VREFBUF_HIGH_IMPEDANCE(Mode));
 983              		.loc 1 589 3 view .LVU205
 590:../../../../..//Drivers/STM32G0xx_HAL_Driver/Src/stm32g0xx_hal.c **** 
 591:../../../../..//Drivers/STM32G0xx_HAL_Driver/Src/stm32g0xx_hal.c ****   MODIFY_REG(VREFBUF->CSR, VREFBUF_CSR_HIZ, Mode);
 984              		.loc 1 591 3 view .LVU206
 985 0000 0221     		movs	r1, #2
 592:../../../../..//Drivers/STM32G0xx_HAL_Driver/Src/stm32g0xx_hal.c **** }
 986              		.loc 1 592 1 is_stmt 0 view .LVU207
 987              		@ sp needed
 591:../../../../..//Drivers/STM32G0xx_HAL_Driver/Src/stm32g0xx_hal.c **** }
 988              		.loc 1 591 3 view .LVU208
 989 0002 034A     		ldr	r2, .L86
 990 0004 1368     		ldr	r3, [r2]
 991 0006 8B43     		bics	r3, r1
 992 0008 0343     		orrs	r3, r0
 993 000a 1360     		str	r3, [r2]
 994              		.loc 1 592 1 view .LVU209
 995 000c 7047     		bx	lr
 996              	.L87:
 997 000e C046     		.align	2
 998              	.L86:
 999 0010 30000140 		.word	1073807408
 1000              		.cfi_endproc
 1001              	.LFE204:
 1003              		.section	.text.HAL_SYSCFG_VREFBUF_TrimmingConfig,"ax",%progbits
 1004              		.align	1
 1005              		.global	HAL_SYSCFG_VREFBUF_TrimmingConfig
 1006              		.syntax unified
 1007              		.code	16
 1008              		.thumb_func
 1010              	HAL_SYSCFG_VREFBUF_TrimmingConfig:
 1011              	.LVL33:
 1012              	.LFB205:
 593:../../../../..//Drivers/STM32G0xx_HAL_Driver/Src/stm32g0xx_hal.c **** 
 594:../../../../..//Drivers/STM32G0xx_HAL_Driver/Src/stm32g0xx_hal.c **** /**
 595:../../../../..//Drivers/STM32G0xx_HAL_Driver/Src/stm32g0xx_hal.c ****   * @brief  Tune the Internal Voltage Reference buffer (VREFBUF).
 596:../../../../..//Drivers/STM32G0xx_HAL_Driver/Src/stm32g0xx_hal.c ****   * @note   VrefBuf voltage scale is calibrated in production for each device,
 597:../../../../..//Drivers/STM32G0xx_HAL_Driver/Src/stm32g0xx_hal.c ****   *         using voltage scale 1. This calibration value is loaded
 598:../../../../..//Drivers/STM32G0xx_HAL_Driver/Src/stm32g0xx_hal.c ****   *         as default trimming value at device power up.
 599:../../../../..//Drivers/STM32G0xx_HAL_Driver/Src/stm32g0xx_hal.c ****   *         This trimming value can be fine tuned for voltage scales 0 and 1
 600:../../../../..//Drivers/STM32G0xx_HAL_Driver/Src/stm32g0xx_hal.c ****   *         using this function.
 601:../../../../..//Drivers/STM32G0xx_HAL_Driver/Src/stm32g0xx_hal.c ****   * @retval None
 602:../../../../..//Drivers/STM32G0xx_HAL_Driver/Src/stm32g0xx_hal.c ****   */
 603:../../../../..//Drivers/STM32G0xx_HAL_Driver/Src/stm32g0xx_hal.c **** void HAL_SYSCFG_VREFBUF_TrimmingConfig(uint32_t TrimmingValue)
 604:../../../../..//Drivers/STM32G0xx_HAL_Driver/Src/stm32g0xx_hal.c **** {
 1013              		.loc 1 604 1 is_stmt 1 view -0
 1014              		.cfi_startproc
 1015              		@ args = 0, pretend = 0, frame = 0
 1016              		@ frame_needed = 0, uses_anonymous_args = 0
 1017              		@ link register save eliminated.
 605:../../../../..//Drivers/STM32G0xx_HAL_Driver/Src/stm32g0xx_hal.c ****   /* Check the parameters */
 606:../../../../..//Drivers/STM32G0xx_HAL_Driver/Src/stm32g0xx_hal.c ****   assert_param(IS_SYSCFG_VREFBUF_TRIMMING(TrimmingValue));
 1018              		.loc 1 606 3 view .LVU211
 607:../../../../..//Drivers/STM32G0xx_HAL_Driver/Src/stm32g0xx_hal.c **** 
 608:../../../../..//Drivers/STM32G0xx_HAL_Driver/Src/stm32g0xx_hal.c ****   MODIFY_REG(VREFBUF->CCR, VREFBUF_CCR_TRIM, TrimmingValue);
ARM GAS  /tmp/ccLlIPYP.s 			page 30


 1019              		.loc 1 608 3 view .LVU212
 1020 0000 3F21     		movs	r1, #63
 609:../../../../..//Drivers/STM32G0xx_HAL_Driver/Src/stm32g0xx_hal.c **** }
 1021              		.loc 1 609 1 is_stmt 0 view .LVU213
 1022              		@ sp needed
 608:../../../../..//Drivers/STM32G0xx_HAL_Driver/Src/stm32g0xx_hal.c **** }
 1023              		.loc 1 608 3 view .LVU214
 1024 0002 034A     		ldr	r2, .L89
 1025 0004 5368     		ldr	r3, [r2, #4]
 1026 0006 8B43     		bics	r3, r1
 1027 0008 0343     		orrs	r3, r0
 1028 000a 5360     		str	r3, [r2, #4]
 1029              		.loc 1 609 1 view .LVU215
 1030 000c 7047     		bx	lr
 1031              	.L90:
 1032 000e C046     		.align	2
 1033              	.L89:
 1034 0010 30000140 		.word	1073807408
 1035              		.cfi_endproc
 1036              	.LFE205:
 1038              		.section	.text.HAL_SYSCFG_EnableVREFBUF,"ax",%progbits
 1039              		.align	1
 1040              		.global	HAL_SYSCFG_EnableVREFBUF
 1041              		.syntax unified
 1042              		.code	16
 1043              		.thumb_func
 1045              	HAL_SYSCFG_EnableVREFBUF:
 1046              	.LFB206:
 610:../../../../..//Drivers/STM32G0xx_HAL_Driver/Src/stm32g0xx_hal.c **** 
 611:../../../../..//Drivers/STM32G0xx_HAL_Driver/Src/stm32g0xx_hal.c **** /**
 612:../../../../..//Drivers/STM32G0xx_HAL_Driver/Src/stm32g0xx_hal.c ****   * @brief  Enable the Internal Voltage Reference buffer (VREFBUF).
 613:../../../../..//Drivers/STM32G0xx_HAL_Driver/Src/stm32g0xx_hal.c ****   * @retval HAL_OK/HAL_TIMEOUT
 614:../../../../..//Drivers/STM32G0xx_HAL_Driver/Src/stm32g0xx_hal.c ****   */
 615:../../../../..//Drivers/STM32G0xx_HAL_Driver/Src/stm32g0xx_hal.c **** HAL_StatusTypeDef HAL_SYSCFG_EnableVREFBUF(void)
 616:../../../../..//Drivers/STM32G0xx_HAL_Driver/Src/stm32g0xx_hal.c **** {
 1047              		.loc 1 616 1 is_stmt 1 view -0
 1048              		.cfi_startproc
 1049              		@ args = 0, pretend = 0, frame = 0
 1050              		@ frame_needed = 0, uses_anonymous_args = 0
 617:../../../../..//Drivers/STM32G0xx_HAL_Driver/Src/stm32g0xx_hal.c ****   uint32_t  tickstart;
 1051              		.loc 1 617 3 view .LVU217
 618:../../../../..//Drivers/STM32G0xx_HAL_Driver/Src/stm32g0xx_hal.c **** 
 619:../../../../..//Drivers/STM32G0xx_HAL_Driver/Src/stm32g0xx_hal.c ****   SET_BIT(VREFBUF->CSR, VREFBUF_CSR_ENVR);
 1052              		.loc 1 619 3 view .LVU218
 1053 0000 0123     		movs	r3, #1
 616:../../../../..//Drivers/STM32G0xx_HAL_Driver/Src/stm32g0xx_hal.c ****   uint32_t  tickstart;
 1054              		.loc 1 616 1 is_stmt 0 view .LVU219
 1055 0002 70B5     		push	{r4, r5, r6, lr}
 1056              	.LCFI5:
 1057              		.cfi_def_cfa_offset 16
 1058              		.cfi_offset 4, -16
 1059              		.cfi_offset 5, -12
 1060              		.cfi_offset 6, -8
 1061              		.cfi_offset 14, -4
 1062              		.loc 1 619 3 view .LVU220
 1063 0004 094C     		ldr	r4, .L96
 620:../../../../..//Drivers/STM32G0xx_HAL_Driver/Src/stm32g0xx_hal.c **** 
ARM GAS  /tmp/ccLlIPYP.s 			page 31


 621:../../../../..//Drivers/STM32G0xx_HAL_Driver/Src/stm32g0xx_hal.c ****   /* Get Start Tick*/
 622:../../../../..//Drivers/STM32G0xx_HAL_Driver/Src/stm32g0xx_hal.c ****   tickstart = HAL_GetTick();
 623:../../../../..//Drivers/STM32G0xx_HAL_Driver/Src/stm32g0xx_hal.c **** 
 624:../../../../..//Drivers/STM32G0xx_HAL_Driver/Src/stm32g0xx_hal.c ****   /* Wait for VRR bit  */
 625:../../../../..//Drivers/STM32G0xx_HAL_Driver/Src/stm32g0xx_hal.c ****   while (READ_BIT(VREFBUF->CSR, VREFBUF_CSR_VRR) == 0x00U)
 1064              		.loc 1 625 10 view .LVU221
 1065 0006 0826     		movs	r6, #8
 619:../../../../..//Drivers/STM32G0xx_HAL_Driver/Src/stm32g0xx_hal.c **** 
 1066              		.loc 1 619 3 view .LVU222
 1067 0008 2268     		ldr	r2, [r4]
 1068 000a 1343     		orrs	r3, r2
 1069 000c 2360     		str	r3, [r4]
 622:../../../../..//Drivers/STM32G0xx_HAL_Driver/Src/stm32g0xx_hal.c **** 
 1070              		.loc 1 622 3 is_stmt 1 view .LVU223
 622:../../../../..//Drivers/STM32G0xx_HAL_Driver/Src/stm32g0xx_hal.c **** 
 1071              		.loc 1 622 15 is_stmt 0 view .LVU224
 1072 000e FFF7FEFF 		bl	HAL_GetTick
 1073              	.LVL34:
 1074 0012 0500     		movs	r5, r0
 1075              	.LVL35:
 1076              		.loc 1 625 3 is_stmt 1 view .LVU225
 1077              	.L92:
 1078              		.loc 1 625 50 view .LVU226
 1079              		.loc 1 625 10 is_stmt 0 view .LVU227
 1080 0014 2368     		ldr	r3, [r4]
 1081              		.loc 1 625 50 view .LVU228
 1082 0016 3342     		tst	r3, r6
 1083 0018 01D0     		beq	.L94
 626:../../../../..//Drivers/STM32G0xx_HAL_Driver/Src/stm32g0xx_hal.c ****   {
 627:../../../../..//Drivers/STM32G0xx_HAL_Driver/Src/stm32g0xx_hal.c ****     if ((HAL_GetTick() - tickstart) > VREFBUF_TIMEOUT_VALUE)
 628:../../../../..//Drivers/STM32G0xx_HAL_Driver/Src/stm32g0xx_hal.c ****     {
 629:../../../../..//Drivers/STM32G0xx_HAL_Driver/Src/stm32g0xx_hal.c ****       return HAL_TIMEOUT;
 630:../../../../..//Drivers/STM32G0xx_HAL_Driver/Src/stm32g0xx_hal.c ****     }
 631:../../../../..//Drivers/STM32G0xx_HAL_Driver/Src/stm32g0xx_hal.c ****   }
 632:../../../../..//Drivers/STM32G0xx_HAL_Driver/Src/stm32g0xx_hal.c **** 
 633:../../../../..//Drivers/STM32G0xx_HAL_Driver/Src/stm32g0xx_hal.c ****   return HAL_OK;
 1084              		.loc 1 633 10 view .LVU229
 1085 001a 0020     		movs	r0, #0
 1086              	.L93:
 634:../../../../..//Drivers/STM32G0xx_HAL_Driver/Src/stm32g0xx_hal.c **** }
 1087              		.loc 1 634 1 view .LVU230
 1088              		@ sp needed
 1089              	.LVL36:
 1090              		.loc 1 634 1 view .LVU231
 1091 001c 70BD     		pop	{r4, r5, r6, pc}
 1092              	.LVL37:
 1093              	.L94:
 627:../../../../..//Drivers/STM32G0xx_HAL_Driver/Src/stm32g0xx_hal.c ****     {
 1094              		.loc 1 627 5 is_stmt 1 view .LVU232
 627:../../../../..//Drivers/STM32G0xx_HAL_Driver/Src/stm32g0xx_hal.c ****     {
 1095              		.loc 1 627 10 is_stmt 0 view .LVU233
 1096 001e FFF7FEFF 		bl	HAL_GetTick
 1097              	.LVL38:
 627:../../../../..//Drivers/STM32G0xx_HAL_Driver/Src/stm32g0xx_hal.c ****     {
 1098              		.loc 1 627 24 discriminator 1 view .LVU234
 1099 0022 401B     		subs	r0, r0, r5
 627:../../../../..//Drivers/STM32G0xx_HAL_Driver/Src/stm32g0xx_hal.c ****     {
ARM GAS  /tmp/ccLlIPYP.s 			page 32


 1100              		.loc 1 627 8 discriminator 1 view .LVU235
 1101 0024 0A28     		cmp	r0, #10
 1102 0026 F5D9     		bls	.L92
 629:../../../../..//Drivers/STM32G0xx_HAL_Driver/Src/stm32g0xx_hal.c ****     }
 1103              		.loc 1 629 14 view .LVU236
 1104 0028 0320     		movs	r0, #3
 1105 002a F7E7     		b	.L93
 1106              	.L97:
 1107              		.align	2
 1108              	.L96:
 1109 002c 30000140 		.word	1073807408
 1110              		.cfi_endproc
 1111              	.LFE206:
 1113              		.section	.text.HAL_SYSCFG_DisableVREFBUF,"ax",%progbits
 1114              		.align	1
 1115              		.global	HAL_SYSCFG_DisableVREFBUF
 1116              		.syntax unified
 1117              		.code	16
 1118              		.thumb_func
 1120              	HAL_SYSCFG_DisableVREFBUF:
 1121              	.LFB207:
 635:../../../../..//Drivers/STM32G0xx_HAL_Driver/Src/stm32g0xx_hal.c **** 
 636:../../../../..//Drivers/STM32G0xx_HAL_Driver/Src/stm32g0xx_hal.c **** /**
 637:../../../../..//Drivers/STM32G0xx_HAL_Driver/Src/stm32g0xx_hal.c ****   * @brief  Disable the Internal Voltage Reference buffer (VREFBUF).
 638:../../../../..//Drivers/STM32G0xx_HAL_Driver/Src/stm32g0xx_hal.c ****   *
 639:../../../../..//Drivers/STM32G0xx_HAL_Driver/Src/stm32g0xx_hal.c ****   * @retval None
 640:../../../../..//Drivers/STM32G0xx_HAL_Driver/Src/stm32g0xx_hal.c ****   */
 641:../../../../..//Drivers/STM32G0xx_HAL_Driver/Src/stm32g0xx_hal.c **** void HAL_SYSCFG_DisableVREFBUF(void)
 642:../../../../..//Drivers/STM32G0xx_HAL_Driver/Src/stm32g0xx_hal.c **** {
 1122              		.loc 1 642 1 is_stmt 1 view -0
 1123              		.cfi_startproc
 1124              		@ args = 0, pretend = 0, frame = 0
 1125              		@ frame_needed = 0, uses_anonymous_args = 0
 1126              		@ link register save eliminated.
 643:../../../../..//Drivers/STM32G0xx_HAL_Driver/Src/stm32g0xx_hal.c ****   CLEAR_BIT(VREFBUF->CSR, VREFBUF_CSR_ENVR);
 1127              		.loc 1 643 3 view .LVU238
 1128 0000 0121     		movs	r1, #1
 644:../../../../..//Drivers/STM32G0xx_HAL_Driver/Src/stm32g0xx_hal.c **** }
 1129              		.loc 1 644 1 is_stmt 0 view .LVU239
 1130              		@ sp needed
 643:../../../../..//Drivers/STM32G0xx_HAL_Driver/Src/stm32g0xx_hal.c ****   CLEAR_BIT(VREFBUF->CSR, VREFBUF_CSR_ENVR);
 1131              		.loc 1 643 3 view .LVU240
 1132 0002 024A     		ldr	r2, .L99
 1133 0004 1368     		ldr	r3, [r2]
 1134 0006 8B43     		bics	r3, r1
 1135 0008 1360     		str	r3, [r2]
 1136              		.loc 1 644 1 view .LVU241
 1137 000a 7047     		bx	lr
 1138              	.L100:
 1139              		.align	2
 1140              	.L99:
 1141 000c 30000140 		.word	1073807408
 1142              		.cfi_endproc
 1143              	.LFE207:
 1145              		.section	.text.HAL_SYSCFG_EnableIOAnalogSwitchBooster,"ax",%progbits
 1146              		.align	1
 1147              		.global	HAL_SYSCFG_EnableIOAnalogSwitchBooster
ARM GAS  /tmp/ccLlIPYP.s 			page 33


 1148              		.syntax unified
 1149              		.code	16
 1150              		.thumb_func
 1152              	HAL_SYSCFG_EnableIOAnalogSwitchBooster:
 1153              	.LFB208:
 645:../../../../..//Drivers/STM32G0xx_HAL_Driver/Src/stm32g0xx_hal.c **** #endif /* VREFBUF */
 646:../../../../..//Drivers/STM32G0xx_HAL_Driver/Src/stm32g0xx_hal.c **** 
 647:../../../../..//Drivers/STM32G0xx_HAL_Driver/Src/stm32g0xx_hal.c **** /**
 648:../../../../..//Drivers/STM32G0xx_HAL_Driver/Src/stm32g0xx_hal.c ****   * @brief  Enable the I/O analog switch voltage booster
 649:../../../../..//Drivers/STM32G0xx_HAL_Driver/Src/stm32g0xx_hal.c ****   * @retval None
 650:../../../../..//Drivers/STM32G0xx_HAL_Driver/Src/stm32g0xx_hal.c ****   */
 651:../../../../..//Drivers/STM32G0xx_HAL_Driver/Src/stm32g0xx_hal.c **** void HAL_SYSCFG_EnableIOAnalogSwitchBooster(void)
 652:../../../../..//Drivers/STM32G0xx_HAL_Driver/Src/stm32g0xx_hal.c **** {
 1154              		.loc 1 652 1 is_stmt 1 view -0
 1155              		.cfi_startproc
 1156              		@ args = 0, pretend = 0, frame = 0
 1157              		@ frame_needed = 0, uses_anonymous_args = 0
 1158              		@ link register save eliminated.
 653:../../../../..//Drivers/STM32G0xx_HAL_Driver/Src/stm32g0xx_hal.c ****   SET_BIT(SYSCFG->CFGR1, SYSCFG_CFGR1_BOOSTEN);
 1159              		.loc 1 653 3 view .LVU243
 1160 0000 8023     		movs	r3, #128
 654:../../../../..//Drivers/STM32G0xx_HAL_Driver/Src/stm32g0xx_hal.c **** }
 1161              		.loc 1 654 1 is_stmt 0 view .LVU244
 1162              		@ sp needed
 653:../../../../..//Drivers/STM32G0xx_HAL_Driver/Src/stm32g0xx_hal.c ****   SET_BIT(SYSCFG->CFGR1, SYSCFG_CFGR1_BOOSTEN);
 1163              		.loc 1 653 3 view .LVU245
 1164 0002 034A     		ldr	r2, .L102
 1165 0004 5B00     		lsls	r3, r3, #1
 1166 0006 1168     		ldr	r1, [r2]
 1167 0008 0B43     		orrs	r3, r1
 1168 000a 1360     		str	r3, [r2]
 1169              		.loc 1 654 1 view .LVU246
 1170 000c 7047     		bx	lr
 1171              	.L103:
 1172 000e C046     		.align	2
 1173              	.L102:
 1174 0010 00000140 		.word	1073807360
 1175              		.cfi_endproc
 1176              	.LFE208:
 1178              		.section	.text.HAL_SYSCFG_DisableIOAnalogSwitchBooster,"ax",%progbits
 1179              		.align	1
 1180              		.global	HAL_SYSCFG_DisableIOAnalogSwitchBooster
 1181              		.syntax unified
 1182              		.code	16
 1183              		.thumb_func
 1185              	HAL_SYSCFG_DisableIOAnalogSwitchBooster:
 1186              	.LFB209:
 655:../../../../..//Drivers/STM32G0xx_HAL_Driver/Src/stm32g0xx_hal.c **** 
 656:../../../../..//Drivers/STM32G0xx_HAL_Driver/Src/stm32g0xx_hal.c **** /**
 657:../../../../..//Drivers/STM32G0xx_HAL_Driver/Src/stm32g0xx_hal.c ****   * @brief  Disable the I/O analog switch voltage booster
 658:../../../../..//Drivers/STM32G0xx_HAL_Driver/Src/stm32g0xx_hal.c ****   * @retval None
 659:../../../../..//Drivers/STM32G0xx_HAL_Driver/Src/stm32g0xx_hal.c ****   */
 660:../../../../..//Drivers/STM32G0xx_HAL_Driver/Src/stm32g0xx_hal.c **** void HAL_SYSCFG_DisableIOAnalogSwitchBooster(void)
 661:../../../../..//Drivers/STM32G0xx_HAL_Driver/Src/stm32g0xx_hal.c **** {
 1187              		.loc 1 661 1 is_stmt 1 view -0
 1188              		.cfi_startproc
 1189              		@ args = 0, pretend = 0, frame = 0
ARM GAS  /tmp/ccLlIPYP.s 			page 34


 1190              		@ frame_needed = 0, uses_anonymous_args = 0
 1191              		@ link register save eliminated.
 662:../../../../..//Drivers/STM32G0xx_HAL_Driver/Src/stm32g0xx_hal.c ****   CLEAR_BIT(SYSCFG->CFGR1, SYSCFG_CFGR1_BOOSTEN);
 1192              		.loc 1 662 3 view .LVU248
 1193 0000 024A     		ldr	r2, .L105
 1194 0002 0349     		ldr	r1, .L105+4
 1195 0004 1368     		ldr	r3, [r2]
 663:../../../../..//Drivers/STM32G0xx_HAL_Driver/Src/stm32g0xx_hal.c **** }
 1196              		.loc 1 663 1 is_stmt 0 view .LVU249
 1197              		@ sp needed
 662:../../../../..//Drivers/STM32G0xx_HAL_Driver/Src/stm32g0xx_hal.c ****   CLEAR_BIT(SYSCFG->CFGR1, SYSCFG_CFGR1_BOOSTEN);
 1198              		.loc 1 662 3 view .LVU250
 1199 0006 0B40     		ands	r3, r1
 1200 0008 1360     		str	r3, [r2]
 1201              		.loc 1 663 1 view .LVU251
 1202 000a 7047     		bx	lr
 1203              	.L106:
 1204              		.align	2
 1205              	.L105:
 1206 000c 00000140 		.word	1073807360
 1207 0010 FFFEFFFF 		.word	-257
 1208              		.cfi_endproc
 1209              	.LFE209:
 1211              		.section	.text.HAL_SYSCFG_EnableRemap,"ax",%progbits
 1212              		.align	1
 1213              		.global	HAL_SYSCFG_EnableRemap
 1214              		.syntax unified
 1215              		.code	16
 1216              		.thumb_func
 1218              	HAL_SYSCFG_EnableRemap:
 1219              	.LVL39:
 1220              	.LFB210:
 664:../../../../..//Drivers/STM32G0xx_HAL_Driver/Src/stm32g0xx_hal.c **** 
 665:../../../../..//Drivers/STM32G0xx_HAL_Driver/Src/stm32g0xx_hal.c **** /**
 666:../../../../..//Drivers/STM32G0xx_HAL_Driver/Src/stm32g0xx_hal.c ****   * @brief  Enable the remap on PA11_PA12
 667:../../../../..//Drivers/STM32G0xx_HAL_Driver/Src/stm32g0xx_hal.c ****   * @param  PinRemap specifies which pins have to be remapped
 668:../../../../..//Drivers/STM32G0xx_HAL_Driver/Src/stm32g0xx_hal.c ****   *         This parameter can be any combination of the following values:
 669:../../../../..//Drivers/STM32G0xx_HAL_Driver/Src/stm32g0xx_hal.c ****   *         @arg @ref SYSCFG_REMAP_PA11
 670:../../../../..//Drivers/STM32G0xx_HAL_Driver/Src/stm32g0xx_hal.c ****   *         @arg @ref SYSCFG_REMAP_PA12
 671:../../../../..//Drivers/STM32G0xx_HAL_Driver/Src/stm32g0xx_hal.c ****   * @retval None
 672:../../../../..//Drivers/STM32G0xx_HAL_Driver/Src/stm32g0xx_hal.c ****   */
 673:../../../../..//Drivers/STM32G0xx_HAL_Driver/Src/stm32g0xx_hal.c **** void HAL_SYSCFG_EnableRemap(uint32_t PinRemap)
 674:../../../../..//Drivers/STM32G0xx_HAL_Driver/Src/stm32g0xx_hal.c **** {
 1221              		.loc 1 674 1 is_stmt 1 view -0
 1222              		.cfi_startproc
 1223              		@ args = 0, pretend = 0, frame = 0
 1224              		@ frame_needed = 0, uses_anonymous_args = 0
 1225              		@ link register save eliminated.
 675:../../../../..//Drivers/STM32G0xx_HAL_Driver/Src/stm32g0xx_hal.c ****   /* Check the parameter */
 676:../../../../..//Drivers/STM32G0xx_HAL_Driver/Src/stm32g0xx_hal.c ****   assert_param(IS_HAL_REMAP_PIN(PinRemap));
 1226              		.loc 1 676 3 view .LVU253
 677:../../../../..//Drivers/STM32G0xx_HAL_Driver/Src/stm32g0xx_hal.c ****   SET_BIT(SYSCFG->CFGR1, PinRemap);
 1227              		.loc 1 677 3 view .LVU254
 1228 0000 024A     		ldr	r2, .L108
 678:../../../../..//Drivers/STM32G0xx_HAL_Driver/Src/stm32g0xx_hal.c **** }
 1229              		.loc 1 678 1 is_stmt 0 view .LVU255
 1230              		@ sp needed
ARM GAS  /tmp/ccLlIPYP.s 			page 35


 677:../../../../..//Drivers/STM32G0xx_HAL_Driver/Src/stm32g0xx_hal.c ****   SET_BIT(SYSCFG->CFGR1, PinRemap);
 1231              		.loc 1 677 3 view .LVU256
 1232 0002 1368     		ldr	r3, [r2]
 1233 0004 0343     		orrs	r3, r0
 1234 0006 1360     		str	r3, [r2]
 1235              		.loc 1 678 1 view .LVU257
 1236 0008 7047     		bx	lr
 1237              	.L109:
 1238 000a C046     		.align	2
 1239              	.L108:
 1240 000c 00000140 		.word	1073807360
 1241              		.cfi_endproc
 1242              	.LFE210:
 1244              		.section	.text.HAL_SYSCFG_DisableRemap,"ax",%progbits
 1245              		.align	1
 1246              		.global	HAL_SYSCFG_DisableRemap
 1247              		.syntax unified
 1248              		.code	16
 1249              		.thumb_func
 1251              	HAL_SYSCFG_DisableRemap:
 1252              	.LVL40:
 1253              	.LFB211:
 679:../../../../..//Drivers/STM32G0xx_HAL_Driver/Src/stm32g0xx_hal.c **** 
 680:../../../../..//Drivers/STM32G0xx_HAL_Driver/Src/stm32g0xx_hal.c **** /**
 681:../../../../..//Drivers/STM32G0xx_HAL_Driver/Src/stm32g0xx_hal.c ****   * @brief  Disable the remap on PA11_PA12
 682:../../../../..//Drivers/STM32G0xx_HAL_Driver/Src/stm32g0xx_hal.c ****   * @param  PinRemap specifies which pins will behave normally
 683:../../../../..//Drivers/STM32G0xx_HAL_Driver/Src/stm32g0xx_hal.c ****   *         This parameter can be any combination of the following values:
 684:../../../../..//Drivers/STM32G0xx_HAL_Driver/Src/stm32g0xx_hal.c ****   *         @arg @ref SYSCFG_REMAP_PA11
 685:../../../../..//Drivers/STM32G0xx_HAL_Driver/Src/stm32g0xx_hal.c ****   *         @arg @ref SYSCFG_REMAP_PA12
 686:../../../../..//Drivers/STM32G0xx_HAL_Driver/Src/stm32g0xx_hal.c ****   * @retval None
 687:../../../../..//Drivers/STM32G0xx_HAL_Driver/Src/stm32g0xx_hal.c ****   */
 688:../../../../..//Drivers/STM32G0xx_HAL_Driver/Src/stm32g0xx_hal.c **** void HAL_SYSCFG_DisableRemap(uint32_t PinRemap)
 689:../../../../..//Drivers/STM32G0xx_HAL_Driver/Src/stm32g0xx_hal.c **** {
 1254              		.loc 1 689 1 is_stmt 1 view -0
 1255              		.cfi_startproc
 1256              		@ args = 0, pretend = 0, frame = 0
 1257              		@ frame_needed = 0, uses_anonymous_args = 0
 1258              		@ link register save eliminated.
 690:../../../../..//Drivers/STM32G0xx_HAL_Driver/Src/stm32g0xx_hal.c ****   /* Check the parameter */
 691:../../../../..//Drivers/STM32G0xx_HAL_Driver/Src/stm32g0xx_hal.c ****   assert_param(IS_HAL_REMAP_PIN(PinRemap));
 1259              		.loc 1 691 3 view .LVU259
 692:../../../../..//Drivers/STM32G0xx_HAL_Driver/Src/stm32g0xx_hal.c ****   CLEAR_BIT(SYSCFG->CFGR1, PinRemap);
 1260              		.loc 1 692 3 view .LVU260
 1261 0000 024A     		ldr	r2, .L111
 693:../../../../..//Drivers/STM32G0xx_HAL_Driver/Src/stm32g0xx_hal.c **** }
 1262              		.loc 1 693 1 is_stmt 0 view .LVU261
 1263              		@ sp needed
 692:../../../../..//Drivers/STM32G0xx_HAL_Driver/Src/stm32g0xx_hal.c ****   CLEAR_BIT(SYSCFG->CFGR1, PinRemap);
 1264              		.loc 1 692 3 view .LVU262
 1265 0002 1368     		ldr	r3, [r2]
 1266 0004 8343     		bics	r3, r0
 1267 0006 1360     		str	r3, [r2]
 1268              		.loc 1 693 1 view .LVU263
 1269 0008 7047     		bx	lr
 1270              	.L112:
 1271 000a C046     		.align	2
 1272              	.L111:
ARM GAS  /tmp/ccLlIPYP.s 			page 36


 1273 000c 00000140 		.word	1073807360
 1274              		.cfi_endproc
 1275              	.LFE211:
 1277              		.section	.text.HAL_SYSCFG_StrobeDBattpinsConfig,"ax",%progbits
 1278              		.align	1
 1279              		.global	HAL_SYSCFG_StrobeDBattpinsConfig
 1280              		.syntax unified
 1281              		.code	16
 1282              		.thumb_func
 1284              	HAL_SYSCFG_StrobeDBattpinsConfig:
 1285              	.LVL41:
 1286              	.LFB212:
 694:../../../../..//Drivers/STM32G0xx_HAL_Driver/Src/stm32g0xx_hal.c **** 
 695:../../../../..//Drivers/STM32G0xx_HAL_Driver/Src/stm32g0xx_hal.c **** #if defined(SYSCFG_CDEN_SUPPORT)
 696:../../../../..//Drivers/STM32G0xx_HAL_Driver/Src/stm32g0xx_hal.c **** /**
 697:../../../../..//Drivers/STM32G0xx_HAL_Driver/Src/stm32g0xx_hal.c ****   * @brief  Enable Clamping Diode on specified IO
 698:../../../../..//Drivers/STM32G0xx_HAL_Driver/Src/stm32g0xx_hal.c ****   * @param  PinConfig specifies on which pins clamping Diode has to be enabled
 699:../../../../..//Drivers/STM32G0xx_HAL_Driver/Src/stm32g0xx_hal.c ****   *         This parameter can be any combination of the following values:
 700:../../../../..//Drivers/STM32G0xx_HAL_Driver/Src/stm32g0xx_hal.c ****   *         @arg @ref SYSCFG_ClampingDiode
 701:../../../../..//Drivers/STM32G0xx_HAL_Driver/Src/stm32g0xx_hal.c ****   * @retval None
 702:../../../../..//Drivers/STM32G0xx_HAL_Driver/Src/stm32g0xx_hal.c ****   */
 703:../../../../..//Drivers/STM32G0xx_HAL_Driver/Src/stm32g0xx_hal.c **** void HAL_SYSCFG_EnableClampingDiode(uint32_t PinConfig)
 704:../../../../..//Drivers/STM32G0xx_HAL_Driver/Src/stm32g0xx_hal.c **** {
 705:../../../../..//Drivers/STM32G0xx_HAL_Driver/Src/stm32g0xx_hal.c ****   /* Check the parameter */
 706:../../../../..//Drivers/STM32G0xx_HAL_Driver/Src/stm32g0xx_hal.c ****   assert_param(IS_SYSCFG_CLAMPINGDIODE(PinConfig));
 707:../../../../..//Drivers/STM32G0xx_HAL_Driver/Src/stm32g0xx_hal.c ****   SET_BIT(SYSCFG->CFGR2, PinConfig);
 708:../../../../..//Drivers/STM32G0xx_HAL_Driver/Src/stm32g0xx_hal.c **** }
 709:../../../../..//Drivers/STM32G0xx_HAL_Driver/Src/stm32g0xx_hal.c **** 
 710:../../../../..//Drivers/STM32G0xx_HAL_Driver/Src/stm32g0xx_hal.c **** /**
 711:../../../../..//Drivers/STM32G0xx_HAL_Driver/Src/stm32g0xx_hal.c ****   * @brief  Disable Clamping Diode on specified IO
 712:../../../../..//Drivers/STM32G0xx_HAL_Driver/Src/stm32g0xx_hal.c ****   * @param  PinConfig specifies on which pins clamping Diode has to be disabled
 713:../../../../..//Drivers/STM32G0xx_HAL_Driver/Src/stm32g0xx_hal.c ****   *         This parameter can be any combination of the following values:
 714:../../../../..//Drivers/STM32G0xx_HAL_Driver/Src/stm32g0xx_hal.c ****   *         @arg @ref SYSCFG_ClampingDiode
 715:../../../../..//Drivers/STM32G0xx_HAL_Driver/Src/stm32g0xx_hal.c ****   * @retval None
 716:../../../../..//Drivers/STM32G0xx_HAL_Driver/Src/stm32g0xx_hal.c ****   */
 717:../../../../..//Drivers/STM32G0xx_HAL_Driver/Src/stm32g0xx_hal.c **** void HAL_SYSCFG_DisableClampingDiode(uint32_t PinConfig)
 718:../../../../..//Drivers/STM32G0xx_HAL_Driver/Src/stm32g0xx_hal.c **** {
 719:../../../../..//Drivers/STM32G0xx_HAL_Driver/Src/stm32g0xx_hal.c ****   /* Check the parameter */
 720:../../../../..//Drivers/STM32G0xx_HAL_Driver/Src/stm32g0xx_hal.c ****   assert_param(IS_SYSCFG_CLAMPINGDIODE(PinConfig));
 721:../../../../..//Drivers/STM32G0xx_HAL_Driver/Src/stm32g0xx_hal.c ****   CLEAR_BIT(SYSCFG->CFGR2, PinConfig);
 722:../../../../..//Drivers/STM32G0xx_HAL_Driver/Src/stm32g0xx_hal.c **** }
 723:../../../../..//Drivers/STM32G0xx_HAL_Driver/Src/stm32g0xx_hal.c **** #endif /* SYSCFG_CDEN_SUPPORT */
 724:../../../../..//Drivers/STM32G0xx_HAL_Driver/Src/stm32g0xx_hal.c **** 
 725:../../../../..//Drivers/STM32G0xx_HAL_Driver/Src/stm32g0xx_hal.c **** #if defined (SYSCFG_CFGR1_UCPD1_STROBE) || defined (SYSCFG_CFGR1_UCPD2_STROBE)
 726:../../../../..//Drivers/STM32G0xx_HAL_Driver/Src/stm32g0xx_hal.c **** /**
 727:../../../../..//Drivers/STM32G0xx_HAL_Driver/Src/stm32g0xx_hal.c ****   * @brief  Strobe configuration of GPIO depending on UCPDx dead battery settings
 728:../../../../..//Drivers/STM32G0xx_HAL_Driver/Src/stm32g0xx_hal.c ****   * @param  ConfigDeadBattery specifies on which pins to make effective or not Dead Battery sw conf
 729:../../../../..//Drivers/STM32G0xx_HAL_Driver/Src/stm32g0xx_hal.c ****   *         This parameter can be any combination of the following values:
 730:../../../../..//Drivers/STM32G0xx_HAL_Driver/Src/stm32g0xx_hal.c ****   *         @arg @ref SYSCFG_UCPD1_STROBE
 731:../../../../..//Drivers/STM32G0xx_HAL_Driver/Src/stm32g0xx_hal.c ****   *         @arg @ref SYSCFG_UCPD2_STROBE
 732:../../../../..//Drivers/STM32G0xx_HAL_Driver/Src/stm32g0xx_hal.c ****   * @retval None
 733:../../../../..//Drivers/STM32G0xx_HAL_Driver/Src/stm32g0xx_hal.c ****   */
 734:../../../../..//Drivers/STM32G0xx_HAL_Driver/Src/stm32g0xx_hal.c **** void HAL_SYSCFG_StrobeDBattpinsConfig(uint32_t ConfigDeadBattery)
 735:../../../../..//Drivers/STM32G0xx_HAL_Driver/Src/stm32g0xx_hal.c **** {
 1287              		.loc 1 735 1 is_stmt 1 view -0
 1288              		.cfi_startproc
 1289              		@ args = 0, pretend = 0, frame = 0
ARM GAS  /tmp/ccLlIPYP.s 			page 37


 1290              		@ frame_needed = 0, uses_anonymous_args = 0
 1291              		@ link register save eliminated.
 736:../../../../..//Drivers/STM32G0xx_HAL_Driver/Src/stm32g0xx_hal.c ****   assert_param(IS_SYSCFG_DBATT_CONFIG(ConfigDeadBattery));
 1292              		.loc 1 736 3 view .LVU265
 737:../../../../..//Drivers/STM32G0xx_HAL_Driver/Src/stm32g0xx_hal.c **** 
 738:../../../../..//Drivers/STM32G0xx_HAL_Driver/Src/stm32g0xx_hal.c ****   /* Change strobe configuration of GPIO depending on UCPDx dead battery settings */
 739:../../../../..//Drivers/STM32G0xx_HAL_Driver/Src/stm32g0xx_hal.c ****   MODIFY_REG(SYSCFG->CFGR1, (SYSCFG_CFGR1_UCPD1_STROBE | SYSCFG_CFGR1_UCPD2_STROBE), ConfigDeadBatt
 1293              		.loc 1 739 3 view .LVU266
 1294 0000 034A     		ldr	r2, .L114
 1295 0002 0449     		ldr	r1, .L114+4
 1296 0004 1368     		ldr	r3, [r2]
 740:../../../../..//Drivers/STM32G0xx_HAL_Driver/Src/stm32g0xx_hal.c **** }
 1297              		.loc 1 740 1 is_stmt 0 view .LVU267
 1298              		@ sp needed
 739:../../../../..//Drivers/STM32G0xx_HAL_Driver/Src/stm32g0xx_hal.c **** }
 1299              		.loc 1 739 3 view .LVU268
 1300 0006 0B40     		ands	r3, r1
 1301 0008 0343     		orrs	r3, r0
 1302 000a 1360     		str	r3, [r2]
 1303              		.loc 1 740 1 view .LVU269
 1304 000c 7047     		bx	lr
 1305              	.L115:
 1306 000e C046     		.align	2
 1307              	.L114:
 1308 0010 00000140 		.word	1073807360
 1309 0014 FFF9FFFF 		.word	-1537
 1310              		.cfi_endproc
 1311              	.LFE212:
 1313              		.global	uwTickFreq
 1314              		.section	.data.uwTickFreq,"aw"
 1317              	uwTickFreq:
 1318 0000 01       		.byte	1
 1319              		.global	uwTickPrio
 1320              		.section	.data.uwTickPrio,"aw"
 1321              		.align	2
 1324              	uwTickPrio:
 1325 0000 04000000 		.word	4
 1326              		.global	uwTick
 1327              		.section	.bss.uwTick,"aw",%nobits
 1328              		.align	2
 1331              	uwTick:
 1332 0000 00000000 		.space	4
 1333              		.text
 1334              	.Letext0:
 1335              		.file 2 "../../../../..//Drivers/CMSIS/Include/core_cm0plus.h"
 1336              		.file 3 "/usr/lib/gcc/arm-none-eabi/13.2.1/include/stdint.h"
 1337              		.file 4 "../../../../..//Drivers/CMSIS/Device/ST/STM32G0xx/Include/stm32g071xx.h"
 1338              		.file 5 "../../../../..//Drivers/STM32G0xx_HAL_Driver/Inc/stm32g0xx_hal_def.h"
 1339              		.file 6 "../../../../..//Drivers/STM32G0xx_HAL_Driver/Inc/stm32g0xx_hal.h"
 1340              		.file 7 "../../../../..//Drivers/CMSIS/Device/ST/STM32G0xx/Include/system_stm32g0xx.h"
ARM GAS  /tmp/ccLlIPYP.s 			page 38


DEFINED SYMBOLS
                            *ABS*:00000000 stm32g0xx_hal.c
     /tmp/ccLlIPYP.s:19     .text.HAL_MspInit:00000000 $t
     /tmp/ccLlIPYP.s:25     .text.HAL_MspInit:00000000 HAL_MspInit
     /tmp/ccLlIPYP.s:39     .text.HAL_MspDeInit:00000000 $t
     /tmp/ccLlIPYP.s:45     .text.HAL_MspDeInit:00000000 HAL_MspDeInit
     /tmp/ccLlIPYP.s:58     .text.HAL_DeInit:00000000 $t
     /tmp/ccLlIPYP.s:64     .text.HAL_DeInit:00000000 HAL_DeInit
     /tmp/ccLlIPYP.s:110    .text.HAL_DeInit:00000024 $d
     /tmp/ccLlIPYP.s:117    .text.HAL_InitTick:00000000 $t
     /tmp/ccLlIPYP.s:123    .text.HAL_InitTick:00000000 HAL_InitTick
     /tmp/ccLlIPYP.s:223    .text.HAL_InitTick:00000044 $d
     /tmp/ccLlIPYP.s:1317   .data.uwTickFreq:00000000 uwTickFreq
     /tmp/ccLlIPYP.s:1324   .data.uwTickPrio:00000000 uwTickPrio
     /tmp/ccLlIPYP.s:232    .text.HAL_Init:00000000 $t
     /tmp/ccLlIPYP.s:238    .text.HAL_Init:00000000 HAL_Init
     /tmp/ccLlIPYP.s:289    .text.HAL_Init:00000024 $d
     /tmp/ccLlIPYP.s:294    .text.HAL_IncTick:00000000 $t
     /tmp/ccLlIPYP.s:300    .text.HAL_IncTick:00000000 HAL_IncTick
     /tmp/ccLlIPYP.s:326    .text.HAL_IncTick:00000010 $d
     /tmp/ccLlIPYP.s:1331   .bss.uwTick:00000000 uwTick
     /tmp/ccLlIPYP.s:332    .text.HAL_GetTick:00000000 $t
     /tmp/ccLlIPYP.s:338    .text.HAL_GetTick:00000000 HAL_GetTick
     /tmp/ccLlIPYP.s:357    .text.HAL_GetTick:00000008 $d
     /tmp/ccLlIPYP.s:362    .text.HAL_GetTickPrio:00000000 $t
     /tmp/ccLlIPYP.s:368    .text.HAL_GetTickPrio:00000000 HAL_GetTickPrio
     /tmp/ccLlIPYP.s:387    .text.HAL_GetTickPrio:00000008 $d
     /tmp/ccLlIPYP.s:392    .text.HAL_SetTickFreq:00000000 $t
     /tmp/ccLlIPYP.s:398    .text.HAL_SetTickFreq:00000000 HAL_SetTickFreq
     /tmp/ccLlIPYP.s:458    .text.HAL_SetTickFreq:00000020 $d
     /tmp/ccLlIPYP.s:464    .text.HAL_GetTickFreq:00000000 $t
     /tmp/ccLlIPYP.s:470    .text.HAL_GetTickFreq:00000000 HAL_GetTickFreq
     /tmp/ccLlIPYP.s:489    .text.HAL_GetTickFreq:00000008 $d
     /tmp/ccLlIPYP.s:494    .text.HAL_Delay:00000000 $t
     /tmp/ccLlIPYP.s:500    .text.HAL_Delay:00000000 HAL_Delay
     /tmp/ccLlIPYP.s:556    .text.HAL_Delay:00000020 $d
     /tmp/ccLlIPYP.s:561    .text.HAL_SuspendTick:00000000 $t
     /tmp/ccLlIPYP.s:567    .text.HAL_SuspendTick:00000000 HAL_SuspendTick
     /tmp/ccLlIPYP.s:588    .text.HAL_SuspendTick:0000000c $d
     /tmp/ccLlIPYP.s:593    .text.HAL_ResumeTick:00000000 $t
     /tmp/ccLlIPYP.s:599    .text.HAL_ResumeTick:00000000 HAL_ResumeTick
     /tmp/ccLlIPYP.s:620    .text.HAL_ResumeTick:0000000c $d
     /tmp/ccLlIPYP.s:625    .text.HAL_GetHalVersion:00000000 $t
     /tmp/ccLlIPYP.s:631    .text.HAL_GetHalVersion:00000000 HAL_GetHalVersion
     /tmp/ccLlIPYP.s:646    .text.HAL_GetHalVersion:00000004 $d
     /tmp/ccLlIPYP.s:651    .text.HAL_GetREVID:00000000 $t
     /tmp/ccLlIPYP.s:657    .text.HAL_GetREVID:00000000 HAL_GetREVID
     /tmp/ccLlIPYP.s:678    .text.HAL_GetREVID:00000008 $d
     /tmp/ccLlIPYP.s:683    .text.HAL_GetDEVID:00000000 $t
     /tmp/ccLlIPYP.s:689    .text.HAL_GetDEVID:00000000 HAL_GetDEVID
     /tmp/ccLlIPYP.s:711    .text.HAL_GetDEVID:0000000c $d
     /tmp/ccLlIPYP.s:716    .text.HAL_GetUIDw0:00000000 $t
     /tmp/ccLlIPYP.s:722    .text.HAL_GetUIDw0:00000000 HAL_GetUIDw0
     /tmp/ccLlIPYP.s:741    .text.HAL_GetUIDw0:00000008 $d
     /tmp/ccLlIPYP.s:746    .text.HAL_GetUIDw1:00000000 $t
     /tmp/ccLlIPYP.s:752    .text.HAL_GetUIDw1:00000000 HAL_GetUIDw1
     /tmp/ccLlIPYP.s:771    .text.HAL_GetUIDw1:00000008 $d
ARM GAS  /tmp/ccLlIPYP.s 			page 39


     /tmp/ccLlIPYP.s:776    .text.HAL_GetUIDw2:00000000 $t
     /tmp/ccLlIPYP.s:782    .text.HAL_GetUIDw2:00000000 HAL_GetUIDw2
     /tmp/ccLlIPYP.s:801    .text.HAL_GetUIDw2:00000008 $d
     /tmp/ccLlIPYP.s:806    .text.HAL_DBGMCU_EnableDBGStopMode:00000000 $t
     /tmp/ccLlIPYP.s:812    .text.HAL_DBGMCU_EnableDBGStopMode:00000000 HAL_DBGMCU_EnableDBGStopMode
     /tmp/ccLlIPYP.s:833    .text.HAL_DBGMCU_EnableDBGStopMode:0000000c $d
     /tmp/ccLlIPYP.s:838    .text.HAL_DBGMCU_DisableDBGStopMode:00000000 $t
     /tmp/ccLlIPYP.s:844    .text.HAL_DBGMCU_DisableDBGStopMode:00000000 HAL_DBGMCU_DisableDBGStopMode
     /tmp/ccLlIPYP.s:865    .text.HAL_DBGMCU_DisableDBGStopMode:0000000c $d
     /tmp/ccLlIPYP.s:870    .text.HAL_DBGMCU_EnableDBGStandbyMode:00000000 $t
     /tmp/ccLlIPYP.s:876    .text.HAL_DBGMCU_EnableDBGStandbyMode:00000000 HAL_DBGMCU_EnableDBGStandbyMode
     /tmp/ccLlIPYP.s:897    .text.HAL_DBGMCU_EnableDBGStandbyMode:0000000c $d
     /tmp/ccLlIPYP.s:902    .text.HAL_DBGMCU_DisableDBGStandbyMode:00000000 $t
     /tmp/ccLlIPYP.s:908    .text.HAL_DBGMCU_DisableDBGStandbyMode:00000000 HAL_DBGMCU_DisableDBGStandbyMode
     /tmp/ccLlIPYP.s:929    .text.HAL_DBGMCU_DisableDBGStandbyMode:0000000c $d
     /tmp/ccLlIPYP.s:934    .text.HAL_SYSCFG_VREFBUF_VoltageScalingConfig:00000000 $t
     /tmp/ccLlIPYP.s:940    .text.HAL_SYSCFG_VREFBUF_VoltageScalingConfig:00000000 HAL_SYSCFG_VREFBUF_VoltageScalingConfig
     /tmp/ccLlIPYP.s:964    .text.HAL_SYSCFG_VREFBUF_VoltageScalingConfig:00000010 $d
     /tmp/ccLlIPYP.s:969    .text.HAL_SYSCFG_VREFBUF_HighImpedanceConfig:00000000 $t
     /tmp/ccLlIPYP.s:975    .text.HAL_SYSCFG_VREFBUF_HighImpedanceConfig:00000000 HAL_SYSCFG_VREFBUF_HighImpedanceConfig
     /tmp/ccLlIPYP.s:999    .text.HAL_SYSCFG_VREFBUF_HighImpedanceConfig:00000010 $d
     /tmp/ccLlIPYP.s:1004   .text.HAL_SYSCFG_VREFBUF_TrimmingConfig:00000000 $t
     /tmp/ccLlIPYP.s:1010   .text.HAL_SYSCFG_VREFBUF_TrimmingConfig:00000000 HAL_SYSCFG_VREFBUF_TrimmingConfig
     /tmp/ccLlIPYP.s:1034   .text.HAL_SYSCFG_VREFBUF_TrimmingConfig:00000010 $d
     /tmp/ccLlIPYP.s:1039   .text.HAL_SYSCFG_EnableVREFBUF:00000000 $t
     /tmp/ccLlIPYP.s:1045   .text.HAL_SYSCFG_EnableVREFBUF:00000000 HAL_SYSCFG_EnableVREFBUF
     /tmp/ccLlIPYP.s:1109   .text.HAL_SYSCFG_EnableVREFBUF:0000002c $d
     /tmp/ccLlIPYP.s:1114   .text.HAL_SYSCFG_DisableVREFBUF:00000000 $t
     /tmp/ccLlIPYP.s:1120   .text.HAL_SYSCFG_DisableVREFBUF:00000000 HAL_SYSCFG_DisableVREFBUF
     /tmp/ccLlIPYP.s:1141   .text.HAL_SYSCFG_DisableVREFBUF:0000000c $d
     /tmp/ccLlIPYP.s:1146   .text.HAL_SYSCFG_EnableIOAnalogSwitchBooster:00000000 $t
     /tmp/ccLlIPYP.s:1152   .text.HAL_SYSCFG_EnableIOAnalogSwitchBooster:00000000 HAL_SYSCFG_EnableIOAnalogSwitchBooster
     /tmp/ccLlIPYP.s:1174   .text.HAL_SYSCFG_EnableIOAnalogSwitchBooster:00000010 $d
     /tmp/ccLlIPYP.s:1179   .text.HAL_SYSCFG_DisableIOAnalogSwitchBooster:00000000 $t
     /tmp/ccLlIPYP.s:1185   .text.HAL_SYSCFG_DisableIOAnalogSwitchBooster:00000000 HAL_SYSCFG_DisableIOAnalogSwitchBooster
     /tmp/ccLlIPYP.s:1206   .text.HAL_SYSCFG_DisableIOAnalogSwitchBooster:0000000c $d
     /tmp/ccLlIPYP.s:1212   .text.HAL_SYSCFG_EnableRemap:00000000 $t
     /tmp/ccLlIPYP.s:1218   .text.HAL_SYSCFG_EnableRemap:00000000 HAL_SYSCFG_EnableRemap
     /tmp/ccLlIPYP.s:1240   .text.HAL_SYSCFG_EnableRemap:0000000c $d
     /tmp/ccLlIPYP.s:1245   .text.HAL_SYSCFG_DisableRemap:00000000 $t
     /tmp/ccLlIPYP.s:1251   .text.HAL_SYSCFG_DisableRemap:00000000 HAL_SYSCFG_DisableRemap
     /tmp/ccLlIPYP.s:1273   .text.HAL_SYSCFG_DisableRemap:0000000c $d
     /tmp/ccLlIPYP.s:1278   .text.HAL_SYSCFG_StrobeDBattpinsConfig:00000000 $t
     /tmp/ccLlIPYP.s:1284   .text.HAL_SYSCFG_StrobeDBattpinsConfig:00000000 HAL_SYSCFG_StrobeDBattpinsConfig
     /tmp/ccLlIPYP.s:1308   .text.HAL_SYSCFG_StrobeDBattpinsConfig:00000010 $d
     /tmp/ccLlIPYP.s:1321   .data.uwTickPrio:00000000 $d
     /tmp/ccLlIPYP.s:1328   .bss.uwTick:00000000 $d
                           .group:00000000 wm4.0.e310b2036dcc8a4d3b16f3fea9ebd0de
                           .group:00000000 wm4.stm32g0xx_hal_conf.h.21.2418b000d87b23231c37db35ad77d0ea
                           .group:00000000 wm4.stm32g0xx.h.37.aadb526b10f0f4555648bb8fa7c96b30
                           .group:00000000 wm4.stm32g071xx.h.36.9469a89bf1e6c2a2fe25d20581d0f58b
                           .group:00000000 wm4.stdint.h.29.6d480f4ba0f60596e88234283d42444f
                           .group:00000000 wm4.cmsis_version.h.32.0ac195c83bb4537824e6ad1c47474b79
                           .group:00000000 wm4.core_cm0plus.h.66.bb83319bcb10b4c5f12c477f85f2aa51
                           .group:00000000 wm4.cmsis_gcc.h.26.63926f8d3817e3a42e7f7ef2cd15156e
                           .group:00000000 wm4.core_cm0plus.h.127.cfee784d07c850b645554dc8add78e69
                           .group:00000000 wm4.mpu_armv7.h.32.83326921a797fa9d6f70449916b4b839
ARM GAS  /tmp/ccLlIPYP.s 			page 40


                           .group:00000000 wm4.stm32g071xx.h.155.9be12c2e48b47e8d66c20ceac374f1ee
                           .group:00000000 wm4.stm32g0xx.h.154.7f8452780a6fe1b4b4d5bfbf416cea0c
                           .group:00000000 wm4.stm32_hal_legacy.h.22.2f8f7f94da7216ffa6187bf113829094
                           .group:00000000 wm4.stddef.h.39.0dc9006b34572d4d9cae4c8b422c4971
                           .group:00000000 wm4.stm32g0xx_hal_def.h.57.7810ceeb3f277465a11a202f246b14c8
                           .group:00000000 wm4.stm32g0xx_ll_rcc.h.20.b48ad5e6c80881ce9d548f86592ad1d8
                           .group:00000000 wm4.stm32g0xx_hal_rcc.h.43.40a2deb1468b47dcb7de4a6adda92374
                           .group:00000000 wm4.stm32g0xx_hal_rcc_ex.h.20.c2035e135ea57d6c1c2839329f24a562
                           .group:00000000 wm4.stm32g0xx_hal_gpio.h.21.abd5f8c60de2afe2676b3cc6a4b2c068
                           .group:00000000 wm4.stm32g0xx_hal_gpio_ex.h.21.c1a1c19cef6d6a2cf049535a12fe7f6a
                           .group:00000000 wm4.stm32g0xx_hal_crc.h.21.8c2791752a3f5c79fed6a23e2361d260
                           .group:00000000 wm4.stm32g0xx_hal_crc_ex.h.21.13b666a67e761630a3250514972d9a47
                           .group:00000000 wm4.stm32g0xx_hal_flash.h.20.e512dd9a8958277cc7dd512f2312ae8a
                           .group:00000000 wm4.stm32g0xx_hal_flash_ex.h.20.2a1daa1e7e7bd4a16651545fee4a1fbb
                           .group:00000000 wm4.stm32g0xx_hal_flash.h.874.3e4bc5d8948716c644009bcc9a4f3f60
                           .group:00000000 wm4.stm32g0xx_hal_pwr.h.21.7d5b107b2d1b54bfd27bcb92ed3281e0
                           .group:00000000 wm4.stm32g0xx_hal_pwr_ex.h.21.01c718c420189d18e9ec3e46e6e9261f
                           .group:00000000 wm4.stm32g0xx_hal.h.66.28db47a9e4ed9349693c6c0c6101689d

UNDEFINED SYMBOLS
__aeabi_uidiv
__aeabi_idiv
HAL_SYSTICK_Config
HAL_NVIC_SetPriority
SystemCoreClock
